ad_id,ad_name,adset_name,campaign_name,ad_group,matched_by
120220257115320641,New Leads Ad,Baghdad | U/S,MOF | Website | BRA | CBO $20,All services (general),none
120220666264580641,U/S april-1,Baghdad | U/S,MOF | Whatsapp | BRA | CBO $25,All services (general),none
120220667883760641,U/S april-2,Baghdad | U/S,MOF | Whatsapp | BRA | CBO $25,All services (general),none
120236769343330641,GA001 - video,General | 25.12.16  | $30,Purchase | Andromeda | 25.10.9,All services (general),ad code
120236847484260641,GA002 - video,General | 25.12.16  | $30,Purchase | Andromeda | 25.10.9,All services (general),ad code
120236847505150641,GA003 - video,General | 25.12.16  | $30,Purchase | Andromeda | 25.10.9,All services (general),ad code
120236847521170641,GA006 - video,General | 25.12.16  | $30,Purchase | Andromeda | 25.10.9,All services (general),ad code
120236847528040641,GA010 - video,General | 25.12.16  | $30,Purchase | Andromeda | 25.10.9,All services (general),ad code
120236847534720641,GA012 - video,General | 25.12.16  | $30,Purchase | Andromeda | 25.10.9,All services (general),ad code
120236848053170641,GA016 - static,General | 25.12.16  | $30,Purchase | Andromeda | 25.10.9,All services (general),ad code
120236848133620641,GA017 - static,General | 25.12.16  | $30,Purchase | Andromeda | 25.10.9,All services (general),ad code
120236848152480641,GA018 - static,General | 25.12.16  | $30,Purchase | Andromeda | 25.10.9,All services (general),ad code
120239466062370641,GA037 - H1,Taha Founder Videos | 26.2.19 | $20,Purchase | Andromeda | 25.10.9,All services (general),ad code
120239466400510641,GA037 - H2,Taha Founder Videos | 26.2.19 | $20,Purchase | Andromeda | 25.10.9,All services (general),ad code
120239466403890641,GA037 - H3,Taha Founder Videos | 26.2.19 | $20,Purchase | Andromeda | 25.10.9,All services (general),ad code
120234254815700641,PCO001,Prostate Cancer | 25.11.5 | $15,Purchase | Andromeda | 25.10.9,All services (general),none
120234256309120641,PCO002,Prostate Cancer | 25.11.5 | $15,Purchase | Andromeda | 25.10.9,All services (general),none
120234256410860641,PCO003,Prostate Cancer | 25.11.5 | $15,Purchase | Andromeda | 25.10.9,All services (general),none
120234256410850641,PCO004,Prostate Cancer | 25.11.5 | $15,Purchase | Andromeda | 25.10.9,All services (general),none
120234256410840641,PCO005,Prostate Cancer | 25.11.5 | $15,Purchase | Andromeda | 25.10.9,All services (general),none
120234256410830641,PCO006,Prostate Cancer | 25.11.5 | $15,Purchase | Andromeda | 25.10.9,All services (general),none
120234256410820641,PCO007,Prostate Cancer | 25.11.5 | $15,Purchase | Andromeda | 25.10.9,All services (general),none
120234256568030641,PCO008,Prostate Cancer | 25.11.5 | $15,Purchase | Andromeda | 25.10.9,All services (general),none
120234256568020641,PCO009,Prostate Cancer | 25.11.5 | $15,Purchase | Andromeda | 25.10.9,All services (general),none
120234256568010641,PCO010,Prostate Cancer | 25.11.5 | $15,Purchase | Andromeda | 25.10.9,All services (general),none
120234256568000641,PCO011,Prostate Cancer | 25.11.5 | $15,Purchase | Andromeda | 25.10.9,All services (general),none
120231144637660641,Complexes Maadh Script,Complexes,Sales | General,All services (general),none
120231141590990641,Complexes Taha Script,Complexes,Sales | General,All services (general),none
120232202914310641,منير (بعد ماكو),General Ads,Sales | General,All services (general),none
120244363962800641,BTX001,Botox \\ Testing \\ Problem Solution,TESTING | Msg Vol | All Services,All services (general),none
120244364297540641,BTX002,Botox \\ Testing \\ Problem Solution,TESTING | Msg Vol | All Services,All services (general),none
120244364297550641,BTX003,Botox \\ Testing \\ Problem Solution,TESTING | Msg Vol | All Services,All services (general),none
120244364337410641,BTX004,Botox \\ Testing \\ IG Questions Box + FEATURE & BENEFIT,TESTING | Msg Vol | All Services,All services (general),none
120244364337420641,BTX005,Botox \\ Testing \\ IG Questions Box + FEATURE & BENEFIT,TESTING | Msg Vol | All Services,All services (general),none
120244364337390641,BTX006,Botox \\ Testing \\ IG Questions Box + FEATURE & BENEFIT,TESTING | Msg Vol | All Services,All services (general),none
120244364479110641,BTX007,Botox \\ Testing \\ Direct Offer + Problem Solution,TESTING | Msg Vol | All Services,All services (general),none
120244364479120641,BTX008,Botox \\ Testing \\ Direct Offer + Problem Solution,TESTING | Msg Vol | All Services,All services (general),none
120244364479130641,BTX009,Botox \\ Testing \\ Direct Offer + Problem Solution,TESTING | Msg Vol | All Services,All services (general),none
120219022530070641,TOF,New Leads Ad Set,TOF | Website | Baghdad Rich Areas,All services (general),none
120220660081960641,TOF,Rich Areas | TOF,TOF | Whatsapp | Website | Baghdad Rich Areas,All services (general),none
120247329056960641,TX trybloom.ai 1,Patient Transportation \\ Testing \\ Mix \\ Jun 28 2026,TESTING | Msg Vol | All Services,Ambulance,ad set name
120247324381990641,TX001,Patient Transportation \\ Testing \\ Mix \\ Jun 28 2026,TESTING | Msg Vol | All Services,Ambulance,ad code
120247324726180641,TX002,Patient Transportation \\ Testing \\ Mix \\ Jun 28 2026,TESTING | Msg Vol | All Services,Ambulance,ad code
120247324800870641,TX003,Patient Transportation \\ Testing \\ Mix \\ Jun 28 2026,TESTING | Msg Vol | All Services,Ambulance,ad code
120236657923680641,Dr Visit,Baghdad 22-58 Android,Android App Installs,App,campaign
120236657914270641,Nursing,Baghdad 22-58 Android,Android App Installs,App,campaign
120236657918600641,Physio,Baghdad 22-58 Android,Android App Installs,App,campaign
120248671987130641,App013,Fake Tweets | App Install | Baghdad Android,Android App Purchase | AF | 2026/8/12,App,campaign
120248671986780641,App014,Fake Tweets | App Install | Baghdad Android,Android App Purchase | AF | 2026/8/12,App,campaign
120248671986760641,App015,Fake Tweets | App Install | Baghdad Android,Android App Purchase | AF | 2026/8/12,App,campaign
120248671987140641,App016,Doctor Visit | App Install | Baghdad Android,Android App Purchase | AF | 2026/8/12,App,campaign
120248671987020641,App017,Doctor Visit | App Install | Baghdad Android,Android App Purchase | AF | 2026/8/12,App,campaign
120248671986830641,App018,Doctor Visit | App Install | Baghdad Android,Android App Purchase | AF | 2026/8/12,App,campaign
120248671987000641,App019,Nursing / Physio | App Install | Baghdad Android - Copy,Android App Purchase | AF | 2026/8/12,App,campaign
120248671986890641,App020,Nursing / Physio | App Install | Baghdad Android - Copy,Android App Purchase | AF | 2026/8/12,App,campaign
120248671987010641,App021,Doctor Visit | App Install | Baghdad Android,Android App Purchase | AF | 2026/8/12,App,campaign
120248671986790641,App022,Nursing / Physio | App Install | Baghdad Android - Copy,Android App Purchase | AF | 2026/8/12,App,campaign
120248671986750641,App023,Fake Tweets | App Install | Baghdad Android,Android App Purchase | AF | 2026/8/12,App,campaign
120248671986960641,App024,Nursing / Physio | App Install | Baghdad Android - Copy,Android App Purchase | AF | 2026/8/12,App,campaign
120248671986980641,App025,Nursing / Physio | App Install | Baghdad Android - Copy,Android App Purchase | AF | 2026/8/12,App,campaign
120248671986990641,App026,Doctor Visit | App Install | Baghdad Android,Android App Purchase | AF | 2026/8/12,App,campaign
120248671986970641,App027,Fake Tweets | App Install | Baghdad Android,Android App Purchase | AF | 2026/8/12,App,campaign
120249316753380641,OLC040 _ 🎥 Video _ Creative _ Your Doctor Is One Video Call Away.mp4,OC | App Install | Baghdad Android,Android App Purchase | AF | 2026/8/12,App,campaign
120249316838900641,OLC041 _ 🎥 Video _ Problem → Solution _ Doctor Follow-Up Even When He’s Away.mp4,OC | App Install | Baghdad Android,Android App Purchase | AF | 2026/8/12,App,campaign
120249316848720641,OLC042 _ 🎥 Video _ Problem → Solution _ Late-Night Doctor Advice Without Leaving Home.mp4,OC | App Install | Baghdad Android,Android App Purchase | AF | 2026/8/12,App,campaign
120249316851800641,OLC043 _ 🎥 Video _ Problem → Solution _ Medication Guidance Without Another Clinic Visit.mp4,OC | App Install | Baghdad Android,Android App Purchase | AF | 2026/8/12,App,campaign
120248671986720641,UGC002,UGC | baghdad Android,Android App Purchase | AF | 2026/8/12,App,campaign
120248671987120641,UGC003,UGC | baghdad Android,Android App Purchase | AF | 2026/8/12,App,campaign
120248671986710641,UGC004,UGC | baghdad Android,Android App Purchase | AF | 2026/8/12,App,campaign
120248671987110641,UGC005,UGC | baghdad Android,Android App Purchase | AF | 2026/8/12,App,campaign
120248673606690641,LT109 | 🎥 Video | US VS THEM | app lab test features  | LT109 V1,LT109-LT116 | Talking Head | TESTING - Copy,Android App Purchase | LAB TEST | AF | 2026/8/12,App,campaign
120248673738060641,LT110 | 🎥 Video | US VS THEM | app lab test features  | LT109 V2,LT109-LT116 | Talking Head | TESTING - Copy,Android App Purchase | LAB TEST | AF | 2026/8/12,App,campaign
120248673765120641,LT111 | 🎥 Video | US VS THEM | app lab test features  | LT109 V3,LT109-LT116 | Talking Head | TESTING - Copy,Android App Purchase | LAB TEST | AF | 2026/8/12,App,campaign
120248673774320641,LT112 | 🎥 Video | US VS THEM | app lab test features  | LT109 V4,LT109-LT116 | Talking Head | TESTING - Copy,Android App Purchase | LAB TEST | AF | 2026/8/12,App,campaign
120248673780470641,LT113 | 🎥 Video | US VS THEM | app lab test features  | LT109 V5,LT109-LT116 | Talking Head | TESTING - Copy,Android App Purchase | LAB TEST | AF | 2026/8/12,App,campaign
120248673787390641,LT114 | 🎥 Video | US VS THEM | app lab test features  | LT109 V6,LT109-LT116 | Talking Head | TESTING - Copy,Android App Purchase | LAB TEST | AF | 2026/8/12,App,campaign
120247753391530641,App013,Fake Tweets | App Install | Baghdad Android,Android Installs | AF | 2026/4/17,App,campaign
120247753552780641,App014,Fake Tweets | App Install | Baghdad Android,Android Installs | AF | 2026/4/17,App,campaign
120247753564070641,App015,Fake Tweets | App Install | Baghdad Android,Android Installs | AF | 2026/4/17,App,campaign
120247753391550641,App016,Doctor Visit | App Install | Baghdad Android,Android Installs | AF | 2026/4/17,App,campaign
120247753680970641,App017,Doctor Visit | App Install | Baghdad Android,Android Installs | AF | 2026/4/17,App,campaign
120247753684640641,App018,Doctor Visit | App Install | Baghdad Android,Android Installs | AF | 2026/4/17,App,campaign
120247753391540641,App019,Nursing / Physio | App Install | Baghdad Android - Copy,Android Installs | AF | 2026/4/17,App,campaign
120247753785670641,App020,Nursing / Physio | App Install | Baghdad Android - Copy,Android Installs | AF | 2026/4/17,App,campaign
120247753684650641,App021,Doctor Visit | App Install | Baghdad Android,Android Installs | AF | 2026/4/17,App,campaign
120247753785660641,App022,Nursing / Physio | App Install | Baghdad Android - Copy,Android Installs | AF | 2026/4/17,App,campaign
120247753564080641,App023,Fake Tweets | App Install | Baghdad Android,Android Installs | AF | 2026/4/17,App,campaign
120247753785650641,App024,Nursing / Physio | App Install | Baghdad Android - Copy,Android Installs | AF | 2026/4/17,App,campaign
120247753785640641,App025,Nursing / Physio | App Install | Baghdad Android - Copy,Android Installs | AF | 2026/4/17,App,campaign
120247753684660641,App026,Doctor Visit | App Install | Baghdad Android,Android Installs | AF | 2026/4/17,App,campaign
120247753564090641,App027,Fake Tweets | App Install | Baghdad Android,Android Installs | AF | 2026/4/17,App,campaign
120247751911940641,App029,FGC | baghdad Android | taha podcast,Android Installs | AF | 2026/4/17,App,campaign
120247752199850641,App030,FGC | baghdad Android | taha podcast,Android Installs | AF | 2026/4/17,App,campaign
120247752205350641,App031,FGC | baghdad Android | taha podcast,Android Installs | AF | 2026/4/17,App,campaign
120242398817270641,Dr Visit App,baghdad Android,Android Installs | AF | 2026/4/17,App,campaign
120242398643710641,Nursing App,baghdad Android,Android Installs | AF | 2026/4/17,App,campaign
120242398790310641,Physiotherapy App,baghdad Android,Android Installs | AF | 2026/4/17,App,campaign
120242452758340641,UGC002,UGC | baghdad Android,Android Installs | AF | 2026/4/17,App,campaign
120242486147080641,UGC003,UGC | baghdad Android,Android Installs | AF | 2026/4/17,App,campaign
120242486147100641,UGC004,UGC | baghdad Android,Android Installs | AF | 2026/4/17,App,campaign
120242486147090641,UGC005,UGC | baghdad Android,Android Installs | AF | 2026/4/17,App,campaign
120242486147110641,UGC006,UGC | baghdad Android,Android Installs | AF | 2026/4/17,App,campaign
120246705898910641,WC001 ios,world cup UGC | baghdad Android,Android Installs | AF | 2026/4/17,App,campaign
120246706273250641,WC002 ios,world cup UGC | baghdad Android,Android Installs | AF | 2026/4/17,App,campaign
120246778266220641,WC003 ios,world cup UGC | baghdad Android,Android Installs | AF | 2026/4/17,App,campaign
120207890269400641,AirBag Doctor Visit - Vertical,Android | Original Audince | 2024/5/4,App Awareness | Link Click | Android | 2024/5/4,App,campaign
120207889875640641,AirBag Doctor Visit - Vertical,Android | LAL | 2024/5/4,App Awareness | Link Click | Android | 2024/5/4,App,campaign
120207890269420641,AirBag Nursing - Vertical,Android | Original Audince | 2024/5/4,App Awareness | Link Click | Android | 2024/5/4,App,campaign
120207890252860641,AirBag Nursing - Vertical,Android | LAL | 2024/5/4,App Awareness | Link Click | Android | 2024/5/4,App,campaign
120207890269430641,AirBag Physiotherapy - Vertical,Android | Original Audince | 2024/5/4,App Awareness | Link Click | Android | 2024/5/4,App,campaign
120207890252850641,AirBag Physiotherapy - Vertical,Android | LAL | 2024/5/4,App Awareness | Link Click | Android | 2024/5/4,App,campaign
120207707439090641,احنا كلش مستعدين .. وأنتوا ؟ 🔥 - app download‎,احنا كلش مستعدين .. وأنتوا ؟ 🔥 - profile visit - IG‎,App Engagment,App,campaign
120207708499910641,‎خلال كم يوم بس ! - app download‎,‎خلال كم يوم بس! - profile visit - FB,App Engagment,App,campaign
120207512748360641,‎خلال كم يوم بس ! - app download‎ - Copy,خلال كم يوم بس! - profile visit - IG,App Engagment,App,campaign
120208780781340641,AirBag Dr Visit - Vertical,Android | Original Audience | Airbag Doctor Visit | $2 | 2024 May 27,App Installs | Android | 2024 May 27,App,campaign
120208780781350641,AirBag Nursing - Vertical,Android | Original Audience | Airbag Nursing | $2 | 2024 May 27,App Installs | Android | 2024 May 27,App,campaign
120208780727070641,AirBag Physiotherapy - Vertical,Android | Original Audience | Airbag Physiotherapy | $2 | 2024 May 27,App Installs | Android | 2024 May 27,App,campaign
120208780937970641,AirBag Dr Visit - Vertical,iOS | Original Audience | Airbag Doctor Visit | $2 | 2024 May 27 - Copy,App Installs | iOS | 2024 May 27,App,campaign
120208780937960641,AirBag Nursing - Vertical,iOS | Original Audience | Airbag Nursing | $2 | 2024 May 27 - Copy,App Installs | iOS | 2024 May 27,App,campaign
120208780823080641,AirBag Physiotherapy - Vertical,iOS | Original Audience | Airbag Physiotherapy | $2 | 2024 May 27,App Installs | iOS | 2024 May 27,App,campaign
120247539219830641,App 32 - RT android,App Installs > App Registration,App Reg RT | Android | 2026/7/1,App,campaign
120247539558970641,App 33 - RT android,App Installs > App Registration,App Reg RT | Android | 2026/7/1,App,campaign
120207890948620641,App Traffic - AirBag - Physiotherapy,App Traffic 2024/5/4,App Traffic (Linktree) 2024/5/4,App,campaign
120207512676820641,خلال كم يوم بس ! - app download,IG,Engagement Campaign,App,ad name
120236657763940641,Dr Visit,Baghdad 22-58 iOS,iOS App Installs,App,campaign
120236657888690641,nursing,Baghdad 22-58 iOS,iOS App Installs,App,campaign
120236657885870641,physio,Baghdad 22-58 iOS,iOS App Installs,App,campaign
120247754434530641,App019,Nursing / Physio | App Install | Baghdad iOS,iOS installs | AF | 2026/4/17,App,campaign
120247754434520641,App020,Nursing / Physio | App Install | Baghdad iOS,iOS installs | AF | 2026/4/17,App,campaign
120247754434540641,App022,Nursing / Physio | App Install | Baghdad iOS,iOS installs | AF | 2026/4/17,App,campaign
120247754434560641,App024,Nursing / Physio | App Install | Baghdad iOS,iOS installs | AF | 2026/4/17,App,campaign
120247754434570641,App025,Nursing / Physio | App Install | Baghdad iOS,iOS installs | AF | 2026/4/17,App,campaign
120247752225190641,App029,FGC | baghdad iOS | taha podcast,iOS installs | AF | 2026/4/17,App,campaign
120247752239800641,App030,FGC | baghdad iOS | taha podcast,iOS installs | AF | 2026/4/17,App,campaign
120247752246710641,App031,FGC | baghdad iOS | taha podcast,iOS installs | AF | 2026/4/17,App,campaign
120242398540350641,Nursing app,baghdad iOS,iOS installs | AF | 2026/4/17,App,campaign
120242398509680641,Physiotherapy app,baghdad iOS,iOS installs | AF | 2026/4/17,App,campaign
120242488994880641,UGC 2,UGC | baghdad iOS,iOS installs | AF | 2026/4/17,App,campaign
120242489126990641,UGC 3,UGC | baghdad iOS,iOS installs | AF | 2026/4/17,App,campaign
120242489127000641,UGC 4,UGC | baghdad iOS,iOS installs | AF | 2026/4/17,App,campaign
120242489126970641,UGC 5,UGC | baghdad iOS,iOS installs | AF | 2026/4/17,App,campaign
120242489126980641,UGC 6,UGC | baghdad iOS,iOS installs | AF | 2026/4/17,App,campaign
120246705548800641,WC001,World cup UGC | baghdad iOS,iOS installs | AF | 2026/4/17,App,campaign
120246705846810641,WC002,World cup UGC | baghdad iOS,iOS installs | AF | 2026/4/17,App,campaign
120246778243030641,WC003,World cup UGC | baghdad iOS,iOS installs | AF | 2026/4/17,App,campaign
120242398107380641,drVisit app,baghdad iOS,iOS installs | AF | 2026/4/17,App,campaign
120212698567680641,Expert-i B2B - 1,Basra+Baghdad+Erbil | 26+,B2B Expert-i | 2024 Nov 25,B2B,ad name
120212698324040641,Expert-i B2B - 1,Interest Stack | Basra+Baghdad+Erbil | 26+,B2B Expert-i | 2024 Nov 25,B2B,ad name
120210231356120641,B2B - 1A,Business owners,B2B | Businesses | $10 | 2024/8/12,B2B,ad name
120210230455680641,B2B - 1B,Business owners,B2B | Businesses | $10 | 2024/8/12,B2B,ad name
120210231356110641,B2B - 3A,Business owners,B2B | Businesses | $10 | 2024/8/12,B2B,ad name
120210231356100641,B2B - 3B,Business owners,B2B | Businesses | $10 | 2024/8/12,B2B,ad name
120210231356080641,B2B - 4,Business owners,B2B | Businesses | $10 | 2024/8/12,B2B,ad name
120210231356090641,B2B - 5,Business owners,B2B | Businesses | $10 | 2024/8/12,B2B,ad name
120210231356070641,B2B -2,Business owners,B2B | Businesses | $10 | 2024/8/12,B2B,ad name
120227060315090641,Afiea Ad,B2B baghdad,B2B | Leads,B2B,ad set name
120210069714480641,B2B Physio - A,Medical school | +32,B2B | Medical Field | 2024/8/3 | $5,B2B,ad name
120210069847210641,B2B Physio - B,Medical school | +32,B2B | Medical Field | 2024/8/3 | $5,B2B,ad name
120210069852760641,B2B Physio BedSore - A,Medical school | +32,B2B | Medical Field | 2024/8/3 | $5,B2B,ad name
120210069855490641,B2B Physio BedSore - B,Medical school | +32,B2B | Medical Field | 2024/8/3 | $5,B2B,ad name
120243987229280641,BB001,B2B | Baghdad,B2B | Msg Vol | 2026 May 14,B2B,ad set name
120243988682800641,BB002,B2B | Baghdad,B2B | Msg Vol | 2026 May 14,B2B,ad set name
120243988682810641,BB003,B2B | Baghdad,B2B | Msg Vol | 2026 May 14,B2B,ad set name
120243988682820641,BB004,B2B | Baghdad,B2B | Msg Vol | 2026 May 14,B2B,ad set name
120243988682830641,BB005,B2B | Baghdad,B2B | Msg Vol | 2026 May 14,B2B,ad set name
120243988600290641,BB006,B2B | Baghdad,B2B | Msg Vol | 2026 May 14,B2B,ad set name
120206730984240641,الخزعة تسبب انتشار السرطان بالجسم..,مناطق الاستهداف |  Ramadan 2024,Awareness 2024,Brand & awareness,campaign
120206730984250641,بدل ما تضعفون، سمنتوا برمضان 😶,مناطق الاستهداف |  Ramadan 2024,Awareness 2024,Brand & awareness,campaign
120207022594070641,دتصوم و عندك قولون عصبي؟,مناطق الاستهداف |  Ramadan 2024,Awareness 2024,Brand & awareness,campaign
120207022594060641,دكتور انا مريض حصاة كلى اكدر اصوم رمضان او لا !؟!,مناطق الاستهداف |  Ramadan 2024,Awareness 2024,Brand & awareness,campaign
120206661436440641,روتين النوم كله أنكلب برمضان,مناطق الاستهداف |  Ramadan 2024,Awareness 2024,Brand & awareness,campaign
120206661181710641,مزاجك ليش ينگلب اثناء الصيام؟,مناطق الاستهداف |  Ramadan 2024,Awareness 2024,Brand & awareness,campaign
120207178960150641,مسوينا كليجة العيد,General Awareness\مناطق الاستهداف,Awareness 2024,Brand & awareness,campaign
120206661592000641,‎السكري‎,مناطق الاستهداف |  Ramadan 2024,Awareness 2024,Brand & awareness,campaign
120207484169710641,شنو هو الوقت المثالي للختان لطفلك ( طهور ) ؟,IG,Engagement Campaign,Brand & awareness,campaign name
120207484724000641,طفلك وزنه قليل ؟,IG,Engagement Campaign,Brand & awareness,campaign name
120207484724020641,هل الجيوب الانفية مرض ؟,IG,Engagement Campaign,Brand & awareness,campaign name
120207484724010641,هل كل تضخم بالبروستات يعني لازم نسويله عملية ؟,IG,Engagement Campaign,Brand & awareness,campaign name
120208947042510641,AirBag Dr Visit - Vertical,CTA | Airbag Dr Visit,Omni Awareness Campaign,Brand & awareness,campaign
120208946996920641,AirBag Nursing - Vertical,CTA | Airbag Nursing,Omni Awareness Campaign,Brand & awareness,campaign
120208960402880641,AirBag Physiotherapy - Vertical,CTA | Airbag Physiotherapy,Omni Awareness Campaign,Brand & awareness,campaign
120208946723390641,Echo,implementation Echo,Omni Awareness Campaign,Brand & awareness,campaign
120208946723460641,Nursing,implementation Nursing/Lab Test,Omni Awareness Campaign,Brand & awareness,campaign
120208946723300641,Review | Nursing,Review | Nursing,Omni Awareness Campaign,Brand & awareness,campaign
120208946723400641,Review | Physiotherapy,Review | Physiotherapy,Omni Awareness Campaign,Brand & awareness,campaign
120208946723410641,Ultrasound,implementation Ultrasound,Omni Awareness Campaign,Brand & awareness,campaign
120213333629950641,Ultrasound 2,implementation Ultrasound,Omni Awareness Campaign,Brand & awareness,campaign
120213906059440641,Ultrasound 3,implementation Ultrasound,Omni Awareness Campaign,Brand & awareness,campaign
120208946723510641,اشعة وايكو,EDU content 3,Omni Awareness Campaign,Brand & awareness,campaign
120208946723490641,بعدك تضم فحوصاتك و تحاليلك بال جرار؟,EDU content 2,Omni Awareness Campaign,Brand & awareness,campaign
120208946723430641,شنو هو تطبيق سليم؟,EDU content 1,Omni Awareness Campaign,Brand & awareness,campaign
120208946723380641,ٍReview | DrVisit,ٍReview | DrVisit,Omni Awareness Campaign,Brand & awareness,campaign
120221856004280641,AirBag Dr Visit - Vertical - Copy,AirBag Videos. | $12,Profile Traffic Campaign (Followers) | $12 | May 1,Brand & awareness,campaign
120221856004300641,AirBag Nursing - Vertical - Copy,AirBag Videos. | $12,Profile Traffic Campaign (Followers) | $12 | May 1,Brand & awareness,campaign
120221856004290641,AirBag Physiotherapy - Vertical - Copy,AirBag Videos. | $12,Profile Traffic Campaign (Followers) | $12 | May 1,Brand & awareness,campaign
120222834173720641,AirBag Dr Visit - Vertical - Copy,AirBag Videos. | $12,Profile Traffic Campaign (Followers) | $12 | May 7,Brand & awareness,campaign
120222834173700641,AirBag Nursing - Vertical - Copy,AirBag Videos. | $12,Profile Traffic Campaign (Followers) | $12 | May 7,Brand & awareness,campaign
120222834173710641,AirBag Physiotherapy - Vertical - Copy,AirBag Videos. | $12,Profile Traffic Campaign (Followers) | $12 | May 7,Brand & awareness,campaign
120235214667350641,Dr UGC,UGC 1 | $6,Profile Traffic Campaign (Followers) | $12 | May 7,Brand & awareness,campaign
120222834935110641,UGC 1,UGC 1 | $6,Profile Traffic Campaign (Followers) | $12 | May 7,Brand & awareness,campaign
120242489300910641,UGC 1,UGC.Iraq | $25,Profile Traffic Campaign (Followers) | $12 | May 7,Brand & awareness,campaign
120223810610040641,UGC 1 - Actially,UGC 1 | $6,Profile Traffic Campaign (Followers) | $12 | May 7,Brand & awareness,campaign
120242489514970641,UGC 2,UGC.Iraq | $25,Profile Traffic Campaign (Followers) | $12 | May 7,Brand & awareness,campaign
120242489514980641,UGC 3,UGC.Iraq | $25,Profile Traffic Campaign (Followers) | $12 | May 7,Brand & awareness,campaign
120242489514990641,UGC 4,UGC.Iraq | $25,Profile Traffic Campaign (Followers) | $12 | May 7,Brand & awareness,campaign
120242489515000641,UGC 5,UGC.Iraq | $25,Profile Traffic Campaign (Followers) | $12 | May 7,Brand & awareness,campaign
120242489515010641,UGC 6,UGC.Iraq | $25,Profile Traffic Campaign (Followers) | $12 | May 7,Brand & awareness,campaign
120235213755500641,لا تخلي الانترنت يشخص حالتك,UGC 1 | $6,Profile Traffic Campaign (Followers) | $12 | May 7,Brand & awareness,campaign
120216882007490641,اعلان رمضان,$15 | Maximize number of impressions,Ramadan Awareness Campaign,Brand & awareness,campaign
120216881985500641,اعلان رمضان,‎$10 | recall lift - اعلان رمضان,Ramadan Awareness Campaign,Brand & awareness,campaign
120216882033080641,حجي حميد,$15 | Maximize number of impressions,Ramadan Awareness Campaign,Brand & awareness,campaign
120216881835570641,حجي حميد,$10 | recall lift - حجي حميد,Ramadan Awareness Campaign,Brand & awareness,campaign
120210069884400641,Dr Rafi Ad,Baghdad 24+,Aster Dr. Rafi,Doctor visit,ad name
120207726115870641,DocVis03 - Image,وكعة اهلنة,CALLS CTA,Doctor visit,ad code
120206294918390641,زيارة طبية فيديو ١,‎25+ Baghdad | No Interets | خدمة الزيارة الطبية,CBO | Testing Campaign | Whatsapp | Mar 13 2024,Doctor visit,ad name
120244631909370641,DRV111,Mix services | Calls,Calls Test,Doctor visit,ad code
120244632356330641,Dr Visit - Kid,Mix services | Calls,Calls Test,Doctor visit,ad name
120244632314970641,Dr Visit - UGC - 25Aug3,Mix services | Calls,Calls Test,Doctor visit,ad name
120206663016850641,DocVis01 - image,Doctor Visit | DocVis01 - لاول مرة في بغداد,Creative Testing Hub,Doctor visit,ad code
120207492324530641,DocVis02 - image,Doctor Visit | DocVis2 - بركة البيت لا تهملهم,Creative Testing Hub,Doctor visit,ad code
120207288403760641,DocVis02 - image,Doctor Visit | DocVis01 - لاول مرة في بغداد,Creative Testing Hub,Doctor visit,ad code
120207492427770641,DocVis03 - image,Doctor Visit | DocVis03 - وكعة اهلنة مو سهلة,Creative Testing Hub,Doctor visit,ad code
120207288410620641,DocVis03 - image,Doctor Visit | DocVis01 - لاول مرة في بغداد,Creative Testing Hub,Doctor visit,ad code
120207516894440641,DocVis04 - image,‎Doctor Visit | DocVis04 - كسور,Creative Testing Hub,Doctor visit,ad code
120220823034740641,Dr Visit - Grandma,LAL 1% - $15 | kid+grndma+grndpa,Dr Visit,Doctor visit,ad name
120221078910130641,Dr Visit - Grandma2,LAL 1% - $15 | kid+grndma+grndpa,Dr Visit,Doctor visit,ad name
120220824932220641,Dr Visit - Granpa,LAL 1% - $15 | kid+grndma+grndpa,Dr Visit,Doctor visit,ad name
120221078928620641,Dr Visit - Granpa2,LAL 1% - $15 | kid+grndma+grndpa,Dr Visit,Doctor visit,ad name
120220820768700641,Dr Visit - Kid,LAL 1% - $15 | kid+grndma+grndpa,Dr Visit,Doctor visit,ad name
120221077326320641,Dr Visit - Kid2,LAL 1% - $15 | kid+grndma+grndpa,Dr Visit,Doctor visit,ad name
120221180684610641,Dr Visit ali juma edit - full,LAL 1% - $15 | Dr Visit no music,Dr Visit,Doctor visit,ad name
120221180763160641,Dr Visit ali juma edit - full - Copy,LAL 1% - $15 | Dr Visit no music,Dr Visit,Doctor visit,ad name
120220820768710641,Dr Visit no music,LAL 1% - $15 | Dr Visit no music,Dr Visit,Doctor visit,ad name
120229327362420641,Dr Visit - Carousell  - 25Aug3 - Copy,Dr Visit - SCALING - 2025Aug15,Dr Visit - 2025Aug15,Doctor visit,ad name
120229327362400641,Dr Visit - Direct - 25Aug3 - Copy,Dr Visit - SCALING - 2025Aug15,Dr Visit - 2025Aug15,Doctor visit,ad name
120229376309980641,Dr Visit - Direct - 25Aug3 - Price,Dr Visit - SCALING - 2025Aug15,Dr Visit - 2025Aug15,Doctor visit,ad name
120229327362410641,Dr Visit - Talking Head - 25Aug3 - Copy,Dr Visit - SCALING - 2025Aug15,Dr Visit - 2025Aug15,Doctor visit,ad name
120229376309970641,Dr Visit - Talking Head - Price,Dr Visit - SCALING - 2025Aug15,Dr Visit - 2025Aug15,Doctor visit,ad name
120229327496990641,Dr Visit Static 3 - Copy,Dr Visit - SCALING - 2025Aug15,Dr Visit - 2025Aug15,Doctor visit,ad name
120229376301170641,Mouge H1 V1 - Price,Dr Visit - SCALING - 2025Aug15,Dr Visit - 2025Aug15,Doctor visit,ad set name
120229327497000641,Mouge H1 V1.mp4 - Copy,Dr Visit - SCALING - 2025Aug15,Dr Visit - 2025Aug15,Doctor visit,ad set name
120228579428210641,Dr Visit - 25Jul26 - Ai Hook,Dr Visit | Ad Set 1 | Broad | Maad Style + UGC + Storytelling | 20$ Max,Dr Visit - CBO - 2025Aug1,Doctor visit,ad name
120228702129810641,Dr Visit - Carousell  - 25Aug3,Dr Visit | Ad Set 4 | Broad | Carousell + Repackaged,Dr Visit - CBO - 2025Aug1,Doctor visit,ad name
120228700924950641,Dr Visit - Direct - 25Aug3,Dr Visit | Ad Set 1 | Broad | Maad Style + UGC + Storytelling | 20$ Max,Dr Visit - CBO - 2025Aug1,Doctor visit,ad name
120228701897840641,Dr Visit - Feedback 1 - 25Aug3,Dr Visit | Ad Set 3 | Pur Rt | Static Numbers + Testimonials | 5$ Max,Dr Visit - CBO - 2025Aug1,Doctor visit,ad name
120228702033690641,Dr Visit - Feedback 2 - 25Aug3,Dr Visit | Ad Set 3 | Pur Rt | Static Numbers + Testimonials | 5$ Max,Dr Visit - CBO - 2025Aug1,Doctor visit,ad name
120228702057380641,Dr Visit - Feedback 3 - 25Aug3,Dr Visit | Ad Set 3 | Pur Rt | Static Numbers + Testimonials | 5$ Max,Dr Visit - CBO - 2025Aug1,Doctor visit,ad name
120228701660260641,Dr Visit - Number of visits - 25Aug3,Dr Visit | Ad Set 3 | Pur Rt | Static Numbers + Testimonials | 5$ Max,Dr Visit - CBO - 2025Aug1,Doctor visit,ad name
120228702129820641,Dr Visit - Repackaged - 25Aug3,Dr Visit | Ad Set 4 | Broad | Carousell + Repackaged,Dr Visit - CBO - 2025Aug1,Doctor visit,ad name
120228700963360641,Dr Visit - Stirytelling - 25Aug3,Dr Visit | Ad Set 1 | Broad | Maad Style + UGC + Storytelling | 20$ Max,Dr Visit - CBO - 2025Aug1,Doctor visit,ad name
120228701398550641,Dr Visit - Talking Head - 25Aug3,Dr Visit | Ad Set 2 | Broad | Talking Head | Max $9,Dr Visit - CBO - 2025Aug1,Doctor visit,ad name
120228700991610641,Dr Visit - UGC - 25Aug3,Dr Visit | Ad Set 1 | Broad | Maad Style + UGC + Storytelling | 20$ Max,Dr Visit - CBO - 2025Aug1,Doctor visit,ad name
120228579427350641,Dr Visit Static 3,Dr Visit VV %1+%2 LAL | $10 - STATIC,Dr Visit - CBO - 2025Aug1,Doctor visit,ad name
120228579428220641,Dr Visit ali juma edit - Maad Cut,Dr Visit | CC+Customers LAL | $10,Dr Visit - CBO - 2025Aug1,Doctor visit,ad name
120228579428270641,Dr Visit ali juma edit - Maad Cut,Dr Visit VV %1+%2 LAL | $10,Dr Visit - CBO - 2025Aug1,Doctor visit,ad name
120228579428240641,Dr Visit ali juma edit - full,Dr Visit | CC+Customers LAL | $10,Dr Visit - CBO - 2025Aug1,Doctor visit,ad name
120228579428250641,Dr Visit ali juma edit - full,Dr Visit VV %1+%2 LAL | $10,Dr Visit - CBO - 2025Aug1,Doctor visit,ad name
120228579428180641,Mouge H1 V1.mp4,Dr Visit | Ad Set 1 | Broad | Maad Style + UGC + Storytelling | 20$ Max,Dr Visit - CBO - 2025Aug1,Doctor visit,ad set name
120228579428230641,Mouge H1 V1.mp4 - Copy,Dr Visit | CC+Customers LAL | $10,Dr Visit - CBO - 2025Aug1,Doctor visit,ad set name
120228579428260641,Mouge H1 V1.mp4 - Copy,Dr Visit VV %1+%2 LAL | $10,Dr Visit - CBO - 2025Aug1,Doctor visit,ad set name
120228579428170641,Mouge H1 V2.mp4,Dr Visit | Ad Set 1 | Broad | Maad Style + UGC + Storytelling | 20$ Max,Dr Visit - CBO - 2025Aug1,Doctor visit,ad set name
120228579428190641,Mouge H2 V2.mp4,Dr Visit | Ad Set 1 | Broad | Maad Style + UGC + Storytelling | 20$ Max,Dr Visit - CBO - 2025Aug1,Doctor visit,ad set name
120228579428200641,Mouge H3 V3.mp4,Dr Visit | Ad Set 1 | Broad | Maad Style + UGC + Storytelling | 20$ Max,Dr Visit - CBO - 2025Aug1,Doctor visit,ad set name
120225660545830641,Dr Visit - Ibraheem Reel,Dr Visit | Broad | $20,Dr Visit - Respond.io,Doctor visit,ad name
120225660545790641,Dr Visit Static 1,Dr Visit VV %1+%2 LAL | $10 - STATIC,Dr Visit - Respond.io,Doctor visit,ad name
120225660545980641,Dr Visit Static 2,Dr Visit VV %1+%2 LAL | $10 - STATIC,Dr Visit - Respond.io,Doctor visit,ad name
120226173531740641,Dr Visit Static 3,Dr Visit VV %1+%2 LAL | $10 - STATIC,Dr Visit - Respond.io,Doctor visit,ad name
120226175734560641,Dr Visit Static 4,Dr Visit VV %1+%2 LAL | $10 - STATIC,Dr Visit - Respond.io,Doctor visit,ad name
120226175745850641,Dr Visit Static 5,Dr Visit VV %1+%2 LAL | $10 - STATIC,Dr Visit - Respond.io,Doctor visit,ad name
120225660546010641,Dr Visit ali juma edit - Maad Cut,Dr Visit | CC+Customers LAL | $10,Dr Visit - Respond.io,Doctor visit,ad name
120225660545970641,Dr Visit ali juma edit - Maad Cut,Dr Visit VV %1+%2 LAL | $10,Dr Visit - Respond.io,Doctor visit,ad name
120225660545650641,Dr Visit ali juma edit - full,Dr Visit | CC+Customers LAL | $10,Dr Visit - Respond.io,Doctor visit,ad name
120225660545960641,Dr Visit ali juma edit - full,Dr Visit VV %1+%2 LAL | $10,Dr Visit - Respond.io,Doctor visit,ad name
120225660545950641,Dr Visit ali juma edit - full - Copy,Dr Visit | Broad | $20,Dr Visit - Respond.io,Doctor visit,ad name
120225660545940641,Dr Visit ali juma edit - full - Copy 2,Dr Visit | Broad | $20,Dr Visit - Respond.io,Doctor visit,ad name
120226320692340641,Dr Visit - Ibraheem Reel,Dr Visit | Broad | $20,Dr Visit - Respond.io - Copy,Doctor visit,ad name
120226320692140641,Dr Visit Static 3,Dr Visit VV %1+%2 LAL | $10 - STATIC,Dr Visit - Respond.io - Copy,Doctor visit,ad name
120226320692280641,Dr Visit Static 4,Dr Visit VV %1+%2 LAL | $10 - STATIC,Dr Visit - Respond.io - Copy,Doctor visit,ad name
120226320692240641,Dr Visit Static 5,Dr Visit VV %1+%2 LAL | $10 - STATIC,Dr Visit - Respond.io - Copy,Doctor visit,ad name
120226320692320641,Dr Visit ali juma edit - Maad Cut,Dr Visit | CC+Customers LAL | $10,Dr Visit - Respond.io - Copy,Doctor visit,ad name
120226320692220641,Dr Visit ali juma edit - Maad Cut,Dr Visit VV %1+%2 LAL | $10,Dr Visit - Respond.io - Copy,Doctor visit,ad name
120226320692310641,Dr Visit ali juma edit - full,Dr Visit | CC+Customers LAL | $10,Dr Visit - Respond.io - Copy,Doctor visit,ad name
120226320692210641,Dr Visit ali juma edit - full,Dr Visit VV %1+%2 LAL | $10,Dr Visit - Respond.io - Copy,Doctor visit,ad name
120226320692300641,Dr Visit ali juma edit - full - Copy,Dr Visit | Broad | $20,Dr Visit - Respond.io - Copy,Doctor visit,ad name
120226320692290641,Dr Visit ali juma edit - full - Copy 2,Dr Visit | Broad | $20,Dr Visit - Respond.io - Copy,Doctor visit,ad name
120226606298780641,Dr Visit with Offer,Dr Visit | Broad With OFFER | $6,Dr Visit - Respond.io - Copy,Doctor visit,ad name
120227255036000641,Mouge H1 V1.mp4,Dr Visit | Broad | $20,Dr Visit - Respond.io - Copy,Doctor visit,ad set name
120227255035980641,Mouge H1 V2.mp4,Dr Visit | Broad | $20,Dr Visit - Respond.io - Copy,Doctor visit,ad set name
120227255036030641,Mouge H1 V3.mp4,Dr Visit | Broad | $20,Dr Visit - Respond.io - Copy,Doctor visit,ad set name
120227255035990641,Mouge H2 V1.mp4,Dr Visit | Broad | $20,Dr Visit - Respond.io - Copy,Doctor visit,ad set name
120227255035970641,Mouge H2 V2.mp4,Dr Visit | Broad | $20,Dr Visit - Respond.io - Copy,Doctor visit,ad set name
120227255036010641,Mouge H2 V3.mp4,Dr Visit | Broad | $20,Dr Visit - Respond.io - Copy,Doctor visit,ad set name
120227255035960641,Mouge H3 V1.mp4,Dr Visit | Broad | $20,Dr Visit - Respond.io - Copy,Doctor visit,ad set name
120227254955130641,Mouge H3 V2.mp4,Dr Visit | Broad | $20,Dr Visit - Respond.io - Copy,Doctor visit,ad set name
120227255036020641,Mouge H3 V3.mp4,Dr Visit | Broad | $20,Dr Visit - Respond.io - Copy,Doctor visit,ad set name
120227303717300641,Dr Visit Static 3,Dr Visit VV %1+%2 LAL | $10 - STATIC,Dr Visit - Respond.io 2025Jul10,Doctor visit,ad name
120227303717310641,Dr Visit Static 4,Dr Visit VV %1+%2 LAL | $10 - STATIC,Dr Visit - Respond.io 2025Jul10,Doctor visit,ad name
120227303717080641,Dr Visit Static 5,Dr Visit VV %1+%2 LAL | $10 - STATIC,Dr Visit - Respond.io 2025Jul10,Doctor visit,ad name
120227303717270641,Dr Visit ali juma edit - Maad Cut,Dr Visit | CC+Customers LAL | $10,Dr Visit - Respond.io 2025Jul10,Doctor visit,ad name
120227303717230641,Dr Visit ali juma edit - Maad Cut,Dr Visit VV %1+%2 LAL | $10,Dr Visit - Respond.io 2025Jul10,Doctor visit,ad name
120227303717220641,Dr Visit ali juma edit - full,Dr Visit VV %1+%2 LAL | $10,Dr Visit - Respond.io 2025Jul10,Doctor visit,ad name
120227303717060641,Dr Visit ali juma edit - full,Dr Visit | CC+Customers LAL | $10,Dr Visit - Respond.io 2025Jul10,Doctor visit,ad name
120227303717140641,Dr Visit with Offer,Dr Visit | Broad With OFFER | $6,Dr Visit - Respond.io 2025Jul10,Doctor visit,ad name
120227303717240641,Mouge H1 V1.mp4,Dr Visit | Broad | $20,Dr Visit - Respond.io 2025Jul10,Doctor visit,ad set name
120227303717040641,Mouge H1 V2.mp4,Dr Visit | Broad | $20,Dr Visit - Respond.io 2025Jul10,Doctor visit,ad set name
120227303717280641,Mouge H1 V3.mp4,Dr Visit | Broad | $20,Dr Visit - Respond.io 2025Jul10,Doctor visit,ad set name
120227303717260641,Mouge H2 V1.mp4,Dr Visit | Broad | $20,Dr Visit - Respond.io 2025Jul10,Doctor visit,ad set name
120227303717250641,Mouge H2 V2.mp4,Dr Visit | Broad | $20,Dr Visit - Respond.io 2025Jul10,Doctor visit,ad set name
120227303717160641,Mouge H2 V3.mp4,Dr Visit | Broad | $20,Dr Visit - Respond.io 2025Jul10,Doctor visit,ad set name
120227303717190641,Mouge H3 V1.mp4,Dr Visit | Broad | $20,Dr Visit - Respond.io 2025Jul10,Doctor visit,ad set name
120227303717210641,Mouge H3 V2.mp4,Dr Visit | Broad | $20,Dr Visit - Respond.io 2025Jul10,Doctor visit,ad set name
120227303717130641,Mouge H3 V3.mp4,Dr Visit | Broad | $20,Dr Visit - Respond.io 2025Jul10,Doctor visit,ad set name
120227412240860641,Dr Visit Static 3,Dr Visit VV %1+%2 LAL | $10 - STATIC,Dr Visit - Respond.io 2025Jul13,Doctor visit,ad name
120227412240240641,Dr Visit Static 4,Dr Visit VV %1+%2 LAL | $10 - STATIC,Dr Visit - Respond.io 2025Jul13,Doctor visit,ad name
120227412240870641,Dr Visit Static 5,Dr Visit VV %1+%2 LAL | $10 - STATIC,Dr Visit - Respond.io 2025Jul13,Doctor visit,ad name
120227412240910641,Dr Visit ali juma edit - Maad Cut,Dr Visit | CC+Customers LAL | $10,Dr Visit - Respond.io 2025Jul13,Doctor visit,ad name
120227412240770641,Dr Visit ali juma edit - Maad Cut,Dr Visit VV %1+%2 LAL | $10,Dr Visit - Respond.io 2025Jul13,Doctor visit,ad name
120227412240560641,Dr Visit ali juma edit - full,Dr Visit VV %1+%2 LAL | $10,Dr Visit - Respond.io 2025Jul13,Doctor visit,ad name
120227412240570641,Dr Visit ali juma edit - full,Dr Visit | CC+Customers LAL | $10,Dr Visit - Respond.io 2025Jul13,Doctor visit,ad name
120227412240530641,Dr Visit with Offer,Dr Visit | Broad With OFFER | $6,Dr Visit - Respond.io 2025Jul13,Doctor visit,ad name
120227412240960641,Mouge H1 V1.mp4,Dr Visit | Broad | $20,Dr Visit - Respond.io 2025Jul13,Doctor visit,ad set name
120227412240550641,Mouge H1 V3.mp4,Dr Visit | Broad | $20,Dr Visit - Respond.io 2025Jul13,Doctor visit,ad set name
120227412241000641,Mouge H2 V1.mp4,Dr Visit | Broad | $20,Dr Visit - Respond.io 2025Jul13,Doctor visit,ad set name
120227412240950641,Mouge H2 V3.mp4,Dr Visit | Broad | $20,Dr Visit - Respond.io 2025Jul13,Doctor visit,ad set name
120227412240940641,Mouge H3 V1.mp4,Dr Visit | Broad | $20,Dr Visit - Respond.io 2025Jul13,Doctor visit,ad set name
120227412240970641,Mouge H3 V2.mp4,Dr Visit | Broad | $20,Dr Visit - Respond.io 2025Jul13,Doctor visit,ad set name
120227412240780641,Mouge H3 V3.mp4,Dr Visit | Broad | $20,Dr Visit - Respond.io 2025Jul13,Doctor visit,ad set name
120228121655740641,Dr Visit - 25Jul26 - Ai Hook,Dr Visit | Broad | $20,Dr Visit - Respond.io 2025Jul13 - Copy,Doctor visit,ad name
120227445417680641,Dr Visit Static 3,Dr Visit VV %1+%2 LAL | $10 - STATIC,Dr Visit - Respond.io 2025Jul13 - Copy,Doctor visit,ad name
120227445417450641,Dr Visit Static 4,Dr Visit VV %1+%2 LAL | $10 - STATIC,Dr Visit - Respond.io 2025Jul13 - Copy,Doctor visit,ad name
120227445417380641,Dr Visit Static 5,Dr Visit VV %1+%2 LAL | $10 - STATIC,Dr Visit - Respond.io 2025Jul13 - Copy,Doctor visit,ad name
120227445417390641,Dr Visit ali juma edit - Maad Cut,Dr Visit | CC+Customers LAL | $10,Dr Visit - Respond.io 2025Jul13 - Copy,Doctor visit,ad name
120227445417720641,Dr Visit ali juma edit - Maad Cut,Dr Visit VV %1+%2 LAL | $10,Dr Visit - Respond.io 2025Jul13 - Copy,Doctor visit,ad name
120227445417650641,Dr Visit ali juma edit - full,Dr Visit VV %1+%2 LAL | $10,Dr Visit - Respond.io 2025Jul13 - Copy,Doctor visit,ad name
120227445417580641,Dr Visit ali juma edit - full,Dr Visit | CC+Customers LAL | $10,Dr Visit - Respond.io 2025Jul13 - Copy,Doctor visit,ad name
120227445417570641,Dr Visit with Offer,Dr Visit | Broad With OFFER | $6,Dr Visit - Respond.io 2025Jul13 - Copy,Doctor visit,ad name
120227445417400641,Mouge H1 V1.mp4,Dr Visit | Broad | $20,Dr Visit - Respond.io 2025Jul13 - Copy,Doctor visit,ad set name
120228121910430641,Mouge H1 V1.mp4 - Copy,Dr Visit VV %1+%2 LAL | $10,Dr Visit - Respond.io 2025Jul13 - Copy,Doctor visit,ad set name
120228121910440641,Mouge H1 V1.mp4 - Copy,Dr Visit | CC+Customers LAL | $10,Dr Visit - Respond.io 2025Jul13 - Copy,Doctor visit,ad set name
120227445417590641,Mouge H1 V2.mp4,Dr Visit | Broad | $20,Dr Visit - Respond.io 2025Jul13 - Copy,Doctor visit,ad set name
120227445417700641,Mouge H1 V3.mp4,Dr Visit | Broad | $20,Dr Visit - Respond.io 2025Jul13 - Copy,Doctor visit,ad set name
120227445417430641,Mouge H2 V1.mp4,Dr Visit | Broad | $20,Dr Visit - Respond.io 2025Jul13 - Copy,Doctor visit,ad set name
120227445417730641,Mouge H2 V2.mp4,Dr Visit | Broad | $20,Dr Visit - Respond.io 2025Jul13 - Copy,Doctor visit,ad set name
120227445417770641,Mouge H2 V3.mp4,Dr Visit | Broad | $20,Dr Visit - Respond.io 2025Jul13 - Copy,Doctor visit,ad set name
120227445417480641,Mouge H3 V1.mp4,Dr Visit | Broad | $20,Dr Visit - Respond.io 2025Jul13 - Copy,Doctor visit,ad set name
120227445417470641,Mouge H3 V2.mp4,Dr Visit | Broad | $20,Dr Visit - Respond.io 2025Jul13 - Copy,Doctor visit,ad set name
120227445417750641,Mouge H3 V3.mp4,Dr Visit | Broad | $20,Dr Visit - Respond.io 2025Jul13 - Copy,Doctor visit,ad set name
120224400086420641,Dr Visit - Ibraheem Reel,Dr Visit | Broad | $20,Dr Visit Main | $35 - Copy,Doctor visit,ad name
120224400086650641,Dr Visit Static 1,Dr Visit VV %1+%2 LAL | $10 - STATIC,Dr Visit Main | $35 - Copy,Doctor visit,ad name
120224400086820641,Dr Visit Static 2,Dr Visit VV %1+%2 LAL | $10 - STATIC,Dr Visit Main | $35 - Copy,Doctor visit,ad name
120224400086770641,Dr Visit ali juma edit - Maad Cut,Dr Visit VV %1+%2 LAL | $10,Dr Visit Main | $35 - Copy,Doctor visit,ad name
120224400086860641,Dr Visit ali juma edit - Maad Cut,Dr Visit | CC+Customers LAL | $10,Dr Visit Main | $35 - Copy,Doctor visit,ad name
120224400086410641,Dr Visit ali juma edit - full,Dr Visit VV %1+%2 LAL | $10,Dr Visit Main | $35 - Copy,Doctor visit,ad name
120224400086760641,Dr Visit ali juma edit - full,Dr Visit | CC+Customers LAL | $10,Dr Visit Main | $35 - Copy,Doctor visit,ad name
120224400086510641,Dr Visit ali juma edit - full - Copy,Dr Visit | Broad | $20,Dr Visit Main | $35 - Copy,Doctor visit,ad name
120224400086890641,Dr Visit ali juma edit - full - Copy 2,Dr Visit | Broad | $20,Dr Visit Main | $35 - Copy,Doctor visit,ad name
120210030896680641,drv01 - A,ORIGINAL ADUINCE - Copy,Dr Visit | $15 | Original Audience | 2024/8/1,Doctor visit,ad code
120210030896690641,drv01 - B,ORIGINAL ADUINCE - Copy,Dr Visit | $15 | Original Audience | 2024/8/1,Doctor visit,ad code
120210030896700641,drv01 - D,ORIGINAL ADUINCE - Copy,Dr Visit | $15 | Original Audience | 2024/8/1,Doctor visit,ad code
120212178027110641,Dr Visit - Grandpa,ORIGINAL ADUINCE,Dr Visit | $5 | Testing,Doctor visit,ad name
120212178031010641,Dr Visit - Granny,ORIGINAL ADUINCE,Dr Visit | $5 | Testing,Doctor visit,ad name
120212178025420641,Dr Visit - Kid,ORIGINAL ADUINCE,Dr Visit | $5 | Testing,Doctor visit,ad name
120209505761300641,✅drv01 - A,ORIGINAL ADUINCE,Dr Visit | $5 | Testing,Doctor visit,ad code
120209505858330641,✅drv01 - D,ORIGINAL ADUINCE,Dr Visit | $5 | Testing,Doctor visit,ad code
120209505858340641,❌drv01 - B,ORIGINAL ADUINCE,Dr Visit | $5 | Testing,Doctor visit,ad code
120209505858350641,❌drv01 - C,ORIGINAL ADUINCE,Dr Visit | $5 | Testing,Doctor visit,ad code
120210706738310641,❌drv02 - B,ORIGINAL ADUINCE,Dr Visit | $5 | Testing,Doctor visit,ad code
120210706734230641,❌drv02 - B,ORIGINAL ADUINCE,Dr Visit | $5 | Testing,Doctor visit,ad code
120210706732420641,❌drv02 - C,ORIGINAL ADUINCE,Dr Visit | $5 | Testing,Doctor visit,ad code
120210706688250641,❌drv02 - D,ORIGINAL ADUINCE,Dr Visit | $5 | Testing,Doctor visit,ad code
120210706733820641,❌drv02 - E,ORIGINAL ADUINCE,Dr Visit | $5 | Testing,Doctor visit,ad code
120248963572750641,DR142  | 🧑🏻‍🎨 Static | US VS THEM |  Home comfort over clinic tiredness | DRV004 V1,DRV142-DRV146 | STATIC | Us vs Them | TESTING,Dr Visit | 2026 Aug 29,Doctor visit,ad code
120248963572740641,DR143 | 🧑🏻‍🎨 Static | US VS THEM |  Home comfort over clinic tiredness | DRV004 V2,DRV142-DRV146 | STATIC | Us vs Them | TESTING,Dr Visit | 2026 Aug 29,Doctor visit,ad code
120248963573170641,DR144 | 🧑🏻‍🎨 Static | US VS THEM | Home comfort over clinic tiredness | DRV004 V3,DRV142-DRV146 | STATIC | Us vs Them | TESTING,Dr Visit | 2026 Aug 29,Doctor visit,ad code
120248963573180641,DR145 | 🧑🏻‍🎨 Static | US VS THEM | Home comfort over clinic tiredness | DRV004 V4,DRV142-DRV146 | STATIC | Us vs Them | TESTING,Dr Visit | 2026 Aug 29,Doctor visit,ad code
120248963572850641,DR146 | 🧑🏻‍🎨 Static | US VS THEM | Home comfort over clinic tiredness | DRV004 V5,DRV142-DRV146 | STATIC | Us vs Them | TESTING,Dr Visit | 2026 Aug 29,Doctor visit,ad code
120248963573150641,DR147 | 🧑🏻‍🎨 Static | Myth Busting | TESTING,DRV147-DRV152 | STATIC | Myth Busting | TESTING,Dr Visit | 2026 Aug 29,Doctor visit,ad code
120248963573160641,DR148  | 🧑🏻‍🎨 Static | Myth Busting | The clinic brought home | DRV020  V2,DRV147-DRV152 | STATIC | Myth Busting | TESTING,Dr Visit | 2026 Aug 29,Doctor visit,ad code
120248963573140641,DR149 | 🧑🏻‍🎨 Static | Myth Busting | The clinic brought home | DRV020  V3,DRV147-DRV152 | STATIC | Myth Busting | TESTING,Dr Visit | 2026 Aug 29,Doctor visit,ad code
120248963573110641,DR150 | 🧑🏻‍🎨 Static | Myth Busting | The clinic brought home | DRV020  V4,DRV147-DRV152 | STATIC | Myth Busting | TESTING,Dr Visit | 2026 Aug 29,Doctor visit,ad code
120248963573130641,DR151 | 🧑🏻‍🎨 Static | Myth Busting | The clinic brought home | DRV020  V5,DRV147-DRV152 | STATIC | Myth Busting | TESTING,Dr Visit | 2026 Aug 29,Doctor visit,ad code
120248963573120641,DR152 | 🧑🏻‍🎨 Static | Myth Busting | The clinic brought home | DRV020  V6,DRV147-DRV152 | STATIC | Myth Busting | TESTING,Dr Visit | 2026 Aug 29,Doctor visit,ad code
120248963573050641,DR153 | 🧑🏻‍🎨 Static | FEATURE & BENEFIT | Easy Doctor Visit at Home | DRV026 V1,DRV153-DRV158 | STATIC | Us vs Them | TESTING,Dr Visit | 2026 Aug 29,Doctor visit,ad code
120248963573100641,DR154 | 🧑🏻‍🎨 Static | FEATURE & BENEFIT | Easy Doctor Visit at Home | DRV026 V2,DRV153-DRV158 | STATIC | Us vs Them | TESTING,Dr Visit | 2026 Aug 29,Doctor visit,ad code
120248963573090641,DR155 | 🧑🏻‍🎨 Static | FEATURE & BENEFIT | Easy Doctor Visit at Home | DRV026 V3,DRV153-DRV158 | STATIC | Us vs Them | TESTING,Dr Visit | 2026 Aug 29,Doctor visit,ad code
120248963573070641,DR156 | 🧑🏻‍🎨 Static | FEATURE & BENEFIT | Easy Doctor Visit at Home | DRV026 V4,DRV153-DRV158 | STATIC | Us vs Them | TESTING,Dr Visit | 2026 Aug 29,Doctor visit,ad code
120248963572960641,DR157 | 🧑🏻‍🎨 Static | FEATURE & BENEFIT | Easy Doctor Visit at Home | DRV026 V5,DRV153-DRV158 | STATIC | Us vs Them | TESTING,Dr Visit | 2026 Aug 29,Doctor visit,ad code
120248963573060641,DR158 | 🧑🏻‍🎨 Static | FEATURE & BENEFIT | Easy Doctor Visit at Home | DRV026 V6,DRV153-DRV158 | STATIC | Us vs Them | TESTING,Dr Visit | 2026 Aug 29,Doctor visit,ad code
120248963573040641,DR159 | 🧑🏻‍🎨 Static | Problem → Solution | Walking Becomes Tiring | DRV045 V1,❌DRV159-DRV163 | STATIC | Problem → Solution | TESTING,Dr Visit | 2026 Aug 29,Doctor visit,ad code
120248963573020641,DR160 | 🧑🏻‍🎨 Static | Problem → Solution | Walking Becomes Tiring | DRV045 V2,❌DRV159-DRV163 | STATIC | Problem → Solution | TESTING,Dr Visit | 2026 Aug 29,Doctor visit,ad code
120248963573030641,DR161 | 🧑🏻‍🎨 Static | Problem → Solution | Walking Becomes Tiring | DRV045 V3,❌DRV159-DRV163 | STATIC | Problem → Solution | TESTING,Dr Visit | 2026 Aug 29,Doctor visit,ad code
120248963573010641,DR162 | 🧑🏻‍🎨 Static | Problem → Solution | Walking Becomes Tiring | DRV045 V4,❌DRV159-DRV163 | STATIC | Problem → Solution | TESTING,Dr Visit | 2026 Aug 29,Doctor visit,ad code
120248963573000641,DR163 | 🧑🏻‍🎨 Static | Problem → Solution | Walking Becomes Tiring | DRV045 V5,❌DRV159-DRV163 | STATIC | Problem → Solution | TESTING,Dr Visit | 2026 Aug 29,Doctor visit,ad code
120248963572760641,"DR164 | 🎥 Video | Talking Head | comment reply , patient transportation",❌DRV164 | Talking Head | TESTING,Dr Visit | 2026 Aug 29,Doctor visit,ad code
120248963572730641,DR165 | 🧑🏻‍🎨 Static | Problem → Solution | Unstable Blood Sugar at Home | DRV099 V1,❌DRV165-DRV169 | STATIC | Problem → Solution | TESTING,Dr Visit | 2026 Aug 29,Doctor visit,ad code
120248963572860641,DR166 | 🧑🏻‍🎨 Static | Problem → Solution | Unstable Blood Sugar at Home | DRV099 V2,❌DRV165-DRV169 | STATIC | Problem → Solution | TESTING,Dr Visit | 2026 Aug 29,Doctor visit,ad code
120248963572840641,DR167 | 🧑🏻‍🎨 Static | Problem → Solution | Unstable Blood Sugar at Home | DRV099 V3,❌DRV165-DRV169 | STATIC | Problem → Solution | TESTING,Dr Visit | 2026 Aug 29,Doctor visit,ad code
120248963572830641,DR168 | 🧑🏻‍🎨 Static | Problem → Solution | Unstable Blood Sugar at Home | DRV099 V4,❌DRV165-DRV169 | STATIC | Problem → Solution | TESTING,Dr Visit | 2026 Aug 29,Doctor visit,ad code
120248963572820641,DR169 | 🧑🏻‍🎨 Static | Problem → Solution | Unstable Blood Sugar at Home | DRV099 V5,❌DRV165-DRV169 | STATIC | Problem → Solution | TESTING,Dr Visit | 2026 Aug 29,Doctor visit,ad code
120248963572780641,DR170 | 🧑🏻‍🎨 Static | Direct Offer | Doctor Care Without the Trip | V1,❌DRV170-DRV174 | STATIC | Direct Offer | TESTING,Dr Visit | 2026 Aug 29,Doctor visit,ad code
120248963572810641,DR171 | 🧑🏻‍🎨 Static | Direct Offer | Doctor Care Without the Trip | V2,❌DRV170-DRV174 | STATIC | Direct Offer | TESTING,Dr Visit | 2026 Aug 29,Doctor visit,ad code
120248963572800641,DR172 | 🧑🏻‍🎨 Static | Direct Offer | Doctor Care Without the Trip | V3,❌DRV170-DRV174 | STATIC | Direct Offer | TESTING,Dr Visit | 2026 Aug 29,Doctor visit,ad code
120248963572770641,DR174 | 🧑🏻‍🎨 Static | Direct Offer | Doctor Care Without the Trip | V5,❌DRV170-DRV174 | STATIC | Direct Offer | TESTING,Dr Visit | 2026 Aug 29,Doctor visit,ad code
120249117192000641,DR177 | 🎥 Video | PROBLEM AWARE | Home Doctor Visits Aren’t Only for Severe Cases,Dr Visit Testing,Dr Visit | 2026 Aug 29,Doctor visit,ad code
120249117226840641,DR178 | 🎥 Video | Talking Head | Stroke Care at Home When the Patient Can’t Travel,Dr Visit Testing,Dr Visit | 2026 Aug 29,Doctor visit,ad code
120248963573080641,DRV004 | Scaling | Dr Visit Sales,DRV004 | Scaling | Dr Visit Sales,Dr Visit | 2026 Aug 29,Doctor visit,ad code
120248963572980641,DRV129 | STATIC | TrustStats | BROAD | TEST | v1,DRV129 | Scaling | Dr Visit Sales,Dr Visit | 2026 Aug 29,Doctor visit,ad code
120248963572990641,DRV129 | STATIC | TrustStats | BROAD | TEST | v2,DRV129 | Scaling | Dr Visit Sales,Dr Visit | 2026 Aug 29,Doctor visit,ad code
120248963572970641,DRV129 | STATIC | TrustStats | BROAD | TEST | v3,DRV129 | Scaling | Dr Visit Sales,Dr Visit | 2026 Aug 29,Doctor visit,ad code
120248963572710641,DRV135 | Scaling | Physio Sales | Talking Head,❌DRV135 DRV136 DRV137 | Scaling | Physio Sales | Talking Head,Dr Visit | 2026 Aug 29,Doctor visit,ad code
120248963572700641,DRV136 | Scaling | Physio Sales | Talking Head,❌DRV135 DRV136 DRV137 | Scaling | Physio Sales | Talking Head,Dr Visit | 2026 Aug 29,Doctor visit,ad code
120248963572720641,DRV137 | Scaling | Physio Sales | Talking Head,❌DRV135 DRV136 DRV137 | Scaling | Physio Sales | Talking Head,Dr Visit | 2026 Aug 29,Doctor visit,ad code
120217043693700641,Dr Visit - Grandpa - Copy 2,+A | Dr Visit | RAMADAN | $10,Dr Visit | 3O | 2025/3/7,Doctor visit,ad name
120216839418000641,Dr Visit - Grandpa - Copy 2,Retargeting | Dr Visit | $3,Dr Visit | 3O | 2025/3/7,Doctor visit,ad name
120216839432710641,Dr Visit - Grandpa - Copy 2,LAL | Dr Visit | $7,Dr Visit | 3O | 2025/3/7,Doctor visit,ad name
120216839399890641,Dr Visit - Grandpa - Copy 2,+A | Dr Visit | $20,Dr Visit | 3O | 2025/3/7,Doctor visit,ad name
120216839432720641,Dr Visit - Granny - Copy 2,LAL | Dr Visit | $7,Dr Visit | 3O | 2025/3/7,Doctor visit,ad name
120216839417990641,Dr Visit - Granny - Copy 2,Retargeting | Dr Visit | $3,Dr Visit | 3O | 2025/3/7,Doctor visit,ad name
120216839399900641,Dr Visit - Granny - Copy 2,+A | Dr Visit | $20,Dr Visit | 3O | 2025/3/7,Doctor visit,ad name
120216839432690641,Dr Visit - Ibraheem Reel - Copy,LAL | Dr Visit | $7,Dr Visit | 3O | 2025/3/7,Doctor visit,ad name
120216839399880641,Dr Visit - Ibraheem Reel - Copy,+A | Dr Visit | $20,Dr Visit | 3O | 2025/3/7,Doctor visit,ad name
120216839417960641,Dr Visit - Ibraheem Reel - Copy,Retargeting | Dr Visit | $3,Dr Visit | 3O | 2025/3/7,Doctor visit,ad name
120219479808740641,Dr Visit - Ibraheem Reel - Copy,+A | Dr Visit | $20 - Copy,Dr Visit | 3O | 2025/3/7,Doctor visit,ad name
120216839417970641,Dr Visit - Kid - Copy 2,Retargeting | Dr Visit | $3,Dr Visit | 3O | 2025/3/7,Doctor visit,ad name
120216839432680641,Dr Visit - Kid - Copy 2,LAL | Dr Visit | $7,Dr Visit | 3O | 2025/3/7,Doctor visit,ad name
120216839399910641,Dr Visit - Kid - Copy 2,+A | Dr Visit | $20,Dr Visit | 3O | 2025/3/7,Doctor visit,ad name
120219479808700641,Dr Visit - summer,+A | Dr Visit | $20 - Copy,Dr Visit | 3O | 2025/3/7,Doctor visit,ad name
120218765019790641,Dr Visit - summer,+A | Dr Visit | $20,Dr Visit | 3O | 2025/3/7,Doctor visit,ad name
120238023629810641,DRV,Problem → Solution,Dr Visit | Andromed CPAS,Doctor visit,ad name
120238023667100641,DRV001,Problem → Solution,Dr Visit | Andromed CPAS,Doctor visit,ad code
120238023665940641,DRV002,Problem → Solution,Dr Visit | Andromed CPAS,Doctor visit,ad code
120238023743240641,DRV004,US vs THEM,Dr Visit | Andromed CPAS,Doctor visit,ad code
120238023743250641,DRV005,US vs THEM,Dr Visit | Andromed CPAS,Doctor visit,ad code
120238023743260641,DRV006,US vs THEM,Dr Visit | Andromed CPAS,Doctor visit,ad code
120238023743220641,DRV007,US vs THEM,Dr Visit | Andromed CPAS,Doctor visit,ad code
120238023816330641,DRV008,Problem Aware,Dr Visit | Andromed CPAS,Doctor visit,ad code
120238023830660641,DRV009,Problem Aware,Dr Visit | Andromed CPAS,Doctor visit,ad code
120238023833020641,DRV010,Problem Aware,Dr Visit | Andromed CPAS,Doctor visit,ad code
120238023836140641,DRV011,Problem Aware,Dr Visit | Andromed CPAS,Doctor visit,ad code
120238023840960641,DRV012,Self-recorded Videos,Dr Visit | Andromed CPAS,Doctor visit,ad code
120238023859420641,DRV013,Self-recorded Videos,Dr Visit | Andromed CPAS,Doctor visit,ad code
120238023860820641,DRV014,Self-recorded Videos,Dr Visit | Andromed CPAS,Doctor visit,ad code
120238023869010641,DRV016,Other / New,Dr Visit | Andromed CPAS,Doctor visit,ad code
120238023909010641,DRV017,Other / New,Dr Visit | Andromed CPAS,Doctor visit,ad code
120238023669670641,DRV018,Problem → Solution,Dr Visit | Andromed CPAS,Doctor visit,ad code
120238023716590641,DRV021,Direct Offer,Dr Visit | Andromed CPAS,Doctor visit,ad code
120238023694800641,DRV023,Customer Testimonial,Dr Visit | Andromed CPAS,Doctor visit,ad code
120238023250800641,DRV024,Case Study / Proof,Dr Visit | Andromed CPAS,Doctor visit,ad code
120238023697500641,DRV034,Customer Testimonial,Dr Visit | Andromed CPAS,Doctor visit,ad code
120238023552080641,DRV035,Case Study / Proof,Dr Visit | Andromed CPAS,Doctor visit,ad code
120238023555630641,DRV042,Case Study / Proof,Dr Visit | Andromed CPAS,Doctor visit,ad code
120238023667790641,DRV043,Problem → Solution,Dr Visit | Andromed CPAS,Doctor visit,ad code
120238023864430641,DRV044,Self-recorded Videos,Dr Visit | Andromed CPAS,Doctor visit,ad code
120238023624410641,DRV048,Case Study / Proof,Dr Visit | Andromed CPAS,Doctor visit,ad code
120238023701290641,DRV049,Customer Testimonial,Dr Visit | Andromed CPAS,Doctor visit,ad code
120238023937630641,DRV050,Other / New,Dr Visit | Andromed CPAS,Doctor visit,ad code
120238023598590641,DRV052,Case Study / Proof,Dr Visit | Andromed CPAS,Doctor visit,ad code
120238023950380641,DRV053,Other / New,Dr Visit | Andromed CPAS,Doctor visit,ad code
120238023564280641,DRV056,Case Study / Proof,Dr Visit | Andromed CPAS,Doctor visit,ad code
120238023956730641,DRV060,Other / New,Dr Visit | Andromed CPAS,Doctor visit,ad code
120238023671620641,DRV067,Customer Testimonial,Dr Visit | Andromed CPAS,Doctor visit,ad code
120238023687990641,DRV068,Customer Testimonial,Dr Visit | Andromed CPAS,Doctor visit,ad code
120238023692810641,DRV069,Customer Testimonial,Dr Visit | Andromed CPAS,Doctor visit,ad code
120238023962090641,DRV070,Other / New,Dr Visit | Andromed CPAS,Doctor visit,ad code
120238023767930641,DRV073,Direct Offer,Dr Visit | Andromed CPAS,Doctor visit,ad code
120238023780670641,DRV074,Direct Offer,Dr Visit | Andromed CPAS,Doctor visit,ad code
120238023783270641,DRV075,Direct Offer,Dr Visit | Andromed CPAS,Doctor visit,ad code
120238023786830641,DRV076,Direct Offer,Dr Visit | Andromed CPAS,Doctor visit,ad code
120238023743230641,DRV078,US vs THEM,Dr Visit | Andromed CPAS,Doctor visit,ad code
120238023792600641,DRV083,Direct Offer,Dr Visit | Andromed CPAS,Doctor visit,ad code
120238023794990641,DRV084,Direct Offer,Dr Visit | Andromed CPAS,Doctor visit,ad code
120238023796230641,DRV085,Direct Offer,Dr Visit | Andromed CPAS,Doctor visit,ad code
120238023799050641,DRV086,Direct Offer,Dr Visit | Andromed CPAS,Doctor visit,ad code
120238023804090641,DRV087,Direct Offer,Dr Visit | Andromed CPAS,Doctor visit,ad code
120238023808700641,DRV088,Direct Offer,Dr Visit | Andromed CPAS,Doctor visit,ad code
120238023812030641,DRV089,Direct Offer,Dr Visit | Andromed CPAS,Doctor visit,ad code
120248657905240641,DR142  | 🧑🏻‍🎨 Static | US VS THEM |  Home comfort over clinic tiredness | DRV004 V1,DRV142-DRV146 | STATIC | Us vs Them | TESTING,Dr Visit | Pur through Msg | 2026 Aug 11,Doctor visit,ad code
120248657999980641,DR143 | 🧑🏻‍🎨 Static | US VS THEM |  Home comfort over clinic tiredness | DRV004 V2,DRV142-DRV146 | STATIC | Us vs Them | TESTING,Dr Visit | Pur through Msg | 2026 Aug 11,Doctor visit,ad code
120248658004150641,DR144 | 🧑🏻‍🎨 Static | US VS THEM | Home comfort over clinic tiredness | DRV004 V3,DRV142-DRV146 | STATIC | Us vs Them | TESTING,Dr Visit | Pur through Msg | 2026 Aug 11,Doctor visit,ad code
120248658008310641,DR145 | 🧑🏻‍🎨 Static | US VS THEM | Home comfort over clinic tiredness | DRV004 V4,DRV142-DRV146 | STATIC | Us vs Them | TESTING,Dr Visit | Pur through Msg | 2026 Aug 11,Doctor visit,ad code
120248658011110641,DR146 | 🧑🏻‍🎨 Static | US VS THEM | Home comfort over clinic tiredness | DRV004 V5,DRV142-DRV146 | STATIC | Us vs Them | TESTING,Dr Visit | Pur through Msg | 2026 Aug 11,Doctor visit,ad code
120248658033140641,DR147 | 🧑🏻‍🎨 Static | Myth Busting | TESTING,DRV147-DRV152 | STATIC | Myth Busting | TESTING,Dr Visit | Pur through Msg | 2026 Aug 11,Doctor visit,ad code
120248658048680641,DR148  | 🧑🏻‍🎨 Static | Myth Busting | The clinic brought home | DRV020  V2,DRV147-DRV152 | STATIC | Myth Busting | TESTING,Dr Visit | Pur through Msg | 2026 Aug 11,Doctor visit,ad code
120248658058980641,DR149 | 🧑🏻‍🎨 Static | Myth Busting | The clinic brought home | DRV020  V3,DRV147-DRV152 | STATIC | Myth Busting | TESTING,Dr Visit | Pur through Msg | 2026 Aug 11,Doctor visit,ad code
120248658060670641,DR150 | 🧑🏻‍🎨 Static | Myth Busting | The clinic brought home | DRV020  V4,DRV147-DRV152 | STATIC | Myth Busting | TESTING,Dr Visit | Pur through Msg | 2026 Aug 11,Doctor visit,ad code
120248658062960641,DR151 | 🧑🏻‍🎨 Static | Myth Busting | The clinic brought home | DRV020  V5,DRV147-DRV152 | STATIC | Myth Busting | TESTING,Dr Visit | Pur through Msg | 2026 Aug 11,Doctor visit,ad code
120248658067380641,DR152 | 🧑🏻‍🎨 Static | Myth Busting | The clinic brought home | DRV020  V6,DRV147-DRV152 | STATIC | Myth Busting | TESTING,Dr Visit | Pur through Msg | 2026 Aug 11,Doctor visit,ad code
120248658082050641,DR153 | 🧑🏻‍🎨 Static | FEATURE & BENEFIT | Easy Doctor Visit at Home | DRV026 V1,DRV153-DRV158 | STATIC | Us vs Them | TESTING,Dr Visit | Pur through Msg | 2026 Aug 11,Doctor visit,ad code
120248658081990641,DR154 | 🧑🏻‍🎨 Static | FEATURE & BENEFIT | Easy Doctor Visit at Home | DRV026 V2,DRV153-DRV158 | STATIC | Us vs Them | TESTING,Dr Visit | Pur through Msg | 2026 Aug 11,Doctor visit,ad code
120248658082000641,DR155 | 🧑🏻‍🎨 Static | FEATURE & BENEFIT | Easy Doctor Visit at Home | DRV026 V3,DRV153-DRV158 | STATIC | Us vs Them | TESTING,Dr Visit | Pur through Msg | 2026 Aug 11,Doctor visit,ad code
120248658082010641,DR156 | 🧑🏻‍🎨 Static | FEATURE & BENEFIT | Easy Doctor Visit at Home | DRV026 V4,DRV153-DRV158 | STATIC | Us vs Them | TESTING,Dr Visit | Pur through Msg | 2026 Aug 11,Doctor visit,ad code
120248658082020641,DR157 | 🧑🏻‍🎨 Static | FEATURE & BENEFIT | Easy Doctor Visit at Home | DRV026 V5,DRV153-DRV158 | STATIC | Us vs Them | TESTING,Dr Visit | Pur through Msg | 2026 Aug 11,Doctor visit,ad code
120248658082030641,DR158 | 🧑🏻‍🎨 Static | FEATURE & BENEFIT | Easy Doctor Visit at Home | DRV026 V6,DRV153-DRV158 | STATIC | Us vs Them | TESTING,Dr Visit | Pur through Msg | 2026 Aug 11,Doctor visit,ad code
120248658210750641,DR159 | 🧑🏻‍🎨 Static | Problem → Solution | Walking Becomes Tiring | DRV045 V1,DRV159-DRV163 | STATIC | Problem → Solution | TESTING,Dr Visit | Pur through Msg | 2026 Aug 11,Doctor visit,ad code
120248658210760641,DR160 | 🧑🏻‍🎨 Static | Problem → Solution | Walking Becomes Tiring | DRV045 V2,DRV159-DRV163 | STATIC | Problem → Solution | TESTING,Dr Visit | Pur through Msg | 2026 Aug 11,Doctor visit,ad code
120248658210770641,DR161 | 🧑🏻‍🎨 Static | Problem → Solution | Walking Becomes Tiring | DRV045 V3,DRV159-DRV163 | STATIC | Problem → Solution | TESTING,Dr Visit | Pur through Msg | 2026 Aug 11,Doctor visit,ad code
120248658210780641,DR162 | 🧑🏻‍🎨 Static | Problem → Solution | Walking Becomes Tiring | DRV045 V4,DRV159-DRV163 | STATIC | Problem → Solution | TESTING,Dr Visit | Pur through Msg | 2026 Aug 11,Doctor visit,ad code
120248658210800641,DR163 | 🧑🏻‍🎨 Static | Problem → Solution | Walking Becomes Tiring | DRV045 V5,DRV159-DRV163 | STATIC | Problem → Solution | TESTING,Dr Visit | Pur through Msg | 2026 Aug 11,Doctor visit,ad code
120248672176790641,"DR164 | 🎥 Video | Talking Head | comment reply , patient transportation",DRV164 | Talking Head | TESTING,Dr Visit | Pur through Msg | 2026 Aug 11,Doctor visit,ad code
120248672340300641,DR165 | 🧑🏻‍🎨 Static | Problem → Solution | Unstable Blood Sugar at Home | DRV099 V1,DRV165-DRV169 | STATIC | Problem → Solution | TESTING,Dr Visit | Pur through Msg | 2026 Aug 11,Doctor visit,ad code
120248672486350641,DR166 | 🧑🏻‍🎨 Static | Problem → Solution | Unstable Blood Sugar at Home | DRV099 V2,DRV165-DRV169 | STATIC | Problem → Solution | TESTING,Dr Visit | Pur through Msg | 2026 Aug 11,Doctor visit,ad code
120248672509140641,DR167 | 🧑🏻‍🎨 Static | Problem → Solution | Unstable Blood Sugar at Home | DRV099 V3,DRV165-DRV169 | STATIC | Problem → Solution | TESTING,Dr Visit | Pur through Msg | 2026 Aug 11,Doctor visit,ad code
120248672560170641,DR168 | 🧑🏻‍🎨 Static | Problem → Solution | Unstable Blood Sugar at Home | DRV099 V4,DRV165-DRV169 | STATIC | Problem → Solution | TESTING,Dr Visit | Pur through Msg | 2026 Aug 11,Doctor visit,ad code
120248672588390641,DR169 | 🧑🏻‍🎨 Static | Problem → Solution | Unstable Blood Sugar at Home | DRV099 V5,DRV165-DRV169 | STATIC | Problem → Solution | TESTING,Dr Visit | Pur through Msg | 2026 Aug 11,Doctor visit,ad code
120248672649120641,DR170 | 🧑🏻‍🎨 Static | Direct Offer | Doctor Care Without the Trip | V1,DRV170-DRV174 | STATIC | Direct Offer | TESTING,Dr Visit | Pur through Msg | 2026 Aug 11,Doctor visit,ad code
120248672649130641,DR171 | 🧑🏻‍🎨 Static | Direct Offer | Doctor Care Without the Trip | V2,DRV170-DRV174 | STATIC | Direct Offer | TESTING,Dr Visit | Pur through Msg | 2026 Aug 11,Doctor visit,ad code
120248672649140641,DR172 | 🧑🏻‍🎨 Static | Direct Offer | Doctor Care Without the Trip | V3,DRV170-DRV174 | STATIC | Direct Offer | TESTING,Dr Visit | Pur through Msg | 2026 Aug 11,Doctor visit,ad code
120248672649150641,DR173 | 🧑🏻‍🎨 Static | Direct Offer | Doctor Care Without the Trip | V4,DRV170-DRV174 | STATIC | Direct Offer | TESTING,Dr Visit | Pur through Msg | 2026 Aug 11,Doctor visit,ad code
120248672649170641,DR174 | 🧑🏻‍🎨 Static | Direct Offer | Doctor Care Without the Trip | V5,DRV170-DRV174 | STATIC | Direct Offer | TESTING,Dr Visit | Pur through Msg | 2026 Aug 11,Doctor visit,ad code
120248651618890641,DRV004 | Scaling | Dr Visit Sales,DRV004 | Scaling | Dr Visit Sales,Dr Visit | Pur through Msg | 2026 Aug 11,Doctor visit,ad code
120248651663490641,DRV129 | STATIC | TrustStats | BROAD | TEST | v1,DRV129 | Scaling | Dr Visit Sales,Dr Visit | Pur through Msg | 2026 Aug 11,Doctor visit,ad code
120248651686900641,DRV129 | STATIC | TrustStats | BROAD | TEST | v2,DRV129 | Scaling | Dr Visit Sales,Dr Visit | Pur through Msg | 2026 Aug 11,Doctor visit,ad code
120248651705060641,DRV129 | STATIC | TrustStats | BROAD | TEST | v3,DRV129 | Scaling | Dr Visit Sales,Dr Visit | Pur through Msg | 2026 Aug 11,Doctor visit,ad code
120248651251420641,DRV135 | Scaling | Physio Sales | Talking Head,DRV135 DRV136 DRV137 | Scaling | Physio Sales | Talking Head,Dr Visit | Pur through Msg | 2026 Aug 11,Doctor visit,ad code
120248651510420641,DRV136 | Scaling | Physio Sales | Talking Head,DRV135 DRV136 DRV137 | Scaling | Physio Sales | Talking Head,Dr Visit | Pur through Msg | 2026 Aug 11,Doctor visit,ad code
120248651559450641,DRV137 | Scaling | Physio Sales | Talking Head,DRV135 DRV136 DRV137 | Scaling | Physio Sales | Talking Head,Dr Visit | Pur through Msg | 2026 Aug 11,Doctor visit,ad code
120230682175970641,Dr Visit Design Sep 6 - 1,DrVisit - TESTING - 2025Sep3 | $15,DrVisit - 2025Sep3,Doctor visit,ad name
120230682175980641,Dr Visit Design Sep 6 - 2,DrVisit - TESTING - 2025Sep3 | $15,DrVisit - 2025Sep3,Doctor visit,ad name
120230682175990641,Dr Visit Design Sep 6 - 3,DrVisit - TESTING - 2025Sep3 | $15,DrVisit - 2025Sep3,Doctor visit,ad name
120230682176000641,Dr Visit Design Sep 6 - 4,DrVisit - TESTING - 2025Sep3 | $15,DrVisit - 2025Sep3,Doctor visit,ad name
120230682175960641,Dr Visit Design Sep 6 -5,DrVisit - TESTING - 2025Sep3 | $15,DrVisit - 2025Sep3,Doctor visit,ad name
120230441898200641,Mega Dr Visit Aug 23- H1,DrVisit - TESTING - 2025Sep3 | $15,DrVisit - 2025Sep3,Doctor visit,ad name
120230441898220641,Mega Dr Visit Aug 23- H2,DrVisit - TESTING - 2025Sep3 | $15,DrVisit - 2025Sep3,Doctor visit,ad name
120230724120060641,Mega Dr Visit Aug 23- H2 - Copy,DrVisit - SCALING - 2025Sep3 | $35,DrVisit - 2025Sep3,Doctor visit,ad name
120230441709670641,Mega Dr Visit Aug 23- H3,DrVisit - TESTING - 2025Sep3 | $15,DrVisit - 2025Sep3,Doctor visit,ad name
120230441898210641,Mega Dr Visit Aug 23- H4,DrVisit - TESTING - 2025Sep3 | $15,DrVisit - 2025Sep3,Doctor visit,ad name
120230441898180641,Mega Dr Visit Aug 23- H5,DrVisit - TESTING - 2025Sep3 | $15,DrVisit - 2025Sep3,Doctor visit,ad name
120230682161160641,Mega Dr Visit Aug 23- H6,DrVisit - SCALING - 2025Sep3 | $35,DrVisit - 2025Sep3,Doctor visit,ad name
120230441898190641,Mega Dr Visit Aug 23- H6,DrVisit - TESTING - 2025Sep3 | $15,DrVisit - 2025Sep3,Doctor visit,ad name
120230441499010641,"comment reply, Dr Visit",DrVisit - SCALING - 2025Sep3 | $35,DrVisit - 2025Sep3,Doctor visit,ad name
120243797074350641,DRV004 - Copy 2,DRV004 | DrVisit,DrVisit | Msg Vol | WINNERS ABO,Doctor visit,ad code
120243797074570641,DRV020,DRV020 | Dr Visit,DrVisit | Msg Vol | WINNERS ABO,Doctor visit,ad code
120246048005860641,DRV026 - FEATURE & BENEFIT - Copy,DRV026 - FEATURE & BENEFIT,DrVisit | Msg Vol | WINNERS ABO,Doctor visit,ad code
120243797074540641,DRV028,DRV028 | Dr Visit,DrVisit | Msg Vol | WINNERS ABO,Doctor visit,ad code
120243797074510641,DRV045,DRV045 | Dr Visit,DrVisit | Msg Vol | WINNERS ABO,Doctor visit,ad code
120243797074390641,DRV045,DRV045 | Dr Visit,DrVisit | Msg Vol | WINNERS ABO,Doctor visit,ad code
120243797074360641,DRV099 - Copy,DRV099 | DrVisit,DrVisit | Msg Vol | WINNERS ABO,Doctor visit,ad code
120243895036590641,DRV099 - Copy,DRV099 | DrVisit - Copy,DrVisit | Msg Vol | WINNERS ABO,Doctor visit,ad code
120247680663390641,DRV135,DRV135 DRV136 DRV137 - Talking Head,DrVisit | Msg Vol | WINNERS ABO,Doctor visit,ad code
120247680770780641,DRV136,DRV135 DRV136 DRV137 - Talking Head,DrVisit | Msg Vol | WINNERS ABO,Doctor visit,ad code
120247680775340641,DRV137,DRV135 DRV136 DRV137 - Talking Head,DrVisit | Msg Vol | WINNERS ABO,Doctor visit,ad code
120243797074410641,Dr Visit - Number of visits - 25Aug3 - Copy 2,Dr Visit - Number of visits - 25Aug3 | DrVisit,DrVisit | Msg Vol | WINNERS ABO,Doctor visit,ad name
120243797074400641,Dr Visit Design Sep 6 - 5 - Copy 4,Dr Visit Design Sep 6 - 5 | DrVisit,DrVisit | Msg Vol | WINNERS ABO,Doctor visit,ad name
120242543768010641,DRV004 - Copy 2,DRV004 | DrVisit,DrVisit | Msg Vol | WINNERS CBO,Doctor visit,ad code
120243564094630641,DRV020,DRV020 | Dr Visit,DrVisit | Msg Vol | WINNERS CBO,Doctor visit,ad code
120243564157130641,DRV028,DRV028 | Dr Visit,DrVisit | Msg Vol | WINNERS CBO,Doctor visit,ad code
120242543732640641,DRV029 - Copy 2,DRV029 | DrVisit,DrVisit | Msg Vol | WINNERS CBO,Doctor visit,ad code
120243564072740641,DRV045,DRV045 | Dr Visit,DrVisit | Msg Vol | WINNERS CBO,Doctor visit,ad code
120243563821520641,DRV045,DRV045 | Dr Visit,DrVisit | Msg Vol | WINNERS CBO,Doctor visit,ad code
120243232602300641,DRV099 - Copy,DRV099 | DrVisit,DrVisit | Msg Vol | WINNERS CBO,Doctor visit,ad code
120242543750670641,Dr Visit - Carousell  - 25Aug3 - Copy 4,Dr Visit - Carousell  - 25Aug3 | DrVisit,DrVisit | Msg Vol | WINNERS CBO,Doctor visit,ad name
120242543816500641,Dr Visit - Ibraheem Reel - Copy 4,Dr Visit - Ibraheem Reel | DrVisit,DrVisit | Msg Vol | WINNERS CBO,Doctor visit,ad name
120242543718870641,Dr Visit - Number of visits - 25Aug3 - Copy 2,Dr Visit - Number of visits - 25Aug3 | DrVisit,DrVisit | Msg Vol | WINNERS CBO,Doctor visit,ad name
120242543789920641,Dr Visit Design Sep 6 - 5 - Copy 4,Dr Visit Design Sep 6 - 5 | DrVisit,DrVisit | Msg Vol | WINNERS CBO,Doctor visit,ad name
120242543827910641,Dr Visit talking head - Copy 4,Dr Visit Talking Head | DrVisit,DrVisit | Msg Vol | WINNERS CBO,Doctor visit,ad name
120242062971830641,DRV004 - Copy,DRV004,DrVisit | WINNERS CBO,Doctor visit,ad code
120242063086360641,DRV029 - Copy,DRV029,DrVisit | WINNERS CBO,Doctor visit,ad code
120242063049970641,Dr Visit - Carousell  - 25Aug3 - Copy 3,Dr Visit - Carousell  - 25Aug3,DrVisit | WINNERS CBO,Doctor visit,ad name
120242062982930641,Dr Visit - Ibraheem Reel - Copy 3,Dr Visit - Ibraheem Reel,DrVisit | WINNERS CBO,Doctor visit,ad name
120242063159000641,Dr Visit - Number of visits - 25Aug3 - Copy,Dr Visit - Number of visits - 25Aug3,DrVisit | WINNERS CBO,Doctor visit,ad name
120242063190670641,Dr Visit - UGC - 25Aug3 - Copy,Dr Visit - UGC - 25Aug3,DrVisit | WINNERS CBO,Doctor visit,ad name
120242063025340641,Dr Visit Design Sep 6 - 5 - Copy 3,Dr Visit Design Sep 6 - 5,DrVisit | WINNERS CBO,Doctor visit,ad name
120242063013080641,Dr Visit talking head - Copy 3,Dr Visit Talking Head,DrVisit | WINNERS CBO,Doctor visit,ad name
120243700075810641,DRV126 - Friday Campaign,Friday Dr Visit,Friday Campaign,Doctor visit,ad code
120243700075830641,DRV127 - Friday Campaign,Friday Dr Visit,Friday Campaign,Doctor visit,ad code
120243700075840641,DRV128 - Friday Campaign,Friday Dr Visit,Friday Campaign,Doctor visit,ad code
120220257088680641,مبيعات زيارة طبيب - طفلة,Baghdad | Dr Visit,MOF | Website | BRA | CBO $20,Doctor visit,ad name
120220257537450641,‎مبيعات زيارة طبيب - حجي,Baghdad | Dr Visit,MOF | Website | BRA | CBO $20,Doctor visit,ad name
120220257537460641,‎مبيعات زيارة طبيب - حجية,Baghdad | Dr Visit,MOF | Website | BRA | CBO $20,Doctor visit,ad name
120220666264600641,Drv1-1 | مبيعات زيارة طبيب - طفلة,Baghdad | Dr Visit,MOF | Whatsapp | BRA | CBO $25,Doctor visit,ad code
120220666264610641,‎Drv1-2 | مبيعات زيارة طبيب - حجي,Baghdad | Dr Visit,MOF | Whatsapp | BRA | CBO $25,Doctor visit,ad code
120220666264550641,‎Drv1-3 | ‎مبيعات زيارة طبيب - حجية,Baghdad | Dr Visit,MOF | Whatsapp | BRA | CBO $25,Doctor visit,ad code
120238560967430641,DRV028,Dr Visit,Messages Campaign | Jan 2026,Doctor visit,ad code
120238561155370641,DRV029,Dr Visit,Messages Campaign | Jan 2026,Doctor visit,ad code
120238561214110641,DRV091,Dr Visit,Messages Campaign | Jan 2026,Doctor visit,ad code
120232492589190641,Babies DrVisit - H1 - Copy 2,Dr Visit | 25.10.9 | $56.25,Purchase | Andromeda | 25.10.9,Doctor visit,ad name
120232492589220641,Babies DrVisit - H2 - Copy 2,Dr Visit | 25.10.9 | $56.25,Purchase | Andromeda | 25.10.9,Doctor visit,ad name
120233238658550641,Babies DrVisit - H2 - Copy 3,Dr Visit 2,Purchase | Andromeda | 25.10.9,Doctor visit,ad name
120233300273200641,DRV004,Dr Visit | 25.10.9 | $56.25,Purchase | Andromeda | 25.10.9,Doctor visit,ad code
120233300292010641,DRV005,Dr Visit | 25.10.9 | $56.25,Purchase | Andromeda | 25.10.9,Doctor visit,ad code
120233711787720641,DRV005 - Try 2,Dr Visit | 25.10.9 | $56.25,Purchase | Andromeda | 25.10.9,Doctor visit,ad code
120233300292040641,DRV006,Dr Visit | 25.10.9 | $56.25,Purchase | Andromeda | 25.10.9,Doctor visit,ad code
120233711853360641,DRV006 - Try 2,Dr Visit | 25.10.9 | $56.25,Purchase | Andromeda | 25.10.9,Doctor visit,ad code
120233300292030641,DRV007,Dr Visit | 25.10.9 | $56.25,Purchase | Andromeda | 25.10.9,Doctor visit,ad code
120233300292020641,DRV008,Dr Visit | 25.10.9 | $56.25,Purchase | Andromeda | 25.10.9,Doctor visit,ad code
120233712830340641,DRV015,Dr Visit | 25.10.9 | $56.25,Purchase | Andromeda | 25.10.9,Doctor visit,ad code
120233713340330641,DRV016,Dr Visit | 25.10.9 | $56.25,Purchase | Andromeda | 25.10.9,Doctor visit,ad code
120233713340340641,DRV017,Dr Visit | 25.10.9 | $56.25,Purchase | Andromeda | 25.10.9,Doctor visit,ad code
120239105460530641,DRV111,Dr Visit | 25.10.9 | $56.25,Purchase | Andromeda | 25.10.9,Doctor visit,ad code
120232492589170641,Dr Visit - 25Jul26 - Ai Hook - Copy 2,Dr Visit | 25.10.9 | $56.25,Purchase | Andromeda | 25.10.9,Doctor visit,ad name
120232492589230641,Dr Visit - Carousell  - 25Aug3 - Copy 2,Dr Visit | 25.10.9 | $56.25,Purchase | Andromeda | 25.10.9,Doctor visit,ad name
120233238658530641,Dr Visit - Carousell  - 25Aug3 - Copy 3,Dr Visit 2,Purchase | Andromeda | 25.10.9,Doctor visit,ad name
120232492589250641,Dr Visit - Feedback 1 - 25Aug3 - Copy 2,Dr Visit | 25.10.9 | $56.25,Purchase | Andromeda | 25.10.9,Doctor visit,ad name
120232492589150641,Dr Visit - Feedback 3 - 25Aug3 - Copy 2,Dr Visit | 25.10.9 | $56.25,Purchase | Andromeda | 25.10.9,Doctor visit,ad name
120232492589210641,Dr Visit - Ibraheem Reel - Copy 2,Dr Visit | 25.10.9 | $56.25,Purchase | Andromeda | 25.10.9,Doctor visit,ad name
120233238658540641,Dr Visit - Ibraheem Reel - Copy 3,Dr Visit 2,Purchase | Andromeda | 25.10.9,Doctor visit,ad name
120232492589130641,Dr Visit - Number of visits - 25Aug3 - Copy 2,Dr Visit | 25.10.9 | $56.25,Purchase | Andromeda | 25.10.9,Doctor visit,ad name
120232492589140641,Dr Visit - Repackaged - 25Aug3 - Copy 2,Dr Visit | 25.10.9 | $56.25,Purchase | Andromeda | 25.10.9,Doctor visit,ad name
120232492589110641,Dr Visit - UGC - 25Aug3 - Copy 2,Dr Visit | 25.10.9 | $56.25,Purchase | Andromeda | 25.10.9,Doctor visit,ad name
120232492589160641,Dr Visit Design Sep 6 - 1 - Copy 2,Dr Visit | 25.10.9 | $56.25,Purchase | Andromeda | 25.10.9,Doctor visit,ad name
120232492589180641,Dr Visit Design Sep 6 - 2 - Copy 2,Dr Visit | 25.10.9 | $56.25,Purchase | Andromeda | 25.10.9,Doctor visit,ad name
120232492589120641,Dr Visit Design Sep 6 - 5 - Copy 2,Dr Visit | 25.10.9 | $56.25,Purchase | Andromeda | 25.10.9,Doctor visit,ad name
120232492589200641,Dr Visit talking head - Copy 2,Dr Visit | 25.10.9 | $56.25,Purchase | Andromeda | 25.10.9,Doctor visit,ad name
120232492589240641,Mega Dr Visit Aug 23- H2 - Copy 2,Dr Visit | 25.10.9 | $56.25,Purchase | Andromeda | 25.10.9,Doctor visit,ad name
120240041227700641,RA009,dr visit,Ramadan 2026 Sales Campaign,Doctor visit,ad set name
120240043368730641,RA010,dr visit,Ramadan 2026 Sales Campaign,Doctor visit,ad set name
120240043376340641,RA011,dr visit,Ramadan 2026 Sales Campaign,Doctor visit,ad set name
120244456296490641,DRV111 - Copy,DrVisit Retargeting,Retargeting CBO | All customers list,Doctor visit,ad code
120244456304280641,Dr Visit - Kid - Copy 2,DrVisit Retargeting,Retargeting CBO | All customers list,Doctor visit,ad name
120244456290570641,Dr Visit - UGC - 25Aug3 - Copy 3,DrVisit Retargeting,Retargeting CBO | All customers list,Doctor visit,ad name
120231866943540641,Babies DrVisit - H1,TESTING | FB Only | $15,SALES | DrVisit | FB Only,Doctor visit,ad name
120232319409670641,Babies DrVisit - H1 - Copy,DrVisit | Andrommeda 25.10.7,SALES | DrVisit | FB Only,Doctor visit,ad name
120232200033740641,Babies DrVisit - H1 - Copy,Videos | FB Only | $15,SALES | DrVisit | FB Only,Doctor visit,ad name
120231866973930641,Babies DrVisit - H2,TESTING | FB Only | $15,SALES | DrVisit | FB Only,Doctor visit,ad name
120232319409730641,Babies DrVisit - H2 - Copy,DrVisit | Andrommeda 25.10.7,SALES | DrVisit | FB Only,Doctor visit,ad name
120232320691820641,Dr Visit - 25Jul26 - Ai Hook - Copy,DrVisit | Andrommeda 25.10.7,SALES | DrVisit | FB Only,Doctor visit,ad name
120232320691850641,Dr Visit - Carousell  - 25Aug3 - Copy,DrVisit | Andrommeda 25.10.7,SALES | DrVisit | FB Only,Doctor visit,ad name
120232320691840641,Dr Visit - Feedback 1 - 25Aug3 - Copy,DrVisit | Andrommeda 25.10.7,SALES | DrVisit | FB Only,Doctor visit,ad name
120232320691800641,Dr Visit - Ibraheem Reel - Copy,DrVisit | Andrommeda 25.10.7,SALES | DrVisit | FB Only,Doctor visit,ad name
120232320691790641,Dr Visit - Number of visits - 25Aug3 - Copy,DrVisit | Andrommeda 25.10.7,SALES | DrVisit | FB Only,Doctor visit,ad name
120232320691830641,Dr Visit - Repackaged - 25Aug3 - Copy,DrVisit | Andrommeda 25.10.7,SALES | DrVisit | FB Only,Doctor visit,ad name
120232320691810641,Dr Visit - UGC - 25Aug3 - Copy,DrVisit | Andrommeda 25.10.7,SALES | DrVisit | FB Only,Doctor visit,ad name
120231496225130641,Dr Visit Design Sep 6 - 1,LAL | Designs | FB Only | $15,SALES | DrVisit | FB Only,Doctor visit,ad name
120230754693690641,Dr Visit Design Sep 6 - 1,Designs | FB Only | $15 - Copy,SALES | DrVisit | FB Only,Doctor visit,ad name
120232319409700641,Dr Visit Design Sep 6 - 1 - Copy,DrVisit | Andrommeda 25.10.7,SALES | DrVisit | FB Only,Doctor visit,ad name
120231496225140641,Dr Visit Design Sep 6 - 2,LAL | Designs | FB Only | $15,SALES | DrVisit | FB Only,Doctor visit,ad name
120230754693680641,Dr Visit Design Sep 6 - 2,Designs | FB Only | $15 - Copy,SALES | DrVisit | FB Only,Doctor visit,ad name
120232319409690641,Dr Visit Design Sep 6 - 2 - Copy,DrVisit | Andrommeda 25.10.7,SALES | DrVisit | FB Only,Doctor visit,ad name
120230754693700641,Dr Visit Design Sep 6 - 3,Designs | FB Only | $15 - Copy,SALES | DrVisit | FB Only,Doctor visit,ad name
120230754693730641,Dr Visit Design Sep 6 - 4,Designs | FB Only | $15 - Copy,SALES | DrVisit | FB Only,Doctor visit,ad name
120231496225110641,Dr Visit Design Sep 6 - 5,LAL | Designs | FB Only | $15,SALES | DrVisit | FB Only,Doctor visit,ad name
120230754693720641,Dr Visit Design Sep 6 - 5,Designs | FB Only | $15 - Copy,SALES | DrVisit | FB Only,Doctor visit,ad name
120232319409680641,Dr Visit Design Sep 6 - 5 - Copy,DrVisit | Andrommeda 25.10.7,SALES | DrVisit | FB Only,Doctor visit,ad name
120230754167300641,Dr Visit talking head,Videos | FB Only | $15,SALES | DrVisit | FB Only,Doctor visit,ad name
120232319409710641,Dr Visit talking head - Copy,DrVisit | Andrommeda 25.10.7,SALES | DrVisit | FB Only,Doctor visit,ad name
120231487180620641,Mega Dr Visit Aug 23- H10,TESTING | FB Only | $15,SALES | DrVisit | FB Only,Doctor visit,ad name
120231487180590641,Mega Dr Visit Aug 23- H11,TESTING | FB Only | $15,SALES | DrVisit | FB Only,Doctor visit,ad name
120230754629920641,Mega Dr Visit Aug 23- H2,Videos | FB Only | $15,SALES | DrVisit | FB Only,Doctor visit,ad name
120232319409720641,Mega Dr Visit Aug 23- H2 - Copy,DrVisit | Andrommeda 25.10.7,SALES | DrVisit | FB Only,Doctor visit,ad name
120230754592990641,Mega Dr Visit Aug 23- H6,Videos | FB Only | $15,SALES | DrVisit | FB Only,Doctor visit,ad name
120231486914260641,Mega Dr Visit Aug 23- H7,TESTING | FB Only | $15,SALES | DrVisit | FB Only,Doctor visit,ad name
120231487180600641,Mega Dr Visit Aug 23- H8,TESTING | FB Only | $15,SALES | DrVisit | FB Only,Doctor visit,ad name
120231487180610641,Mega Dr Visit Aug 23- H9,TESTING | FB Only | $15,SALES | DrVisit | FB Only,Doctor visit,ad name
120241966264520641,DRV020,DrVisit \\ Testing \\ Myth Busting \\ Pack 1,TESTING ABO | All Services,Doctor visit,ad code
120241986349250641,DRV028,DrVisit \\ Testing \\ Emotional Story \\ Pack 3,TESTING ABO | All Services,Doctor visit,ad code
120241966565190641,DRV030,DrVisit \\ Testing \\ Problem Solution \\ Pack 2,TESTING ABO | All Services,Doctor visit,ad code
120241966524580641,DRV032,DrVisit \\ Testing \\ Myth Busting \\ Pack 1,TESTING ABO | All Services,Doctor visit,ad code
120241986204900641,DRV045,DrVisit \\ Testing \\ Problem Solution \\ Pack 2,TESTING ABO | All Services,Doctor visit,ad code
120241966524570641,DRV047,DrVisit \\ Testing \\ Myth Busting \\ Pack 1,TESTING ABO | All Services,Doctor visit,ad code
120241986884620641,DRV064,DrVisit \\ Testing \\ Emotional Story \\ Pack 3,TESTING ABO | All Services,Doctor visit,ad code
120241986204880641,DRV066,DrVisit \\ Testing \\ Problem Solution \\ Pack 2,TESTING ABO | All Services,Doctor visit,ad code
120241986884630641,DRV081,DrVisit \\ Testing \\ Emotional Story \\ Pack 3,TESTING ABO | All Services,Doctor visit,ad code
120241966524560641,DRV092,DrVisit \\ Testing \\ Myth Busting \\ Pack 1,TESTING ABO | All Services,Doctor visit,ad code
120241986204890641,DRV099,DrVisit \\ Testing \\ Problem Solution \\ Pack 2,TESTING ABO | All Services,Doctor visit,ad code
120242226328190641,DRV020,DrVisit \\ Testing \\ Myth Busting \\ Pack 1 - Copy,TESTING | Msg Vol | All Services,Doctor visit,ad code
120243798182330641,DRV026 - FEATURE & BENEFIT,DrVisit \\ Testing \\ FEATURE & BENEFIT \\ Pack 4,TESTING | Msg Vol | All Services,Doctor visit,ad code
120242226328150641,DRV028,DrVisit \\ Testing \\ Emotional Story \\ Pack 3 - Copy,TESTING | Msg Vol | All Services,Doctor visit,ad code
120246048562700641,DRV029 - Demo / Visual Proof,DrVisit \\ Testing \\ Demo / Visual Proof \\ Jun 11 2026,TESTING | Msg Vol | All Services,Doctor visit,ad code
120242226328120641,DRV030,DrVisit \\ Testing \\ Problem Solution \\ Pack 2 - Copy,TESTING | Msg Vol | All Services,Doctor visit,ad code
120242226328210641,DRV032,DrVisit \\ Testing \\ Myth Busting \\ Pack 1 - Copy,TESTING | Msg Vol | All Services,Doctor visit,ad code
120242226328130641,DRV045,DrVisit \\ Testing \\ Problem Solution \\ Pack 2 - Copy,TESTING | Msg Vol | All Services,Doctor visit,ad code
120242226328230641,DRV047,DrVisit \\ Testing \\ Myth Busting \\ Pack 1 - Copy,TESTING | Msg Vol | All Services,Doctor visit,ad code
120242226328180641,DRV064,DrVisit \\ Testing \\ Emotional Story \\ Pack 3 - Copy,TESTING | Msg Vol | All Services,Doctor visit,ad code
120243798260130641,DRV071 - FEATURE & BENEFIT,DrVisit \\ Testing \\ FEATURE & BENEFIT \\ Pack 4,TESTING | Msg Vol | All Services,Doctor visit,ad code
120246048826940641,DRV077 - Demo / Visual Proof,DrVisit \\ Testing \\ Demo / Visual Proof \\ Jun 11 2026,TESTING | Msg Vol | All Services,Doctor visit,ad code
120242226328200641,DRV081,DrVisit \\ Testing \\ Emotional Story \\ Pack 3 - Copy,TESTING | Msg Vol | All Services,Doctor visit,ad code
120242226328240641,DRV092,DrVisit \\ Testing \\ Myth Busting \\ Pack 1 - Copy,TESTING | Msg Vol | All Services,Doctor visit,ad code
120242226328170641,DRV099,DrVisit \\ Testing \\ Problem Solution \\ Pack 2 - Copy,TESTING | Msg Vol | All Services,Doctor visit,ad code
120243798048360641,DRV105 - problem solution,DrVisit \\ Testing \\ Problem Solution \\ Pack 2 - Copy,TESTING | Msg Vol | All Services,Doctor visit,ad code
120243798048370641,DRV107 - problem solution,DrVisit \\ Testing \\ Problem Solution \\ Pack 2 - Copy,TESTING | Msg Vol | All Services,Doctor visit,ad code
120243798048380641,DRV110 - problem solution,DrVisit \\ Testing \\ Problem Solution \\ Pack 2 - Copy,TESTING | Msg Vol | All Services,Doctor visit,ad code
120246048971870641,DRV121 - Demo / Visual Proof,DrVisit \\ Testing \\ Demo / Visual Proof \\ Jun 11 2026,TESTING | Msg Vol | All Services,Doctor visit,ad code
120243797810450641,DRV122 - problem solution,DrVisit \\ Testing \\ Problem Solution \\ Pack 2 - Copy,TESTING | Msg Vol | All Services,Doctor visit,ad code
120243797248400641,DRV123,DrVisit \\ Testing \\ Emotional Story \\ Pack 3 - Copy,TESTING | Msg Vol | All Services,Doctor visit,ad code
120243798263220641,DRV124 - FEATURE & BENEFIT,DrVisit \\ Testing \\ FEATURE & BENEFIT \\ Pack 4,TESTING | Msg Vol | All Services,Doctor visit,ad code
120243797351480641,DRV125,DrVisit \\ Testing \\ Emotional Story \\ Pack 3 - Copy,TESTING | Msg Vol | All Services,Doctor visit,ad code
120248297955320641,DRV129 | STATIC | TrustStats | BROAD | TEST | v1,DrVisit \\ Testing \\Data / Stat Drop \\ Jul 28 2026,TESTING | Msg Vol | All Services,Doctor visit,ad code
120248298802590641,DRV129 | STATIC | TrustStats | BROAD | TEST | v2,DrVisit \\ Testing \\Data / Stat Drop \\ Jul 28 2026,TESTING | Msg Vol | All Services,Doctor visit,ad code
120248298832760641,DRV129 | STATIC | TrustStats | BROAD | TEST | v3,DrVisit \\ Testing \\Data / Stat Drop \\ Jul 28 2026,TESTING | Msg Vol | All Services,Doctor visit,ad code
120225607730300641,Dr Visit TVc,Dr Visit TVc,mini TVCs 2025,Doctor visit,ad name
120227523442500641,Dr Visit TVc,Dr Visit TVc - Respong.io New Number,mini TVCs 2025,Doctor visit,ad name
120216529047390641,Dr Visit - Feb - Hook 1,Dr Visit | Broad | $20,📍Dr Visit Main | $35,Doctor visit,ad name
120216529101550641,Dr Visit - Feb - Hook 2,Dr Visit | Broad | $20,📍Dr Visit Main | $35,Doctor visit,ad name
120212265102400641,Dr Visit - Grandpa - Copy,Dr Visit | Broad | $20,📍Dr Visit Main | $35,Doctor visit,ad name
120212265102380641,Dr Visit - Granny - Copy,Dr Visit | Broad | $20,📍Dr Visit Main | $35,Doctor visit,ad name
120216528469160641,Dr Visit - Ibraheem Reel,Dr Visit | Broad | $20,📍Dr Visit Main | $35,Doctor visit,ad name
120212265102390641,Dr Visit - Kid - Copy,Dr Visit | Broad | $20,📍Dr Visit Main | $35,Doctor visit,ad name
120222633395570641,Dr Visit Static 1,Dr Visit VV %1+%2 LAL | $10 - STATIC,📍Dr Visit Main | $35,Doctor visit,ad name
120222633587930641,Dr Visit Static 2,Dr Visit VV %1+%2 LAL | $10 - STATIC,📍Dr Visit Main | $35,Doctor visit,ad name
120221854805060641,Dr Visit ali juma edit - Maad Cut,Dr Visit | CC+Customers LAL | $10,📍Dr Visit Main | $35,Doctor visit,ad name
120221853983740641,Dr Visit ali juma edit - Maad Cut,Dr Visit VV %1+%2 LAL | $10,📍Dr Visit Main | $35,Doctor visit,ad name
120221854805030641,Dr Visit ali juma edit - full,Dr Visit | CC+Customers LAL | $10,📍Dr Visit Main | $35,Doctor visit,ad name
120221853983720641,Dr Visit ali juma edit - full,Dr Visit VV %1+%2 LAL | $10,📍Dr Visit Main | $35,Doctor visit,ad name
120221425001850641,Dr Visit ali juma edit - full - Copy,Dr Visit | Broad | $20,📍Dr Visit Main | $35,Doctor visit,ad name
120221425001840641,Dr Visit ali juma edit - full - Copy 2,Dr Visit | Broad | $20,📍Dr Visit Main | $35,Doctor visit,ad name
120210706674970641,drv01 - A,Dr Visit | Broad | $20,📍Dr Visit Main | $35,Doctor visit,ad code
120210706674950641,drv01 - D,Dr Visit | Broad | $20,📍Dr Visit Main | $35,Doctor visit,ad code
120211750169890641,EE 01 - A,eye Exam | Testing | WA,Eye Exam Messages | TESTING CBO | 2024/10/16,Eye exam,ad set name
120211750253600641,EE 01 - B,eye Exam | Testing | WA,Eye Exam Messages | TESTING CBO | 2024/10/16,Eye exam,ad set name
120211750254500641,EE 01 - C,eye Exam | Testing | WA,Eye Exam Messages | TESTING CBO | 2024/10/16,Eye exam,ad set name
120211750256500641,EE 01 - D,eye Exam | Testing | WA,Eye Exam Messages | TESTING CBO | 2024/10/16,Eye exam,ad set name
120216529181260641,Eye Exam - Feb - Hook 1,eye Exam | WA,Eye Exam | CBO | 2025/2/28,Eye exam,ad name
120216529436660641,Eye Exam - Feb - Hook 2,eye Exam | WA,Eye Exam | CBO | 2025/2/28,Eye exam,ad name
120207287409460641,ECG01 - image,ECG,Creative Testing Hub,Imaging,ad code
120207287439850641,Eco01 - image,Echo,Creative Testing Hub,Imaging,ad code
120207516161140641,Eco01 - image - Calls,Echo,Creative Testing Hub,Imaging,ad code
120231147019460641,Doppler - 23Sep13 H1,Doppler,Imaging Services - ABO - 2025Aug1,Imaging,ad name
120231190844810641,Doppler - 23Sep13 H2,Doppler,Imaging Services - ABO - 2025Aug1,Imaging,ad name
120231190844820641,Doppler - 23Sep13 H3,Doppler,Imaging Services - ABO - 2025Aug1,Imaging,ad name
120228579427380641,Echo,Echo,Imaging Services - ABO - 2025Aug1,Imaging,ad name
120231756103720641,Echo يوم القلب العالمي,Echo - يوم القلب العالمي,Imaging Services - ABO - 2025Aug1,Imaging,ad name
120228579427360641,X-Ray,X-Ray,Imaging Services - ABO - 2025Aug1,Imaging,ad name
120228579427430641,X-Ray - 25Jul1 - H 2,X-Ray,Imaging Services - ABO - 2025Aug1,Imaging,ad name
120228579427420641,X-Ray - 25Jul1 - H 3,X-Ray,Imaging Services - ABO - 2025Aug1,Imaging,ad name
120228579427390641,X-Ray - 25Jul1 - H1,X-Ray,Imaging Services - ABO - 2025Aug1,Imaging,ad name
120228579427280641,us april 2,Ultrasound,Imaging Services - ABO - 2025Aug1,Imaging,ad set name
120228579427440641,us jul,Ultrasound,Imaging Services - ABO - 2025Aug1,Imaging,ad set name
120209528715450641,Echo,Echo,Imaging Services | $8 | 2024 Jul 7,Imaging,ad name
120209528748920641,Ultrasound,Ultrasound,Imaging Services | $8 | 2024 Jul 7,Imaging,ad name
120224400086740641,Echo,Echo,Imaging Services | $8 | 2024 Sep 3 - Copy,Imaging,ad name
120224400086720641,X-Ray,X-Ray,Imaging Services | $8 | 2024 Sep 3 - Copy,Imaging,ad name
120224400086730641,X-Ray - Copy,X-Ray,Imaging Services | $8 | 2024 Sep 3 - Copy,Imaging,ad name
120224400086670641,us april 2,Ultrasound | april 2025 | $5,Imaging Services | $8 | 2024 Sep 3 - Copy,Imaging,ad set name
120225660546120641,Echo,Echo,Imaging Services | $8 | 2024 Sep 3 - Respond.io,Imaging,ad name
120225660546260641,X-Ray,X-Ray,Imaging Services | $8 | 2024 Sep 3 - Respond.io,Imaging,ad name
120225660546330641,X-Ray - Copy,X-Ray,Imaging Services | $8 | 2024 Sep 3 - Respond.io,Imaging,ad name
120225660546100641,us april 2,Ultrasound | april 2025 | $5,Imaging Services | $8 | 2024 Sep 3 - Respond.io,Imaging,ad set name
120226320692080641,Echo,Echo,Imaging Services | $8 | 2024 Sep 3 - Respond.io - Copy,Imaging,ad name
120226320692030641,X-Ray,X-Ray,Imaging Services | $8 | 2024 Sep 3 - Respond.io - Copy,Imaging,ad name
120226320692060641,X-Ray - Copy,X-Ray,Imaging Services | $8 | 2024 Sep 3 - Respond.io - Copy,Imaging,ad name
120226320691890641,us april 2,Ultrasound | april 2025 | $5,Imaging Services | $8 | 2024 Sep 3 - Respond.io - Copy,Imaging,ad set name
120227303717600641,Echo,Echo,Imaging Services | $8 | Respond.io 2025Jul10,Imaging,ad name
120227303717560641,X-Ray,X-Ray,Imaging Services | $8 | Respond.io 2025Jul10,Imaging,ad name
120227303717150641,X-Ray - Copy,X-Ray,Imaging Services | $8 | Respond.io 2025Jul10,Imaging,ad name
120227303717020641,us april 2,Ultrasound | april 2025 | $5,Imaging Services | $8 | Respond.io 2025Jul10,Imaging,ad set name
120227412240010641,Echo,Echo,Imaging Services | $8 | Respond.io 2025Jul13,Imaging,ad name
120227412239990641,X-Ray,X-Ray,Imaging Services | $8 | Respond.io 2025Jul13,Imaging,ad name
120227412240680641,X-Ray - Copy,X-Ray,Imaging Services | $8 | Respond.io 2025Jul13,Imaging,ad name
120227412239970641,us april 2,Ultrasound | april 2025 | $5,Imaging Services | $8 | Respond.io 2025Jul13,Imaging,ad set name
120227445418030641,Echo,Echo,Imaging Services | $8 | Respond.io 2025Jul13 - Copy,Imaging,ad name
120227445417530641,X-Ray,X-Ray,Imaging Services | $8 | Respond.io 2025Jul13 - Copy,Imaging,ad name
120227754277340641,X-Ray - 25Jul1 - H 2,X-Ray,Imaging Services | $8 | Respond.io 2025Jul13 - Copy,Imaging,ad name
120227754277330641,X-Ray - 25Jul1 - H 3,X-Ray,Imaging Services | $8 | Respond.io 2025Jul13 - Copy,Imaging,ad name
120227754265150641,X-Ray - 25Jul1 - H1,X-Ray,Imaging Services | $8 | Respond.io 2025Jul13 - Copy,Imaging,ad name
120227445417760641,X-Ray - Copy,X-Ray,Imaging Services | $8 | Respond.io 2025Jul13 - Copy,Imaging,ad name
120227445417490641,us april 2,Ultrasound | april 2025 | $5,Imaging Services | $8 | Respond.io 2025Jul13 - Copy,Imaging,ad set name
120227601622560641,us jul,Ultrasound | april 2025 | $5,Imaging Services | $8 | Respond.io 2025Jul13 - Copy,Imaging,ad set name
120232493504230641,Doppler - 23Sep13 H2 - Copy,US + Doppler | 25.10.9 | $28,Purchase | Andromeda | 25.10.9,Imaging,ad name
120232493344350641,Echo - Copy,Echo | 25.10.9 | $3,Purchase | Andromeda | 25.10.9,Imaging,ad name
120233714239620641,US001,US + Doppler | 25.10.9 | $28,Purchase | Andromeda | 25.10.9,Imaging,ad code
120233714239630641,US002,US + Doppler | 25.10.9 | $28,Purchase | Andromeda | 25.10.9,Imaging,ad code
120233714239640641,US003,US + Doppler | 25.10.9 | $28,Purchase | Andromeda | 25.10.9,Imaging,ad code
120235147406860641,US004,US + Doppler | 25.10.9 | $28,Purchase | Andromeda | 25.10.9,Imaging,ad code
120235147406870641,US005,US + Doppler | 25.10.9 | $28,Purchase | Andromeda | 25.10.9,Imaging,ad code
120233714239650641,US006,US + Doppler | 25.10.9 | $28,Purchase | Andromeda | 25.10.9,Imaging,ad code
120235147406880641,US007,US + Doppler | 25.10.9 | $28,Purchase | Andromeda | 25.10.9,Imaging,ad code
120233714239660641,US008,US + Doppler | 25.10.9 | $28,Purchase | Andromeda | 25.10.9,Imaging,ad code
120233714239670641,US009,US + Doppler | 25.10.9 | $28,Purchase | Andromeda | 25.10.9,Imaging,ad code
120235147304500641,US010,US + Doppler | 25.10.9 | $28,Purchase | Andromeda | 25.10.9,Imaging,ad code
120235147304400641,US011,US + Doppler | 25.10.9 | $28,Purchase | Andromeda | 25.10.9,Imaging,ad code
120235147304410641,US012,US + Doppler | 25.10.9 | $28,Purchase | Andromeda | 25.10.9,Imaging,ad code
120235147304420641,US013,US + Doppler | 25.10.9 | $28,Purchase | Andromeda | 25.10.9,Imaging,ad code
120235147304430641,US014,US + Doppler | 25.10.9 | $28,Purchase | Andromeda | 25.10.9,Imaging,ad code
120235147304440641,US015,US + Doppler | 25.10.9 | $28,Purchase | Andromeda | 25.10.9,Imaging,ad code
120235147304450641,US016,US + Doppler | 25.10.9 | $28,Purchase | Andromeda | 25.10.9,Imaging,ad code
120235147304460641,US017,US + Doppler | 25.10.9 | $28,Purchase | Andromeda | 25.10.9,Imaging,ad code
120235147304470641,US018,US + Doppler | 25.10.9 | $28,Purchase | Andromeda | 25.10.9,Imaging,ad code
120235147304480641,US019,US + Doppler | 25.10.9 | $28,Purchase | Andromeda | 25.10.9,Imaging,ad code
120235147304490641,US020,US + Doppler | 25.10.9 | $28,Purchase | Andromeda | 25.10.9,Imaging,ad code
120235147304390641,US021,US + Doppler | 25.10.9 | $28,Purchase | Andromeda | 25.10.9,Imaging,ad code
120235147619900641,US022,US + Doppler | 25.10.9 | $28,Purchase | Andromeda | 25.10.9,Imaging,ad code
120232493504240641,us april 2 - Copy,US + Doppler | 25.10.9 | $28,Purchase | Andromeda | 25.10.9,Imaging,ad set name
120232493504220641,us jul - Copy,US + Doppler | 25.10.9 | $28,Purchase | Andromeda | 25.10.9,Imaging,ad set name
120244264253820641,DPL001,Doppler \\ All In 1 \\ $25,TESTING | Msg Vol | All Services,Imaging,ad set name
120244264484500641,DPL002,Doppler \\ All In 1 \\ $25,TESTING | Msg Vol | All Services,Imaging,ad set name
120244264484510641,DPL003,Doppler \\ All In 1 \\ $25,TESTING | Msg Vol | All Services,Imaging,ad set name
120244264484520641,DPL004,Doppler \\ All In 1 \\ $25,TESTING | Msg Vol | All Services,Imaging,ad set name
120244264484420641,DPL005,Doppler \\ All In 1 \\ $25,TESTING | Msg Vol | All Services,Imaging,ad set name
120244264484530641,DPL006,Doppler \\ All In 1 \\ $25,TESTING | Msg Vol | All Services,Imaging,ad set name
120244264484430641,DPL007,Doppler \\ All In 1 \\ $25,TESTING | Msg Vol | All Services,Imaging,ad set name
120244264484540641,DPL008,Doppler \\ All In 1 \\ $25,TESTING | Msg Vol | All Services,Imaging,ad set name
120244264484440641,DPL009,Doppler \\ All In 1 \\ $25,TESTING | Msg Vol | All Services,Imaging,ad set name
120244264484550641,DPL010,Doppler \\ All In 1 \\ $25,TESTING | Msg Vol | All Services,Imaging,ad set name
120244264484560641,DPL011,Doppler \\ All In 1 \\ $25,TESTING | Msg Vol | All Services,Imaging,ad set name
120244264484450641,DPL012,Doppler \\ All In 1 \\ $25,TESTING | Msg Vol | All Services,Imaging,ad set name
120244264484460641,DPL013,Doppler \\ All In 1 \\ $25,TESTING | Msg Vol | All Services,Imaging,ad set name
120244264484470641,DPL014,Doppler \\ All In 1 \\ $25,TESTING | Msg Vol | All Services,Imaging,ad set name
120244264484480641,DPL015,Doppler \\ All In 1 \\ $25,TESTING | Msg Vol | All Services,Imaging,ad set name
120244264484490641,DPL016,Doppler \\ All In 1 \\ $25,TESTING | Msg Vol | All Services,Imaging,ad set name
120244265031770641,DPL017,Doppler \\ All In 1 \\ $25,TESTING | Msg Vol | All Services,Imaging,ad set name
120249117919640641,US087 | 🎥 Video | Case Study / Proof | 🎥 Video,Ultrasound,Ultrasound + Doppler,Imaging,ad code
120249118154720641,US092 | 🎥 Video | Case Study / Proof | 🎥 Video,Ultrasound,Ultrasound + Doppler,Imaging,ad code
120249118171180641,US093 | 🎥 Video | Problem → Solution | 🎥 Video,Ultrasound,Ultrasound + Doppler,Imaging,ad code
120249118184760641,US094 | 🎥 Video | Direct Offer | 🎥 Video,Ultrasound,Ultrasound + Doppler,Imaging,ad code
120215691417540641,X-Ray 2-2-2,New Engagement Ad Set,X-Ray TESTING WHATSAPP API,Imaging,ad name
120225607513570641,x-ray TVc,x-ray TVc,mini TVCs 2025,Imaging,ad name
120210706668890641,Echo,Echo,📍Imaging Services | $8 | 2024 Sep 3,Imaging,ad name
120210706668910641,Ultrasound,Ultrasound,📍Imaging Services | $8 | 2024 Sep 3,Imaging,ad name
120216530155520641,Ultrasound - Feb - Hook 1,Ultrasound,📍Imaging Services | $8 | 2024 Sep 3,Imaging,ad name
120216530387900641,Ultrasound - Feb - Hook 2,Ultrasound,📍Imaging Services | $8 | 2024 Sep 3,Imaging,ad name
120213333644040641,Ultrasound 2,Ultrasound,📍Imaging Services | $8 | 2024 Sep 3,Imaging,ad name
120213906286230641,Ultrasound 3,Ultrasound,📍Imaging Services | $8 | 2024 Sep 3,Imaging,ad name
120215843533240641,Ultrasound Maadh 1,Ultrasound,📍Imaging Services | $8 | 2024 Sep 3,Imaging,ad name
120215843533250641,Ultrasound Maadh 2,Ultrasound,📍Imaging Services | $8 | 2024 Sep 3,Imaging,ad name
120211750273640641,X-Ray,X-Ray,📍Imaging Services | $8 | 2024 Sep 3,Imaging,ad name
120215641798420641,X-Ray,X-Ray - Wati,📍Imaging Services | $8 | 2024 Sep 3,Imaging,ad name
120215641798450641,X-Ray - Copy,X-Ray - Wati,📍Imaging Services | $8 | 2024 Sep 3,Imaging,ad name
120214026622860641,X-Ray - Copy,X-Ray,📍Imaging Services | $8 | 2024 Sep 3,Imaging,ad name
120216421912250641,X-Ray - Feb - Hook 1,X-Ray - Wati,📍Imaging Services | $8 | 2024 Sep 3,Imaging,ad name
120216421992980641,X-Ray - Feb - Hook 2,X-Ray - Wati,📍Imaging Services | $8 | 2024 Sep 3,Imaging,ad name
120216421999210641,X-Ray - Feb - Hook 3,X-Ray - Wati,📍Imaging Services | $8 | 2024 Sep 3,Imaging,ad name
120213933220710641,X-Ray 2,X-Ray,📍Imaging Services | $8 | 2024 Sep 3,Imaging,ad name
120215641842620641,X-Ray 2,X-Ray - Wati,📍Imaging Services | $8 | 2024 Sep 3,Imaging,ad name
120215691068370641,Xray 2-2,X-Ray - Wati,📍Imaging Services | $8 | 2024 Sep 3,Imaging,ad name
120220265377220641,us april 1,Ultrasound | april 2025 | $5,📍Imaging Services | $8 | 2024 Sep 3,Imaging,ad set name
120220265766880641,us april 2,Ultrasound | april 2025 | $5,📍Imaging Services | $8 | 2024 Sep 3,Imaging,ad set name
120211977092820641,IPR Alaa's Hasnaa Cut,Original Audince | 5$ | +25 | Iraq,IPR | Original Audince | 2024/10/25 | 5$,International referral,ad name
120212269738890641,IPR M01,Original Audince | 5$ | +25 | Iraq,IPR | Original Audince | 2024/10/25 | 5$,International referral,ad name
120212724291730641,IPR M01,Original Audince | 5$ | +25 | Baghdad Basra Erbil,IPR | Original Audince | 2024/10/25 | 5$ - Copy,International referral,ad name
120210069224320641,IPR Alaa's Hasnaa Cut,Original Audince | 5$ | +25 | Iraq | 2024/8/3,IPR | Original Audince | 2024/8/3 | 10$,International referral,ad name
120212366569110641,IPR Alaa's Hasnaa Cut,Original Audince | 5$ | +25 | Iraq | 2024/8/3 - Copy,IPR | Original Audince | 2024/8/3 | 10$,International referral,ad name
120210069518720641,IPR Alaa's Hilali's Cut,Original Audince | 5$ | +25 | Iraq | 2024/8/3,IPR | Original Audince | 2024/8/3 | 10$,International referral,ad name
120212366569120641,IPR Alaa's Hilali's Cut,Original Audince | 5$ | +25 | Iraq | 2024/8/3 - Copy,IPR | Original Audince | 2024/8/3 | 10$,International referral,ad name
120208187493220641,IPR Jordan Ad 1 - Image,Original Audince | 3$ | +25 | Iraq | 2024/5/13,IPR | Original Audince | CBO | 2024/5/13,International referral,ad name
120208188071580641,IPR Jordan Ad 2 - Image,Original Audince | 3$ | +25 | Iraq | 2024/5/13,IPR | Original Audince | CBO | 2024/5/13,International referral,ad name
120208188071980641,IPR Jordan Ad 3 - Image,Original Audince | 3$ | +25 | Iraq | 2024/5/13,IPR | Original Audince | CBO | 2024/5/13,International referral,ad name
120208585047770641,IPR Jordan Ad 4 - Video,Original Audince | 3$ | +25 | Iraq | 2024/5/13,IPR | Original Audince | CBO | 2024/5/13,International referral,ad name
120208585200040641,IPR Jordan Ad 5 - Video,Original Audince | 3$ | +25 | Iraq | 2024/5/13,IPR | Original Audince | CBO | 2024/5/13,International referral,ad name
120243699941590641,LT092 - Friday Campaign,Friday Lab Test,Friday Campaign,Lab tests,ad code
120243699693660641,LT093 - Friday Campaign,Friday Lab Test,Friday Campaign,Lab tests,ad code
120243699941600641,LT094 - Friday Campaign,Friday Lab Test,Friday Campaign,Lab tests,ad code
120228579427640641,Lab Test - 25Jul2 - General - H1,Lab Test | Creative Testing | 2024 Aug 14,Lab Test - CBO - 2025Aug1,Lab tests,ad name
120228579427530641,Lab Test - 25Jul2 - General - H2,Lab Test | Creative Testing | 2024 Aug 14,Lab Test - CBO - 2025Aug1,Lab tests,ad name
120228579427650641,Lab Test - 25Jul2 - General - H3,Lab Test | Creative Testing | 2024 Aug 14,Lab Test - CBO - 2025Aug1,Lab tests,ad name
120228579427600641,Lab Test - 25jul - post 1,Lab Test | Static | $5 | 25Jul26,Lab Test - CBO - 2025Aug1,Lab tests,ad name
120228579427610641,Lab Test - 25jul - post 3,Lab Test | Static | $5 | 25Jul26,Lab Test - CBO - 2025Aug1,Lab tests,ad name
120228579427690641,Lab Test REEL 1,Lab Test | Creative Testing | 2024 Aug 14,Lab Test - CBO - 2025Aug1,Lab tests,ad name
120228579427730641,lab test apr 1,Lab Test | Creative Testing | 2024 Aug 14,Lab Test - CBO - 2025Aug1,Lab tests,ad name
120225660546250641,Lab Test REEL 1,Lab Test | Creative Testing | 2024 Aug 14,Lab Test - Respond.io,Lab tests,ad name
120225660546280641,lab test apr 1,Lab Test | Creative Testing | 2024 Aug 14,Lab Test - Respond.io,Lab tests,ad name
120227200312330641,Lab Test - Diabetic Package - H1,Lab Test - Diabetic Package,Lab Test - Respond.io - Copy,Lab tests,ad name
120227200312340641,Lab Test - Diabetic Package - H2,Lab Test - Diabetic Package,Lab Test - Respond.io - Copy,Lab tests,ad name
120227200312350641,Lab Test - Diabetic Package - H3,Lab Test - Diabetic Package,Lab Test - Respond.io - Copy,Lab tests,ad name
120226320692370641,Lab Test REEL 1,Lab Test | Creative Testing | 2024 Aug 14,Lab Test - Respond.io - Copy,Lab tests,ad name
120226320691970641,lab test apr 1,Lab Test | Creative Testing | 2024 Aug 14,Lab Test - Respond.io - Copy,Lab tests,ad name
120227303717090641,Lab Test - Diabetic Package - H1,Lab Test - Diabetic Package,Lab Test - Respond.io 2025Jul10,Lab tests,ad name
120227303717110641,Lab Test - Diabetic Package - H2,Lab Test - Diabetic Package,Lab Test - Respond.io 2025Jul10,Lab tests,ad name
120227303717100641,Lab Test - Diabetic Package - H3,Lab Test - Diabetic Package,Lab Test - Respond.io 2025Jul10,Lab tests,ad name
120227303716760641,Lab Test REEL 1,Lab Test | Creative Testing | 2024 Aug 14,Lab Test - Respond.io 2025Jul10,Lab tests,ad name
120227303717370641,lab test apr 1,Lab Test | Creative Testing | 2024 Aug 14,Lab Test - Respond.io 2025Jul10,Lab tests,ad name
120227412240090641,Lab Test - Diabetic Package - H1,Lab Test - Diabetic Package,Lab Test - Respond.io 2025Jul13,Lab tests,ad name
120227412240220641,Lab Test - Diabetic Package - H2,Lab Test - Diabetic Package,Lab Test - Respond.io 2025Jul13,Lab tests,ad name
120227412240200641,Lab Test - Diabetic Package - H3,Lab Test - Diabetic Package,Lab Test - Respond.io 2025Jul13,Lab tests,ad name
120227412240270641,lab test apr 1,Lab Test | Creative Testing | 2024 Aug 14,Lab Test - Respond.io 2025Jul13,Lab tests,ad name
120227754318070641,Lab Test - 25Jul2 - General - H1,Lab Test | Creative Testing | 2024 Aug 14,Lab Test - Respond.io 2025Jul13 - Copy,Lab tests,ad name
120227754337720641,Lab Test - 25Jul2 - General - H2,Lab Test | Creative Testing | 2024 Aug 14,Lab Test - Respond.io 2025Jul13 - Copy,Lab tests,ad name
120227754337710641,Lab Test - 25Jul2 - General - H3,Lab Test | Creative Testing | 2024 Aug 14,Lab Test - Respond.io 2025Jul13 - Copy,Lab tests,ad name
120228120272200641,Lab Test - 25jul - post 1,Lab Test | Static | $5 | 25Jul26,Lab Test - Respond.io 2025Jul13 - Copy,Lab tests,ad name
120228120432840641,Lab Test - 25jul - post 3,Lab Test | Static | $5 | 25Jul26,Lab Test - Respond.io 2025Jul13 - Copy,Lab tests,ad name
120227445417360641,Lab Test - Diabetic Package - H1,Lab Test - Diabetic Package,Lab Test - Respond.io 2025Jul13 - Copy,Lab tests,ad name
120227445418000641,Lab Test - Diabetic Package - H2,Lab Test - Diabetic Package,Lab Test - Respond.io 2025Jul13 - Copy,Lab tests,ad name
120227445417560641,Lab Test - Diabetic Package - H3,Lab Test - Diabetic Package,Lab Test - Respond.io 2025Jul13 - Copy,Lab tests,ad name
120227445417540641,Lab Test REEL 1,Lab Test | Creative Testing | 2024 Aug 14,Lab Test - Respond.io 2025Jul13 - Copy,Lab tests,ad name
120227764906500641,PET Scan - 25Jul1 - H1,PET Scan | 2025 Jul 20 | $10,Lab Test - Respond.io 2025Jul13 - Copy,Lab tests,campaign name
120227764906510641,PET Scan - 25Jul1 - H2,PET Scan | 2025 Jul 20 | $10,Lab Test - Respond.io 2025Jul13 - Copy,Lab tests,campaign name
120227765997360641,PET Scan - 25Jul1 - H3,PET Scan | 2025 Jul 20 | $10,Lab Test - Respond.io 2025Jul13 - Copy,Lab tests,campaign name
120227765997350641,PET Scan - 25Jul1 - H4,PET Scan | 2025 Jul 20 | $10,Lab Test - Respond.io 2025Jul13 - Copy,Lab tests,campaign name
120227445417460641,lab test apr 1,Lab Test | Creative Testing | 2024 Aug 14,Lab Test - Respond.io 2025Jul13 - Copy,Lab tests,ad name
120242545994890641,LT003 - Copy 2,LT003,Lab Test | Msg Vol | WINNERS CBO,Lab tests,ad code
120242545973510641,Lab Test - 25Jul2 - General - H2 - Copy 3,Lab Test - 25Jul2 - General - H2,Lab Test | Msg Vol | WINNERS CBO,Lab tests,ad name
120242545960940641,Lab Test - 25jul - post 1 - Copy 3,Lab Test - 25jul - post 1,Lab Test | Msg Vol | WINNERS CBO,Lab tests,ad name
120224400086050641,Lab Test REEL 1,Lab Test | Creative Testing | 2024 Aug 14,Lab Test | Original Audince | 2024 Aug 14 - Copy,Lab tests,ad name
120224400086060641,lab test apr 1,Lab Test | Creative Testing | 2024 Aug 14,Lab Test | Original Audince | 2024 Aug 14 - Copy,Lab tests,ad name
120208908218300641,LT 01,Lab Test | Creative Testing | 2024/5/22,Lab Test | Original Audince | 2024/5/22,Lab tests,ad code
120208908218280641,LT 02 - A,Lab Test | Creative Testing | 2024/5/22,Lab Test | Original Audince | 2024/5/22,Lab tests,ad code
120208908218290641,LT 02 - B,Lab Test | Creative Testing | 2024/5/22,Lab Test | Original Audince | 2024/5/22,Lab tests,ad code
120208586908370641,اطمئن عليهم | 2024/5/22,Lab Test | Creative Testing | 2024/5/22,Lab Test | Original Audince | 2024/5/22,Lab tests,ad set name
120208590515310641,‎خدمة التحاليل المنزلية ١ | 2024/5/22‎,Lab Test | Creative Testing | 2024/5/22,Lab Test | Original Audince | 2024/5/22,Lab tests,ad name
120208591255650641,‎‎خدمة التحاليل المنزلية ٢ | 2024/5/22‎‎,Lab Test | Creative Testing | 2024/5/22,Lab Test | Original Audince | 2024/5/22,Lab tests,ad name
120242063438330641,LT003 - Copy,LT003,Lab Test | WINNERS CBO,Lab tests,ad code
120242063449920641,Lab Test - 25Jul2 - General - H2 - Copy 2,Lab Test - 25Jul2 - General - H2,Lab Test | WINNERS CBO,Lab tests,ad name
120242063472690641,Lab Test - 25jul - post 1 - Copy 2,Lab Test - 25jul - post 1,Lab Test | WINNERS CBO,Lab tests,ad name
120234968189680641,LT001,Lab Test | 25.10.9 | $31.25,Purchase | Andromeda | 25.10.9,Lab tests,ad code
120234968112620641,LT002,Lab Test | 25.10.9 | $31.25,Purchase | Andromeda | 25.10.9,Lab tests,ad code
120234968237730641,LT003,Lab Test | 25.10.9 | $31.25,Purchase | Andromeda | 25.10.9,Lab tests,ad code
120234968250740641,LT004,Lab Test | 25.10.9 | $31.25,Purchase | Andromeda | 25.10.9,Lab tests,ad code
120234968250750641,LT005,Lab Test | 25.10.9 | $31.25,Purchase | Andromeda | 25.10.9,Lab tests,ad code
120234968250760641,LT006,Lab Test | 25.10.9 | $31.25,Purchase | Andromeda | 25.10.9,Lab tests,ad code
120234968165600641,LT007,Lab Test | 25.10.9 | $31.25,Purchase | Andromeda | 25.10.9,Lab tests,ad code
120234968250770641,LT008,Lab Test | 25.10.9 | $31.25,Purchase | Andromeda | 25.10.9,Lab tests,ad code
120234968250780641,LT009,Lab Test | 25.10.9 | $31.25,Purchase | Andromeda | 25.10.9,Lab tests,ad code
120234968250790641,LT010,Lab Test | 25.10.9 | $31.25,Purchase | Andromeda | 25.10.9,Lab tests,ad code
120234968165620641,LT011,Lab Test | 25.10.9 | $31.25,Purchase | Andromeda | 25.10.9,Lab tests,ad code
120234968165610641,LT012,Lab Test | 25.10.9 | $31.25,Purchase | Andromeda | 25.10.9,Lab tests,ad code
120232493372800641,Lab Test - 25Jul2 - General - H2 - Copy,Lab Test | 25.10.9 | $31.25,Purchase | Andromeda | 25.10.9,Lab tests,ad name
120232493372810641,Lab Test - 25jul - post 1 - Copy,Lab Test | 25.10.9 | $31.25,Purchase | Andromeda | 25.10.9,Lab tests,ad name
120232493372790641,Lab Test - 25jul - post 3 - Copy,Lab Test | 25.10.9 | $31.25,Purchase | Andromeda | 25.10.9,Lab tests,ad name
120232493372820641,lab test apr 1 - Copy,Lab Test | 25.10.9 | $31.25,Purchase | Andromeda | 25.10.9,Lab tests,ad name
120241994394930641,LT043,Lab Test \\ Testing \\ Problem Solution \\ Pack 1,TESTING ABO | All Services,Lab tests,ad code
120241994384300641,LT071,Lab Test \\ Testing \\ Problem Solution \\ Pack 1,TESTING ABO | All Services,Lab tests,ad code
120241992368200641,LT075,Lab Test \\ Testing \\ Problem Solution \\ Pack 1,TESTING ABO | All Services,Lab tests,ad code
120242452468680641,LT043,Lab Test \\ Testing \\ Problem Solution \\ Pack 1 - Copy,TESTING | Msg Vol | All Services,Lab tests,ad code
120242452468770641,LT071,Lab Test \\ Testing \\ Problem Solution \\ Pack 1 - Copy,TESTING | Msg Vol | All Services,Lab tests,ad code
120242452468820641,LT075,Lab Test \\ Testing \\ Problem Solution \\ Pack 1 - Copy,TESTING | Msg Vol | All Services,Lab tests,ad code
120244361180160641,LT105,Lab Test \\ Offer Testing \\ Mix,TESTING | Msg Vol | All Services,Lab tests,ad code
120244361180170641,LT106,Lab Test \\ Offer Testing \\ Mix,TESTING | Msg Vol | All Services,Lab tests,ad code
120244361180180641,LT107,Lab Test \\ Offer Testing \\ Mix,TESTING | Msg Vol | All Services,Lab tests,ad code
120214518411830641,Fat Loss 25.1.25 - Hook 1,Lab Test | Fat Loss Test | 2025.1.25,📍Lab Test | Original Audince | 2024 Aug 14,Lab tests,ad set name
120214518646190641,Fat Loss 25.1.25 - Hook 2,Lab Test | Fat Loss Test | 2025.1.25,📍Lab Test | Original Audince | 2024 Aug 14,Lab tests,ad set name
120214518646180641,Fat Loss 25.1.25 - Hook 3,Lab Test | Fat Loss Test | 2025.1.25,📍Lab Test | Original Audince | 2024 Aug 14,Lab tests,ad set name
120210280693650641,LT 02 - A,Lab Test | Creative Testing | 2024 Aug 14,📍Lab Test | Original Audince | 2024 Aug 14,Lab tests,ad code
120210280693640641,LT 02 - B,Lab Test | Creative Testing | 2024 Aug 14,📍Lab Test | Original Audince | 2024 Aug 14,Lab tests,ad code
120210280702300641,Lab Test REEL 1,Lab Test | Creative Testing | 2024 Aug 14,📍Lab Test | Original Audince | 2024 Aug 14,Lab tests,ad name
120210280719650641,Lab Test REEL 2,Lab Test | Creative Testing | 2024 Aug 14,📍Lab Test | Original Audince | 2024 Aug 14,Lab tests,ad name
120214518648750641,Old PPl Check 25.1.25 - Hook 1,Lab Test | Old PPl Check | 2025.1.25,📍Lab Test | Original Audince | 2024 Aug 14,Lab tests,ad set name
120214518648760641,Old PPl Check 25.1.25 - Hook 2,Lab Test | Old PPl Check | 2025.1.25,📍Lab Test | Original Audince | 2024 Aug 14,Lab tests,ad set name
120214518648770641,Old PPl Check 25.1.25 - Hook 3,Lab Test | Old PPl Check | 2025.1.25,📍Lab Test | Original Audince | 2024 Aug 14,Lab tests,ad set name
120216996516600641,Ramadan Package,Lab Test | RAMADAN Package | 2025.3.10,📍Lab Test | Original Audince | 2024 Aug 14,Lab tests,ad set name
120216996614340641,Ramadan Package Static,Lab Test | RAMADAN Package 2 | Static Ads | 2025.3.10,📍Lab Test | Original Audince | 2024 Aug 14,Lab tests,ad set name
120223148153700641,lab test apr 1,Lab Test | Creative Testing | 2024 Aug 14,📍Lab Test | Original Audince | 2024 Aug 14,Lab tests,ad name
120223149230950641,lab test apr 2,Lab Test | Creative Testing | 2024 Aug 14,📍Lab Test | Original Audince | 2024 Aug 14,Lab tests,ad name
120224163608700641,مبيعات سرطان الثدي - بدون موسيقى,Lab Test | Breast Cancer | 2025 Mayb 24,📍Lab Test | Original Audince | 2024 Aug 14,Lab tests,ad set name
120224164954960641,‎مبيعات سرطان الثدي - مع موسيقى‎ - Copy,Lab Test | Breast Cancer | 2025 Mayb 24,📍Lab Test | Original Audince | 2024 Aug 14,Lab tests,ad set name
120206279825490641,زيارة ممرض فيديو ١,25+ Baghdad | No Interets | خدمة التمريض,CBO | Testing Campaign | Whatsapp | Mar 13 2024,Nursing,ad name
120206293151560641,‎زيارة ممرض فيديو ٢,25+ Baghdad | No Interets | خدمة التمريض,CBO | Testing Campaign | Whatsapp | Mar 13 2024,Nursing,ad name
120244632022170641,Maadh Nursing Video 3 | 2024 Nov 12 - Copy 3,Mix services | Calls,Calls Test,Nursing,ad name
120244631748730641,NS006,Mix services | Calls,Calls Test,Nursing,ad code
120244631253780641,Nursing - Aug - Cutdown 2,Mix services | Calls,Calls Test,Nursing,ad name
120244631518040641,Nursing - Aug - Cutdown 2 - Copy,Mix services | Calls,Calls Test,Nursing,ad name
120244632147810641,Nursing - Feedback 3,Mix services | Calls,Calls Test,Nursing,ad name
120206662820210641,Nur01 - image,Nursing,Creative Testing Hub,Nursing,ad code
120206914808350641,Nur02 - image,Nursing,Creative Testing Hub,Nursing,ad code
120207486366950641,Nur03 - Image,Nursing | قدم السكري,Creative Testing Hub,Nursing,ad code
120207486487950641,Nur04 - Image,‎Nursing | قرح الفراش,Creative Testing Hub,Nursing,ad code
120206914067830641,‎زيارة ممرض فيديو ١‎ - Copy,Nursing,Creative Testing Hub,Nursing,ad name
120220236537310641,Maadh Nursing Video 3,Baghdad | Nursing,MOF | Website | BRA | CBO $20,Nursing,ad name
120220666264590641,Nur3 | Maadh Nursing Video 3,Baghdad | Nursing,MOF | Whatsapp | BRA | CBO $25,Nursing,ad code
120238560005390641,NS016,Nursing,Messages Campaign | Jan 2026,Nursing,ad code
120238560806820641,NS037,Nursing,Messages Campaign | Jan 2026,Nursing,ad code
120238560846670641,NS038,Nursing,Messages Campaign | Jan 2026,Nursing,ad code
120230497141560641,Mega nursing Aug 31 - H1,Nursing - SCALING - 2025Aug15,Nursing - 2025Aug15,Nursing,ad name
120230681583090641,Mega nursing Aug 31 -H2,Nursing - SCALING - 2025Aug15,Nursing - 2025Aug15,Nursing,ad name
120230681583120641,Mega nursing Aug 31 -H3,Nursing - SCALING - 2025Aug15,Nursing - 2025Aug15,Nursing,ad name
120230681583100641,Mega nursing Aug 31 -H4,Nursing - SCALING - 2025Aug15,Nursing - 2025Aug15,Nursing,ad name
120230681652470641,Mega nursing Aug 31 -H5,Nursing - SCALING - 2025Aug15,Nursing - 2025Aug15,Nursing,ad name
120230681583400641,Mega nursing Aug 31 -H6,Nursing - SCALING - 2025Aug15,Nursing - 2025Aug15,Nursing,ad name
120230681583110641,Mega nursing Aug 31 -H7,Nursing - SCALING - 2025Aug15,Nursing - 2025Aug15,Nursing,ad name
120229424264370641,Nursing - Aug - Cutdown 1 - Price,Nursing - TESTING - 2025Aug17,Nursing - 2025Aug15,Nursing,ad name
120229424064200641,Nursing - Aug - Cutdown 2 - Price,Nursing - TESTING - 2025Aug17,Nursing - 2025Aug15,Nursing,ad name
120229424264340641,Nursing - Aug - H1 - Price,Nursing - TESTING - 2025Aug17,Nursing - 2025Aug15,Nursing,ad name
120229424264350641,Nursing - Aug - H2 - Price,Nursing - TESTING - 2025Aug17,Nursing - 2025Aug15,Nursing,ad name
120229424264360641,Nursing - Aug - H3 - Price,Nursing - TESTING - 2025Aug17,Nursing - 2025Aug15,Nursing,ad name
120229326176920641,Nursing - Feedback 3 - 25Aug3 - Copy,Nursing - SCALING - 2025Aug15,Nursing - 2025Aug15,Nursing,ad name
120229326176900641,Nursing - Repackaged - 25Aug3 - Copy,Nursing - SCALING - 2025Aug15,Nursing - 2025Aug15,Nursing,ad name
120230695629130641,Nursing Design Sep 6 - 1,Nursing - TESTING - 2025Aug17,Nursing - 2025Aug15,Nursing,ad name
120230695629140641,Nursing Design Sep 6 - 2,Nursing - TESTING - 2025Aug17,Nursing - 2025Aug15,Nursing,ad name
120230695629150641,Nursing Design Sep 6 - 3,Nursing - TESTING - 2025Aug17,Nursing - 2025Aug15,Nursing,ad name
120230695629160641,Nursing Design Sep 6 - 4,Nursing - TESTING - 2025Aug17,Nursing - 2025Aug15,Nursing,ad name
120230695629170641,Nursing Design Sep 6 - 5,Nursing - TESTING - 2025Aug17,Nursing - 2025Aug15,Nursing,ad name
120229326176910641,Nursing May 1 - H1 - Copy 3,Nursing - SCALING - 2025Aug15,Nursing - 2025Aug15,Nursing,ad name
120229376525310641,Nursing May 1 - H1 - Price,Nursing - SCALING - 2025Aug15,Nursing - 2025Aug15,Nursing,ad name
120229376525300641,Nursing May 1 - H2 - Price,Nursing - SCALING - 2025Aug15,Nursing - 2025Aug15,Nursing,ad name
120229376525290641,Nursing May 1 - H5 - Price,Nursing - SCALING - 2025Aug15,Nursing - 2025Aug15,Nursing,ad name
120228728416680641,Nursing - Carousell - 25Aug3,Nursing | Ad Set 4 | Broad | Carousell + Repackaged,Nursing - CBO - 2025Aug1,Nursing,ad name
120228728158630641,Nursing - Direct 1 (Ai Hook) - 25Aug3 - Copy,Nursing | Ad Set 1 | Broad | Maad Style + UGC + Storytelling | 20$ Max,Nursing - CBO - 2025Aug1,Nursing,ad name
120228728078930641,Nursing - Direct 1 (Human Hook) - 25Aug3,Nursing | Ad Set 1 | Broad | Maad Style + UGC + Storytelling | 20$ Max,Nursing - CBO - 2025Aug1,Nursing,ad name
120228728847460641,Nursing - Feedback 1 - 25Aug3,Nursing | Ad Set 3 | Pur Rt | Static Numbers + Testimonials | 5$ Max,Nursing - CBO - 2025Aug1,Nursing,ad name
120228728865690641,Nursing - Feedback 2 - 25Aug3,Nursing | Ad Set 3 | Pur Rt | Static Numbers + Testimonials | 5$ Max,Nursing - CBO - 2025Aug1,Nursing,ad name
120228728866650641,Nursing - Feedback 3 - 25Aug3,Nursing | Ad Set 3 | Pur Rt | Static Numbers + Testimonials | 5$ Max,Nursing - CBO - 2025Aug1,Nursing,ad name
120228728581240641,Nursing - Numbers - 25Aug3,Nursing | Ad Set 3 | Pur Rt | Static Numbers + Testimonials | 5$ Max,Nursing - CBO - 2025Aug1,Nursing,ad name
120228728476510641,Nursing - Repackaged - 25Aug3,Nursing | Ad Set 4 | Broad | Carousell + Repackaged,Nursing - CBO - 2025Aug1,Nursing,ad name
120228728078920641,Nursing - Storytelling - 25Aug3,Nursing | Ad Set 1 | Broad | Maad Style + UGC + Storytelling | 20$ Max,Nursing - CBO - 2025Aug1,Nursing,ad name
120228728334500641,Nursing - Talking Head - 25Aug3,Nursing | Ad Set 2 | Broad | Talking Head | Max $9,Nursing - CBO - 2025Aug1,Nursing,ad name
120228728008810641,Nursing - UGC - 25Aug3,Nursing | Ad Set 1 | Broad | Maad Style + UGC + Storytelling | 20$ Max,Nursing - CBO - 2025Aug1,Nursing,ad name
120228579427410641,Nursing May 1 - H1 - Copy,LAL VV 1% - $10 | Nursing Feb 2 - Hook 1,Nursing - CBO - 2025Aug1,Nursing,ad name
120228579427220641,Nursing May 1 - H1 - Copy 2,Nursing | Sales + call center LAL | $10,Nursing - CBO - 2025Aug1,Nursing,ad name
120228579427870641,Nursing May 1 - H1 - Copy 2,Nursing | Ad Set 1 | Broad | Maad Style + UGC + Storytelling | 20$ Max,Nursing - CBO - 2025Aug1,Nursing,ad name
120228579427270641,Nursing May 1 - H2 - Copy,LAL VV 1% - $10 | Nursing Feb 2 - Hook 1,Nursing - CBO - 2025Aug1,Nursing,ad name
120228579427190641,Nursing May 1 - H2 - Copy 2,Nursing | Sales + call center LAL | $10,Nursing - CBO - 2025Aug1,Nursing,ad name
120228579427790641,Nursing May 1 - H2 - Copy 2,Nursing | Ad Set 1 | Broad | Maad Style + UGC + Storytelling | 20$ Max,Nursing - CBO - 2025Aug1,Nursing,ad name
120228579427030641,Nursing May 1 - H3 - Copy 2,Nursing | Sales + call center LAL | $10,Nursing - CBO - 2025Aug1,Nursing,ad name
120228579427860641,Nursing May 1 - H3 - Copy 2,Nursing | Ad Set 1 | Broad | Maad Style + UGC + Storytelling | 20$ Max,Nursing - CBO - 2025Aug1,Nursing,ad name
120228579427260641,Nursing May 1 - H4 - Copy,LAL VV 1% - $10 | Nursing Feb 2 - Hook 1,Nursing - CBO - 2025Aug1,Nursing,ad name
120228579427230641,Nursing May 1 - H4 - Copy 2,Nursing | Sales + call center LAL | $10,Nursing - CBO - 2025Aug1,Nursing,ad name
120228579427840641,Nursing May 1 - H4 - Copy 2,Nursing | Ad Set 1 | Broad | Maad Style + UGC + Storytelling | 20$ Max,Nursing - CBO - 2025Aug1,Nursing,ad name
120228579427180641,Nursing May 1 - H5 - Copy 2,Nursing | Sales + call center LAL | $10,Nursing - CBO - 2025Aug1,Nursing,ad name
120228579427250641,Nursing May 1 - H5 - Copy 2,Nursing | Ad Set 1 | Broad | Maad Style + UGC + Storytelling | 20$ Max,Nursing - CBO - 2025Aug1,Nursing,ad name
120228579427800641,Nursing May 1 - H6 - Copy 2,Nursing | Ad Set 1 | Broad | Maad Style + UGC + Storytelling | 20$ Max,Nursing - CBO - 2025Aug1,Nursing,ad name
120212396147060641,Maadh Nursing Video 3 | 2024 Nov 12,Nursing | IG & FB +18 | WA,Nursing CBO 2024/5/19,Nursing,ad name
120212396297410641,Maadh Nursing Video 3 | 2024 Nov 12 - Copy,Nursing | Facebook Only | WhatsApp,Nursing CBO 2024/5/19,Nursing,ad name
120212396297380641,Maadh Nursing Video 3 | 2024 Nov 12 - Copy,Nursing | IG Only | WA,Nursing CBO 2024/5/19,Nursing,ad name
120215603312910641,Nursing Feb 1 - Hook 1,Nursing | IG & FB +18 | WA,Nursing CBO 2024/5/19,Nursing,ad name
120215603623570641,Nursing Feb 1 - Hook 1 - Copy,Nursing | Facebook Only | WhatsApp,Nursing CBO 2024/5/19,Nursing,ad name
120215603615620641,Nursing Feb 1 - Hook 1 - Copy,Nursing | IG Only | WA,Nursing CBO 2024/5/19,Nursing,ad name
120215603422820641,Nursing Feb 1 - Hook 2,Nursing | IG & FB +18 | WA,Nursing CBO 2024/5/19,Nursing,ad name
120215603623560641,Nursing Feb 1 - Hook 2 - Copy,Nursing | Facebook Only | WhatsApp,Nursing CBO 2024/5/19,Nursing,ad name
120215603615590641,Nursing Feb 1 - Hook 2 - Copy,Nursing | IG Only | WA,Nursing CBO 2024/5/19,Nursing,ad name
120215603446620641,Nursing Feb 1 - Hook 3,Nursing | IG & FB +18 | WA,Nursing CBO 2024/5/19,Nursing,ad name
120215603615610641,Nursing Feb 1 - Hook 3 - Copy,Nursing | IG Only | WA,Nursing CBO 2024/5/19,Nursing,ad name
120215603623610641,Nursing Feb 1 - Hook 3 - Copy,Nursing | Facebook Only | WhatsApp,Nursing CBO 2024/5/19,Nursing,ad name
120215603463930641,Nursing Feb 2 - Hook 1,Nursing | IG & FB +18 | WA,Nursing CBO 2024/5/19,Nursing,ad name
120215603615630641,Nursing Feb 2 - Hook 1 - Copy,Nursing | IG Only | WA,Nursing CBO 2024/5/19,Nursing,ad name
120215603623590641,Nursing Feb 2 - Hook 1 - Copy,Nursing | Facebook Only | WhatsApp,Nursing CBO 2024/5/19,Nursing,ad name
120215603570530641,Nursing Feb 2 - Hook 2,Nursing | IG & FB +18 | WA,Nursing CBO 2024/5/19,Nursing,ad name
120215603623600641,Nursing Feb 2 - Hook 2 - Copy,Nursing | Facebook Only | WhatsApp,Nursing CBO 2024/5/19,Nursing,ad name
120215603615580641,Nursing Feb 2 - Hook 2 - Copy,Nursing | IG Only | WA,Nursing CBO 2024/5/19,Nursing,ad name
120215603586620641,Nursing Feb 2 - Hook 3,Nursing | IG & FB +18 | WA,Nursing CBO 2024/5/19,Nursing,ad name
120215603615600641,Nursing Feb 2 - Hook 3 - Copy,Nursing | IG Only | WA,Nursing CBO 2024/5/19,Nursing,ad name
120215603623580641,Nursing Feb 2 - Hook 3 - Copy,Nursing | Facebook Only | WhatsApp,Nursing CBO 2024/5/19,Nursing,ad name
120208467510060641,Nursing Video Maadh Cut - 15s,Nursing | Facebook Only | Messenger,Nursing CBO 2024/5/19,Nursing,ad name
120208467514190641,Nursing Video Maadh Cut - 15s,Nursing | Healthcare and Medical Services | Facebook Only | Messenger - Copy,Nursing CBO 2024/5/19,Nursing,ad name
120208467539070641,Nursing Video Maadh Cut - 15s ⚡️,Nursing | IG & FB +18 | WA,Nursing CBO 2024/5/19,Nursing,ad name
120208467533280641,Nursing Video Maadh Cut - 15s ⚡️,Nursing | IG Only | WA,Nursing CBO 2024/5/19,Nursing,ad name
120208467312870641,Nursing Video Maadh Cut - 15s ⚡️,Nursing | Facebook Only | WhatsApp,Nursing CBO 2024/5/19,Nursing,ad name
120208467510050641,Nursing Video Maadh Cut - 22s,Nursing | Facebook Only | Messenger,Nursing CBO 2024/5/19,Nursing,ad name
120208467514200641,Nursing Video Maadh Cut - 22s,Nursing | Healthcare and Medical Services | Facebook Only | Messenger - Copy,Nursing CBO 2024/5/19,Nursing,ad name
120208467539060641,Nursing Video Maadh Cut - 22s ⚡️,Nursing | IG & FB +18 | WA,Nursing CBO 2024/5/19,Nursing,ad name
120208467533290641,Nursing Video Maadh Cut - 22s ⚡️,Nursing | IG Only | WA,Nursing CBO 2024/5/19,Nursing,ad name
120208467312860641,Nursing Video Maadh Cut - 22s ⚡️,Nursing | Facebook Only | WhatsApp,Nursing CBO 2024/5/19,Nursing,ad name
120208467510030641,Nursing Video Maadh Cut - 26s full,Nursing | Facebook Only | Messenger,Nursing CBO 2024/5/19,Nursing,ad name
120208467514170641,Nursing Video Maadh Cut - 26s full,Nursing | Healthcare and Medical Services | Facebook Only | Messenger - Copy,Nursing CBO 2024/5/19,Nursing,ad name
120208466688840641,Nursing Video Maadh Cut - 26s full,Nursing | Facebook Only | WhatsApp,Nursing CBO 2024/5/19,Nursing,ad name
120208467533270641,Nursing Video Maadh Cut - 26s full,Nursing | IG Only | WA,Nursing CBO 2024/5/19,Nursing,ad name
120208467539040641,Nursing Video Maadh Cut - 26s full,Nursing | IG & FB +18 | WA,Nursing CBO 2024/5/19,Nursing,ad name
120211500881460641,شنو راح تسوي لو كنت بمكان علي?!,Nursing | IG & FB +18 | WA,Nursing CBO 2024/5/19,Nursing,ad set name
120211593407300641,❌ Nursing 07,Nursing | Testing | WA,Nursing TESTING CBO 2024/10/10,Nursing,ad name
120211593643500641,❌ Nursing 08 - A,Nursing | Testing | WA,Nursing TESTING CBO 2024/10/10,Nursing,ad name
120211593646340641,❌Nursing 08 - B,Nursing | Testing | WA,Nursing TESTING CBO 2024/10/10,Nursing,ad name
120211593652060641,❌Nursing 08 - C,Nursing | Testing | WA,Nursing TESTING CBO 2024/10/10,Nursing,ad name
120211593654460641,❌Nursing 09 - A,Nursing | Testing | WA,Nursing TESTING CBO 2024/10/10,Nursing,ad name
120211593670360641,❌Nursing 09 - B,Nursing | Testing | WA,Nursing TESTING CBO 2024/10/10,Nursing,ad name
120212331773680641,Nursing 2 - Grandpa,$15 A+,Nursing Testing 2024/11/10,Nursing,ad name
120212331769550641,Nursing 2 - Kid,$15 A+,Nursing Testing 2024/11/10,Nursing,ad name
120212331723210641,Nursing 2 - grandma,$15 A+,Nursing Testing 2024/11/10,Nursing,ad name
120215603634020641,Nursing Feb 1 - Hook 1 - Copy,$15 A+,Nursing Testing 2024/11/10,Nursing,ad name
120215603634050641,Nursing Feb 1 - Hook 2 - Copy,$15 A+,Nursing Testing 2024/11/10,Nursing,ad name
120215603634140641,Nursing Feb 1 - Hook 3 - Copy,$15 A+,Nursing Testing 2024/11/10,Nursing,ad name
120215603634100641,Nursing Feb 2 - Hook 1 - Copy,$15 A+,Nursing Testing 2024/11/10,Nursing,ad name
120215603634000641,Nursing Feb 2 - Hook 2 - Copy,$15 A+,Nursing Testing 2024/11/10,Nursing,ad name
120215603634010641,Nursing Feb 2 - Hook 3 - Copy,$15 A+,Nursing Testing 2024/11/10,Nursing,ad name
120224400085810641,Nursing May 1 - H1,Nursing | Broad | $15,Nursing | $35 - Copy,Nursing,ad name
120224400085690641,Nursing May 1 - H1 - Copy,Nursing | Sales + call center LAL | $10,Nursing | $35 - Copy,Nursing,ad name
120224400085830641,Nursing May 1 - H1 - Copy,LAL VV 1% - $10 | Nursing Feb 2 - Hook 1,Nursing | $35 - Copy,Nursing,ad name
120224400085800641,Nursing May 1 - H2,Nursing | Broad | $15,Nursing | $35 - Copy,Nursing,ad name
120224400085720641,Nursing May 1 - H2 - Copy,Nursing | Sales + call center LAL | $10,Nursing | $35 - Copy,Nursing,ad name
120224400085920641,Nursing May 1 - H2 - Copy,LAL VV 1% - $10 | Nursing Feb 2 - Hook 1,Nursing | $35 - Copy,Nursing,ad name
120224400085730641,Nursing May 1 - H3,Nursing | Broad | $15,Nursing | $35 - Copy,Nursing,ad name
120224400085650641,Nursing May 1 - H3 - Copy,LAL VV 1% - $10 | Nursing Feb 2 - Hook 1,Nursing | $35 - Copy,Nursing,ad name
120224400085280641,Nursing May 1 - H3 - Copy,Nursing | Sales + call center LAL | $10,Nursing | $35 - Copy,Nursing,ad name
120224400085740641,Nursing May 1 - H4,Nursing | Broad | $15,Nursing | $35 - Copy,Nursing,ad name
120224400085850641,Nursing May 1 - H4 - Copy,LAL VV 1% - $10 | Nursing Feb 2 - Hook 1,Nursing | $35 - Copy,Nursing,ad name
120224400085710641,Nursing May 1 - H4 - Copy,Nursing | Sales + call center LAL | $10,Nursing | $35 - Copy,Nursing,ad name
120224400085700641,Nursing May 1 - H5,Nursing | Broad | $15,Nursing | $35 - Copy,Nursing,ad name
120224400085670641,Nursing May 1 - H5 - Copy,Nursing | Sales + call center LAL | $10,Nursing | $35 - Copy,Nursing,ad name
120224400085840641,Nursing May 1 - H5 - Copy,LAL VV 1% - $10 | Nursing Feb 2 - Hook 1,Nursing | $35 - Copy,Nursing,ad name
120224400085790641,Nursing May 1 - H6,Nursing | Broad | $15,Nursing | $35 - Copy,Nursing,ad name
120224400085870641,Nursing May 1 - H6 - Copy,LAL VV 1% - $10 | Nursing Feb 2 - Hook 1,Nursing | $35 - Copy,Nursing,ad name
120224400085660641,Nursing May 1 - H6 - Copy,Nursing | Sales + call center LAL | $10,Nursing | $35 - Copy,Nursing,ad name
120225660544880641,Nursing May 1 - H1,Nursing | Broad | $15,Nursing | $35 - Respond.io,Nursing,ad name
120225660545420641,Nursing May 1 - H1 - Copy,Nursing | Sales + call center LAL | $10,Nursing | $35 - Respond.io,Nursing,ad name
120225660545510641,Nursing May 1 - H1 - Copy,LAL VV 1% - $10 | Nursing Feb 2 - Hook 1,Nursing | $35 - Respond.io,Nursing,ad name
120225660545560641,Nursing May 1 - H2,Nursing | Broad | $15,Nursing | $35 - Respond.io,Nursing,ad name
120225660545390641,Nursing May 1 - H2 - Copy,LAL VV 1% - $10 | Nursing Feb 2 - Hook 1,Nursing | $35 - Respond.io,Nursing,ad name
120225660545150641,Nursing May 1 - H2 - Copy,Nursing | Sales + call center LAL | $10,Nursing | $35 - Respond.io,Nursing,ad name
120225660544640641,Nursing May 1 - H3,Nursing | Broad | $15,Nursing | $35 - Respond.io,Nursing,ad name
120225660544870641,Nursing May 1 - H3 - Copy,Nursing | Sales + call center LAL | $10,Nursing | $35 - Respond.io,Nursing,ad name
120225660545480641,Nursing May 1 - H3 - Copy,LAL VV 1% - $10 | Nursing Feb 2 - Hook 1,Nursing | $35 - Respond.io,Nursing,ad name
120225660545490641,Nursing May 1 - H4,Nursing | Broad | $15,Nursing | $35 - Respond.io,Nursing,ad name
120225660545550641,Nursing May 1 - H4 - Copy,LAL VV 1% - $10 | Nursing Feb 2 - Hook 1,Nursing | $35 - Respond.io,Nursing,ad name
120225660545500641,Nursing May 1 - H4 - Copy,Nursing | Sales + call center LAL | $10,Nursing | $35 - Respond.io,Nursing,ad name
120225660545470641,Nursing May 1 - H5,Nursing | Broad | $15,Nursing | $35 - Respond.io,Nursing,ad name
120225660545020641,Nursing May 1 - H5 - Copy,Nursing | Sales + call center LAL | $10,Nursing | $35 - Respond.io,Nursing,ad name
120225660545460641,Nursing May 1 - H5 - Copy,LAL VV 1% - $10 | Nursing Feb 2 - Hook 1,Nursing | $35 - Respond.io,Nursing,ad name
120225660545530641,Nursing May 1 - H6,Nursing | Broad | $15,Nursing | $35 - Respond.io,Nursing,ad name
120225660544900641,Nursing May 1 - H6 - Copy,LAL VV 1% - $10 | Nursing Feb 2 - Hook 1,Nursing | $35 - Respond.io,Nursing,ad name
120225660545400641,Nursing May 1 - H6 - Copy,Nursing | Sales + call center LAL | $10,Nursing | $35 - Respond.io,Nursing,ad name
120226320692730641,Nursing May 1 - H1 - Copy,LAL VV 1% - $10 | Nursing Feb 2 - Hook 1,Nursing | $35 - Respond.io - Copy,Nursing,ad name
120226321198190641,Nursing May 1 - H1 - Copy 2,Nursing | Broad | $15,Nursing | $35 - Respond.io - Copy,Nursing,ad name
120226321194400641,Nursing May 1 - H1 - Copy 2,Nursing | Sales + call center LAL | $10,Nursing | $35 - Respond.io - Copy,Nursing,ad name
120226320692880641,Nursing May 1 - H2 - Copy,LAL VV 1% - $10 | Nursing Feb 2 - Hook 1,Nursing | $35 - Respond.io - Copy,Nursing,ad name
120226321194370641,Nursing May 1 - H2 - Copy 2,Nursing | Sales + call center LAL | $10,Nursing | $35 - Respond.io - Copy,Nursing,ad name
120226321198200641,Nursing May 1 - H2 - Copy 2,Nursing | Broad | $15,Nursing | $35 - Respond.io - Copy,Nursing,ad name
120226320692710641,Nursing May 1 - H3 - Copy,LAL VV 1% - $10 | Nursing Feb 2 - Hook 1,Nursing | $35 - Respond.io - Copy,Nursing,ad name
120226321198180641,Nursing May 1 - H3 - Copy 2,Nursing | Broad | $15,Nursing | $35 - Respond.io - Copy,Nursing,ad name
120226321194420641,Nursing May 1 - H3 - Copy 2,Nursing | Sales + call center LAL | $10,Nursing | $35 - Respond.io - Copy,Nursing,ad name
120226320692400641,Nursing May 1 - H4 - Copy,LAL VV 1% - $10 | Nursing Feb 2 - Hook 1,Nursing | $35 - Respond.io - Copy,Nursing,ad name
120226321194410641,Nursing May 1 - H4 - Copy 2,Nursing | Sales + call center LAL | $10,Nursing | $35 - Respond.io - Copy,Nursing,ad name
120226321198210641,Nursing May 1 - H4 - Copy 2,Nursing | Broad | $15,Nursing | $35 - Respond.io - Copy,Nursing,ad name
120226320692780641,Nursing May 1 - H5 - Copy,LAL VV 1% - $10 | Nursing Feb 2 - Hook 1,Nursing | $35 - Respond.io - Copy,Nursing,ad name
120226321198230641,Nursing May 1 - H5 - Copy 2,Nursing | Broad | $15,Nursing | $35 - Respond.io - Copy,Nursing,ad name
120226321194390641,Nursing May 1 - H5 - Copy 2,Nursing | Sales + call center LAL | $10,Nursing | $35 - Respond.io - Copy,Nursing,ad name
120226320692870641,Nursing May 1 - H6 - Copy,LAL VV 1% - $10 | Nursing Feb 2 - Hook 1,Nursing | $35 - Respond.io - Copy,Nursing,ad name
120226321194380641,Nursing May 1 - H6 - Copy 2,Nursing | Sales + call center LAL | $10,Nursing | $35 - Respond.io - Copy,Nursing,ad name
120226321198220641,Nursing May 1 - H6 - Copy 2,Nursing | Broad | $15,Nursing | $35 - Respond.io - Copy,Nursing,ad name
120227303716950641,Nursing May 1 - H1 - Copy,LAL VV 1% - $10 | Nursing Feb 2 - Hook 1,Nursing | $35 - Respond.io 2025Jul10,Nursing,ad name
120227303717390641,Nursing May 1 - H1 - Copy 2,Nursing | Broad | $15,Nursing | $35 - Respond.io 2025Jul10,Nursing,ad name
120227303716870641,Nursing May 1 - H1 - Copy 2,Nursing | Sales + call center LAL | $10,Nursing | $35 - Respond.io 2025Jul10,Nursing,ad name
120227303717010641,Nursing May 1 - H2 - Copy,LAL VV 1% - $10 | Nursing Feb 2 - Hook 1,Nursing | $35 - Respond.io 2025Jul10,Nursing,ad name
120227303716960641,Nursing May 1 - H2 - Copy 2,Nursing | Sales + call center LAL | $10,Nursing | $35 - Respond.io 2025Jul10,Nursing,ad name
120227303717380641,Nursing May 1 - H2 - Copy 2,Nursing | Broad | $15,Nursing | $35 - Respond.io 2025Jul10,Nursing,ad name
120227303716940641,Nursing May 1 - H3 - Copy,LAL VV 1% - $10 | Nursing Feb 2 - Hook 1,Nursing | $35 - Respond.io 2025Jul10,Nursing,ad name
120227303717430641,Nursing May 1 - H3 - Copy 2,Nursing | Broad | $15,Nursing | $35 - Respond.io 2025Jul10,Nursing,ad name
120227303716970641,Nursing May 1 - H3 - Copy 2,Nursing | Sales + call center LAL | $10,Nursing | $35 - Respond.io 2025Jul10,Nursing,ad name
120227303716920641,Nursing May 1 - H4 - Copy,LAL VV 1% - $10 | Nursing Feb 2 - Hook 1,Nursing | $35 - Respond.io 2025Jul10,Nursing,ad name
120227303717480641,Nursing May 1 - H4 - Copy 2,Nursing | Sales + call center LAL | $10,Nursing | $35 - Respond.io 2025Jul10,Nursing,ad name
120227303717550641,Nursing May 1 - H4 - Copy 2,Nursing | Broad | $15,Nursing | $35 - Respond.io 2025Jul10,Nursing,ad name
120227303717440641,Nursing May 1 - H5 - Copy,LAL VV 1% - $10 | Nursing Feb 2 - Hook 1,Nursing | $35 - Respond.io 2025Jul10,Nursing,ad name
120227303717520641,Nursing May 1 - H5 - Copy 2,Nursing | Broad | $15,Nursing | $35 - Respond.io 2025Jul10,Nursing,ad name
120227303717460641,Nursing May 1 - H5 - Copy 2,Nursing | Sales + call center LAL | $10,Nursing | $35 - Respond.io 2025Jul10,Nursing,ad name
120227303716810641,Nursing May 1 - H6 - Copy,LAL VV 1% - $10 | Nursing Feb 2 - Hook 1,Nursing | $35 - Respond.io 2025Jul10,Nursing,ad name
120227303717400641,Nursing May 1 - H6 - Copy 2,Nursing | Broad | $15,Nursing | $35 - Respond.io 2025Jul10,Nursing,ad name
120227303717410641,Nursing May 1 - H6 - Copy 2,Nursing | Sales + call center LAL | $10,Nursing | $35 - Respond.io 2025Jul10,Nursing,ad name
120227412240370641,Nursing May 1 - H1 - Copy,LAL VV 1% - $10 | Nursing Feb 2 - Hook 1,Nursing | $35 - Respond.io 2025Jul13,Nursing,ad name
120227412240410641,Nursing May 1 - H1 - Copy 2,Nursing | Sales + call center LAL | $10,Nursing | $35 - Respond.io 2025Jul13,Nursing,ad name
120227412240330641,Nursing May 1 - H1 - Copy 2,Nursing | Broad | $15,Nursing | $35 - Respond.io 2025Jul13,Nursing,ad name
120227412240380641,Nursing May 1 - H2 - Copy,LAL VV 1% - $10 | Nursing Feb 2 - Hook 1,Nursing | $35 - Respond.io 2025Jul13,Nursing,ad name
120227412240320641,Nursing May 1 - H2 - Copy 2,Nursing | Broad | $15,Nursing | $35 - Respond.io 2025Jul13,Nursing,ad name
120227412240390641,Nursing May 1 - H2 - Copy 2,Nursing | Sales + call center LAL | $10,Nursing | $35 - Respond.io 2025Jul13,Nursing,ad name
120227412240490641,Nursing May 1 - H3 - Copy 2,Nursing | Broad | $15,Nursing | $35 - Respond.io 2025Jul13,Nursing,ad name
120227412240350641,Nursing May 1 - H4 - Copy,LAL VV 1% - $10 | Nursing Feb 2 - Hook 1,Nursing | $35 - Respond.io 2025Jul13,Nursing,ad name
120227412240450641,Nursing May 1 - H4 - Copy 2,Nursing | Broad | $15,Nursing | $35 - Respond.io 2025Jul13,Nursing,ad name
120227412240430641,Nursing May 1 - H5 - Copy 2,Nursing | Broad | $15,Nursing | $35 - Respond.io 2025Jul13,Nursing,ad name
120227412240340641,Nursing May 1 - H6 - Copy 2,Nursing | Broad | $15,Nursing | $35 - Respond.io 2025Jul13,Nursing,ad name
120227412240300641,Nursing May 1 - H6 - Copy 2,Nursing | Sales + call center LAL | $10,Nursing | $35 - Respond.io 2025Jul13,Nursing,ad name
120227445417800641,Nursing May 1 - H1 - Copy,LAL VV 1% - $10 | Nursing Feb 2 - Hook 1,Nursing | $35 - Respond.io 2025Jul13 - Copy,Nursing,ad name
120227445418170641,Nursing May 1 - H1 - Copy 2,Nursing | Broad | $15,Nursing | $35 - Respond.io 2025Jul13 - Copy,Nursing,ad name
120227445418120641,Nursing May 1 - H1 - Copy 2,Nursing | Sales + call center LAL | $10,Nursing | $35 - Respond.io 2025Jul13 - Copy,Nursing,ad name
120227445417840641,Nursing May 1 - H2 - Copy,LAL VV 1% - $10 | Nursing Feb 2 - Hook 1,Nursing | $35 - Respond.io 2025Jul13 - Copy,Nursing,ad name
120227445417150641,Nursing May 1 - H2 - Copy 2,Nursing | Sales + call center LAL | $10,Nursing | $35 - Respond.io 2025Jul13 - Copy,Nursing,ad name
120227445417900641,Nursing May 1 - H2 - Copy 2,Nursing | Broad | $15,Nursing | $35 - Respond.io 2025Jul13 - Copy,Nursing,ad name
120227445418060641,Nursing May 1 - H3 - Copy,LAL VV 1% - $10 | Nursing Feb 2 - Hook 1,Nursing | $35 - Respond.io 2025Jul13 - Copy,Nursing,ad name
120227445417140641,Nursing May 1 - H3 - Copy 2,Nursing | Sales + call center LAL | $10,Nursing | $35 - Respond.io 2025Jul13 - Copy,Nursing,ad name
120227445417960641,Nursing May 1 - H3 - Copy 2,Nursing | Broad | $15,Nursing | $35 - Respond.io 2025Jul13 - Copy,Nursing,ad name
120227445417890641,Nursing May 1 - H4 - Copy,LAL VV 1% - $10 | Nursing Feb 2 - Hook 1,Nursing | $35 - Respond.io 2025Jul13 - Copy,Nursing,ad name
120227445417790641,Nursing May 1 - H4 - Copy 2,Nursing | Broad | $15,Nursing | $35 - Respond.io 2025Jul13 - Copy,Nursing,ad name
120227445417980641,Nursing May 1 - H4 - Copy 2,Nursing | Sales + call center LAL | $10,Nursing | $35 - Respond.io 2025Jul13 - Copy,Nursing,ad name
120227445417780641,Nursing May 1 - H5 - Copy,LAL VV 1% - $10 | Nursing Feb 2 - Hook 1,Nursing | $35 - Respond.io 2025Jul13 - Copy,Nursing,ad name
120227445417850641,Nursing May 1 - H5 - Copy 2,Nursing | Sales + call center LAL | $10,Nursing | $35 - Respond.io 2025Jul13 - Copy,Nursing,ad name
120227445417820641,Nursing May 1 - H5 - Copy 2,Nursing | Broad | $15,Nursing | $35 - Respond.io 2025Jul13 - Copy,Nursing,ad name
120227445418050641,Nursing May 1 - H6 - Copy,LAL VV 1% - $10 | Nursing Feb 2 - Hook 1,Nursing | $35 - Respond.io 2025Jul13 - Copy,Nursing,ad name
120227445417970641,Nursing May 1 - H6 - Copy 2,Nursing | Sales + call center LAL | $10,Nursing | $35 - Respond.io 2025Jul13 - Copy,Nursing,ad name
120227445417910641,Nursing May 1 - H6 - Copy 2,Nursing | Broad | $15,Nursing | $35 - Respond.io 2025Jul13 - Copy,Nursing,ad name
120208209682760641,Nursing VIP ad 3,Nursing | $5 | WA & Msgr | Rich PPL | 2024/5/13,Nursing | $5 | WA & Msgr | Rich PPL | 2024/5/13,Nursing,ad name
120208210231090641,Nursing VIP ad 4,Nursing | $5 | WA & Msgr | Rich PPL | 2024/5/13,Nursing | $5 | WA & Msgr | Rich PPL | 2024/5/13,Nursing,ad name
120208270563120641,باكج الرعاية التمريضية لكبار السن,Nursing | $5 | WA & Msgr | Rich PPL | 2024/5/13,Nursing | $5 | WA & Msgr | Rich PPL | 2024/5/13,Nursing,ad name
120208270568520641,رعاية منزلية بعد العمليات,Nursing | $5 | WA & Msgr | Rich PPL | 2024/5/13,Nursing | $5 | WA & Msgr | Rich PPL | 2024/5/13,Nursing,ad name
120238697757110641,NS011,Nursing_Pack1_Videos_Problem Solution_26Jan30,Nursing | $61 | CBO TOFU | Engagement Msgs,Nursing,ad code
120238698199060641,NS015,Nursing_Pack3_Video_Emotional Story_26Jan30,Nursing | $61 | CBO TOFU | Engagement Msgs,Nursing,ad code
120238697909220641,NS018,Nursing_Pack2_Static_Direct Offer_26Jan30,Nursing | $61 | CBO TOFU | Engagement Msgs,Nursing,ad code
120238697757100641,NS040,Nursing_Pack1_Videos_Problem Solution_26Jan30,Nursing | $61 | CBO TOFU | Engagement Msgs,Nursing,ad code
120238697909230641,NS056,Nursing_Pack2_Static_Direct Offer_26Jan30,Nursing | $61 | CBO TOFU | Engagement Msgs,Nursing,ad code
120238698167150641,NS058,Nursing_Pack3_Video_Emotional Story_26Jan30,Nursing | $61 | CBO TOFU | Engagement Msgs,Nursing,ad code
120238698004500641,NS064,Nursing_Pack2_Static_Direct Offer_26Jan30,Nursing | $61 | CBO TOFU | Engagement Msgs,Nursing,ad code
120238698014650641,NS066,Nursing_Pack2_Static_Direct Offer_26Jan30,Nursing | $61 | CBO TOFU | Engagement Msgs,Nursing,ad code
120238698149980641,NS068,Nursing_Pack2_Static_Direct Offer_26Jan30,Nursing | $61 | CBO TOFU | Engagement Msgs,Nursing,ad code
120238698212540641,NS077,Nursing_Pack4_Static_Other_26Jan30,Nursing | $61 | CBO TOFU | Engagement Msgs,Nursing,ad code
120238698218770641,NS078,Nursing_Pack4_Static_Other_26Jan30,Nursing | $61 | CBO TOFU | Engagement Msgs,Nursing,ad code
120238698221210641,NS079,Nursing_Pack4_Static_Other_26Jan30,Nursing | $61 | CBO TOFU | Engagement Msgs,Nursing,ad code
120238698223500641,NS080,Nursing_Pack4_Static_Other_26Jan30,Nursing | $61 | CBO TOFU | Engagement Msgs,Nursing,ad code
120238698225370641,NS081,Nursing_Pack4_Static_Other_26Jan30,Nursing | $61 | CBO TOFU | Engagement Msgs,Nursing,ad code
120248963701150641,NS010 | scaling | Nursing,NS010 | scaling | Nursing,Nursing | 2026 Aug 29,Nursing,ad code
120248963701180641,NS010 | scaling | Nursing - Copy,Nursing Scaling Adset,Nursing | 2026 Aug 29,Nursing,ad code
120248963701130641,NS028 | scaling | Nursing,NS028 | scaling | Nursing,Nursing | 2026 Aug 29,Nursing,ad code
120248963701190641,NS028 | scaling | Nursing - Copy,Nursing Scaling Adset,Nursing | 2026 Aug 29,Nursing,ad code
120248963701210641,NS037 | scaling | Nursing - Copy,Nursing Scaling Adset,Nursing | 2026 Aug 29,Nursing,ad code
120248963701170641,NS058 | scaling | Nursing - Copy,Nursing Scaling Adset,Nursing | 2026 Aug 29,Nursing,ad code
120248963701230641,NS095 | scaling | Nursing,Nursing Scaling Adset,Nursing | 2026 Aug 29,Nursing,ad code
120248963701200641,NS095 | scaling | Nursing - Copy,Nursing Scaling Adset,Nursing | 2026 Aug 29,Nursing,ad code
120249098663900641,NS120 | 🧑🏻‍🎨 Static | PROBLEM AWARE | Comfort angle,Nursing Testing | 2026/9/7,Nursing | 2026 Aug 29,Nursing,ad code
120249099826460641,NS121 | 🎥 Video | Old winning script,Nursing Testing | 2026/9/7,Nursing | 2026 Aug 29,Nursing,ad code
120249100017030641,NS122 | 🎥 Video | Old winning script,Nursing Testing | 2026/9/7,Nursing | 2026 Aug 29,Nursing,ad code
120249252387250641,NS122 | 🎥 Video | Old winning script - Copy,Nursing Scaling Adset,Nursing | 2026 Aug 29,Nursing,ad code
120249100021350641,NS123 | 🧑🏻‍🎨 Static | FEATURE & BENEFIT | Why Choose Home Nursing,Nursing Testing | 2026/9/7,Nursing | 2026 Aug 29,Nursing,ad code
120249100086290641,NS124 | 🧑🏻‍🎨 Static | Problem → Solution | Daily Medication Care at Home,Nursing Testing | 2026/9/7,Nursing | 2026 Aug 29,Nursing,ad code
120249100099980641,"NS126 | 🎥 Video | Comparison Ad | Complete Nursing Care Before, During & After the Visit",Nursing Testing | 2026/9/7,Nursing | 2026 Aug 29,Nursing,ad code
120249100109030641,NS127 | 🎥 Video | Myth Busting | Simple Nursing Procedures Without the Hospital Trip,Nursing Testing | 2026/9/7,Nursing | 2026 Aug 29,Nursing,ad code
120248963701140641,UGC008 | scaling | Nursing,UGC008 | scaling | Nursing,Nursing | 2026 Aug 29,Nursing,ad name
120248963701160641,UGC008 | scaling | Nursing - Copy,Nursing Scaling Adset,Nursing | 2026 Aug 29,Nursing,ad name
120216247356770641,Nursing Feb 1 - Hook 1 - Copy 2,Nursing | LAL,Nursing | 3O CBO | $35 | 2025/2/25,Nursing,ad name
120216196652490641,Nursing Feb 1 - Hook 1 - Copy 2,Retargeting,Nursing | 3O CBO | $35 | 2025/2/25,Nursing,ad name
120216196638480641,Nursing Feb 1 - Hook 1 - Copy 2,Nursing | +A,Nursing | 3O CBO | $35 | 2025/2/25,Nursing,ad name
120216247356740641,Nursing Feb 1 - Hook 2 - Copy 2,Nursing | LAL,Nursing | 3O CBO | $35 | 2025/2/25,Nursing,ad name
120216196638460641,Nursing Feb 1 - Hook 2 - Copy 2,Nursing | +A,Nursing | 3O CBO | $35 | 2025/2/25,Nursing,ad name
120216247356780641,Nursing Feb 1 - Hook 3 - Copy 2,Nursing | LAL,Nursing | 3O CBO | $35 | 2025/2/25,Nursing,ad name
120216196638470641,Nursing Feb 1 - Hook 3 - Copy 2,Nursing | +A,Nursing | 3O CBO | $35 | 2025/2/25,Nursing,ad name
120216196652500641,Nursing Feb 1 - Hook 3 - Copy 2,Retargeting,Nursing | 3O CBO | $35 | 2025/2/25,Nursing,ad name
120216247356730641,Nursing Feb 2 - Hook 1 - Copy 2,Nursing | LAL,Nursing | 3O CBO | $35 | 2025/2/25,Nursing,ad name
120216196638450641,Nursing Feb 2 - Hook 1 - Copy 2,Nursing | +A,Nursing | 3O CBO | $35 | 2025/2/25,Nursing,ad name
120216196652480641,Nursing Feb 2 - Hook 1 - Copy 2,Retargeting,Nursing | 3O CBO | $35 | 2025/2/25,Nursing,ad name
120216247356750641,Nursing Feb 2 - Hook 2 - Copy 2,Nursing | LAL,Nursing | 3O CBO | $35 | 2025/2/25,Nursing,ad name
120216196652460641,Nursing Feb 2 - Hook 2 - Copy 2,Retargeting,Nursing | 3O CBO | $35 | 2025/2/25,Nursing,ad name
120216196638500641,Nursing Feb 2 - Hook 2 - Copy 2,Nursing | +A,Nursing | 3O CBO | $35 | 2025/2/25,Nursing,ad name
120216247356790641,Nursing Feb 2 - Hook 3 - Copy 2,Nursing | LAL,Nursing | 3O CBO | $35 | 2025/2/25,Nursing,ad name
120216196638490641,Nursing Feb 2 - Hook 3 - Copy 2,Nursing | +A,Nursing | 3O CBO | $35 | 2025/2/25,Nursing,ad name
120216196652470641,Nursing Feb 2 - Hook 3 - Copy 2,Retargeting,Nursing | 3O CBO | $35 | 2025/2/25,Nursing,ad name
120216530560500641,Nursing Kanola - Feb 3 - Hook 1,Nursing | +A | Kanola,Nursing | 3O CBO | $35 | 2025/2/25,Nursing,ad name
120216530991560641,Nursing Kanola - Feb 3 - Hook 2,Nursing | +A | Kanola,Nursing | 3O CBO | $35 | 2025/2/25,Nursing,ad name
120216531038020641,Nursing Kanola - Feb 3 - Hook 3,Nursing | +A | Kanola,Nursing | 3O CBO | $35 | 2025/2/25,Nursing,ad name
120217556052730641,Maadh Nursing Video 3 | 2024 Nov 12 - Copy 2,🌟Nursing | LAL | $39 | Rich areas test,Nursing | 3O | $37 | 2025/3/4,Nursing,ad name
120217043230190641,Maadh Nursing Video 3 | 2024 Nov 12 - Copy 2,🌟Nursing | LAL | $10,Nursing | 3O | $37 | 2025/3/4,Nursing,ad name
120217043230210641,Maadh Nursing Video 3 | 2024 Nov 12 - Copy 2,🌟Nursing | +A | $15,Nursing | 3O | $37 | 2025/3/4,Nursing,ad name
120217556052690641,Nursing 2 - grandma - Copy,🌟Nursing | LAL | $39 | Rich areas test,Nursing | 3O | $37 | 2025/3/4,Nursing,ad name
120217043230200641,Nursing 2 - grandma - Copy,🌟Nursing | LAL | $10,Nursing | 3O | $37 | 2025/3/4,Nursing,ad name
120217043230220641,Nursing 2 - grandma - Copy,🌟Nursing | +A | $15,Nursing | 3O | $37 | 2025/3/4,Nursing,ad name
120217556052760641,Nursing Feb 1 - Hook 1 - Copy 2,🌟Nursing | LAL | $39 | Rich areas test,Nursing | 3O | $37 | 2025/3/4,Nursing,ad name
120216723498240641,Nursing Feb 1 - Hook 1 - Copy 2,🌟Retargeting | $6,Nursing | 3O | $37 | 2025/3/4,Nursing,ad name
120216723498170641,Nursing Feb 1 - Hook 1 - Copy 2,🌟Nursing | +A | $15,Nursing | 3O | $37 | 2025/3/4,Nursing,ad name
120216723498110641,Nursing Feb 1 - Hook 1 - Copy 2,🌟Nursing | LAL | $10,Nursing | 3O | $37 | 2025/3/4,Nursing,ad name
120217556052710641,Nursing Feb 1 - Hook 2 - Copy 2,🌟Nursing | LAL | $39 | Rich areas test,Nursing | 3O | $37 | 2025/3/4,Nursing,ad name
120216723498060641,Nursing Feb 1 - Hook 2 - Copy 2,🌟Nursing | LAL | $10,Nursing | 3O | $37 | 2025/3/4,Nursing,ad name
120216723498200641,Nursing Feb 1 - Hook 2 - Copy 2,🌟Nursing | +A | $15,Nursing | 3O | $37 | 2025/3/4,Nursing,ad name
120216723498250641,Nursing Feb 1 - Hook 2 - Copy 2,🌟Retargeting | $6,Nursing | 3O | $37 | 2025/3/4,Nursing,ad name
120217556052740641,Nursing Feb 1 - Hook 3 - Copy 2,🌟Nursing | LAL | $39 | Rich areas test,Nursing | 3O | $37 | 2025/3/4,Nursing,ad name
120216723498270641,Nursing Feb 1 - Hook 3 - Copy 2,🌟Retargeting | $6,Nursing | 3O | $37 | 2025/3/4,Nursing,ad name
120216723498160641,Nursing Feb 1 - Hook 3 - Copy 2,🌟Nursing | LAL | $10,Nursing | 3O | $37 | 2025/3/4,Nursing,ad name
120216723498210641,Nursing Feb 1 - Hook 3 - Copy 2,🌟Nursing | +A | $15,Nursing | 3O | $37 | 2025/3/4,Nursing,ad name
120217556052750641,Nursing Feb 2 - Hook 1 - Copy 2,🌟Nursing | LAL | $39 | Rich areas test,Nursing | 3O | $37 | 2025/3/4,Nursing,ad name
120216723498280641,Nursing Feb 2 - Hook 1 - Copy 2,🌟Nursing | +A | $15,Nursing | 3O | $37 | 2025/3/4,Nursing,ad name
120216723498090641,Nursing Feb 2 - Hook 1 - Copy 2,🌟Nursing | LAL | $10,Nursing | 3O | $37 | 2025/3/4,Nursing,ad name
120216723498190641,Nursing Feb 2 - Hook 1 - Copy 2,🌟Retargeting | $6,Nursing | 3O | $37 | 2025/3/4,Nursing,ad name
120217556052700641,Nursing Feb 2 - Hook 2 - Copy 2,🌟Nursing | LAL | $39 | Rich areas test,Nursing | 3O | $37 | 2025/3/4,Nursing,ad name
120216723498030641,Nursing Feb 2 - Hook 2 - Copy 2,🌟Nursing | +A | $15,Nursing | 3O | $37 | 2025/3/4,Nursing,ad name
120216723498180641,Nursing Feb 2 - Hook 2 - Copy 2,🌟Retargeting | $6,Nursing | 3O | $37 | 2025/3/4,Nursing,ad name
120216723498100641,Nursing Feb 2 - Hook 2 - Copy 2,🌟Nursing | LAL | $10,Nursing | 3O | $37 | 2025/3/4,Nursing,ad name
120216723498050641,Nursing Feb 2 - Hook 3 - Copy 2,🌟Retargeting | $6,Nursing | 3O | $37 | 2025/3/4,Nursing,ad name
120216723498220641,Nursing Feb 2 - Hook 3 - Copy 2,🌟Nursing | +A | $15,Nursing | 3O | $37 | 2025/3/4,Nursing,ad name
120216723498260641,Nursing Feb 2 - Hook 3 - Copy 2,🌟Nursing | LAL | $10,Nursing | 3O | $37 | 2025/3/4,Nursing,ad name
120217556052680641,Nursing Feb 2 - Hook 3 - Copy 2,🌟Nursing | LAL | $39 | Rich areas test,Nursing | 3O | $37 | 2025/3/4,Nursing,ad name
120216723498150641,Nursing Kanola - Feb 3 - Hook 1,Nursing | +A | Kanola | $6,Nursing | 3O | $37 | 2025/3/4,Nursing,ad name
120216723498140641,Nursing Kanola - Feb 3 - Hook 2,Nursing | +A | Kanola | $6,Nursing | 3O | $37 | 2025/3/4,Nursing,ad name
120216723498080641,Nursing Kanola - Feb 3 - Hook 3,Nursing | +A | Kanola | $6,Nursing | 3O | $37 | 2025/3/4,Nursing,ad name
120220261946500641,Nursing March 1,Nursing Testing | Nursing March 1,Nursing | 3O | $37 | 2025/3/4,Nursing,ad name
120216996383860641,اعلان تمريض رمضان,RAMADAN Nursing | +A | $10,Nursing | 3O | $37 | 2025/3/4,Nursing,ad name
120208006821190641,Nursing VIP ad 1,Advantage+ | Targeted Cities | Tailored messages campaign 05/07/2024 Ad set,Nursing | Advantage+ | Targeted Cities | Tailored messages campaign | 2024/5/8,Nursing,ad name
120208007934010641,Nursing VIP ad 2,Advantage+ | Targeted Cities | Tailored messages campaign 05/07/2024 Ad set,Nursing | Advantage+ | Targeted Cities | Tailored messages campaign | 2024/5/8,Nursing,ad name
120208838433460641,Nursing Video Maadh Cut - 22s | IF,Top 3 creatives | $5 | IF | Original Audience | 2024 May 30,Nursing | Instant Forms | 2024 May 30,Nursing,ad name
120243794810750641,NS006 - Copy 3,NS006 | Nursing,Nursing | Msg Vol | WINNERS ABO,Nursing,ad code
120243794810760641,NS010 - Copy 3,NS010 | Nursing,Nursing | Msg Vol | WINNERS ABO,Nursing,ad code
120243794810830641,NS025 - Copy,NS025 | Nursing,Nursing | Msg Vol | WINNERS ABO,Nursing,ad code
120243794810850641,NS028 - scaling,NS028 | Nursing,Nursing | Msg Vol | WINNERS ABO,Nursing,ad code
120243794810740641,NS037 - Copy 3,NS037 | Nursing,Nursing | Msg Vol | WINNERS ABO,Nursing,ad code
120243794810810641,NS040 - scaling,NS040 | Nursing,Nursing | Msg Vol | WINNERS ABO,Nursing,ad code
120243794810800641,NS069,NS069 | Nursing,Nursing | Msg Vol | WINNERS ABO,Nursing,ad code
120246047122210641,NS074 - Emotional Story - Copy,NS074 - Emotional Story,Nursing | Msg Vol | WINNERS ABO,Nursing,ad code
120243794810790641,NS085,NS085 | Nursing,Nursing | Msg Vol | WINNERS ABO,Nursing,ad code
120248433481120641,NS095 - Problem Solution,NS095 - Problem Solution | Nursing,Nursing | Msg Vol | WINNERS ABO,Nursing,ad code
120243794810730641,Nursing Design Sep 6 - 4 - Copy 4,Nursing Design Sep 6 - 4 | Nursing,Nursing | Msg Vol | WINNERS ABO,Nursing,ad name
120243794810770641,UGC008,nursing | UGC008 | Nursing,Nursing | Msg Vol | WINNERS ABO,Nursing,ad set name
120242544788560641,NS006 - Copy 2,NS006,Nursing | Msg Vol | WINNERS CBO,Nursing,ad code
120242544938280641,NS010 - Copy 2,NS010,Nursing | Msg Vol | WINNERS CBO,Nursing,ad code
120242544306820641,NS037 - Copy 2,NS037,Nursing | Msg Vol | WINNERS CBO,Nursing,ad code
120242544448030641,Nursing - Direct 1 (Human Hook) - 25Aug3 - Copy 3,Nursing - Direct 1 (Human Hook) - 25Aug3,Nursing | Msg Vol | WINNERS CBO,Nursing,ad name
120242544394720641,Nursing - Feedback 1 - 25Aug3 - Copy 3,Nursing - Feedback 1 - 25Aug3,Nursing | Msg Vol | WINNERS CBO,Nursing,ad name
120242544734060641,Nursing Design Sep 6 - 2 - Copy 3,Nursing Design Sep 6 - 2,Nursing | Msg Vol | WINNERS CBO,Nursing,ad name
120242544356380641,Nursing Design Sep 6 - 4 - Copy 3,Nursing Design Sep 6 - 4,Nursing | Msg Vol | WINNERS CBO,Nursing,ad name
120242571747590641,NS006 - Copy 3,NS006 | Nursing,Nursing | Msg Vol | WINNERS CBO - Copy,Nursing,ad code
120242571719690641,NS010 - Copy 3,NS010 | Nursing,Nursing | Msg Vol | WINNERS CBO - Copy,Nursing,ad code
120243232541440641,NS025 - Copy,NS025 | Nursing,Nursing | Msg Vol | WINNERS CBO - Copy,Nursing,ad code
120243612483370641,NS028 - scaling,NS028 | Nursing,Nursing | Msg Vol | WINNERS CBO - Copy,Nursing,ad code
120242571297870641,NS037 - Copy 3,NS037 | Nursing,Nursing | Msg Vol | WINNERS CBO - Copy,Nursing,ad code
120243612228250641,NS040 - scaling,NS040 | Nursing,Nursing | Msg Vol | WINNERS CBO - Copy,Nursing,ad code
120242675830740641,NS069,NS069 | Nursing,Nursing | Msg Vol | WINNERS CBO - Copy,Nursing,ad code
120243559327770641,NS085,NS085 | Nursing,Nursing | Msg Vol | WINNERS CBO - Copy,Nursing,ad code
120242571769130641,Nursing - Direct 1 (Human Hook) - 25Aug3 - Copy 4,Nursing - Direct 1 (Human Hook) - 25Aug3 | Nursing,Nursing | Msg Vol | WINNERS CBO - Copy,Nursing,ad name
120242571280540641,Nursing - Feedback 1 - 25Aug3 - Copy 4,Nursing - Feedback 1 - 25Aug3 | Nursing,Nursing | Msg Vol | WINNERS CBO - Copy,Nursing,ad name
120242571239990641,Nursing Design Sep 6 - 2 - Copy 4,Nursing Design Sep 6 - 2 | Nursing,Nursing | Msg Vol | WINNERS CBO - Copy,Nursing,ad name
120242571802290641,Nursing Design Sep 6 - 4 - Copy 4,Nursing Design Sep 6 - 4 | Nursing,Nursing | Msg Vol | WINNERS CBO - Copy,Nursing,ad name
120243023722260641,UGC008,nursing | UGC008 | Nursing,Nursing | Msg Vol | WINNERS CBO - Copy,Nursing,ad set name
120208008060770641,Nursing VIP ad 1,Nursing | 2 top creatives | 2024/5/8,Nursing | Original Audience | Feed Only | 2024/5/8,Nursing,ad name
120208009960850641,Nursing VIP ad 2,Nursing | 2 top creatives | 2024/5/8,Nursing | Original Audience | Feed Only | 2024/5/8,Nursing,ad name
120248650879950641,NS010 | scaling | Nursing,NS010 | scaling | Nursing,Nursing | Pur through Msg | 2026 Aug 11,Nursing,ad code
120248651129210641,NS010 | scaling | Nursing - Copy,Nursing Scaling Adset,Nursing | Pur through Msg | 2026 Aug 11,Nursing,ad code
120248650558740641,NS028 | scaling | Nursing,NS028 | scaling | Nursing,Nursing | Pur through Msg | 2026 Aug 11,Nursing,ad code
120248651129220641,NS028 | scaling | Nursing - Copy,Nursing Scaling Adset,Nursing | Pur through Msg | 2026 Aug 11,Nursing,ad code
120248650936000641,NS037 | scaling | Nursing,NS037 | scaling | Nursing,Nursing | Pur through Msg | 2026 Aug 11,Nursing,ad code
120248651129200641,NS037 | scaling | Nursing - Copy,Nursing Scaling Adset,Nursing | Pur through Msg | 2026 Aug 11,Nursing,ad code
120248651031560641,NS058 | scaling | Nursing,NS058 | scaling | Nursing,Nursing | Pur through Msg | 2026 Aug 11,Nursing,ad code
120248651129230641,NS058 | scaling | Nursing - Copy,Nursing Scaling Adset,Nursing | Pur through Msg | 2026 Aug 11,Nursing,ad code
120248651104100641,NS095 | scaling | Nursing,Nursing Scaling Adset,Nursing | Pur through Msg | 2026 Aug 11,Nursing,ad code
120248651088880641,NS095 | scaling | Nursing,NS095 | scaling | Nursing,Nursing | Pur through Msg | 2026 Aug 11,Nursing,ad code
120248651129240641,NS095 | scaling | Nursing - Copy,Nursing Scaling Adset,Nursing | Pur through Msg | 2026 Aug 11,Nursing,ad code
120248650833960641,UGC008 | scaling | Nursing,UGC008 | scaling | Nursing,Nursing | Pur through Msg | 2026 Aug 11,Nursing,ad name
120248651129250641,UGC008 | scaling | Nursing - Copy,Nursing Scaling Adset,Nursing | Pur through Msg | 2026 Aug 11,Nursing,ad name
120208906602030641,Nursing 04,Original Audince,Nursing | Testing,Nursing,ad name
120208906602020641,Nursing 05,Original Audince,Nursing | Testing,Nursing,ad name
120208901761250641,❌Nursing 01,Original Audince,Nursing | Testing,Nursing,ad name
120208901911930641,❌Nursing 02,Original Audince,Nursing | Testing,Nursing,ad name
120208906602040641,❌Nursing 03,Original Audince,Nursing | Testing,Nursing,ad name
120208942666550641,❌Nursing 06,Original Audince,Nursing | Testing,Nursing,ad name
120242063295580641,NS006 - Copy,NS006,Nursing | WINNERS CBO,Nursing,ad code
120242063288110641,NS010 - Copy,NS010,Nursing | WINNERS CBO,Nursing,ad code
120242063362090641,NS037 - Copy,NS037,Nursing | WINNERS CBO,Nursing,ad code
120242063321370641,Nursing - Direct 1 (Human Hook) - 25Aug3 - Copy 2,Nursing - Direct 1 (Human Hook) - 25Aug3,Nursing | WINNERS CBO,Nursing,ad name
120242063333600641,Nursing - Feedback 1 - 25Aug3 - Copy 2,Nursing - Feedback 1 - 25Aug3,Nursing | WINNERS CBO,Nursing,ad name
120242063307520641,Nursing Design Sep 6 - 2 - Copy 2,Nursing Design Sep 6 - 2,Nursing | WINNERS CBO,Nursing,ad name
120242063353290641,Nursing Design Sep 6 - 4 - Copy 2,Nursing Design Sep 6 - 4,Nursing | WINNERS CBO,Nursing,ad name
120236428237080641,NS001,Nursing | 25.10.9 | $50,Purchase | Andromeda | 25.10.9,Nursing,ad code
120236428942960641,NS002,Nursing | 25.10.9 | $50,Purchase | Andromeda | 25.10.9,Nursing,ad code
120236428961360641,NS003,Nursing | 25.10.9 | $50,Purchase | Andromeda | 25.10.9,Nursing,ad code
120236429038150641,NS004,Nursing | 25.10.9 | $50,Purchase | Andromeda | 25.10.9,Nursing,ad code
120236429101350641,NS005,Nursing | 25.10.9 | $50,Purchase | Andromeda | 25.10.9,Nursing,ad code
120236429187020641,NS006,Nursing | 25.10.9 | $50,Purchase | Andromeda | 25.10.9,Nursing,ad code
120236429216820641,NS007,Nursing | 25.10.9 | $50,Purchase | Andromeda | 25.10.9,Nursing,ad code
120236430736900641,NS008,Nursing | 25.10.9 | $50,Purchase | Andromeda | 25.10.9,Nursing,ad code
120236430752490641,NS009,Nursing | 25.10.9 | $50,Purchase | Andromeda | 25.10.9,Nursing,ad code
120236430766070641,NS010,Nursing | 25.10.9 | $50,Purchase | Andromeda | 25.10.9,Nursing,ad code
120236430781770641,NS011 - video,Nursing | 25.10.9 | $50,Purchase | Andromeda | 25.10.9,Nursing,ad code
120236430835150641,NS012 - video,Nursing | 25.10.9 | $50,Purchase | Andromeda | 25.10.9,Nursing,ad code
120236430863260641,NS013 - video,Nursing | 25.10.9 | $50,Purchase | Andromeda | 25.10.9,Nursing,ad code
120236430870090641,NS014 - video,Nursing | 25.10.9 | $50,Purchase | Andromeda | 25.10.9,Nursing,ad code
120236430879890641,NS015 - video,Nursing | 25.10.9 | $50,Purchase | Andromeda | 25.10.9,Nursing,ad code
120240436905270641,NS072,Nursing | 25.10.9 | $50,Purchase | Andromeda | 25.10.9,Nursing,ad code
120240436905280641,NS087,Nursing | 25.10.9 | $50,Purchase | Andromeda | 25.10.9,Nursing,ad code
120232492994100641,Nursing - Aug - Cutdown 1 - Price - Copy,Nursing | 25.10.9 | $50,Purchase | Andromeda | 25.10.9,Nursing,ad name
120232492993980641,Nursing - Aug - Cutdown 2 - Price - Copy,Nursing | 25.10.9 | $50,Purchase | Andromeda | 25.10.9,Nursing,ad name
120232492994030641,Nursing - Direct 1 (Human Hook) - 25Aug3 - Copy,Nursing | 25.10.9 | $50,Purchase | Andromeda | 25.10.9,Nursing,ad name
120232492993970641,Nursing - Feedback 1 - 25Aug3 - Copy,Nursing | 25.10.9 | $50,Purchase | Andromeda | 25.10.9,Nursing,ad name
120232492994070641,Nursing - Feedback 2 - 25Aug3 - Copy,Nursing | 25.10.9 | $50,Purchase | Andromeda | 25.10.9,Nursing,ad name
120232492994060641,Nursing - Feedback 3 - 25Aug3 - Copy,Nursing | 25.10.9 | $50,Purchase | Andromeda | 25.10.9,Nursing,ad name
120232492994080641,Nursing - Numbers - 25Aug3 - Copy,Nursing | 25.10.9 | $50,Purchase | Andromeda | 25.10.9,Nursing,ad name
120232492994020641,Nursing - Repackaged - 25Aug3 - Copy 2,Nursing | 25.10.9 | $50,Purchase | Andromeda | 25.10.9,Nursing,ad name
120232492994090641,Nursing - Talking Head - 25Aug3 - Copy,Nursing | 25.10.9 | $50,Purchase | Andromeda | 25.10.9,Nursing,ad name
120232492994050641,Nursing Design Sep 6 - 2 - Copy,Nursing | 25.10.9 | $50,Purchase | Andromeda | 25.10.9,Nursing,ad name
120232492994040641,Nursing Design Sep 6 - 3 - Copy,Nursing | 25.10.9 | $50,Purchase | Andromeda | 25.10.9,Nursing,ad name
120232492994110641,Nursing Design Sep 6 - 4 - Copy,Nursing | 25.10.9 | $50,Purchase | Andromeda | 25.10.9,Nursing,ad name
120232492994010641,Nursing Design Sep 6 - 5 - Copy,Nursing | 25.10.9 | $50,Purchase | Andromeda | 25.10.9,Nursing,ad name
120232492994000641,Nursing May 1 - H1 - Price - Copy,Nursing | 25.10.9 | $50,Purchase | Andromeda | 25.10.9,Nursing,ad name
120232492993990641,Nursing May 1 - H5 - Price - Copy,Nursing | 25.10.9 | $50,Purchase | Andromeda | 25.10.9,Nursing,ad name
120240040581530641,RA004,nursing,Ramadan 2026 Sales Campaign,Nursing,ad set name
120240040609450641,RA005,nursing,Ramadan 2026 Sales Campaign,Nursing,ad set name
120240040619220641,RA006,nursing,Ramadan 2026 Sales Campaign,Nursing,ad set name
120239750196810641,ahmed hussain nursing,dr visit,Ramadan 2026 Sales Campaign,Nursing,ad name
120239705080950641,ahmed hussain nursing,nursing,Ramadan 2026 Sales Campaign,Nursing,ad name
120244456496210641,Maadh Nursing Video 3 | 2024 Nov 12 - Copy 2,Nursing Retargeting,Retargeting CBO | All customers list,Nursing,ad name
120244456473510641,NS006 - Copy,Nursing Retargeting,Retargeting CBO | All customers list,Nursing,ad code
120244456473500641,Nursing - Aug - Cutdown 2 - Price - Copy 2,Nursing Retargeting,Retargeting CBO | All customers list,Nursing,ad name
120244456510530641,Nursing - Feedback 3 - 25Aug3 - Copy 2,Nursing Retargeting,Retargeting CBO | All customers list,Nursing,ad name
120241992079620641,NS025,Nursing \\ Testing \\ Data / Stat Drop \\ Pack 3,TESTING ABO | All Services,Nursing,ad code
120241992079610641,NS028,Nursing \\ Testing \\ Data / Stat Drop \\ Pack 3,TESTING ABO | All Services,Nursing,ad code
120241992007560641,NS036,Nursing \\ Testing \\ Data / Stat Drop \\ Pack 3,TESTING ABO | All Services,Nursing,ad code
120241989944890641,NS040,Nursing \\ Testing \\ Problem Solution \\ Pack 1,TESTING ABO | All Services,Nursing,ad code
120241990690930641,NS065,Nursing \\ Testing \\ Direct Offer \\ Pack 2,TESTING ABO | All Services,Nursing,ad code
120241991691330641,NS069,Nursing \\ Testing \\ Direct Offer \\ Pack 2,TESTING ABO | All Services,Nursing,ad code
120241990191790641,NS076,Nursing \\ Testing \\ Problem Solution \\ Pack 1,TESTING ABO | All Services,Nursing,ad code
120241991804500641,NS085,Nursing \\ Testing \\ Data / Stat Drop \\ Pack 3,TESTING ABO | All Services,Nursing,ad code
120241990311930641,NS091,Nursing \\ Testing \\ Problem Solution \\ Pack 1,TESTING ABO | All Services,Nursing,ad code
120241989662420641,NS092,Nursing \\ Testing \\ Problem Solution \\ Pack 1,TESTING ABO | All Services,Nursing,ad code
120243799944350641,NS015 - Emotional Story,Nursing \\ Testing \\ Emotional Story \\ Pack 4,TESTING | Msg Vol | All Services,Nursing,ad code
120242452468760641,NS025,Nursing \\ Testing \\ Data / Stat Drop \\ Pack 3 - Copy,TESTING | Msg Vol | All Services,Nursing,ad code
120242452468810641,NS028,Nursing \\ Testing \\ Data / Stat Drop \\ Pack 3 - Copy,TESTING | Msg Vol | All Services,Nursing,ad code
120242452468840641,NS036,Nursing \\ Testing \\ Data / Stat Drop \\ Pack 3 - Copy,TESTING | Msg Vol | All Services,Nursing,ad code
120242452468870641,NS040,Nursing \\ Testing \\ Problem Solution \\ Pack 1 - Copy,TESTING | Msg Vol | All Services,Nursing,ad code
120243800005520641,NS058 - Emotional Story,Nursing \\ Testing \\ Emotional Story \\ Pack 4,TESTING | Msg Vol | All Services,Nursing,ad code
120242452468850641,NS065,Nursing \\ Testing \\ Direct Offer \\ Pack 2 - Copy,TESTING | Msg Vol | All Services,Nursing,ad code
120242452468830641,NS069,Nursing \\ Testing \\ Direct Offer \\ Pack 2 - Copy,TESTING | Msg Vol | All Services,Nursing,ad code
120243800005530641,NS074 - Emotional Story,Nursing \\ Testing \\ Emotional Story \\ Pack 4,TESTING | Msg Vol | All Services,Nursing,ad code
120242452468880641,NS076 - Problem Solution,Nursing \\ Testing \\ Problem Solution \\ Pack 1 - Copy,TESTING | Msg Vol | All Services,Nursing,ad code
120242452468800641,NS085,Nursing \\ Testing \\ Data / Stat Drop \\ Pack 3 - Copy,TESTING | Msg Vol | All Services,Nursing,ad code
120243800005510641,NS087 - Emotional Story,Nursing \\ Testing \\ Emotional Story \\ Pack 4,TESTING | Msg Vol | All Services,Nursing,ad code
120242452468860641,NS091 - Problem Solution,Nursing \\ Testing \\ Problem Solution \\ Pack 1 - Copy,TESTING | Msg Vol | All Services,Nursing,ad code
120242452468470641,NS092,Nursing \\ Testing \\ Problem Solution \\ Pack 1 - Copy,TESTING | Msg Vol | All Services,Nursing,ad code
120243799797790641,NS093 - Problem Solution,Nursing \\ Testing \\ Problem Solution \\ Pack 1 - Copy,TESTING | Msg Vol | All Services,Nursing,ad code
120243799797770641,NS095 - Problem Solution,Nursing \\ Testing \\ Problem Solution \\ Pack 1 - Copy,TESTING | Msg Vol | All Services,Nursing,ad code
120243799797780641,NS097 - Problem Solution,Nursing \\ Testing \\ Problem Solution \\ Pack 1 - Copy,TESTING | Msg Vol | All Services,Nursing,ad code
120243799797800641,NS102 - Problem Solution,Nursing \\ Testing \\ Problem Solution \\ Pack 1 - Copy,TESTING | Msg Vol | All Services,Nursing,ad code
120225720390330641,‎Nursing TVc‎,‎Nursing TVc‎,mini TVCs 2025,Nursing,ad name
120227523442480641,‎Nursing TVc‎,‎Nursing TVc‎ - Respong.io New Number,mini TVCs 2025,Nursing,ad name
120221851829480641,Ibraheem Nursing,Nursing | Testing | $5,📍Nursing | $35,Nursing,ad name
120222093200540641,Ibraheem Nursing - Copy,LAL VV 1% - $10 | Nursing Feb 2 - Hook 1,📍Nursing | $35,Nursing,ad name
120222093201580641,Ibraheem Nursing - Copy,Nursing | Sales + call center LAL | $10,📍Nursing | $35,Nursing,ad name
120222093200550641,Ibraheem Nursing - Copy,Nursing | Broad | $15,📍Nursing | $35,Nursing,ad name
120220813947290641,Maadh Nursing Video 3,LAL 1% - $15 | Maadh Nursing Video 3,📍Nursing | $35,Nursing,ad name
120220819116600641,Nursing Feb 2 - Hook 1,LAL VV 1% - $10 | Nursing Feb 2 - Hook 1,📍Nursing | $35,Nursing,ad name
120221851829490641,Nursing Feb 2 - Hook 1,Nursing | Sales + call center LAL | $10,📍Nursing | $35,Nursing,ad name
120221851435800641,Nursing Feb 2 - Hook 1,Nursing | Broad | $15,📍Nursing | $35,Nursing,ad name
120223474805810641,Nursing May 1 - H1,Nursing | Broad | $15,📍Nursing | $35,Nursing,ad name
120223550645960641,Nursing May 1 - H1 - Copy,LAL VV 1% - $10 | Nursing Feb 2 - Hook 1,📍Nursing | $35,Nursing,ad name
120223550624500641,Nursing May 1 - H1 - Copy,Nursing | Sales + call center LAL | $10,📍Nursing | $35,Nursing,ad name
120223474805800641,Nursing May 1 - H2,Nursing | Broad | $15,📍Nursing | $35,Nursing,ad name
120223550624530641,Nursing May 1 - H2 - Copy,Nursing | Sales + call center LAL | $10,📍Nursing | $35,Nursing,ad name
120223550645980641,Nursing May 1 - H2 - Copy,LAL VV 1% - $10 | Nursing Feb 2 - Hook 1,📍Nursing | $35,Nursing,ad name
120223474805820641,Nursing May 1 - H3,Nursing | Broad | $15,📍Nursing | $35,Nursing,ad name
120223550645940641,Nursing May 1 - H3 - Copy,LAL VV 1% - $10 | Nursing Feb 2 - Hook 1,📍Nursing | $35,Nursing,ad name
120223550624490641,Nursing May 1 - H3 - Copy,Nursing | Sales + call center LAL | $10,📍Nursing | $35,Nursing,ad name
120223474805830641,Nursing May 1 - H4,Nursing | Broad | $15,📍Nursing | $35,Nursing,ad name
120223550645970641,Nursing May 1 - H4 - Copy,LAL VV 1% - $10 | Nursing Feb 2 - Hook 1,📍Nursing | $35,Nursing,ad name
120223550624520641,Nursing May 1 - H4 - Copy,Nursing | Sales + call center LAL | $10,📍Nursing | $35,Nursing,ad name
120223457056320641,Nursing May 1 - H5,Nursing | Broad | $15,📍Nursing | $35,Nursing,ad name
120223550624480641,Nursing May 1 - H5 - Copy,Nursing | Sales + call center LAL | $10,📍Nursing | $35,Nursing,ad name
120223550645950641,Nursing May 1 - H5 - Copy,LAL VV 1% - $10 | Nursing Feb 2 - Hook 1,📍Nursing | $35,Nursing,ad name
120223474805790641,Nursing May 1 - H6,Nursing | Broad | $15,📍Nursing | $35,Nursing,ad name
120223550624510641,Nursing May 1 - H6 - Copy,Nursing | Sales + call center LAL | $10,📍Nursing | $35,Nursing,ad name
120223550645990641,Nursing May 1 - H6 - Copy,LAL VV 1% - $10 | Nursing Feb 2 - Hook 1,📍Nursing | $35,Nursing,ad name
120206295429840641,المعالج الفيزيائي فيديو ١,‎‎25+ Baghdad | No Interets | خدمة المعالج الفيزيائي,CBO | Testing Campaign | Whatsapp | Mar 13 2024,Physiotherapy,ad name
120244630080270641,short Ad - Physio,Mix services | Calls,Calls Test,Physiotherapy,ad name
120206663016830641,Phys01 - image,Physiotherapy,Creative Testing Hub,Physiotherapy,ad code
120207287971330641,Phys02 - image,Physiotherapy,Creative Testing Hub,Physiotherapy,ad code
120207708032410641,Phys03 - image,Physiotherapy,Creative Testing Hub,Physiotherapy,ad code
120248822994450641,HPT001,Hillah,Hillah Physiotherapy,Physiotherapy,campaign name
120248897446130641,HPT001,Hillah Physio | 2026/8/24,Hillah Physiotherapy,Physiotherapy,ad set name
120248897446160641,HPT003,Hillah Physio | 2026/8/24,Hillah Physiotherapy,Physiotherapy,ad set name
120248823470680641,HPT003,Hillah,Hillah Physiotherapy,Physiotherapy,campaign name
120248897446220641,HPT004,Hillah Physio | 2026/8/24,Hillah Physiotherapy,Physiotherapy,ad set name
120248823470690641,HPT004,Hillah,Hillah Physiotherapy,Physiotherapy,campaign name
120248897446150641,HPT005,Hillah Physio | 2026/8/24,Hillah Physiotherapy,Physiotherapy,ad set name
120248823470700641,HPT005,Hillah,Hillah Physiotherapy,Physiotherapy,campaign name
120248897446120641,HPT006,Hillah Physio | 2026/8/24,Hillah Physiotherapy,Physiotherapy,ad set name
120248823470600641,HPT006,Hillah,Hillah Physiotherapy,Physiotherapy,campaign name
120248897446090641,HPT007,Hillah Physio | 2026/8/24,Hillah Physiotherapy,Physiotherapy,ad set name
120248823470710641,HPT007,Hillah,Hillah Physiotherapy,Physiotherapy,campaign name
120248823470610641,HPT008,Hillah,Hillah Physiotherapy,Physiotherapy,campaign name
120248897446200641,HPT008,Hillah Physio | 2026/8/24,Hillah Physiotherapy,Physiotherapy,ad set name
120248897446110641,HPT009,Hillah Physio | 2026/8/24,Hillah Physiotherapy,Physiotherapy,ad set name
120248823470620641,HPT009,Hillah,Hillah Physiotherapy,Physiotherapy,campaign name
120248823470630641,HPT010,Hillah,Hillah Physiotherapy,Physiotherapy,campaign name
120248823470640641,HPT011,Hillah,Hillah Physiotherapy,Physiotherapy,campaign name
120248897446180641,HPT012,Hillah Physio | 2026/8/24,Hillah Physiotherapy,Physiotherapy,ad set name
120248823470650641,HPT012,Hillah,Hillah Physiotherapy,Physiotherapy,campaign name
120248897446170641,HPT013,Hillah Physio | 2026/8/24,Hillah Physiotherapy,Physiotherapy,ad set name
120248823470660641,HPT013,Hillah,Hillah Physiotherapy,Physiotherapy,campaign name
120248897446100641,HPT014,Hillah Physio | 2026/8/24,Hillah Physiotherapy,Physiotherapy,ad set name
120248823470670641,HPT014,Hillah,Hillah Physiotherapy,Physiotherapy,campaign name
120249230674230641,HPT016 | 🎥 Video | Data / Stat Drop | Specialist-Supervised Home Physiotherapy in Babylon,Hillah Physio | 2026/9/16,Hillah Physiotherapy,Physiotherapy,ad name
120249230674250641,HPT017 | 🎥 Video | US VS THEM | Why Choose Saleem for Home Physiotherapy,Hillah Physio | 2026/9/16,Hillah Physiotherapy,Physiotherapy,ad name
120249230674160641,HPT018 | 🎥 Video | PROBLEM AWARE | Home Physiotherapy Without the Trip Across Hilla,Hillah Physio | 2026/9/16,Hillah Physiotherapy,Physiotherapy,ad name
120220239795060641,Maadh Physio Video - Without Music,Baghdad | Physiotherapy,MOF | Website | BRA | CBO $20,Physiotherapy,ad name
120220666264540641,MV1 Maadh Physio Video - Without Music,Baghdad | Physiotherapy,MOF | Whatsapp | BRA | CBO $25,Physiotherapy,ad name
120240828519960641,PT035,physio $10,Messages Campaign | Jan 2026,Physiotherapy,ad code
120240828514960641,PT078 ❌(High CPL) - Copy,physio $10,Messages Campaign | Jan 2026,Physiotherapy,ad code
120230714232240641,Physio Offer,Physio Offer,Physio Offer 20$/day,Physiotherapy,ad name
120230681728620641,Mahmoud Physio Talking Head - H1,Physio - TESTING - 2025Aug15,Physiotherapy - 2025Aug15,Physiotherapy,ad name
120230681728640641,Mahmoud Physio Talking Head - H2,Physio - TESTING - 2025Aug15,Physiotherapy - 2025Aug15,Physiotherapy,ad name
120230681728630641,Mahmoud Physio Talking Head - H3,Physio - TESTING - 2025Aug15,Physiotherapy - 2025Aug15,Physiotherapy,ad name
120229845902130641,Mega Physio Aug18 - H1,Physio - TESTING - 2025Aug15,Physiotherapy - 2025Aug15,Physiotherapy,ad name
120229845916750641,Mega Physio Aug18 - H2,Physio - TESTING - 2025Aug15,Physiotherapy - 2025Aug15,Physiotherapy,ad name
120229845916740641,Mega Physio Aug18 - H3,Physio - TESTING - 2025Aug15,Physiotherapy - 2025Aug15,Physiotherapy,ad name
120229898994090641,Mega Physio Aug18 - H4,Physio - SCALING - 2025Aug15,Physiotherapy - 2025Aug15,Physiotherapy,ad name
120229845916730641,Mega Physio Aug18 - H4,Physio - TESTING - 2025Aug15,Physiotherapy - 2025Aug15,Physiotherapy,ad name
120229845916720641,Mega Physio Aug18 - H5,Physio - TESTING - 2025Aug15,Physiotherapy - 2025Aug15,Physiotherapy,ad name
120230724175170641,Mega Physio Aug18 - H5 - Copy,Physio - SCALING - 2025Aug15,Physiotherapy - 2025Aug15,Physiotherapy,ad name
120229898994080641,Mega Physio Aug18 - H6,Physio - SCALING - 2025Aug15,Physiotherapy - 2025Aug15,Physiotherapy,ad name
120229845916710641,Mega Physio Aug18 - H6,Physio - TESTING - 2025Aug15,Physiotherapy - 2025Aug15,Physiotherapy,ad name
120229307299740641,Physio - Feedback 3 - 25Aug3 - Copy,Physio - SCALING - 2025Aug15,Physiotherapy - 2025Aug15,Physiotherapy,ad name
120229377058680641,Physio - Feedback 3 - Price,Physio - SCALING - 2025Aug15,Physiotherapy - 2025Aug15,Physiotherapy,ad name
120229307299750641,Physio - Talking Head - 25Aug3 - price,Physio - SCALING - 2025Aug15,Physiotherapy - 2025Aug15,Physiotherapy,ad name
120229520812210641,Physio Aug17 - Cutdown 1,Physio - TESTING - 2025Aug15,Physiotherapy - 2025Aug15,Physiotherapy,ad name
120229520812220641,Physio Aug17 - Cutdown 2,Physio - TESTING - 2025Aug15,Physiotherapy - 2025Aug15,Physiotherapy,ad name
120229520812230641,Physio Aug17 - H1,Physio - TESTING - 2025Aug15,Physiotherapy - 2025Aug15,Physiotherapy,ad name
120229519553130641,Physio Aug17 - H2,Physio - TESTING - 2025Aug15,Physiotherapy - 2025Aug15,Physiotherapy,ad name
120229307299760641,Physiotherapy Jul - Design 2 - Copy,Physio - SCALING - 2025Aug15,Physiotherapy - 2025Aug15,Physiotherapy,ad name
120229376869370641,Physiotherapy Jul - Design 2 - Price,Physio - SCALING - 2025Aug15,Physiotherapy - 2025Aug15,Physiotherapy,ad name
120229307299770641,Physiotherapy Jul - Design 4 - Copy,Physio - SCALING - 2025Aug15,Physiotherapy - 2025Aug15,Physiotherapy,ad name
120229376834490641,Physiotherapy Jul - Design 4 - Price,Physio - SCALING - 2025Aug15,Physiotherapy - 2025Aug15,Physiotherapy,ad name
120229307324980641,physio may 1 - H3 - price - Copy 2,Physio - SCALING - 2025Aug15,Physiotherapy - 2025Aug15,Physiotherapy,ad name
120228703484570641,Physio - Carousell  - 25Aug3,Phyiso | Ad Set 4 | Broad | Carousell + Repackaged,Physiotherapy - CBO - 2025Aug1,Physiotherapy,ad name
120228703168230641,Physio - Direct 1 (Human Hook)- 25Aug3,Physio | Ad Set 1 | Broad | Maad Style + UGC + Storytelling | 20$ Max,Physiotherapy - CBO - 2025Aug1,Physiotherapy,ad name
120228703217660641,Physio - Direct 2 (Ai Hook)- 25Aug3 - Copy,Physio | Ad Set 1 | Broad | Maad Style + UGC + Storytelling | 20$ Max,Physiotherapy - CBO - 2025Aug1,Physiotherapy,ad name
120228703736360641,Physio - Feedback 1 - 25Aug3,Physio | Ad Set 3 | Pur Rt | Static Numbers + Testimonials | 5$ Max,Physiotherapy - CBO - 2025Aug1,Physiotherapy,ad name
120228728687940641,Physio - Feedback 2 - 25Aug3,Physio | Ad Set 3 | Pur Rt | Static Numbers + Testimonials | 5$ Max,Physiotherapy - CBO - 2025Aug1,Physiotherapy,ad name
120228728688670641,Physio - Feedback 3 - 25Aug3,Physio | Ad Set 3 | Pur Rt | Static Numbers + Testimonials | 5$ Max,Physiotherapy - CBO - 2025Aug1,Physiotherapy,ad name
120228703736370641,Physio - Numbers - 25Aug3,Physio | Ad Set 3 | Pur Rt | Static Numbers + Testimonials | 5$ Max,Physiotherapy - CBO - 2025Aug1,Physiotherapy,ad name
120228703673290641,Physio - Repackaged - 25Aug3,Phyiso | Ad Set 4 | Broad | Carousell + Repackaged,Physiotherapy - CBO - 2025Aug1,Physiotherapy,ad name
120228703143740641,Physio - Storytelling - 25Aug3,Physio | Ad Set 1 | Broad | Maad Style + UGC + Storytelling | 20$ Max,Physiotherapy - CBO - 2025Aug1,Physiotherapy,ad name
120228703299200641,Physio - Talking Head - 25Aug3,Phyiso | Ad Set 2 | Broad | Talking Head | Max $9,Physiotherapy - CBO - 2025Aug1,Physiotherapy,ad name
120228703157740641,Physio - UGC - 25Aug3,Physio | Ad Set 1 | Broad | Maad Style + UGC + Storytelling | 20$ Max,Physiotherapy - CBO - 2025Aug1,Physiotherapy,ad name
120228579427520641,Physiotherapy Jul - Design 2,Static | A+ | $10,Physiotherapy - CBO - 2025Aug1,Physiotherapy,ad name
120228579427490641,Physiotherapy Jul - Design 3,Static | A+ | $10,Physiotherapy - CBO - 2025Aug1,Physiotherapy,ad name
120228579427480641,Physiotherapy Jul - Design 4,Static | A+ | $10,Physiotherapy - CBO - 2025Aug1,Physiotherapy,ad name
120228579427080641,physio may 1 - H2 - price - Copy,Top creatives | $5 | LAL | Respond.io 2025Jul13,Physiotherapy - CBO - 2025Aug1,Physiotherapy,ad name
120228579427130641,physio may 1 - H3 - price - Copy,Top creatives | $5 | LAL | Respond.io 2025Jul13,Physiotherapy - CBO - 2025Aug1,Physiotherapy,ad name
120228579427160641,physio may 1 - H3 - price - Copy 2,Physio | Ad Set 1 | Broad | Maad Style + UGC + Storytelling | 20$ Max,Physiotherapy - CBO - 2025Aug1,Physiotherapy,ad name
120228579427050641,physio may 1 - H4 v2 - price - Copy 2,Physio | Ad Set 1 | Broad | Maad Style + UGC + Storytelling | 20$ Max,Physiotherapy - CBO - 2025Aug1,Physiotherapy,ad name
120228579427150641,physio may 1 - H5 v2 - price - Copy,Top creatives | $5 | LAL | Respond.io 2025Jul13,Physiotherapy - CBO - 2025Aug1,Physiotherapy,ad name
120228579427040641,physio may 1 - H5 v2 - price - Copy 2,Physio | Ad Set 1 | Broad | Maad Style + UGC + Storytelling | 20$ Max,Physiotherapy - CBO - 2025Aug1,Physiotherapy,ad name
120228579427120641,physio may 1 - H6 v2 - price - Copy,Top creatives | $5 | LAL | Respond.io 2025Jul13,Physiotherapy - CBO - 2025Aug1,Physiotherapy,ad name
120210635245470641,Free Invitation templates,A+ - Free Invitation templates,Physiotherapy Course | $10 | CBO | 2024/8/12,Physiotherapy,campaign name
120210635245440641,Free Invitation templates,Healthcare - Free Invitation templates,Physiotherapy Course | $10 | CBO | 2024/8/12,Physiotherapy,campaign name
120210231547730641,Physio Course AR,A+,Physiotherapy Course | $10 | CBO | 2024/8/12,Physiotherapy,ad name
120210231528150641,Physio Course AR,Healthcare,Physiotherapy Course | $10 | CBO | 2024/8/12,Physiotherapy,ad name
120210430136280641,Physio Course AR,Healthcare - Washaq,Physiotherapy Course | $10 | CBO | 2024/8/12,Physiotherapy,ad name
120210430136040641,Physio Course AR,A+ - Washaq,Physiotherapy Course | $10 | CBO | 2024/8/12,Physiotherapy,ad name
120210231547710641,Physio Course EN,A+,Physiotherapy Course | $10 | CBO | 2024/8/12,Physiotherapy,ad name
120210231455070641,Physio Course EN,Healthcare,Physiotherapy Course | $10 | CBO | 2024/8/12,Physiotherapy,ad name
120210430136300641,Physio Course EN,Healthcare - Washaq,Physiotherapy Course | $10 | CBO | 2024/8/12,Physiotherapy,ad name
120210430136050641,Physio Course EN,A+ - Washaq,Physiotherapy Course | $10 | CBO | 2024/8/12,Physiotherapy,ad name
120210479218460641,Physio Course Video,Healthcare - Washaq,Physiotherapy Course | $10 | CBO | 2024/8/12,Physiotherapy,ad name
120210479309230641,Physio Course Video,A+ - Washaq,Physiotherapy Course | $10 | CBO | 2024/8/12,Physiotherapy,ad name
120249272891700641,PT175 _ 🧑🏻‍🎨 Static _ Case Study _ Proof _ Walking Better After a Fracture _ PT049 V13 _ Post.png,Baghdad / Physiotherapy Leads,Physiotherapy Leads,Physiotherapy,ad code
120249273052310641,PT176 _ 🧑🏻‍🎨 Static _ Problem → Solution _ When Painkillers Stop Working _ V1 Story_.png,Baghdad / Physiotherapy Leads,Physiotherapy Leads,Physiotherapy,ad code
120249273083070641,PT177 _ 🧑🏻‍🎨 Static _ Problem → Solution _ When Painkillers Stop Working _ V2 - Post.png,Baghdad / Physiotherapy Leads,Physiotherapy Leads,Physiotherapy,ad code
120249273147940641,PT178 _ 🧑🏻‍🎨 Static _ Case Study _ Proof _ Standing Again After a Slipped Disc _ Post.png,Baghdad / Physiotherapy Leads,Physiotherapy Leads,Physiotherapy,ad code
120249273159020641,PT188 _ 🧑🏻‍🎨 Static _ US VS THEM _ More Focused Physio Care at Home _ Post.png,Baghdad / Physiotherapy Leads,Physiotherapy Leads,Physiotherapy,ad code
120224400085560641,physio may 1 - H1 - price,Physiotherapy | Broad | $20,Physiotherapy Main | Sales Objective - Copy,Physiotherapy,ad name
120224400085500641,physio may 1 - H2 - price,Physiotherapy | Broad | $20,Physiotherapy Main | Sales Objective - Copy,Physiotherapy,ad name
120224400085520641,physio may 1 - H3 - price,Physiotherapy | Broad | $20,Physiotherapy Main | Sales Objective - Copy,Physiotherapy,ad name
120224400085580641,physio may 1 - H4 v1 - price,Physiotherapy | Broad | $20,Physiotherapy Main | Sales Objective - Copy,Physiotherapy,ad name
120224400085570641,physio may 1 - H4 v2 - price,Physiotherapy | Broad | $20,Physiotherapy Main | Sales Objective - Copy,Physiotherapy,ad name
120224400085490641,physio may 1 - H5 v2 - price,Physiotherapy | Broad | $20,Physiotherapy Main | Sales Objective - Copy,Physiotherapy,ad name
120224400085470641,physio may 1 - H6 v2 - price,Physiotherapy | Broad | $20,Physiotherapy Main | Sales Objective - Copy,Physiotherapy,ad name
120247920896780641,PT019,Physio Sales | General Need | 2026/07/13,Physiotherapy New Test,Physiotherapy,ad code
120247923733420641,PT019,Physio Sales | General Need | 2026/07/13,Physiotherapy New Test,Physiotherapy,ad code
120247924605850641,PT022,Physio Sales | Social Proof | Results & Testimonials | 2026/07/13,Physiotherapy New Test,Physiotherapy,ad code
120247924319100641,PT028,Physio Sales | Rehabilitation | 2026/07/13,Physiotherapy New Test,Physiotherapy,ad code
120247924017400641,PT032,Physio Sales | Active Pain | 2026/07/13,Physiotherapy New Test,Physiotherapy,ad code
120247923834110641,PT038,Physio Sales | Elderly Caregiver | 2026/07/13,Physiotherapy New Test,Physiotherapy,ad code
120247923689370641,PT041,Physio Sales | General Need | 2026/07/13,Physiotherapy New Test,Physiotherapy,ad code
120247924470170641,PT042,Physio Sales | Trust | 2026/07/13,Physiotherapy New Test,Physiotherapy,ad code
120247924319080641,PT043,Physio Sales | Rehabilitation | 2026/07/13,Physiotherapy New Test,Physiotherapy,ad code
120247923834120641,PT046,Physio Sales | Elderly Caregiver | 2026/07/13,Physiotherapy New Test,Physiotherapy,ad code
120247924605860641,PT048,Physio Sales | Social Proof | Results & Testimonials | 2026/07/13,Physiotherapy New Test,Physiotherapy,ad code
120247924017410641,PT055,Physio Sales | Active Pain | 2026/07/13,Physiotherapy New Test,Physiotherapy,ad code
120247923834130641,PT056,Physio Sales | Elderly Caregiver | 2026/07/13,Physiotherapy New Test,Physiotherapy,ad code
120247923759000641,PT057,Physio Sales | Convenience | 2026/07/13,Physiotherapy New Test,Physiotherapy,ad code
120247924319060641,PT059,Physio Sales | Rehabilitation | 2026/07/13,Physiotherapy New Test,Physiotherapy,ad code
120247923722780641,PT066,Physio Sales | General Need | 2026/07/13,Physiotherapy New Test,Physiotherapy,ad code
120247924470190641,PT067,Physio Sales | Trust | 2026/07/13,Physiotherapy New Test,Physiotherapy,ad code
120247923759030641,PT069,Physio Sales | Convenience | 2026/07/13,Physiotherapy New Test,Physiotherapy,ad code
120247924319090641,PT081,Physio Sales | Rehabilitation | 2026/07/13,Physiotherapy New Test,Physiotherapy,ad code
120247924470200641,PT083,Physio Sales | Trust | 2026/07/13,Physiotherapy New Test,Physiotherapy,ad code
120247924470210641,PT084,Physio Sales | Trust | 2026/07/13,Physiotherapy New Test,Physiotherapy,ad code
120247924017420641,PT103,Physio Sales | Active Pain | 2026/07/13,Physiotherapy New Test,Physiotherapy,ad code
120247924017390641,PT104,Physio Sales | Active Pain | 2026/07/13,Physiotherapy New Test,Physiotherapy,ad code
120247923759010641,PT105,Physio Sales | Convenience | 2026/07/13,Physiotherapy New Test,Physiotherapy,ad code
120247923759020641,PT106,Physio Sales | Convenience | 2026/07/13,Physiotherapy New Test,Physiotherapy,ad code
120247924605880641,PT108,Physio Sales | Social Proof | Results & Testimonials | 2026/07/13,Physiotherapy New Test,Physiotherapy,ad code
120247923834140641,PT109,Physio Sales | Elderly Caregiver | 2026/07/13,Physiotherapy New Test,Physiotherapy,ad code
120245745308490641,PT110-priced,Physio Sales | Acquire new customers,Physiotherapy New Test,Physiotherapy,ad code
120245746319660641,PT111-priced,Physio Sales | Acquire new customers,Physiotherapy New Test,Physiotherapy,ad code
120245746718370641,PT112-priced,Physio Sales | Acquire new customers,Physiotherapy New Test,Physiotherapy,ad code
120245746916390641,PT113-priced,Physio Sales | Acquire new customers,Physiotherapy New Test,Physiotherapy,ad code
120245747093630641,PT114-priced,Physio Sales | Acquire new customers,Physiotherapy New Test,Physiotherapy,ad code
120245747268560641,PT118-priced,Physio Sales | Acquire new customers,Physiotherapy New Test,Physiotherapy,ad code
120245547322420641,PT120-PT070-priced,PT120-PT070-priced,Physiotherapy New Test,Physiotherapy,ad code
120245567631480641,PT121-PT015-priced,PT121-PT015-priced,Physiotherapy New Test,Physiotherapy,ad code
120245567704300641,PT122-PT058-priced,PT122-PT058-priced,Physiotherapy New Test,Physiotherapy,ad code
120245567723280641,PT123-PT049-priced,PT123-PT049-priced,Physiotherapy New Test,Physiotherapy,ad code
120246708001840641,PT127 - Talking Head - Copy,Physio Sales | Talking head,Physiotherapy New Test,Physiotherapy,ad code
120246708001820641,PT128 - Talking Head - Copy,Physio Sales | Talking head,Physiotherapy New Test,Physiotherapy,ad code
120246708001830641,PT129 - Talking Head - Copy,Physio Sales | Talking head,Physiotherapy New Test,Physiotherapy,ad code
120210280533750641,Phyiso 01 - C,Top creatives | $10 | Original Audience | 2024 Aug 14,Physiotherapy | $10 | +A | 2024 Aug 14,Physiotherapy,ad code
120210280533710641,Phyiso 03,Top creatives | $10 | Original Audience | 2024 Aug 14,Physiotherapy | $10 | +A | 2024 Aug 14,Physiotherapy,ad code
120210280533730641,Phyiso 08,Top creatives | $10 | Original Audience | 2024 Aug 14,Physiotherapy | $10 | +A | 2024 Aug 14,Physiotherapy,ad code
120209655369190641,Phyiso 01 - C,Top creatives | $10 | Original Audience | 2024 Jul 15,Physiotherapy | $10 | +A | 2024 Jul 15,Physiotherapy,ad code
120209655369160641,Phyiso 03,Top creatives | $10 | Original Audience | 2024 Jul 15,Physiotherapy | $10 | +A | 2024 Jul 15,Physiotherapy,ad code
120209655491250641,Phyiso 07,Top creatives | $10 | Original Audience | 2024 Jul 15,Physiotherapy | $10 | +A | 2024 Jul 15,Physiotherapy,ad code
120210671340290641,Phyiso 01 - C,Top creatives | $10 | Original Audience | 2024 Sep 1,Physiotherapy | $10 | +A | 2024 Sep 1,Physiotherapy,ad code
120210671340270641,Phyiso 03,Top creatives | $10 | Original Audience | 2024 Sep 1,Physiotherapy | $10 | +A | 2024 Sep 1,Physiotherapy,ad code
120210671340280641,Phyiso 08,Top creatives | $10 | Original Audience | 2024 Sep 1,Physiotherapy | $10 | +A | 2024 Sep 1,Physiotherapy,ad code
120209655369150641,Phyiso 01 - C,Top creatives | $5 | LAL | 2024 Jul 15,Physiotherapy | $10 | LAL | 2024 Jul 15,Physiotherapy,ad code
120209655369170641,Phyiso 03,Top creatives | $5 | LAL | 2024 Jul 15,Physiotherapy | $10 | LAL | 2024 Jul 15,Physiotherapy,ad code
120209655580800641,Phyiso 07,Top creatives | $5 | LAL | 2024 Jul 15,Physiotherapy | $10 | LAL | 2024 Jul 15,Physiotherapy,ad code
120211120211440641,Phyiso 03 - Price,Top 3 creatives | $10 | Original Audience | 2024 Sep 6,Physiotherapy | $10 | PRICE | Original Audience | 2024 Sep 20,Physiotherapy,ad code
120210280533640641,Phyiso 01 - C,Top 3 creatives | $15 | Original Audience | 2024 Aug 14,Physiotherapy | $15 | Original Audience | 2024 Aug 14,Physiotherapy,ad code
120210280533650641,Phyiso 03,Top 3 creatives | $15 | Original Audience | 2024 Aug 14,Physiotherapy | $15 | Original Audience | 2024 Aug 14,Physiotherapy,ad code
120210280533620641,Phyiso 08,Top 3 creatives | $15 | Original Audience | 2024 Aug 14,Physiotherapy | $15 | Original Audience | 2024 Aug 14,Physiotherapy,ad code
120210671340360641,Phyiso 01 - C,Top 3 creatives | $15 | Original Audience | 2024 Sep 1,Physiotherapy | $15 | Original Audience | 2024 Sep 1,Physiotherapy,ad code
120210671340370641,Phyiso 03,Top 3 creatives | $15 | Original Audience | 2024 Sep 1,Physiotherapy | $15 | Original Audience | 2024 Sep 1,Physiotherapy,ad code
120210671340260641,Phyiso 08,Top 3 creatives | $15 | Original Audience | 2024 Sep 1,Physiotherapy | $15 | Original Audience | 2024 Sep 1,Physiotherapy,ad code
120210706604010641,Phyiso 01 - C,Top 3 creatives | $15 | Original Audience | 2024 Sep 3,Physiotherapy | $15 | Original Audience | 2024 Sep 3,Physiotherapy,ad code
120210706604000641,Phyiso 03,Top 3 creatives | $15 | Original Audience | 2024 Sep 3,Physiotherapy | $15 | Original Audience | 2024 Sep 3,Physiotherapy,ad code
120210706603900641,Phyiso 08,Top 3 creatives | $15 | Original Audience | 2024 Sep 3,Physiotherapy | $15 | Original Audience | 2024 Sep 3,Physiotherapy,ad code
120210706643230641,Phyiso REEL 1,Top 3 creatives | $15 | Original Audience | 2024 Sep 3,Physiotherapy | $15 | Original Audience | 2024 Sep 3,Physiotherapy,ad name
120210280533690641,Phyiso 03,Top creatives | $5 | LAL | 2024 Aug 14,Physiotherapy | $5 | LAL | 2024 Aug 14,Physiotherapy,ad code
120210280533700641,Phyiso 07,Top creatives | $5 | LAL | 2024 Aug 14,Physiotherapy | $5 | LAL | 2024 Aug 14,Physiotherapy,ad code
120210280533670641,Phyiso 08,Top creatives | $5 | LAL | 2024 Aug 14,Physiotherapy | $5 | LAL | 2024 Aug 14,Physiotherapy,ad code
120210671340320641,Phyiso 03,Top creatives | $5 | LAL | 2024 Sep 1,Physiotherapy | $5 | LAL | 2024 Sep 1,Physiotherapy,ad code
120210671340340641,Phyiso 07,Top creatives | $5 | LAL | 2024 Sep 1,Physiotherapy | $5 | LAL | 2024 Sep 1,Physiotherapy,ad code
120210671340310641,Phyiso 08,Top creatives | $5 | LAL | 2024 Sep 1,Physiotherapy | $5 | LAL | 2024 Sep 1,Physiotherapy,ad code
120210706603960641,Phyiso 03,Top creatives | $5 | LAL | 2024 Sep 3,Physiotherapy | $5 | LAL | 2024 Sep 3,Physiotherapy,ad code
120210706603970641,Phyiso 07,Top creatives | $5 | LAL | 2024 Sep 3,Physiotherapy | $5 | LAL | 2024 Sep 3,Physiotherapy,ad code
120210706603940641,Phyiso 08,Top creatives | $5 | LAL | 2024 Sep 3,Physiotherapy | $5 | LAL | 2024 Sep 3,Physiotherapy,ad code
120210706631900641,Phyiso 11 - C,Top creatives | $5 | LAL | 2024 Sep 3,Physiotherapy | $5 | LAL | 2024 Sep 3,Physiotherapy,ad code
120224400086150641,Ibraheem physio 1,Original Audince,Physiotherapy | $6 | Testing - Copy,Physiotherapy,ad name
120224400086190641,Physiotherapy March 1 - Hook 1,Original Audince,Physiotherapy | $6 | Testing - Copy,Physiotherapy,ad name
120224400086260641,Physiotherapy March 1 - Hook 2,Original Audince,Physiotherapy | $6 | Testing - Copy,Physiotherapy,ad name
120225660546150641,Ibraheem physio 1,Original Audince,Physiotherapy | $6 | Testing - Respond.io,Physiotherapy,ad name
120225660544970641,Physiotherapy March 1 - Hook 1,Original Audince,Physiotherapy | $6 | Testing - Respond.io,Physiotherapy,ad name
120225660544770641,Physiotherapy March 1 - Hook 2,Original Audince,Physiotherapy | $6 | Testing - Respond.io,Physiotherapy,ad name
120226320691740641,Ibraheem physio 1,Original Audince,Physiotherapy | $6 | Testing - Respond.io - Copy,Physiotherapy,ad name
120227060826710641,Physiotherapy Jul - Design 1,Original Audince,Physiotherapy | $6 | Testing - Respond.io - Copy,Physiotherapy,ad name
120227060909520641,Physiotherapy Jul - Design 2,Original Audince,Physiotherapy | $6 | Testing - Respond.io - Copy,Physiotherapy,ad name
120227060909490641,Physiotherapy Jul - Design 3,Original Audince,Physiotherapy | $6 | Testing - Respond.io - Copy,Physiotherapy,ad name
120227060909500641,Physiotherapy Jul - Design 4,Original Audince,Physiotherapy | $6 | Testing - Respond.io - Copy,Physiotherapy,ad name
120227060909510641,Physiotherapy Jul - Design 5,Original Audince,Physiotherapy | $6 | Testing - Respond.io - Copy,Physiotherapy,ad name
120226320691780641,Physiotherapy March 1 - Hook 1,Original Audince,Physiotherapy | $6 | Testing - Respond.io - Copy,Physiotherapy,ad name
120226320692770641,Physiotherapy March 1 - Hook 2,Original Audince,Physiotherapy | $6 | Testing - Respond.io - Copy,Physiotherapy,ad name
120227303717630641,Physiotherapy Jul - Design 1,Original Audince,Physiotherapy | $6 | Testing - Respond.io 2025Jul10,Physiotherapy,ad name
120227303716750641,Physiotherapy Jul - Design 2,Original Audince,Physiotherapy | $6 | Testing - Respond.io 2025Jul10,Physiotherapy,ad name
120227303716770641,Physiotherapy Jul - Design 3,Original Audince,Physiotherapy | $6 | Testing - Respond.io 2025Jul10,Physiotherapy,ad name
120227303716780641,Physiotherapy Jul - Design 4,Original Audince,Physiotherapy | $6 | Testing - Respond.io 2025Jul10,Physiotherapy,ad name
120227303716800641,Physiotherapy Jul - Design 5,Original Audince,Physiotherapy | $6 | Testing - Respond.io 2025Jul10,Physiotherapy,ad name
120227412240710641,Physiotherapy Jul - Design 1,Original Audince,Physiotherapy | $6 | Testing - Respond.io 2025Jul13,Physiotherapy,ad name
120227412240600641,Physiotherapy Jul - Design 2,Original Audince,Physiotherapy | $6 | Testing - Respond.io 2025Jul13,Physiotherapy,ad name
120227412240660641,Physiotherapy Jul - Design 5,Original Audince,Physiotherapy | $6 | Testing - Respond.io 2025Jul13,Physiotherapy,ad name
120227445417990641,Physiotherapy Jul - Design 1,Original Audince,Physiotherapy | $6 | Testing - Respond.io 2025Jul13 - Copy,Physiotherapy,ad name
120227445418130641,Physiotherapy Jul - Design 2,Original Audince,Physiotherapy | $6 | Testing - Respond.io 2025Jul13 - Copy,Physiotherapy,ad name
120227445418160641,Physiotherapy Jul - Design 3,Original Audince,Physiotherapy | $6 | Testing - Respond.io 2025Jul13 - Copy,Physiotherapy,ad name
120227445417550641,Physiotherapy Jul - Design 4,Original Audince,Physiotherapy | $6 | Testing - Respond.io 2025Jul13 - Copy,Physiotherapy,ad name
120227445418080641,Physiotherapy Jul - Design 5,Original Audince,Physiotherapy | $6 | Testing - Respond.io 2025Jul13 - Copy,Physiotherapy,ad name
120211861521650641,Maadh Physio Video - Without Music,Physio lead gen,Physiotherapy | 10$ | Leads Form | TESTING CBO | 2024/10/18,Physiotherapy,ad name
120249118411510641,Offer post,Physiotherapy OFFER | PT186 Physiotherapy Day,Physiotherapy | 2026 Aug 29,Physiotherapy,ad set name
120248963774310641,PT033 | 🧑🏻‍🎨 Static | Problem → Solution | Disc Pain – Mom,PT033 | Problem → Solution | Disc Pain – Mom | TESTING,Physiotherapy | 2026 Aug 29,Physiotherapy,ad code
120248963774410641,PT041 | Scaling | Physio,PT041 | Scaling | Physio,Physiotherapy | 2026 Aug 29,Physiotherapy,ad code
120249027052270641,PT041 | Scaling | Physio,Physiotherapy Winner | PT041,Physiotherapy | 2026 Aug 29,Physiotherapy,ad code
120248963774330641,PT041 | Scaling | Physio - Copy,Physio Scaling Adset,Physiotherapy | 2026 Aug 29,Physiotherapy,ad code
120248963774400641,PT058 | Scaling | Physio,PT058 | Scaling | Physio,Physiotherapy | 2026 Aug 29,Physiotherapy,ad code
120248963774340641,PT058 | Scaling | Physio - Copy,Physio Scaling Adset,Physiotherapy | 2026 Aug 29,Physiotherapy,ad code
120248963774290641,PT059 | Physio Sales | Rehabilitation,PT059 | Scaling | Physio Sales | Rehabilitation,Physiotherapy | 2026 Aug 29,Physiotherapy,ad code
120248963774300641,PT059 | Physio Sales | Rehabilitation - Copy,Physio Scaling Adset,Physiotherapy | 2026 Aug 29,Physiotherapy,ad code
120248963774380641,PT105 | Scaling | Physio,PT105 | Scaling | Physio,Physiotherapy | 2026 Aug 29,Physiotherapy,ad code
120248963774350641,PT105 | Scaling | Physio,PT105 | Scaling | Physio,Physiotherapy | 2026 Aug 29,Physiotherapy,ad code
120248963774370641,PT105 | Scaling | Physio - Copy,Physio Scaling Adset,Physiotherapy | 2026 Aug 29,Physiotherapy,ad code
120248963774320641,PT105 | Scaling | Physio - Copy,Physio Scaling Adset,Physiotherapy | 2026 Aug 29,Physiotherapy,ad code
120248963774240641,PT131 | Customer Testimonial | Post Accident Mobility,PT131 | Customer Testimonial | TESTING,Physiotherapy | 2026 Aug 29,Physiotherapy,ad code
120248963774160641,PT132 | Customer Testimonial | physiotherapy at home = more comfort,PT132 | Customer Testimonial | TESTING,Physiotherapy | 2026 Aug 29,Physiotherapy,ad code
120248963774270641,PT133 | Customer Testimonial | Progressive Recovery,PT133 | Customer Testimonial | TESTING,Physiotherapy | 2026 Aug 29,Physiotherapy,ad code
120249026282130641,PT139 _ 🎥 Video _ Myth Busting _ Stair Pain Is Not Just Age _ V2,Physiotherapy Testing Adset,Physiotherapy | 2026 Aug 29,Physiotherapy,ad code
120249116842500641,PT139 _ 🎥 Video _ Myth Busting _ Stair Pain Is Not Just Age _ V2 - Copy,Physio Scaling Adset,Physiotherapy | 2026 Aug 29,Physiotherapy,ad code
120249220135590641,PT163 | 🧑🏻‍🎨 Static | Case Study / Proof | Walking Better After a Fracture | PT049 V1,Physiotherapy | Winning Ad Variations | PT163-168,Physiotherapy | 2026 Aug 29,Physiotherapy,ad code
120249220755770641,PT164 | 🧑🏻‍🎨 Static | Case Study / Proof | Walking Better After a Fracture | PT049 V2,Physiotherapy | Winning Ad Variations | PT163-168,Physiotherapy | 2026 Aug 29,Physiotherapy,ad code
120249220756980641,PT165 | 🧑🏻‍🎨 Static | Case Study / Proof | Walking Better After a Fracture | PT049 V3,Physiotherapy | Winning Ad Variations | PT163-168,Physiotherapy | 2026 Aug 29,Physiotherapy,ad code
120249220756990641,PT166 | 🧑🏻‍🎨 Static | Case Study / Proof | Walking Better After a Fracture | PT049 V4,Physiotherapy | Winning Ad Variations | PT163-168,Physiotherapy | 2026 Aug 29,Physiotherapy,ad code
120249220757000641,PT167 | 🧑🏻‍🎨 Static | Case Study / Proof | Walking Better After a Fracture | PT049 V5,Physiotherapy | Winning Ad Variations | PT163-168,Physiotherapy | 2026 Aug 29,Physiotherapy,ad code
120249220757010641,PT168 | 🧑🏻‍🎨 Static | Case Study / Proof | Walking Better After a Fracture | PT049 V6,Physiotherapy | Winning Ad Variations | PT163-168,Physiotherapy | 2026 Aug 29,Physiotherapy,ad code
120249025553200641,PT179 _ 🧑🏻_🎨 Static _ FEATURE & BENEFIT _ Regain Neck Movement at Home _ Post,Physiotherapy Testing Adset,Physiotherapy | 2026 Aug 29,Physiotherapy,ad code
120249026031620641,PT180 _ 🧑🏻_🎨 Static _ US VS THEM _ Joint Surgery Rehab at Home,Physiotherapy Testing Adset,Physiotherapy | 2026 Aug 29,Physiotherapy,ad code
120249026049450641,PT181 _ 🧑🏻_🎨 Static _ US VS THEM _ Moving Better After Joint Surgery,Physiotherapy Testing Adset,Physiotherapy | 2026 Aug 29,Physiotherapy,ad code
120249116842510641,PT181 _ 🧑🏻_🎨 Static _ US VS THEM _ Moving Better After Joint Surgery - Copy,Physio Scaling Adset,Physiotherapy | 2026 Aug 29,Physiotherapy,ad code
120249026101440641,PT182 _ 🧑🏻_🎨 Static _ FEATURE & BENEFIT _ Hope for Your Child’s Recovery at Home,Physiotherapy Testing Adset,Physiotherapy | 2026 Aug 29,Physiotherapy,ad code
120249026126270641,PT183 _ 🎥 Video _ Problem → Solution _ When Slipped Disc Pain Limits Movement,Physiotherapy Testing Adset,Physiotherapy | 2026 Aug 29,Physiotherapy,ad code
120249026168730641,PT184 _ 🎥 Video _ Problem → Solution _ Treating Slipped Disc at Home,Physiotherapy Testing Adset,Physiotherapy | 2026 Aug 29,Physiotherapy,ad code
120249117603120641,PT185 | 🎥 Video | Talking Head | Don’t Skip Rehab After Joint Replacement,Physiotherapy | Testing PT185 | Medora talking head,Physiotherapy | 2026 Aug 29,Physiotherapy,ad code
120249113671370641,PT186 | 🎥 Video | Data / Stat Drop | Special Home Physio Packages for World PT Day,Physiotherapy OFFER | PT186 Physiotherapy Day,Physiotherapy | 2026 Aug 29,Physiotherapy,ad code
120249303240130641,PT189 Problem → Solution Walking Normally Aga.mp4,PT189 Testing | ALL IN,Physiotherapy | 2026 Aug 29,Physiotherapy,ad code
120249335246150641,PT190 _ 🎥 Video _ Educational Breakdown _ Why Home Physiotherapy Helps Patients Stay Committed.mp4,PT190 Testing | ALL IN,Physiotherapy | 2026 Aug 29,Physiotherapy,ad code
120248963774390641,Physiotherapy Jul - Design 2 | Physio,Physiotherapy Jul - Design 2 | Physio | Scaling,Physiotherapy | 2026 Aug 29,Physiotherapy,ad name
120248963774360641,Physiotherapy Jul - Design 2 | Physio - Copy,Physio Scaling Adset,Physiotherapy | 2026 Aug 29,Physiotherapy,ad name
120208838386140641,Image 1 | full advantage | 2024 May 30,Top 3 creatives | $10 -> $5 | Full Advantage | 2024 May 30,Physiotherapy | Full Advantage+ | 2024 May 30,Physiotherapy,campaign name
120209028354930641,Phyiso 01 - C,Top 3 creatives | $10 -> $5 | Full Advantage | 2024 May 30,Physiotherapy | Full Advantage+ | 2024 May 30,Physiotherapy,ad code
120208942075020641,Phyiso 03,Top 3 creatives | $10 -> $5 | Full Advantage | 2024 May 30,Physiotherapy | Full Advantage+ | 2024 May 30,Physiotherapy,ad code
120208838386160641,video 1 | full advantage | 2024 May 30,Top 3 creatives | $10 -> $5 | Full Advantage | 2024 May 30,Physiotherapy | Full Advantage+ | 2024 May 30,Physiotherapy,campaign name
120207749506400641,Image 1 | full advantage | 2024/4/29,Top 3 creatives | $10 -> $5 | Full Advantage | 2024/4/29,Physiotherapy | Full Advantage+ | 2024/4/29,Physiotherapy,campaign name
120207749512780641,Image 2 | full advantage | 2024/4/29,Top 3 creatives | $10 -> $5 | Full Advantage | 2024/4/29,Physiotherapy | Full Advantage+ | 2024/4/29,Physiotherapy,campaign name
120207749463070641,video 1 | full advantage | 2024/4/29,Top 3 creatives | $10 -> $5 | Full Advantage | 2024/4/29,Physiotherapy | Full Advantage+ | 2024/4/29,Physiotherapy,campaign name
120208838386050641,Image 2 | LAL | 2024 May 30,Top 3 creatives | $10 -> $15 | LAL | 2024 May 30,Physiotherapy | LAL | 2024 May 30,Physiotherapy,campaign name
120209028354710641,Phyiso 01 - C,Top 3 creatives | $10 -> $15 | LAL | 2024 May 30,Physiotherapy | LAL | 2024 May 30,Physiotherapy,ad code
120208942046310641,Phyiso 03,Top 3 creatives | $10 -> $15 | LAL | 2024 May 30,Physiotherapy | LAL | 2024 May 30,Physiotherapy,ad code
120208838386090641,video 1 | LAL | 2024 May 30,Top 3 creatives | $10 -> $15 | LAL | 2024 May 30,Physiotherapy | LAL | 2024 May 30,Physiotherapy,campaign name
120243795563100641,PT005 - Copy 2,PT005 | Physio,Physiotherapy | Msg Vol | WINNERS ABO,Physiotherapy,ad code
120243795563110641,PT015,PT015 | Physio,Physiotherapy | Msg Vol | WINNERS ABO,Physiotherapy,ad code
120248397111320641,PT041,PT041 | Physio,Physiotherapy | Msg Vol | WINNERS ABO,Physiotherapy,ad code
120243795563130641,PT049,PT049 | Physio,Physiotherapy | Msg Vol | WINNERS ABO,Physiotherapy,ad code
120243795563150641,PT058,PT058 | Physio,Physiotherapy | Msg Vol | WINNERS ABO,Physiotherapy,ad code
120248433347900641,PT059 | Physio Sales | Rehabilitation,PT059 | Physio Sales | Rehabilitation,Physiotherapy | Msg Vol | WINNERS ABO,Physiotherapy,ad code
120243795563140641,PT070 - scaling,PT070 | Physiotherapy,Physiotherapy | Msg Vol | WINNERS ABO,Physiotherapy,ad code
120243795563090641,PT078 ❌(High CPL) - Copy 3,PT078 | Physio,Physiotherapy | Msg Vol | WINNERS ABO,Physiotherapy,ad code
120248234238670641,PT104,PT104 | Physio,Physiotherapy | Msg Vol | WINNERS ABO,Physiotherapy,ad code
120243795563070641,Physiotherapy Jul - Design 2 - Copy 3,Physiotherapy Jul - Design 2 | Physio,Physiotherapy | Msg Vol | WINNERS ABO,Physiotherapy,ad name
120243795563060641,🌟PT001 - Copy,PT001 | Physio,Physiotherapy | Msg Vol | WINNERS ABO,Physiotherapy,ad code
120242544093680641,PT005 - Copy 2,PT005 | Physio,Physiotherapy | Msg Vol | WINNERS CBO,Physiotherapy,ad code
120242838571740641,PT015,PT015 | Physio,Physiotherapy | Msg Vol | WINNERS CBO,Physiotherapy,ad code
120243560356370641,PT049,PT049 | Nursing,Physiotherapy | Msg Vol | WINNERS CBO,Physiotherapy,ad code
120243170382100641,PT058,PT058 | Physio,Physiotherapy | Msg Vol | WINNERS CBO,Physiotherapy,ad code
120243613039850641,PT070 - scaling,PT070 | Physiotherapy,Physiotherapy | Msg Vol | WINNERS CBO,Physiotherapy,ad code
120242544131810641,PT074 - Copy 2,PT074 | Physio,Physiotherapy | Msg Vol | WINNERS CBO,Physiotherapy,ad code
120242544019370641,PT076 - Copy 2,PT076 | Physio,Physiotherapy | Msg Vol | WINNERS CBO,Physiotherapy,ad code
120242543990320641,PT078 ❌(High CPL) - Copy 3,PT078 | Physio,Physiotherapy | Msg Vol | WINNERS CBO,Physiotherapy,ad code
120242544069810641,Physio - Feedback 1 - 25Aug3 - Copy 3,Physio - Feedback 1 | Physio,Physiotherapy | Msg Vol | WINNERS CBO,Physiotherapy,ad name
120242544046800641,Physio - Feedback 3 - 25Aug3 - Copy 3,Physio - Feedback 3 - 25Aug3 | Physio,Physiotherapy | Msg Vol | WINNERS CBO,Physiotherapy,ad name
120242544007670641,Physiotherapy Jul - Design 2 - Copy 3,Physiotherapy Jul - Design 2 | Physio,Physiotherapy | Msg Vol | WINNERS CBO,Physiotherapy,ad name
120242544025890641,🌟PT001 - Copy,PT001 | Physio,Physiotherapy | Msg Vol | WINNERS CBO,Physiotherapy,ad code
120209655247990641,Phyiso 01 - C,Top 3 creatives | $15 | Original Audience | 2024 Jul 15,Physiotherapy | Original Audience | 2024 Jul 15,Physiotherapy,ad code
120209655248000641,Phyiso 03,Top 3 creatives | $15 | Original Audience | 2024 Jul 15,Physiotherapy | Original Audience | 2024 Jul 15,Physiotherapy,ad code
120209655581090641,Phyiso 07,Top 3 creatives | $15 | Original Audience | 2024 Jul 15,Physiotherapy | Original Audience | 2024 Jul 15,Physiotherapy,ad code
120208838386130641,Image 1 | Original Audience | 2024 May 30,Top 3 creatives | $15 | Original Audience | 2024 May 30,Physiotherapy | Original Audience | 2024 May 30,Physiotherapy,campaign name
120208838386170641,Image 2 | Original Audience | 2024 May 30,Top 3 creatives | $15 | Original Audience | 2024 May 30,Physiotherapy | Original Audience | 2024 May 30,Physiotherapy,campaign name
120209028354440641,Phyiso 01 - C,Top 3 creatives | $15 | Original Audience | 2024 May 30,Physiotherapy | Original Audience | 2024 May 30,Physiotherapy,ad code
120208942083640641,Phyiso 03,Top 3 creatives | $15 | Original Audience | 2024 May 30,Physiotherapy | Original Audience | 2024 May 30,Physiotherapy,ad code
120208838386150641,video 1 | Original Audience | 2024 May 30,Top 3 creatives | $15 | Original Audience | 2024 May 30,Physiotherapy | Original Audience | 2024 May 30,Physiotherapy,campaign name
120207749708920641,Image 1 | Original Audience | 2024/4/29,Top 3 creatives | $15 | Original Audience | 2024/4/29,Physiotherapy | Original Audience | 2024/4/29,Physiotherapy,campaign name
120207749726000641,Image 2 | Original Audience | 2024/4/29,Top 3 creatives | $15 | Original Audience | 2024/4/29,Physiotherapy | Original Audience | 2024/4/29,Physiotherapy,campaign name
120207749526640641,video 1 | Original Audience | 2024/4/29,Top 3 creatives | $15 | Original Audience | 2024/4/29,Physiotherapy | Original Audience | 2024/4/29,Physiotherapy,campaign name
120248657789640641,PT033 | 🧑🏻‍🎨 Static | Problem → Solution | Disc Pain – Mom,PT033 | Problem → Solution | Disc Pain – Mom | TESTING,Physiotherapy | Pur through Msg | 2026 Aug 11,Physiotherapy,ad code
120248649681230641,PT041 | Scaling | Physio,PT041 | Scaling | Physio,Physiotherapy | Pur through Msg | 2026 Aug 11,Physiotherapy,ad code
120248650386740641,PT041 | Scaling | Physio - Copy,Physio Scaling Adset,Physiotherapy | Pur through Msg | 2026 Aug 11,Physiotherapy,ad code
120248650124620641,PT058 | Scaling | Physio,PT058 | Scaling | Physio,Physiotherapy | Pur through Msg | 2026 Aug 11,Physiotherapy,ad code
120248650386700641,PT058 | Scaling | Physio - Copy,Physio Scaling Adset,Physiotherapy | Pur through Msg | 2026 Aug 11,Physiotherapy,ad code
120248648659600641,PT059 | Physio Sales | Rehabilitation,PT059 | Scaling | Physio Sales | Rehabilitation,Physiotherapy | Pur through Msg | 2026 Aug 11,Physiotherapy,ad code
120248650386690641,PT059 | Physio Sales | Rehabilitation - Copy,Physio Scaling Adset,Physiotherapy | Pur through Msg | 2026 Aug 11,Physiotherapy,ad code
120248650351460641,PT105 | Scaling | Physio,PT105 | Scaling | Physio,Physiotherapy | Pur through Msg | 2026 Aug 11,Physiotherapy,ad code
120248650267310641,PT105 | Scaling | Physio,PT105 | Scaling | Physio,Physiotherapy | Pur through Msg | 2026 Aug 11,Physiotherapy,ad code
120248650386710641,PT105 | Scaling | Physio - Copy,Physio Scaling Adset,Physiotherapy | Pur through Msg | 2026 Aug 11,Physiotherapy,ad code
120248650386720641,PT105 | Scaling | Physio - Copy,Physio Scaling Adset,Physiotherapy | Pur through Msg | 2026 Aug 11,Physiotherapy,ad code
120248657625620641,PT131 | Customer Testimonial | Post Accident Mobility,PT131 | Customer Testimonial | TESTING,Physiotherapy | Pur through Msg | 2026 Aug 11,Physiotherapy,ad code
120248657664850641,PT132 | Customer Testimonial | physiotherapy at home = more comfort,PT132 | Customer Testimonial | TESTING,Physiotherapy | Pur through Msg | 2026 Aug 11,Physiotherapy,ad code
120248657679920641,PT133 | Customer Testimonial | Progressive Recovery,PT133 | Customer Testimonial | TESTING,Physiotherapy | Pur through Msg | 2026 Aug 11,Physiotherapy,ad code
120248649757050641,Physiotherapy Jul - Design 2 | Physio,Physiotherapy Jul - Design 2 | Physio | Scaling,Physiotherapy | Pur through Msg | 2026 Aug 11,Physiotherapy,ad name
120248650386730641,Physiotherapy Jul - Design 2 | Physio - Copy,Physio Scaling Adset,Physiotherapy | Pur through Msg | 2026 Aug 11,Physiotherapy,ad name
120227303855740641,physio may 1 - H1 - price - Copy,Top creatives | $5 | LAL | Respond.io 2025Jul10 - Copy,Physiotherapy | Respond.io 2025Jul10,Physiotherapy,ad name
120227303716600641,physio may 1 - H1 - price - Copy 2,Top 3 creatives | $25 | Original Audience | 2024 Sep 6,Physiotherapy | Respond.io 2025Jul10,Physiotherapy,ad name
120227303855670641,physio may 1 - H2 - price - Copy,Top creatives | $5 | LAL | Respond.io 2025Jul10 - Copy,Physiotherapy | Respond.io 2025Jul10,Physiotherapy,ad name
120227303716590641,physio may 1 - H2 - price - Copy 2,Top 3 creatives | $25 | Original Audience | 2024 Sep 6,Physiotherapy | Respond.io 2025Jul10,Physiotherapy,ad name
120227303855720641,physio may 1 - H3 - price - Copy,Top creatives | $5 | LAL | Respond.io 2025Jul10 - Copy,Physiotherapy | Respond.io 2025Jul10,Physiotherapy,ad name
120227303716580641,physio may 1 - H3 - price - Copy 2,Top 3 creatives | $25 | Original Audience | 2024 Sep 6,Physiotherapy | Respond.io 2025Jul10,Physiotherapy,ad name
120227303855680641,physio may 1 - H4 v1 - price - Copy,Top creatives | $5 | LAL | Respond.io 2025Jul10 - Copy,Physiotherapy | Respond.io 2025Jul10,Physiotherapy,ad name
120227303855730641,physio may 1 - H4 v2 - price - Copy,Top creatives | $5 | LAL | Respond.io 2025Jul10 - Copy,Physiotherapy | Respond.io 2025Jul10,Physiotherapy,ad name
120227303716640641,physio may 1 - H4 v2 - price - Copy 2,Top 3 creatives | $25 | Original Audience | 2024 Sep 6,Physiotherapy | Respond.io 2025Jul10,Physiotherapy,ad name
120227303855700641,physio may 1 - H5 v2 - price - Copy,Top creatives | $5 | LAL | Respond.io 2025Jul10 - Copy,Physiotherapy | Respond.io 2025Jul10,Physiotherapy,ad name
120227303716670641,physio may 1 - H5 v2 - price - Copy 2,Top 3 creatives | $25 | Original Audience | 2024 Sep 6,Physiotherapy | Respond.io 2025Jul10,Physiotherapy,ad name
120227303855690641,physio may 1 - H6 v2 - price - Copy,Top creatives | $5 | LAL | Respond.io 2025Jul10 - Copy,Physiotherapy | Respond.io 2025Jul10,Physiotherapy,ad name
120227303716650641,physio may 1 - H6 v2 - price - Copy 2,Top 3 creatives | $25 | Original Audience | 2024 Sep 6,Physiotherapy | Respond.io 2025Jul10,Physiotherapy,ad name
120227412240190641,physio may 1 - H1 - price - Copy,Top creatives | $5 | LAL | Respond.io 2025Jul13,Physiotherapy | Respond.io 2025Jul13,Physiotherapy,ad name
120227412240210641,physio may 1 - H1 - price - Copy 2,Top 3 creatives | $25 | Original Audience | 2024 Sep 6,Physiotherapy | Respond.io 2025Jul13,Physiotherapy,ad name
120227412240070641,physio may 1 - H2 - price - Copy,Top creatives | $5 | LAL | Respond.io 2025Jul13,Physiotherapy | Respond.io 2025Jul13,Physiotherapy,ad name
120227412240100641,physio may 1 - H2 - price - Copy 2,Top 3 creatives | $25 | Original Audience | 2024 Sep 6,Physiotherapy | Respond.io 2025Jul13,Physiotherapy,ad name
120227412240040641,physio may 1 - H3 - price - Copy,Top creatives | $5 | LAL | Respond.io 2025Jul13,Physiotherapy | Respond.io 2025Jul13,Physiotherapy,ad name
120227412240120641,physio may 1 - H3 - price - Copy 2,Top 3 creatives | $25 | Original Audience | 2024 Sep 6,Physiotherapy | Respond.io 2025Jul13,Physiotherapy,ad name
120227412240470641,physio may 1 - H4 v1 - price - Copy 2,Top 3 creatives | $25 | Original Audience | 2024 Sep 6,Physiotherapy | Respond.io 2025Jul13,Physiotherapy,ad name
120227412240060641,physio may 1 - H4 v2 - price - Copy,Top creatives | $5 | LAL | Respond.io 2025Jul13,Physiotherapy | Respond.io 2025Jul13,Physiotherapy,ad name
120227412240030641,physio may 1 - H5 v2 - price - Copy,Top creatives | $5 | LAL | Respond.io 2025Jul13,Physiotherapy | Respond.io 2025Jul13,Physiotherapy,ad name
120227412240460641,physio may 1 - H5 v2 - price - Copy 2,Top 3 creatives | $25 | Original Audience | 2024 Sep 6,Physiotherapy | Respond.io 2025Jul13,Physiotherapy,ad name
120227412240140641,physio may 1 - H6 v2 - price - Copy,Top creatives | $5 | LAL | Respond.io 2025Jul13,Physiotherapy | Respond.io 2025Jul13,Physiotherapy,ad name
120227412240150641,physio may 1 - H6 v2 - price - Copy 2,Top 3 creatives | $25 | Original Audience | 2024 Sep 6,Physiotherapy | Respond.io 2025Jul13,Physiotherapy,ad name
120228117955560641,Physiotherapy Jul - Design 2,Static | A+ | $10,Physiotherapy | Respond.io 2025Jul13 - Copy,Physiotherapy,ad name
120228117955550641,Physiotherapy Jul - Design 3,Static | A+ | $10,Physiotherapy | Respond.io 2025Jul13 - Copy,Physiotherapy,ad name
120228117955540641,Physiotherapy Jul - Design 4,Static | A+ | $10,Physiotherapy | Respond.io 2025Jul13 - Copy,Physiotherapy,ad name
120227445417270641,physio may 1 - H1 - price - Copy,Top creatives | $5 | LAL | Respond.io 2025Jul13,Physiotherapy | Respond.io 2025Jul13 - Copy,Physiotherapy,ad name
120227445417870641,physio may 1 - H1 - price - Copy 2,Top 3 creatives | $25 | Original Audience | 2024 Sep 6,Physiotherapy | Respond.io 2025Jul13 - Copy,Physiotherapy,ad name
120227445417160641,physio may 1 - H2 - price - Copy,Top creatives | $5 | LAL | Respond.io 2025Jul13,Physiotherapy | Respond.io 2025Jul13 - Copy,Physiotherapy,ad name
120227445417940641,physio may 1 - H2 - price - Copy 2,Top 3 creatives | $25 | Original Audience | 2024 Sep 6,Physiotherapy | Respond.io 2025Jul13 - Copy,Physiotherapy,ad name
120227445418100641,physio may 1 - H3 - price - Copy,Top creatives | $5 | LAL | Respond.io 2025Jul13,Physiotherapy | Respond.io 2025Jul13 - Copy,Physiotherapy,ad name
120227445417180641,physio may 1 - H3 - price - Copy 2,Top 3 creatives | $25 | Original Audience | 2024 Sep 6,Physiotherapy | Respond.io 2025Jul13 - Copy,Physiotherapy,ad name
120227445417810641,physio may 1 - H4 v1 - price - Copy,Top creatives | $5 | LAL | Respond.io 2025Jul13,Physiotherapy | Respond.io 2025Jul13 - Copy,Physiotherapy,ad name
120227445417130641,physio may 1 - H4 v1 - price - Copy 2,Top 3 creatives | $25 | Original Audience | 2024 Sep 6,Physiotherapy | Respond.io 2025Jul13 - Copy,Physiotherapy,ad name
120227445417190641,physio may 1 - H4 v2 - price - Copy,Top creatives | $5 | LAL | Respond.io 2025Jul13,Physiotherapy | Respond.io 2025Jul13 - Copy,Physiotherapy,ad name
120227445417830641,physio may 1 - H4 v2 - price - Copy 2,Top 3 creatives | $25 | Original Audience | 2024 Sep 6,Physiotherapy | Respond.io 2025Jul13 - Copy,Physiotherapy,ad name
120227445418150641,physio may 1 - H5 v2 - price - Copy,Top creatives | $5 | LAL | Respond.io 2025Jul13,Physiotherapy | Respond.io 2025Jul13 - Copy,Physiotherapy,ad name
120227445417300641,physio may 1 - H5 v2 - price - Copy 2,Top 3 creatives | $25 | Original Audience | 2024 Sep 6,Physiotherapy | Respond.io 2025Jul13 - Copy,Physiotherapy,ad name
120227445417170641,physio may 1 - H6 v2 - price - Copy,Top creatives | $5 | LAL | Respond.io 2025Jul13,Physiotherapy | Respond.io 2025Jul13 - Copy,Physiotherapy,ad name
120227445417260641,physio may 1 - H6 v2 - price - Copy 2,Top 3 creatives | $25 | Original Audience | 2024 Sep 6,Physiotherapy | Respond.io 2025Jul13 - Copy,Physiotherapy,ad name
120210852423160641,Haji 1,Physiotherapy | NEW Videos | $10 | 2024 Sep 9,Physiotherapy | Video Only | $15 | Original Audience | 2024 Sep 9,Physiotherapy,ad set name
120210852406760641,Haji 2,Physiotherapy | NEW Videos | $10 | 2024 Sep 9,Physiotherapy | Video Only | $15 | Original Audience | 2024 Sep 9,Physiotherapy,ad set name
120210852476230641,Phyiso REEL 1,Physiotherapy | OLD Videos | $5 | 2024 Sep 9,Physiotherapy | Video Only | $15 | Original Audience | 2024 Sep 9,Physiotherapy,ad name
120210852476240641,‎المعالج الفيزيائي فيديو ١‎,Physiotherapy | OLD Videos | $5 | 2024 Sep 9,Physiotherapy | Video Only | $15 | Original Audience | 2024 Sep 9,Physiotherapy,ad name
120242061520580641,PT005 - Copy,PT005 | Physio,Physiotherapy | WINNERS CBO,Physiotherapy,ad code
120242061482170641,PT074 - Copy,PT074 | Physio,Physiotherapy | WINNERS CBO,Physiotherapy,ad code
120242061325360641,PT076 - Copy,PT076 | Physio,Physiotherapy | WINNERS CBO,Physiotherapy,ad code
120242063387190641,PT078 ❌(High CPL) - Copy 2,PT078 | Physio,Physiotherapy | WINNERS CBO,Physiotherapy,ad code
120242061761610641,Physio - Feedback 1 - 25Aug3 - Copy 2,Physio - Feedback 1 | Physio,Physiotherapy | WINNERS CBO,Physiotherapy,ad name
120242061641180641,Physio - Feedback 3 - 25Aug3 - Copy 2,Physio - Feedback 3 - 25Aug3 | Physio,Physiotherapy | WINNERS CBO,Physiotherapy,ad name
120242061721800641,Physiotherapy Jul - Design 2 - Copy 2,Physiotherapy Jul - Design 2 | Physio,Physiotherapy | WINNERS CBO,Physiotherapy,ad name
120242061258680641,🌟PT001,PT001 | Physio,Physiotherapy | WINNERS CBO,Physiotherapy,ad code
120232493423160641,Mega Physio Aug18 - H5 - Copy,Physiotherapy | 25.10.9 | $56.25,Purchase | Andromeda | 25.10.9,Physiotherapy,ad name
120235145657510641,PT002,Physiotherapy | 25.10.9 | $56.25,Purchase | Andromeda | 25.10.9,Physiotherapy,ad code
120235145657520641,PT003,Physiotherapy | 25.10.9 | $56.25,Purchase | Andromeda | 25.10.9,Physiotherapy,ad code
120235145657420641,PT004,Physiotherapy | 25.10.9 | $56.25,Purchase | Andromeda | 25.10.9,Physiotherapy,ad code
120235145657530641,PT005,Physiotherapy | 25.10.9 | $56.25,Purchase | Andromeda | 25.10.9,Physiotherapy,ad code
120235145657430641,PT006,Physiotherapy | 25.10.9 | $56.25,Purchase | Andromeda | 25.10.9,Physiotherapy,ad code
120235145657540641,PT007,Physiotherapy | 25.10.9 | $56.25,Purchase | Andromeda | 25.10.9,Physiotherapy,ad code
120235145657440641,PT008,Physiotherapy | 25.10.9 | $56.25,Purchase | Andromeda | 25.10.9,Physiotherapy,ad code
120235145657550641,PT009,Physiotherapy | 25.10.9 | $56.25,Purchase | Andromeda | 25.10.9,Physiotherapy,ad code
120235145657460641,PT011,Physiotherapy | 25.10.9 | $56.25,Purchase | Andromeda | 25.10.9,Physiotherapy,ad code
120235145657470641,PT012,Physiotherapy | 25.10.9 | $56.25,Purchase | Andromeda | 25.10.9,Physiotherapy,ad code
120235145657480641,PT013,Physiotherapy | 25.10.9 | $56.25,Purchase | Andromeda | 25.10.9,Physiotherapy,ad code
120233919889540641,PT014,Physiotherapy | 25.10.9 | $56.25,Purchase | Andromeda | 25.10.9,Physiotherapy,ad code
120240744110620641,PT074,Physiotherapy | 25.10.9 | $56.25,Purchase | Andromeda | 25.10.9,Physiotherapy,ad code
120240745095530641,PT075,Physiotherapy | 25.10.9 | $56.25,Purchase | Andromeda | 25.10.9,Physiotherapy,ad code
120240745095520641,PT076,Physiotherapy | 25.10.9 | $56.25,Purchase | Andromeda | 25.10.9,Physiotherapy,ad code
120240745095510641,PT077,Physiotherapy | 25.10.9 | $56.25,Purchase | Andromeda | 25.10.9,Physiotherapy,ad code
120240745095500641,PT078 ❌(High CPL),Physiotherapy | 25.10.9 | $56.25,Purchase | Andromeda | 25.10.9,Physiotherapy,ad code
120239106251980641,PT090,Physiotherapy 2 | 26.02.10 | $19,Purchase | Andromeda | 25.10.9,Physiotherapy,ad code
120239107021630641,PT091,Physiotherapy 2 | 26.02.10 | $19,Purchase | Andromeda | 25.10.9,Physiotherapy,ad code
120239107071840641,PT092,Physiotherapy 2 | 26.02.10 | $19,Purchase | Andromeda | 25.10.9,Physiotherapy,ad code
120232493423200641,Physio - Feedback 1 - 25Aug3 - Copy,Physiotherapy | 25.10.9 | $56.25,Purchase | Andromeda | 25.10.9,Physiotherapy,ad name
120232493423220641,Physio - Feedback 3 - 25Aug3 - Copy,Physiotherapy | 25.10.9 | $56.25,Purchase | Andromeda | 25.10.9,Physiotherapy,ad name
120232493423240641,Physio - Repackaged - 25Aug3 - Copy,Physiotherapy | 25.10.9 | $56.25,Purchase | Andromeda | 25.10.9,Physiotherapy,ad name
120233715267220641,Physio - Repackaged - 25Aug3 - Try 2,Physiotherapy | 25.10.9 | $56.25,Purchase | Andromeda | 25.10.9,Physiotherapy,ad name
120232493423210641,Physiotherapy Jul - Design 2 - Copy,Physiotherapy | 25.10.9 | $56.25,Purchase | Andromeda | 25.10.9,Physiotherapy,ad name
120232493423260641,Physiotherapy Jul - Design 2 - Copy,Physiotherapy | 25.10.9 | $56.25,Purchase | Andromeda | 25.10.9,Physiotherapy,ad name
120239107083390641,Pt087,Physiotherapy 2 | 26.02.10 | $19,Purchase | Andromeda | 25.10.9,Physiotherapy,ad code
120239107123900641,Pt088,Physiotherapy 2 | 26.02.10 | $19,Purchase | Andromeda | 25.10.9,Physiotherapy,ad code
120239107135010641,Pt089,Physiotherapy 2 | 26.02.10 | $19,Purchase | Andromeda | 25.10.9,Physiotherapy,ad code
120232493423270641,physio may 1 - H5 v2 - price - Copy 3,Physiotherapy | 25.10.9 | $56.25,Purchase | Andromeda | 25.10.9,Physiotherapy,ad name
120232493423250641,short Ad - Physio - Copy,Physiotherapy | 25.10.9 | $56.25,Purchase | Andromeda | 25.10.9,Physiotherapy,ad name
120235145657500641,🌟PT001,Physiotherapy | 25.10.9 | $56.25,Purchase | Andromeda | 25.10.9,Physiotherapy,ad code
120232493423230641,🌟Physio - Numbers - 25Aug3 - Copy,Physiotherapy | 25.10.9 | $56.25,Purchase | Andromeda | 25.10.9,Physiotherapy,ad name
120232493423180641,🌟Physio - Talking Head - 25Aug3 - Copy,Physiotherapy | 25.10.9 | $56.25,Purchase | Andromeda | 25.10.9,Physiotherapy,ad name
120232493423190641,🌟Physiotherapy Jul - Design 4 - Copy,Physiotherapy | 25.10.9 | $56.25,Purchase | Andromeda | 25.10.9,Physiotherapy,ad name
120232493423170641,🌟physio may 1 - H3 - price - Copy 3,Physiotherapy | 25.10.9 | $56.25,Purchase | Andromeda | 25.10.9,Physiotherapy,ad name
120240043385580641,RA007,physio حجي حميد,Ramadan 2026 Sales Campaign,Physiotherapy,ad set name
120240043399160641,RA008,physio حجي حميد,Ramadan 2026 Sales Campaign,Physiotherapy,ad set name
120239750245360641,physio حجي حميد,physio حجي حميد,Ramadan 2026 Sales Campaign,Physiotherapy,ad name
120244456237110641,Maadh Physio Video - Without Music - Copy 2,Physiotherapy Retargeting,Retargeting CBO | All customers list,Physiotherapy,ad name
120244456219570641,physio may 1 - H5 v2 - price - Copy 4,Physiotherapy Retargeting,Retargeting CBO | All customers list,Physiotherapy,ad name
120244456219590641,short Ad - Physio - Copy 2,Physiotherapy Retargeting,Retargeting CBO | All customers list,Physiotherapy,ad name
120244456219580641,🌟Physio - Talking Head - 25Aug3 - Copy 2,Physiotherapy Retargeting,Retargeting CBO | All customers list,Physiotherapy,ad name
120230909461220641,Mega Physio Aug18 - H4,Physio | +30 | 25.9.11,SALES | Physiotherapy | 25.9.11 | CBO $40,Physiotherapy,ad name
120230908749460641,Mega Physio Aug18 - H5,Physio | +30 | 25.9.11,SALES | Physiotherapy | 25.9.11 | CBO $40,Physiotherapy,ad name
120231867078340641,short Ad - Physio,TESTING | Physio | +30,SALES | Physiotherapy | 25.9.11 | CBO $40,Physiotherapy,ad name
120207698026820641,Phys02 - image,‎‎‎Mar 24 2024 | 25+ Baghdad | No Interets | خدمة المعالج الفيزيائي‎,Scaling | Physiotherapy,Physiotherapy,ad code
120206662557800641,المعالج الفيزيائي فيديو ١,‎‎‎Mar 24 2024 | 25+ Baghdad | No Interets | خدمة المعالج الفيزيائي‎,Scaling | Physiotherapy,Physiotherapy,ad name
120207449205760641,المعالج الفيزيائي فيديو ١,‎‎‎‎Mar 24 2024 | 25+ Baghdad | No Interets | خدمة المعالج الفيزيائي‎‎ - Copy,Scaling | Physiotherapy,Physiotherapy,ad name
120207562968450641,المعالج الفيزيائي فيديو ٢,35+ Physio,Slaes Objective | Physio,Physiotherapy,ad name
120241989173970641,PT015,Physiotherapy \\ Testing \\ Emotional Story \\ Pack 2,TESTING ABO | All Services,Physiotherapy,ad code
120241988097470641,PT035,Physiotherapy \\ Testing \\ Problem Solution \\ Pack 1,TESTING ABO | All Services,Physiotherapy,ad code
120241989215610641,PT036,Physiotherapy \\ Testing \\ Case Study / Proof \\ Pack 3,TESTING ABO | All Services,Physiotherapy,ad code
120241989544930641,PT045,Physiotherapy \\ Testing \\ Case Study / Proof \\ Pack 3,TESTING ABO | All Services,Physiotherapy,ad code
120241989520440641,PT049,Physiotherapy \\ Testing \\ Case Study / Proof \\ Pack 3,TESTING ABO | All Services,Physiotherapy,ad code
120241988736500641,PT058,Physiotherapy \\ Testing \\ Problem Solution \\ Pack 1,TESTING ABO | All Services,Physiotherapy,ad code
120241988393220641,PT061,Physiotherapy \\ Testing \\ Emotional Story \\ Pack 2,TESTING ABO | All Services,Physiotherapy,ad code
120241988822180641,PT070,Physiotherapy \\ Testing \\ Problem Solution \\ Pack 1,TESTING ABO | All Services,Physiotherapy,ad code
120241989567820641,PT073,Physiotherapy \\ Testing \\ Case Study / Proof \\ Pack 3,TESTING ABO | All Services,Physiotherapy,ad code
120241988097460641,PT085,Physiotherapy \\ Testing \\ Problem Solution \\ Pack 1,TESTING ABO | All Services,Physiotherapy,ad code
120243799397860641,P097 - Problem Solution,Physiotherapy \\ Testing \\ Problem Solution \\ Pack 1 - Copy,TESTING | Msg Vol | All Services,Physiotherapy,ad set name
120242452468510641,PT015,Physiotherapy \\ Testing \\ Emotional Story \\ Pack 2 - Copy,TESTING | Msg Vol | All Services,Physiotherapy,ad code
120248057348060641,PT019,Physio Sales | General Need | 2026/07/13,TESTING | Msg Vol | All Services,Physiotherapy,ad code
120243798462650641,PT020 - Case Study,Physiotherapy \\ Testing \\ Case Study / Proof \\ Pack 3 - Copy,TESTING | Msg Vol | All Services,Physiotherapy,ad code
120243798723960641,PT021 - Customer Testimonial,Physiotherapy \\ Testing \\ Customer Testimonial \\ Pack 4,TESTING | Msg Vol | All Services,Physiotherapy,ad code
120248056916180641,PT022,Physio Sales | Social Proof | Results & Testimonials | 2026/07/13,TESTING | Msg Vol | All Services,Physiotherapy,ad code
120243798723970641,PT027 - Customer Testimonial,Physiotherapy \\ Testing \\ Customer Testimonial \\ Pack 4,TESTING | Msg Vol | All Services,Physiotherapy,ad code
120248056817580641,PT028,Physio Sales | Rehabilitation | 2026/07/13,TESTING | Msg Vol | All Services,Physiotherapy,ad code
120243798462640641,PT029 - Case Study,Physiotherapy \\ Testing \\ Case Study / Proof \\ Pack 3 - Copy,TESTING | Msg Vol | All Services,Physiotherapy,ad code
120242452468550641,PT035,Physiotherapy \\ Testing \\ Problem Solution \\ Pack 1 - Copy,TESTING | Msg Vol | All Services,Physiotherapy,ad code
120242452468490641,PT036,Physiotherapy \\ Testing \\ Case Study / Proof \\ Pack 3 - Copy,TESTING | Msg Vol | All Services,Physiotherapy,ad code
120248056407940641,PT038,Physio Sales | Elderly Caregiver | 2026/07/13,TESTING | Msg Vol | All Services,Physiotherapy,ad code
120248056407950641,PT041,Physio Sales | General Need | 2026/07/13,TESTING | Msg Vol | All Services,Physiotherapy,ad code
120248056407960641,PT042,Physio Sales | Trust | 2026/07/13,TESTING | Msg Vol | All Services,Physiotherapy,ad code
120248056817590641,PT043,Physio Sales | Rehabilitation | 2026/07/13,TESTING | Msg Vol | All Services,Physiotherapy,ad code
120242452468480641,PT045,Physiotherapy \\ Testing \\ Case Study / Proof \\ Pack 3 - Copy,TESTING | Msg Vol | All Services,Physiotherapy,ad code
120248057276650641,PT046,Physio Sales | Elderly Caregiver | 2026/07/13,TESTING | Msg Vol | All Services,Physiotherapy,ad code
120248056169250641,PT048,Physio Sales | Social Proof | Results & Testimonials | 2026/07/13,TESTING | Msg Vol | All Services,Physiotherapy,ad code
120242452468570641,PT049 - Case Study,Physiotherapy \\ Testing \\ Case Study / Proof \\ Pack 3 - Copy,TESTING | Msg Vol | All Services,Physiotherapy,ad code
120248057241460641,PT055,Physio Sales | Active Pain | 2026/07/13,TESTING | Msg Vol | All Services,Physiotherapy,ad code
120248057276670641,PT056,Physio Sales | Elderly Caregiver | 2026/07/13,TESTING | Msg Vol | All Services,Physiotherapy,ad code
120248057310930641,PT057,Physio Sales | Convenience | 2026/07/13,TESTING | Msg Vol | All Services,Physiotherapy,ad code
120242452468540641,PT058,Physiotherapy \\ Testing \\ Problem Solution \\ Pack 1 - Copy,TESTING | Msg Vol | All Services,Physiotherapy,ad code
120248056407970641,PT059,Physio Sales | Rehabilitation | 2026/07/13,TESTING | Msg Vol | All Services,Physiotherapy,ad code
120242452468520641,PT061,Physiotherapy \\ Testing \\ Emotional Story \\ Pack 2 - Copy,TESTING | Msg Vol | All Services,Physiotherapy,ad code
120243799178960641,PT064 - Customer Testimonial,Physiotherapy \\ Testing \\ Customer Testimonial \\ Pack 4,TESTING | Msg Vol | All Services,Physiotherapy,ad code
120243798904260641,PT065 - Customer Testimonial,Physiotherapy \\ Testing \\ Customer Testimonial \\ Pack 4,TESTING | Msg Vol | All Services,Physiotherapy,ad code
120248057348070641,PT066,Physio Sales | General Need | 2026/07/13,TESTING | Msg Vol | All Services,Physiotherapy,ad code
120248057310940641,PT069,Physio Sales | Convenience | 2026/07/13,TESTING | Msg Vol | All Services,Physiotherapy,ad code
120242452468560641,PT070 - Problem Solution,Physiotherapy \\ Testing \\ Problem Solution \\ Pack 1 - Copy,TESTING | Msg Vol | All Services,Physiotherapy,ad code
120242452468500641,PT073 - Case Study,Physiotherapy \\ Testing \\ Case Study / Proof \\ Pack 3 - Copy,TESTING | Msg Vol | All Services,Physiotherapy,ad code
120248056568690641,PT083,Physio Sales | Trust | 2026/07/13,TESTING | Msg Vol | All Services,Physiotherapy,ad code
120248056568700641,PT084,Physio Sales | Trust | 2026/07/13,TESTING | Msg Vol | All Services,Physiotherapy,ad code
120242452468530641,PT085 - Problem Solution,Physiotherapy \\ Testing \\ Problem Solution \\ Pack 1 - Copy,TESTING | Msg Vol | All Services,Physiotherapy,ad code
120243799397870641,PT099 - Problem Solution,Physiotherapy \\ Testing \\ Problem Solution \\ Pack 1 - Copy,TESTING | Msg Vol | All Services,Physiotherapy,ad code
120243799397840641,PT100 - Problem Solution,Physiotherapy \\ Testing \\ Problem Solution \\ Pack 1 - Copy,TESTING | Msg Vol | All Services,Physiotherapy,ad code
120243799397850641,PT101 - Problem Solution,Physiotherapy \\ Testing \\ Problem Solution \\ Pack 1 - Copy,TESTING | Msg Vol | All Services,Physiotherapy,ad code
120248056407920641,PT103,Physio Sales | Active Pain | 2026/07/13,TESTING | Msg Vol | All Services,Physiotherapy,ad code
120248056942420641,PT104 ✅,Physio Sales | Active Pain | 2026/07/13,TESTING | Msg Vol | All Services,Physiotherapy,ad code
120248056407930641,PT105,Physio Sales | Convenience | 2026/07/13,TESTING | Msg Vol | All Services,Physiotherapy,ad code
120248057310950641,PT106,Physio Sales | Convenience | 2026/07/13,TESTING | Msg Vol | All Services,Physiotherapy,ad code
120248057276660641,PT109,Physio Sales | Elderly Caregiver | 2026/07/13,TESTING | Msg Vol | All Services,Physiotherapy,ad code
120243798462660641,PT110 - Case Study,Physiotherapy \\ Testing \\ Case Study / Proof \\ Pack 3 - Copy,TESTING | Msg Vol | All Services,Physiotherapy,ad code
120246322373980641,PT127 - Talking Head,Physiotherapy \\ Testing \\ Talking Head \\ Jun 15 2026,TESTING | Msg Vol | All Services,Physiotherapy,ad code
120246323082850641,PT128 - Talking Head,Physiotherapy \\ Testing \\ Talking Head \\ Jun 15 2026,TESTING | Msg Vol | All Services,Physiotherapy,ad code
120246323126140641,PT129 - Talking Head,Physiotherapy \\ Testing \\ Talking Head \\ Jun 15 2026,TESTING | Msg Vol | All Services,Physiotherapy,ad code
120225607730310641,‎Physio TVc‎,‎Physio TVc‎,mini TVCs 2025,Physiotherapy,ad name
120227523442450641,‎Physio TVc‎,‎Physio TVc - Respong.io New Number,mini TVCs 2025,Physiotherapy,ad name
120224400084950641,physio may 1 - H1 - price - Copy,Top creatives | $5 | LAL | 2024 Sep 9,🌟Physiotherapy | $10 | LAL | 2024 Sep 6 - Copy,Physiotherapy,ad name
120224400085030641,physio may 1 - H2 - price - Copy,Top creatives | $5 | LAL | 2024 Sep 9,🌟Physiotherapy | $10 | LAL | 2024 Sep 6 - Copy,Physiotherapy,ad name
120224400085360641,physio may 1 - H3 - price - Copy,Top creatives | $5 | LAL | 2024 Sep 9,🌟Physiotherapy | $10 | LAL | 2024 Sep 6 - Copy,Physiotherapy,ad name
120224400084960641,physio may 1 - H4 v1 - price - Copy,Top creatives | $5 | LAL | 2024 Sep 9,🌟Physiotherapy | $10 | LAL | 2024 Sep 6 - Copy,Physiotherapy,ad name
120224400084930641,physio may 1 - H4 v2 - price - Copy,Top creatives | $5 | LAL | 2024 Sep 9,🌟Physiotherapy | $10 | LAL | 2024 Sep 6 - Copy,Physiotherapy,ad name
120224400085390641,physio may 1 - H5 v2 - price - Copy,Top creatives | $5 | LAL | 2024 Sep 9,🌟Physiotherapy | $10 | LAL | 2024 Sep 6 - Copy,Physiotherapy,ad name
120224400085000641,physio may 1 - H6 v2 - price - Copy,Top creatives | $5 | LAL | 2024 Sep 9,🌟Physiotherapy | $10 | LAL | 2024 Sep 6 - Copy,Physiotherapy,ad name
120225660544660641,physio may 1 - H1 - price - Copy,Top creatives | $5 | LAL | 2024 Sep 9,🌟Physiotherapy | $10 | LAL | 2024 Sep 6 - Respond.io,Physiotherapy,ad name
120225660545120641,physio may 1 - H2 - price - Copy,Top creatives | $5 | LAL | 2024 Sep 9,🌟Physiotherapy | $10 | LAL | 2024 Sep 6 - Respond.io,Physiotherapy,ad name
120225660544690641,physio may 1 - H3 - price - Copy,Top creatives | $5 | LAL | 2024 Sep 9,🌟Physiotherapy | $10 | LAL | 2024 Sep 6 - Respond.io,Physiotherapy,ad name
120225660545090641,physio may 1 - H4 v1 - price - Copy,Top creatives | $5 | LAL | 2024 Sep 9,🌟Physiotherapy | $10 | LAL | 2024 Sep 6 - Respond.io,Physiotherapy,ad name
120225660544650641,physio may 1 - H4 v2 - price - Copy,Top creatives | $5 | LAL | 2024 Sep 9,🌟Physiotherapy | $10 | LAL | 2024 Sep 6 - Respond.io,Physiotherapy,ad name
120225660544810641,physio may 1 - H5 v2 - price - Copy,Top creatives | $5 | LAL | 2024 Sep 9,🌟Physiotherapy | $10 | LAL | 2024 Sep 6 - Respond.io,Physiotherapy,ad name
120225660544720641,physio may 1 - H6 v2 - price - Copy,Top creatives | $5 | LAL | 2024 Sep 9,🌟Physiotherapy | $10 | LAL | 2024 Sep 6 - Respond.io,Physiotherapy,ad name
120226320692640641,physio may 1 - H1 - price - Copy,Top creatives | $5 | LAL | 2024 Sep 9,🌟Physiotherapy | $10 | LAL | 2024 Sep 6 - Respond.io - Copy,Physiotherapy,ad name
120226320692800641,physio may 1 - H2 - price - Copy,Top creatives | $5 | LAL | 2024 Sep 9,🌟Physiotherapy | $10 | LAL | 2024 Sep 6 - Respond.io - Copy,Physiotherapy,ad name
120226320692830641,physio may 1 - H3 - price - Copy,Top creatives | $5 | LAL | 2024 Sep 9,🌟Physiotherapy | $10 | LAL | 2024 Sep 6 - Respond.io - Copy,Physiotherapy,ad name
120226320692840641,physio may 1 - H4 v1 - price - Copy,Top creatives | $5 | LAL | 2024 Sep 9,🌟Physiotherapy | $10 | LAL | 2024 Sep 6 - Respond.io - Copy,Physiotherapy,ad name
120226320692790641,physio may 1 - H4 v2 - price - Copy,Top creatives | $5 | LAL | 2024 Sep 9,🌟Physiotherapy | $10 | LAL | 2024 Sep 6 - Respond.io - Copy,Physiotherapy,ad name
120226320692420641,physio may 1 - H5 v2 - price - Copy,Top creatives | $5 | LAL | 2024 Sep 9,🌟Physiotherapy | $10 | LAL | 2024 Sep 6 - Respond.io - Copy,Physiotherapy,ad name
120226320692410641,physio may 1 - H6 v2 - price - Copy,Top creatives | $5 | LAL | 2024 Sep 9,🌟Physiotherapy | $10 | LAL | 2024 Sep 6 - Respond.io - Copy,Physiotherapy,ad name
120224400085180641,physio may 1 - H1 - price - Copy,Top 3 creatives | $25 | Original Audience | 2024 Sep 6,🌟Physiotherapy | $25 | Original Audience | 2024 Sep 6 - Copy,Physiotherapy,ad name
120224400085290641,physio may 1 - H2 - price - Copy,Top 3 creatives | $25 | Original Audience | 2024 Sep 6,🌟Physiotherapy | $25 | Original Audience | 2024 Sep 6 - Copy,Physiotherapy,ad name
120224400085190641,physio may 1 - H3 - price - Copy,Top 3 creatives | $25 | Original Audience | 2024 Sep 6,🌟Physiotherapy | $25 | Original Audience | 2024 Sep 6 - Copy,Physiotherapy,ad name
120224400085220641,physio may 1 - H4 v1 - price - Copy,Top 3 creatives | $25 | Original Audience | 2024 Sep 6,🌟Physiotherapy | $25 | Original Audience | 2024 Sep 6 - Copy,Physiotherapy,ad name
120224400085210641,physio may 1 - H4 v2 - price - Copy,Top 3 creatives | $25 | Original Audience | 2024 Sep 6,🌟Physiotherapy | $25 | Original Audience | 2024 Sep 6 - Copy,Physiotherapy,ad name
120224400085150641,physio may 1 - H5 v2 - price - Copy,Top 3 creatives | $25 | Original Audience | 2024 Sep 6,🌟Physiotherapy | $25 | Original Audience | 2024 Sep 6 - Copy,Physiotherapy,ad name
120224400085240641,physio may 1 - H6 v2 - price - Copy,Top 3 creatives | $25 | Original Audience | 2024 Sep 6,🌟Physiotherapy | $25 | Original Audience | 2024 Sep 6 - Copy,Physiotherapy,ad name
120225660545300641,physio may 1 - H1 - price - Copy,Top 3 creatives | $25 | Original Audience | 2024 Sep 6,🌟Physiotherapy | $25 | Original Audience | 2024 Sep 6 - Respond.io,Physiotherapy,ad name
120225660544610641,physio may 1 - H2 - price - Copy,Top 3 creatives | $25 | Original Audience | 2024 Sep 6,🌟Physiotherapy | $25 | Original Audience | 2024 Sep 6 - Respond.io,Physiotherapy,ad name
120225660545380641,physio may 1 - H3 - price - Copy,Top 3 creatives | $25 | Original Audience | 2024 Sep 6,🌟Physiotherapy | $25 | Original Audience | 2024 Sep 6 - Respond.io,Physiotherapy,ad name
120225660544630641,physio may 1 - H4 v1 - price - Copy,Top 3 creatives | $25 | Original Audience | 2024 Sep 6,🌟Physiotherapy | $25 | Original Audience | 2024 Sep 6 - Respond.io,Physiotherapy,ad name
120225660545260641,physio may 1 - H4 v2 - price - Copy,Top 3 creatives | $25 | Original Audience | 2024 Sep 6,🌟Physiotherapy | $25 | Original Audience | 2024 Sep 6 - Respond.io,Physiotherapy,ad name
120225660545310641,physio may 1 - H5 v2 - price - Copy,Top 3 creatives | $25 | Original Audience | 2024 Sep 6,🌟Physiotherapy | $25 | Original Audience | 2024 Sep 6 - Respond.io,Physiotherapy,ad name
120225660544620641,physio may 1 - H6 v2 - price - Copy,Top 3 creatives | $25 | Original Audience | 2024 Sep 6,🌟Physiotherapy | $25 | Original Audience | 2024 Sep 6 - Respond.io,Physiotherapy,ad name
120226321023260641,physio may 1 - H1 - price - Copy 2,Top 3 creatives | $25 | Original Audience | 2024 Sep 6,🌟Physiotherapy | $25 | Original Audience | 2024 Sep 6 - Respond.io - Copy,Physiotherapy,ad name
120226321023270641,physio may 1 - H2 - price - Copy 2,Top 3 creatives | $25 | Original Audience | 2024 Sep 6,🌟Physiotherapy | $25 | Original Audience | 2024 Sep 6 - Respond.io - Copy,Physiotherapy,ad name
120226321023300641,physio may 1 - H3 - price - Copy 2,Top 3 creatives | $25 | Original Audience | 2024 Sep 6,🌟Physiotherapy | $25 | Original Audience | 2024 Sep 6 - Respond.io - Copy,Physiotherapy,ad name
120226321023290641,physio may 1 - H4 v1 - price - Copy 2,Top 3 creatives | $25 | Original Audience | 2024 Sep 6,🌟Physiotherapy | $25 | Original Audience | 2024 Sep 6 - Respond.io - Copy,Physiotherapy,ad name
120226321023250641,physio may 1 - H4 v2 - price - Copy 2,Top 3 creatives | $25 | Original Audience | 2024 Sep 6,🌟Physiotherapy | $25 | Original Audience | 2024 Sep 6 - Respond.io - Copy,Physiotherapy,ad name
120226321023310641,physio may 1 - H5 v2 - price - Copy 2,Top 3 creatives | $25 | Original Audience | 2024 Sep 6,🌟Physiotherapy | $25 | Original Audience | 2024 Sep 6 - Respond.io - Copy,Physiotherapy,ad name
120226321023280641,physio may 1 - H6 v2 - price - Copy 2,Top 3 creatives | $25 | Original Audience | 2024 Sep 6,🌟Physiotherapy | $25 | Original Audience | 2024 Sep 6 - Respond.io - Copy,Physiotherapy,ad name
120223120105310641,Physio 25.1.21 - Hook 2 - Copy,Physiotherapy | Broad | $20,📍Physiotherapy Main | Sales Objective,Physiotherapy,ad name
120223120105320641,Physio 25.1.21 - Hook 3 - Copy,Physiotherapy | Broad | $20,📍Physiotherapy Main | Sales Objective,Physiotherapy,ad name
120223120105300641,Physio 25.1.25 - Hook 1 - Copy,Physiotherapy | Broad | $20,📍Physiotherapy Main | Sales Objective,Physiotherapy,ad name
120223348508090641,physio may 1 - H1 - Copy,Physiotherapy | Broad | $20,📍Physiotherapy Main | Sales Objective,Physiotherapy,ad name
120223435898810641,physio may 1 - H1 - price,Physiotherapy | Broad | $20,📍Physiotherapy Main | Sales Objective,Physiotherapy,ad name
120223348508050641,physio may 1 - H2 - Copy,Physiotherapy | Broad | $20,📍Physiotherapy Main | Sales Objective,Physiotherapy,ad name
120223435898800641,physio may 1 - H2 - price,Physiotherapy | Broad | $20,📍Physiotherapy Main | Sales Objective,Physiotherapy,ad name
120223348508060641,physio may 1 - H3 - Copy,Physiotherapy | Broad | $20,📍Physiotherapy Main | Sales Objective,Physiotherapy,ad name
120223435898840641,physio may 1 - H3 - price,Physiotherapy | Broad | $20,📍Physiotherapy Main | Sales Objective,Physiotherapy,ad name
120223435898830641,physio may 1 - H4 v1 - price,Physiotherapy | Broad | $20,📍Physiotherapy Main | Sales Objective,Physiotherapy,ad name
120223348508070641,physio may 1 - H4 v2 - Copy,Physiotherapy | Broad | $20,📍Physiotherapy Main | Sales Objective,Physiotherapy,ad name
120223435898820641,physio may 1 - H4 v2 - price,Physiotherapy | Broad | $20,📍Physiotherapy Main | Sales Objective,Physiotherapy,ad name
120223348508100641,physio may 1 - H5 v2 - Copy,Physiotherapy | Broad | $20,📍Physiotherapy Main | Sales Objective,Physiotherapy,ad name
120223435898790641,physio may 1 - H5 v2 - price,Physiotherapy | Broad | $20,📍Physiotherapy Main | Sales Objective,Physiotherapy,ad name
120223348508080641,physio may 1 - H6 v2 - Copy,Physiotherapy | Broad | $20,📍Physiotherapy Main | Sales Objective,Physiotherapy,ad name
120223435898780641,physio may 1 - H6 v2 - price,Physiotherapy | Broad | $20,📍Physiotherapy Main | Sales Objective,Physiotherapy,ad name
120218768271970641,Ibraheem physio 1,Original Audince,📍Physiotherapy | $6 | Testing,Physiotherapy,ad name
120211438525790641,Maadh Physio Video - With Music,Original Audince,📍Physiotherapy | $6 | Testing,Physiotherapy,ad name
120211438578010641,Maadh Physio Video - Without Music,Original Audince,📍Physiotherapy | $6 | Testing,Physiotherapy,ad name
120208900306760641,Phyiso 01 - A,LAL,📍Physiotherapy | $6 | Testing,Physiotherapy,ad code
120208900722900641,Phyiso 01 - B,LAL,📍Physiotherapy | $6 | Testing,Physiotherapy,ad code
120208900742160641,Phyiso 01 - B,Original Audince,📍Physiotherapy | $6 | Testing,Physiotherapy,ad code
120208900722910641,Phyiso 01 - C,LAL,📍Physiotherapy | $6 | Testing,Physiotherapy,ad code
120208900742170641,Phyiso 02,Original Audince,📍Physiotherapy | $6 | Testing,Physiotherapy,ad code
120208900722920641,Phyiso 02,LAL,📍Physiotherapy | $6 | Testing,Physiotherapy,ad code
120209607191110641,Phyiso 07,Original Audince,📍Physiotherapy | $6 | Testing,Physiotherapy,ad code
120209607227180641,Phyiso 09,Original Audince,📍Physiotherapy | $6 | Testing,Physiotherapy,ad code
120209548495340641,Phyiso 10 - A,Original Audince,📍Physiotherapy | $6 | Testing,Physiotherapy,ad code
120209548527610641,Phyiso 10 - B,Original Audince,📍Physiotherapy | $6 | Testing,Physiotherapy,ad code
120209548570130641,Phyiso 10 - C,Original Audince,📍Physiotherapy | $6 | Testing,Physiotherapy,ad code
120209607227170641,Phyiso 11 - A,Original Audince,📍Physiotherapy | $6 | Testing,Physiotherapy,ad code
120209607227160641,Phyiso 11 - B,Original Audince,📍Physiotherapy | $6 | Testing,Physiotherapy,ad code
120209607227150641,Phyiso 11 - C,Original Audince,📍Physiotherapy | $6 | Testing,Physiotherapy,ad code
120210280755540641,Phyiso REEL 1,Original Audince,📍Physiotherapy | $6 | Testing,Physiotherapy,ad name
120210789493360641,Physio 06,Original Audince,📍Physiotherapy | $6 | Testing,Physiotherapy,ad name
120210789443610641,Physio 12 - A,Original Audince,📍Physiotherapy | $6 | Testing,Physiotherapy,ad name
120210789449550641,Physio 12 - B,Original Audince,📍Physiotherapy | $6 | Testing,Physiotherapy,ad name
120210789453270641,Physio 12 - C,Original Audince,📍Physiotherapy | $6 | Testing,Physiotherapy,ad name
120210789455580641,Physio 13 - A,Original Audince,📍Physiotherapy | $6 | Testing,Physiotherapy,ad name
120210789464240641,Physio 13 - B,Original Audince,📍Physiotherapy | $6 | Testing,Physiotherapy,ad name
120211298568430641,Physio 14 - A,Original Audince,📍Physiotherapy | $6 | Testing,Physiotherapy,ad name
120211298604250641,Physio 14 - B⚡️,Original Audince,📍Physiotherapy | $6 | Testing,Physiotherapy,ad name
120211298613490641,Physio 14 - C,Original Audince,📍Physiotherapy | $6 | Testing,Physiotherapy,ad name
120211333893430641,Physio 14 - E,Original Audince,📍Physiotherapy | $6 | Testing,Physiotherapy,ad name
120211333921760641,Physio 14 - F⚡️,Original Audince,📍Physiotherapy | $6 | Testing,Physiotherapy,ad name
120211333926400641,Physio 14 - G ⚡️,Original Audince,📍Physiotherapy | $6 | Testing,Physiotherapy,ad name
120211333930080641,Physio 14 - H⚡️,Original Audince,📍Physiotherapy | $6 | Testing,Physiotherapy,ad name
120214331408360641,Physio 25.1.21 - Hook 1 - Copy,Original Audince,📍Physiotherapy | $6 | Testing,Physiotherapy,ad name
120214331408350641,Physio 25.1.21 - Hook 2 - Copy,Original Audince,📍Physiotherapy | $6 | Testing,Physiotherapy,ad name
120214331408370641,Physio 25.1.21 - Hook 3 - Copy,Original Audince,📍Physiotherapy | $6 | Testing,Physiotherapy,ad name
120214545485160641,Physio 25.1.25 - Hook 1 - Copy,Original Audince,📍Physiotherapy | $6 | Testing,Physiotherapy,ad name
120214545485170641,Physio 25.1.25 - Hook 2 - Copy,Original Audince,📍Physiotherapy | $6 | Testing,Physiotherapy,ad name
120214545485150641,Physio 25.1.25 - Hook 3 - Copy,Original Audince,📍Physiotherapy | $6 | Testing,Physiotherapy,ad name
120218767520550641,Physiotherapy March 1 - Hook 1,Original Audince,📍Physiotherapy | $6 | Testing,Physiotherapy,ad name
120218767885110641,Physiotherapy March 1 - Hook 2,Original Audince,📍Physiotherapy | $6 | Testing,Physiotherapy,ad name
120208900742180641,✅Phyiso 01 - C,Original Audince,📍Physiotherapy | $6 | Testing,Physiotherapy,ad code
120208900742130641,✅Phyiso 03,Original Audince,📍Physiotherapy | $6 | Testing,Physiotherapy,ad code
120208900722930641,✅Phyiso 03,LAL,📍Physiotherapy | $6 | Testing,Physiotherapy,ad code
120209607227190641,✅Phyiso 08,Original Audince,📍Physiotherapy | $6 | Testing,Physiotherapy,ad code
120208900742150641,❌Phyiso 01 - A,Original Audince,📍Physiotherapy | $6 | Testing,Physiotherapy,ad code
120211593301160641,Maadh Physio Video - With Music - Copy,Top creatives | $5 | LAL | 2024 Sep 9,📍🌟Physiotherapy | $10 | LAL | 2024 Sep 6,Physiotherapy,ad name
120211593301150641,Maadh Physio Video - Without Music - Copy,Top creatives | $5 | LAL | 2024 Sep 9,📍🌟Physiotherapy | $10 | LAL | 2024 Sep 6,Physiotherapy,ad name
120210789354000641,Phyiso 01 - C - Copy 2⚡️,Top creatives | $5 | LAL | 2024 Sep 9,📍🌟Physiotherapy | $10 | LAL | 2024 Sep 6,Physiotherapy,ad code
120210789353990641,Phyiso 03 - Copy 2⚡️,Top creatives | $5 | LAL | 2024 Sep 9,📍🌟Physiotherapy | $10 | LAL | 2024 Sep 6,Physiotherapy,ad code
120210789353980641,Phyiso 08 - Copy 2⚡️,Top creatives | $5 | LAL | 2024 Sep 9,📍🌟Physiotherapy | $10 | LAL | 2024 Sep 6,Physiotherapy,ad code
120210789437560641,Phyiso 11 - C - Copy⚡️,Top creatives | $5 | LAL | 2024 Sep 9,📍🌟Physiotherapy | $10 | LAL | 2024 Sep 6,Physiotherapy,ad code
120210789353970641,Phyiso REEL 1 - Copy 2,Top creatives | $5 | LAL | 2024 Sep 9,📍🌟Physiotherapy | $10 | LAL | 2024 Sep 6,Physiotherapy,ad name
120223348464210641,physio may 1 - H1 - Copy,Top creatives | $5 | LAL | 2024 Sep 9,📍🌟Physiotherapy | $10 | LAL | 2024 Sep 6,Physiotherapy,ad name
120223436409430641,physio may 1 - H1 - price - Copy,Top creatives | $5 | LAL | 2024 Sep 9,📍🌟Physiotherapy | $10 | LAL | 2024 Sep 6,Physiotherapy,ad name
120223348464150641,physio may 1 - H2 - Copy,Top creatives | $5 | LAL | 2024 Sep 9,📍🌟Physiotherapy | $10 | LAL | 2024 Sep 6,Physiotherapy,ad name
120223436409380641,physio may 1 - H2 - price - Copy,Top creatives | $5 | LAL | 2024 Sep 9,📍🌟Physiotherapy | $10 | LAL | 2024 Sep 6,Physiotherapy,ad name
120223348464630641,physio may 1 - H3 - Copy,Top creatives | $5 | LAL | 2024 Sep 9,📍🌟Physiotherapy | $10 | LAL | 2024 Sep 6,Physiotherapy,ad name
120223436409390641,physio may 1 - H3 - price - Copy,Top creatives | $5 | LAL | 2024 Sep 9,📍🌟Physiotherapy | $10 | LAL | 2024 Sep 6,Physiotherapy,ad name
120223348464600641,physio may 1 - H4 v1 - Copy,Top creatives | $5 | LAL | 2024 Sep 9,📍🌟Physiotherapy | $10 | LAL | 2024 Sep 6,Physiotherapy,ad name
120223436409410641,physio may 1 - H4 v1 - price - Copy,Top creatives | $5 | LAL | 2024 Sep 9,📍🌟Physiotherapy | $10 | LAL | 2024 Sep 6,Physiotherapy,ad name
120223348464160641,physio may 1 - H4 v2 - Copy,Top creatives | $5 | LAL | 2024 Sep 9,📍🌟Physiotherapy | $10 | LAL | 2024 Sep 6,Physiotherapy,ad name
120223436409420641,physio may 1 - H4 v2 - price - Copy,Top creatives | $5 | LAL | 2024 Sep 9,📍🌟Physiotherapy | $10 | LAL | 2024 Sep 6,Physiotherapy,ad name
120223348464200641,physio may 1 - H5 v2 - Copy,Top creatives | $5 | LAL | 2024 Sep 9,📍🌟Physiotherapy | $10 | LAL | 2024 Sep 6,Physiotherapy,ad name
120223436409400641,physio may 1 - H5 v2 - price - Copy,Top creatives | $5 | LAL | 2024 Sep 9,📍🌟Physiotherapy | $10 | LAL | 2024 Sep 6,Physiotherapy,ad name
120223348464170641,physio may 1 - H6 v2 - Copy,Top creatives | $5 | LAL | 2024 Sep 9,📍🌟Physiotherapy | $10 | LAL | 2024 Sep 6,Physiotherapy,ad name
120223436409440641,physio may 1 - H6 v2 - price - Copy,Top creatives | $5 | LAL | 2024 Sep 9,📍🌟Physiotherapy | $10 | LAL | 2024 Sep 6,Physiotherapy,ad name
120211593301350641,Maadh Physio Video - With Music - Copy,Top 3 creatives | $25 | Original Audience | 2024 Sep 6,📍🌟Physiotherapy | $25 | Original Audience | 2024 Sep 6,Physiotherapy,ad name
120211593301360641,Maadh Physio Video - Without Music - Copy,Top 3 creatives | $25 | Original Audience | 2024 Sep 6,📍🌟Physiotherapy | $25 | Original Audience | 2024 Sep 6,Physiotherapy,ad name
120216914043290641,New Engagement Ad,Physio | حجي حميد | $10,📍🌟Physiotherapy | $25 | Original Audience | 2024 Sep 6,Physiotherapy,ad set name
120210789203560641,Phyiso 01 - C - Copy⚡️,Top 3 creatives | $25 | Original Audience | 2024 Sep 6,📍🌟Physiotherapy | $25 | Original Audience | 2024 Sep 6,Physiotherapy,ad code
120210789203550641,Phyiso 03 - Copy⚡️,Top 3 creatives | $25 | Original Audience | 2024 Sep 6,📍🌟Physiotherapy | $25 | Original Audience | 2024 Sep 6,Physiotherapy,ad code
120210789203570641,Phyiso 08 - Copy,Top 3 creatives | $25 | Original Audience | 2024 Sep 6,📍🌟Physiotherapy | $25 | Original Audience | 2024 Sep 6,Physiotherapy,ad code
120210789440140641,Phyiso 11 - C - Copy,Top 3 creatives | $25 | Original Audience | 2024 Sep 6,📍🌟Physiotherapy | $25 | Original Audience | 2024 Sep 6,Physiotherapy,ad code
120210789214000641,Phyiso REEL 1 - Copy,Top 3 creatives | $25 | Original Audience | 2024 Sep 6,📍🌟Physiotherapy | $25 | Original Audience | 2024 Sep 6,Physiotherapy,ad name
120214330499270641,Physio 25.1.21 - Hook 1,Top 3 creatives | $25 | Original Audience | 2024 Sep 6,📍🌟Physiotherapy | $25 | Original Audience | 2024 Sep 6,Physiotherapy,ad name
120214331349050641,Physio 25.1.21 - Hook 2,Top 3 creatives | $25 | Original Audience | 2024 Sep 6,📍🌟Physiotherapy | $25 | Original Audience | 2024 Sep 6,Physiotherapy,ad name
120214331349900641,Physio 25.1.21 - Hook 3,Top 3 creatives | $25 | Original Audience | 2024 Sep 6,📍🌟Physiotherapy | $25 | Original Audience | 2024 Sep 6,Physiotherapy,ad name
120214545342120641,Physio 25.1.25 - Hook 1,Top 3 creatives | $25 | Original Audience | 2024 Sep 6,📍🌟Physiotherapy | $25 | Original Audience | 2024 Sep 6,Physiotherapy,ad name
120214545438070641,Physio 25.1.25 - Hook 2,Top 3 creatives | $25 | Original Audience | 2024 Sep 6,📍🌟Physiotherapy | $25 | Original Audience | 2024 Sep 6,Physiotherapy,ad name
120214545438080641,Physio 25.1.25 - Hook 3,Top 3 creatives | $25 | Original Audience | 2024 Sep 6,📍🌟Physiotherapy | $25 | Original Audience | 2024 Sep 6,Physiotherapy,ad name
120223347907290641,physio may 1 - H1,Top 3 creatives | $25 | Original Audience | 2024 Sep 6,📍🌟Physiotherapy | $25 | Original Audience | 2024 Sep 6,Physiotherapy,ad name
120223436453060641,physio may 1 - H1 - price - Copy,Top 3 creatives | $25 | Original Audience | 2024 Sep 6,📍🌟Physiotherapy | $25 | Original Audience | 2024 Sep 6,Physiotherapy,ad name
120223348312560641,physio may 1 - H2,Top 3 creatives | $25 | Original Audience | 2024 Sep 6,📍🌟Physiotherapy | $25 | Original Audience | 2024 Sep 6,Physiotherapy,ad name
120223436453030641,physio may 1 - H2 - price - Copy,Top 3 creatives | $25 | Original Audience | 2024 Sep 6,📍🌟Physiotherapy | $25 | Original Audience | 2024 Sep 6,Physiotherapy,ad name
120223348312570641,physio may 1 - H3,Top 3 creatives | $25 | Original Audience | 2024 Sep 6,📍🌟Physiotherapy | $25 | Original Audience | 2024 Sep 6,Physiotherapy,ad name
120223436453010641,physio may 1 - H3 - price - Copy,Top 3 creatives | $25 | Original Audience | 2024 Sep 6,📍🌟Physiotherapy | $25 | Original Audience | 2024 Sep 6,Physiotherapy,ad name
120223348312580641,physio may 1 - H4 v1,Top 3 creatives | $25 | Original Audience | 2024 Sep 6,📍🌟Physiotherapy | $25 | Original Audience | 2024 Sep 6,Physiotherapy,ad name
120223436453020641,physio may 1 - H4 v1 - price - Copy,Top 3 creatives | $25 | Original Audience | 2024 Sep 6,📍🌟Physiotherapy | $25 | Original Audience | 2024 Sep 6,Physiotherapy,ad name
120223348312600641,physio may 1 - H4 v2,Top 3 creatives | $25 | Original Audience | 2024 Sep 6,📍🌟Physiotherapy | $25 | Original Audience | 2024 Sep 6,Physiotherapy,ad name
120223436453050641,physio may 1 - H4 v2 - price - Copy,Top 3 creatives | $25 | Original Audience | 2024 Sep 6,📍🌟Physiotherapy | $25 | Original Audience | 2024 Sep 6,Physiotherapy,ad name
120223348312590641,physio may 1 - H5 v2,Top 3 creatives | $25 | Original Audience | 2024 Sep 6,📍🌟Physiotherapy | $25 | Original Audience | 2024 Sep 6,Physiotherapy,ad name
120223436453040641,physio may 1 - H5 v2 - price - Copy,Top 3 creatives | $25 | Original Audience | 2024 Sep 6,📍🌟Physiotherapy | $25 | Original Audience | 2024 Sep 6,Physiotherapy,ad name
120223348312610641,physio may 1 - H6 v2,Top 3 creatives | $25 | Original Audience | 2024 Sep 6,📍🌟Physiotherapy | $25 | Original Audience | 2024 Sep 6,Physiotherapy,ad name
120223436453070641,physio may 1 - H6 v2 - price - Copy,Top 3 creatives | $25 | Original Audience | 2024 Sep 6,📍🌟Physiotherapy | $25 | Original Audience | 2024 Sep 6,Physiotherapy,ad name
120216882515490641,حجي حميد,Top 3 creatives | $25 | Original Audience | 2024 Sep 6,📍🌟Physiotherapy | $25 | Original Audience | 2024 Sep 6,Physiotherapy,campaign name
120236362178320641,BO001,Bags - Businesses,Bag Sales | Rozenama,Products,ad set name
120236362504900641,BO002,Bags - Businesses,Bag Sales | Rozenama,Products,ad set name
120236362522870641,BO003,Bags - Businesses,Bag Sales | Rozenama,Products,ad set name
120236362551340641,BO004,Bags - Businesses,Bag Sales | Rozenama,Products,ad set name
120236362570010641,BO005,Bags - Businesses,Bag Sales | Rozenama,Products,ad set name
120236362585460641,BO006,Bags - Businesses,Bag Sales | Rozenama,Products,ad set name
120236362595790641,BO007,Bags - Businesses,Bag Sales | Rozenama,Products,ad set name
120236362601500641,BO008,Bags - Businesses,Bag Sales | Rozenama,Products,ad set name
120236362613340641,BO009,Bags - Businesses,Bag Sales | Rozenama,Products,ad set name
120236362623550641,BO010,Bags - Businesses,Bag Sales | Rozenama,Products,ad set name
120236362635380641,BO011,Bags - Businesses,Bag Sales | Rozenama,Products,ad set name
120236362805260641,BO012,Bags - Businesses,Bag Sales | Rozenama,Products,ad set name
120234826752360641,DMB001,Bags | جنطة السكري,Bag Sales | Rozenama,Products,ad set name
120234827158210641,DMB002,Bags | جنطة السكري,Bag Sales | Rozenama,Products,ad set name
120235130207500641,DMB003,Bags | جنطة السكري,Bag Sales | Rozenama,Products,ad set name
120235130268550641,DMB004,Bags | جنطة السكري,Bag Sales | Rozenama,Products,ad set name
120235130268540641,DMB005,Bags | جنطة السكري,Bag Sales | Rozenama,Products,ad set name
120235130268530641,DMB006,Bags | جنطة السكري,Bag Sales | Rozenama,Products,ad set name
120235130268520641,DMB007,Bags | جنطة السكري,Bag Sales | Rozenama,Products,ad set name
120235130268510641,DMB008,Bags | جنطة السكري,Bag Sales | Rozenama,Products,ad set name
120235130268600641,DMB009,Bags | جنطة السكري,Bag Sales | Rozenama,Products,ad set name
120235130268560641,DMB010,Bags | جنطة السكري,Bag Sales | Rozenama,Products,ad set name
120235130268570641,DMB011,Bags | جنطة السكري,Bag Sales | Rozenama,Products,ad set name
120235130268580641,DMB012,Bags | جنطة السكري,Bag Sales | Rozenama,Products,ad set name
120232739344390641,static 1,Bags,Bag Sales | Rozenama,Products,ad set name
120234186798530641,static 1,Bags - Copy,Bag Sales | Rozenama,Products,ad set name
120232739412270641,static 2,Bags,Bag Sales | Rozenama,Products,ad set name
120234186798560641,static 2,Bags - Copy,Bag Sales | Rozenama,Products,ad set name
120232739412280641,static 3,Bags,Bag Sales | Rozenama,Products,ad set name
120234186798520641,static 3,Bags - Copy,Bag Sales | Rozenama,Products,ad set name
120232739412290641,static 4,Bags,Bag Sales | Rozenama,Products,ad set name
120234186798490641,static 4,Bags - Copy,Bag Sales | Rozenama,Products,ad set name
120232739412300641,static 5,Bags,Bag Sales | Rozenama,Products,ad set name
120234186798480641,static 5,Bags - Copy,Bag Sales | Rozenama,Products,ad set name
120232739543990641,static 6,Bags,Bag Sales | Rozenama,Products,ad set name
120234186798500641,static 6,Bags - Copy,Bag Sales | Rozenama,Products,ad set name
120232739544000641,static 7,Bags,Bag Sales | Rozenama,Products,ad set name
120234186798540641,static 7,Bags - Copy,Bag Sales | Rozenama,Products,ad set name
120232739544010641,static 8,Bags,Bag Sales | Rozenama,Products,ad set name
120234186798470641,static 8,Bags - Copy,Bag Sales | Rozenama,Products,ad set name
120232737782810641,اعلان الجنطة الصغيرة,Bags,Bag Sales | Rozenama,Products,ad set name
120234186798460641,اعلان الجنطة الصغيرة,Bags - Copy,Bag Sales | Rozenama,Products,ad set name
120232739316110641,اعلان الجنطة العام,Bags,Bag Sales | Rozenama,Products,ad set name
120234186798570641,اعلان الجنطة العام,Bags - Copy,Bag Sales | Rozenama,Products,ad set name
120232739316100641,اعلان الجنطة الكبيرة,Bags,Bag Sales | Rozenama,Products,ad set name
120234186798580641,اعلان الجنطة الكبيرة,Bags - Copy,Bag Sales | Rozenama,Products,ad set name
120232739316090641,اعلان الجنطة المتوسطة + الكبيرة,Bags,Bag Sales | Rozenama,Products,ad set name
120234186798550641,اعلان الجنطة المتوسطة + الكبيرة,Bags - Copy,Bag Sales | Rozenama,Products,ad set name
120235078747390641,static 3 - Copy,Big 4,Bags Sales,Products,campaign name
120235078747330641,‎اعلان الجنطة الصغيرة‎ - Copy,Big 4,Bags Sales,Products,campaign name
120235078747440641,‎اعلان الجنطة العام‎ - Copy,Big 4,Bags Sales,Products,campaign name
120235078747430641,‎اعلان الجنطة الكبيرة‎ - Copy,Big 4,Bags Sales,Products,campaign name
120235078747410641,‎اعلان الجنطة المتوسطة + الكبيرة‎ - Copy,Big 4,Bags Sales,Products,campaign name
120235085678130641,static 1 - Copy 2,Big 4,Bags Sales - msg,Products,campaign name
120235085678140641,static 2 - Copy 2,Big 4,Bags Sales - msg,Products,campaign name
120235085678170641,static 3 - Copy 2,Big 4,Bags Sales - msg,Products,campaign name
120235085678160641,static 4 - Copy 2,Big 4,Bags Sales - msg,Products,campaign name
120235085678180641,static 5 - Copy 2,Big 4,Bags Sales - msg,Products,campaign name
120235085678150641,static 6 - Copy 2,Big 4,Bags Sales - msg,Products,campaign name
120235085678210641,static 7 - Copy 2,Big 4,Bags Sales - msg,Products,campaign name
120235085678190641,static 8 - Copy 2,Big 4,Bags Sales - msg,Products,campaign name
120235085678100641,‎اعلان الجنطة الصغيرة‎ - Copy 2,Big 4,Bags Sales - msg,Products,campaign name
120235085678120641,‎اعلان الجنطة العام‎ - Copy 2,Big 4,Bags Sales - msg,Products,campaign name
120235085678110641,‎اعلان الجنطة الكبيرة‎ - Copy 2,Big 4,Bags Sales - msg,Products,campaign name
120235085678200641,‎اعلان الجنطة المتوسطة + الكبيرة‎ - Copy 2,Big 4,Bags Sales - msg,Products,campaign name
120211830163550641,Brace V1 - Hook 1,Brace | Testing | WA,Brace | Leads Form | TESTING CBO | 2024/10/18,Products,ad name
120211830163570641,Brace V1 - Hook 3,Brace | Testing | WA,Brace | Leads Form | TESTING CBO | 2024/10/18,Products,ad name
120211749825160641,Brace V1 - Hook 1,Brace | Testing | WA,Brace | Messaging | TESTING CBO | 2024/10/16,Products,ad name
120211749905610641,Brace V1 - Hook 2,Brace | Testing | WA,Brace | Messaging | TESTING CBO | 2024/10/16,Products,ad name
120211749905470641,Brace V1 - Hook 3,Brace | Testing | WA,Brace | Messaging | TESTING CBO | 2024/10/16,Products,ad name
120211750073500641,Brace V2,Brace | Testing | WA,Brace | Messaging | TESTING CBO | 2024/10/16,Products,ad name
120223432964310641,New Sales Ad,Saleem Bag,Saleem Bag $15,Products,ad set name
120208901126840641,Hiring Nursing 1,Nursing | +A,Hiring Campaign,Recruitment,campaign
120208900780330641,Hiring Nursing 1,Nursing | Healthcare and Medical Services,Hiring Campaign,Recruitment,campaign
120210030462060641,Hiring Nursing 2,Nursing | Healthcare and Medical Services,Hiring Campaign,Recruitment,campaign
120210030434820641,Hiring Nursing 2,Nursing | +A,Hiring Campaign,Recruitment,campaign
120208901160200641,Hiring Physio 1,Physiotherapy | +A,Hiring Campaign,Recruitment,campaign
120208901216750641,Hiring Physio 1,Physiotherapy | Healthcare and Medical Services,Hiring Campaign,Recruitment,campaign
120217971933650641,Hiring OMs 1,OMs,Hiring | Wati | march 25,Recruitment,campaign
120217584669270641,Hiring physio 1,Physio,Hiring | Wati | march 25,Recruitment,campaign
120218776823340641,Hiring u/s 1,u/s doc,Hiring | Wati | march 25,Recruitment,campaign
120229775957560641,Nawaf Physio Recruiting,Physio Recruiting,Recruiting,Recruitment,campaign
120229831920740641,Nawaf Physio Recruiting,Physio Recruiting - Copy,Recruiting,Recruitment,campaign
120229843415220641,Nawaf Physio Recruiting,Physio Recruiting Messages A+,Recruiting Messages,Recruitment,campaign
120249191330670641,Hiring Nurses 1,"Baghdad / nurses, LP",Staff,Recruitment,campaign
120249191403890641,Hiring Nurses 2,"Baghdad / nurses, LP",Staff,Recruitment,campaign
120214772973380641,Surgery Ad 1 - Hook 1,Baghdad,Surgery | Leads | 2025.2.1 | $6,Surgery,ad name
120217375530670641,Surgery Ad 1 - Hook 1,Baghdad - Copy,Surgery | Leads | 2025.2.1 | $6,Surgery,ad name
120214774075070641,Surgery Ad 1 - Hook 2,Baghdad,Surgery | Leads | 2025.2.1 | $6,Surgery,ad name
120217375530650641,Surgery Ad 1 - Hook 2,Baghdad - Copy,Surgery | Leads | 2025.2.1 | $6,Surgery,ad name
120214774075060641,Surgery Ad 1 - Hook 3,Baghdad,Surgery | Leads | 2025.2.1 | $6,Surgery,ad name
120217375530660641,Surgery Ad 1 - Hook 3,Baghdad - Copy,Surgery | Leads | 2025.2.1 | $6,Surgery,ad name
120218765586270641,Surgery Ad 2 - Hook 1,Baghdad - Copy,Surgery | Leads | 2025.2.1 | $6,Surgery,ad name
120218766829230641,Surgery Ad 2 - Hook 2,Baghdad - Copy,Surgery | Leads | 2025.2.1 | $6,Surgery,ad name
120218766945530641,Surgery Ad 2 - Hook 3,Baghdad - Copy,Surgery | Leads | 2025.2.1 | $6,Surgery,ad name
120233440968530641,arab therapy - Video 1 - Maadh slow,Bsr Bag Erb +22,Arab Therapy Leads,Telemedicine,ad name
120233443552200641,arab therapy - Video 2 - qand,Bsr Bag Erb +22,Arab Therapy Leads,Telemedicine,ad name
120233436235280641,arab therapy - static 1 - Copy,Bsr Bag Erb +22,Arab Therapy Leads,Telemedicine,ad name
120233436235300641,arab therapy - static 2 - Copy,Bsr Bag Erb +22,Arab Therapy Leads,Telemedicine,ad name
120233436235260641,arab therapy - static 3 - Copy,Bsr Bag Erb +22,Arab Therapy Leads,Telemedicine,ad name
120234967002120641,arab therapy - Video 1 - maad,Broad Bag Bas Erb,Arab Therapy | 2025.11.16 | $20,Telemedicine,ad name
120234966947980641,arab therapy - Video 2 - qand,Broad Bag Bas Erb,Arab Therapy | 2025.11.16 | $20,Telemedicine,ad name
120234967029790641,arab therapy - static 1,Broad Bag Bas Erb,Arab Therapy | 2025.11.16 | $20,Telemedicine,ad name
120234967110140641,arab therapy - static 2,Broad Bag Bas Erb,Arab Therapy | 2025.11.16 | $20,Telemedicine,ad name
120234967183290641,arab therapy - static 3,Broad Bag Bas Erb,Arab Therapy | 2025.11.16 | $20,Telemedicine,ad name
120206731469310641,Psych01 - image,Psychotherapy,Creative Testing Hub,Telemedicine,ad code
120207287500760641,Psych02 - image,Psychotherapy,Creative Testing Hub,Telemedicine,ad code
120207287500750641,Psych03 - image,Psychotherapy,Creative Testing Hub,Telemedicine,ad code
120207287500740641,Psych04 - image,Psychotherapy,Creative Testing Hub,Telemedicine,ad code
120233964538810641,OLC001,Online Consultation | 25.10.31 | $15,Purchase | Andromeda | 25.10.9,Telemedicine,ad code
120233965026750641,OLC002,Online Consultation | 25.10.31 | $15,Purchase | Andromeda | 25.10.9,Telemedicine,ad code
120233965026760641,OLC003,Online Consultation | 25.10.31 | $15,Purchase | Andromeda | 25.10.9,Telemedicine,ad code
120233965026720641,OLC004,Online Consultation | 25.10.31 | $15,Purchase | Andromeda | 25.10.9,Telemedicine,ad code
120233965026730641,OLC005,Online Consultation | 25.10.31 | $15,Purchase | Andromeda | 25.10.9,Telemedicine,ad code
120233965026740641,OLC006,Online Consultation | 25.10.31 | $15,Purchase | Andromeda | 25.10.9,Telemedicine,ad code
120233965331700641,OLC010,Online Consultation | 25.10.31 | $15,Purchase | Andromeda | 25.10.9,Telemedicine,ad code
120233177290420641,arab therapy - Video 1 - Maadh slow,Arab Therapy Baghdad | 25.10.20 | $10,Purchase | Andromeda | 25.10.9,Telemedicine,ad name
120233177290430641,arab therapy - Video 2 - Qand,Arab Therapy Baghdad | 25.10.20 | $10,Purchase | Andromeda | 25.10.9,Telemedicine,ad name
120233177046120641,arab therapy - static 1,Arab Therapy Baghdad | 25.10.20 | $10,Purchase | Andromeda | 25.10.9,Telemedicine,ad name
120233177290400641,arab therapy - static 2,Arab Therapy Baghdad | 25.10.20 | $10,Purchase | Andromeda | 25.10.9,Telemedicine,ad name
120233177290410641,arab therapy - static 3,Arab Therapy Baghdad | 25.10.20 | $10,Purchase | Andromeda | 25.10.9,Telemedicine,ad name
120212225436380641,SO01 - A,Broad | A+,Second Opinion B2C | 2024/11/5 | 10$,Telemedicine,campaign name
120212225589320641,SO01 - B,Broad | A+,Second Opinion B2C | 2024/11/5 | 10$,Telemedicine,campaign name
120212225591760641,SO01 - C,Broad | A+,Second Opinion B2C | 2024/11/5 | 10$,Telemedicine,campaign name
120212225596300641,SO02 - A,Broad | A+,Second Opinion B2C | 2024/11/5 | 10$,Telemedicine,campaign name
120212225598700641,SO02 - B,Broad | A+,Second Opinion B2C | 2024/11/5 | 10$,Telemedicine,campaign name
120212225601320641,SO02 - C,Broad | A+,Second Opinion B2C | 2024/11/5 | 10$,Telemedicine,campaign name
120211964500150641,BedSore Old Granny video,Wound Care,Nursing CBO 2024/5/19,Wound care,ad set name
120211964722040641,BedSore Old Granny video 2,Wound Care,Nursing CBO 2024/5/19,Wound care,ad set name
120232493112340641,BedSore Old Granny video 2 - Copy,BedSore + Wound Care | 25.10.9 | $10,Purchase | Andromeda | 25.10.9,Wound care,ad set name
120232493112320641,Ibraheem Reel - Copy,BedSore + Wound Care | 25.10.9 | $10,Purchase | Andromeda | 25.10.9,Wound care,ad set name
120232493112290641,‎قرح الفراش - دكتور‎ - Copy,BedSore + Wound Care | 25.10.9 | $10,Purchase | Andromeda | 25.10.9,Wound care,ad name
120232493112310641,‎‎قرح الفراش احمد حسين ونواف‎‎ - Copy,BedSore + Wound Care | 25.10.9 | $10,Purchase | Andromeda | 25.10.9,Wound care,ad name
120232493112330641,‎‎‎قرح الفراش احمد حسين ٢‎ - Copy,BedSore + Wound Care | 25.10.9 | $10,Purchase | Andromeda | 25.10.9,Wound care,ad name
120232493112300641,‎‎‎قرح الفراش احمد حسين ٢‎ - Copy 2,BedSore + Wound Care | 25.10.9 | $10,Purchase | Andromeda | 25.10.9,Wound care,ad name
120228579427850641,BedSore Old Granny video 2,Wound Care | Sales LAL,Wound Care - CBO - 2025Aug1,Wound care,ad set name
120228579427900641,Ibraheem Reel,Wound Care | Sales LAL,Wound Care - CBO - 2025Aug1,Wound care,ad set name
120228579428000641,قرح الفراش - دكتور,Wound Care | TESTING | A+,Wound Care - CBO - 2025Aug1,Wound care,ad name
120228579427780641,قرح الفراش احمد حسين ونواف,Wound Care | Sales LAL,Wound Care - CBO - 2025Aug1,Wound care,ad name
120228579427880641,‎قرح الفراش - دكتور‎ - Copy,Wound Care | Sales LAL,Wound Care - CBO - 2025Aug1,Wound care,ad name
120228579427970641,‎قرح الفراش احمد حسين ونواف‎,Wound Care | TESTING | A+,Wound Care - CBO - 2025Aug1,Wound care,ad name
120228579427990641,‎‎قرح الفراش احمد حسين ٢,Wound Care | TESTING | A+,Wound Care - CBO - 2025Aug1,Wound care,ad name
120228579427940641,‎‎‎قرح الفراش احمد حسين ٢‎ - Copy,Wound Care | Sales LAL,Wound Care - CBO - 2025Aug1,Wound care,ad name
120225660544670641,BedSore Old Granny video 2,Wound Care | Sales LAL,Wound Care - Respond.io,Wound care,ad set name
120225660544860641,Ibraheem Reel,Wound Care | Sales LAL,Wound Care - Respond.io,Wound care,ad set name
120225660544780641,قرح الفراش احمد حسين ونواف,Wound Care | Sales LAL,Wound Care - Respond.io,Wound care,ad name
120225660544760641,‎قرح الفراش احمد حسين ونواف‎,Wound Care | TESTING | A+,Wound Care - Respond.io,Wound care,ad name
120226320691920641,BedSore Old Granny video 2,Wound Care | Sales LAL,Wound Care - Respond.io - Copy,Wound care,ad set name
120226320691990641,Ibraheem Reel,Wound Care | Sales LAL,Wound Care - Respond.io - Copy,Wound care,ad set name
120226320692000641,قرح الفراش احمد حسين ونواف,Wound Care | Sales LAL,Wound Care - Respond.io - Copy,Wound care,ad name
120226320691910641,‎قرح الفراش احمد حسين ونواف‎,Wound Care | TESTING | A+,Wound Care - Respond.io - Copy,Wound care,ad name
120227303716900641,BedSore Old Granny video 2,Wound Care | Sales LAL,Wound Care - Respond.io 2025Jul10,Wound care,ad set name
120227303716830641,Ibraheem Reel,Wound Care | Sales LAL,Wound Care - Respond.io 2025Jul10,Wound care,ad set name
120227303716840641,قرح الفراش احمد حسين ونواف,Wound Care | Sales LAL,Wound Care - Respond.io 2025Jul10,Wound care,ad name
120227303716790641,‎قرح الفراش احمد حسين ونواف‎,Wound Care | TESTING | A+,Wound Care - Respond.io 2025Jul10,Wound care,ad name
120227412240590641,BedSore Old Granny video 2,Wound Care | Sales LAL,Wound Care - Respond.io 2025Jul13,Wound care,ad set name
120227412240610641,Ibraheem Reel,Wound Care | Sales LAL,Wound Care - Respond.io 2025Jul13,Wound care,ad set name
120227412240670641,قرح الفراش احمد حسين ونواف,Wound Care | Sales LAL,Wound Care - Respond.io 2025Jul13,Wound care,ad name
120227412240630641,‎قرح الفراش احمد حسين ونواف‎,Wound Care | TESTING | A+,Wound Care - Respond.io 2025Jul13,Wound care,ad name
120227445417330641,BedSore Old Granny video 2,Wound Care | Sales LAL,Wound Care - Respond.io 2025Jul13 - Copy,Wound care,ad set name
120227445417290641,Ibraheem Reel,Wound Care | Sales LAL,Wound Care - Respond.io 2025Jul13 - Copy,Wound care,ad set name
120227600726520641,قرح الفراش - دكتور,Wound Care | TESTING | A+,Wound Care - Respond.io 2025Jul13 - Copy,Wound care,ad name
120227445417340641,قرح الفراش احمد حسين ونواف,Wound Care | Sales LAL,Wound Care - Respond.io 2025Jul13 - Copy,Wound care,ad name
120227601032460641,‎قرح الفراش - دكتور‎ - Copy,Wound Care | Sales LAL,Wound Care - Respond.io 2025Jul13 - Copy,Wound care,ad name
120227445417930641,‎قرح الفراش احمد حسين ونواف‎,Wound Care | TESTING | A+,Wound Care - Respond.io 2025Jul13 - Copy,Wound care,ad name
120227600726510641,‎‎قرح الفراش احمد حسين ٢,Wound Care | TESTING | A+,Wound Care - Respond.io 2025Jul13 - Copy,Wound care,ad name
120227601032470641,‎‎‎قرح الفراش احمد حسين ٢‎ - Copy,Wound Care | Sales LAL,Wound Care - Respond.io 2025Jul13 - Copy,Wound care,ad name
120224400085040641,BedSore Old Granny video 2,Wound Care | Sales LAL,Wound Care | 2024/11/5 - Copy,Wound care,ad set name
120224400084970641,Ibraheem Reel,Wound Care | Sales LAL,Wound Care | 2024/11/5 - Copy,Wound care,ad set name
120224400085060641,قرح الفراش احمد حسين ونواف,Wound Care | Sales LAL,Wound Care | 2024/11/5 - Copy,Wound care,ad name
120224400085010641,‎قرح الفراش احمد حسين ونواف‎,Wound Care | TESTING | A+,Wound Care | 2024/11/5 - Copy,Wound care,ad name
120212225335540641,BedSore Old Granny video 2,Wound Care | TESTING | A+,📍Wound Care | 2024/11/5,Wound care,ad set name
120221586244360641,BedSore Old Granny video 2,Wound Care | Sales LAL,📍Wound Care | 2024/11/5,Wound care,ad set name
120216528297230641,Ibraheem Reel,Wound Care | TESTING | A+,📍Wound Care | 2024/11/5,Wound care,ad set name
120221586244370641,Ibraheem Reel,Wound Care | Sales LAL,📍Wound Care | 2024/11/5,Wound care,ad set name
120221926184390641,قرح الفراش احمد حسين ونواف,Wound Care | Sales LAL,📍Wound Care | 2024/11/5,Wound care,ad name
120221926355570641,‎قرح الفراش احمد حسين ونواف‎,Wound Care | TESTING | A+,📍Wound Care | 2024/11/5,Wound care,ad name
