month,ad_id,ad_name,adset_name,campaign_id,campaign_name,spend_usd,impressions,clicks,result_type,results
2024-03,120206295429840641,المعالج الفيزيائي فيديو ١,‎‎25+ Baghdad | No Interets | خدمة المعالج الفيزيائي,120206279824710641,CBO | Testing Campaign | Whatsapp | Mar 13 2024,74.38,69326,4601,onsite_conversion.messaging_conversation_started_7d,222
2024-03,120206663016850641,DocVis01 - image,Doctor Visit | DocVis01 - لاول مرة في بغداد,120206662819920641,Creative Testing Hub,23.78,18307,1338,onsite_conversion.messaging_conversation_started_7d,47
2024-03,120206294918390641,زيارة طبية فيديو ١,‎25+ Baghdad | No Interets | خدمة الزيارة الطبية,120206279824710641,CBO | Testing Campaign | Whatsapp | Mar 13 2024,3.81,2170,189,onsite_conversion.messaging_conversation_started_7d,10
2024-03,120206279825490641,زيارة ممرض فيديو ١,25+ Baghdad | No Interets | خدمة التمريض,120206279824710641,CBO | Testing Campaign | Whatsapp | Mar 13 2024,6.74,7488,554,onsite_conversion.messaging_conversation_started_7d,18
2024-03,120206662557800641,المعالج الفيزيائي فيديو ١,‎‎‎Mar 24 2024 | 25+ Baghdad | No Interets | خدمة المعالج الفيزيائي‎,120206662557710641,Scaling | Physiotherapy,79.88,85119,5979,onsite_conversion.messaging_conversation_started_7d,280
2024-03,120206661436440641,روتين النوم كله أنكلب برمضان,مناطق الاستهداف |  Ramadan 2024,120206661180810641,Awareness 2024,1.88,26716,12,reach,25806
2024-03,120206730984240641,الخزعة تسبب انتشار السرطان بالجسم..,مناطق الاستهداف |  Ramadan 2024,120206661180810641,Awareness 2024,4.21,43506,52,reach,41698
2024-03,120206661592000641,‎السكري‎,مناطق الاستهداف |  Ramadan 2024,120206661180810641,Awareness 2024,0.74,9174,5,reach,8595
2024-03,120206731469310641,Psych01 - image,Psychotherapy,120206662819920641,Creative Testing Hub,17.78,13455,936,onsite_conversion.messaging_conversation_started_7d,72
2024-03,120206914067830641,‎زيارة ممرض فيديو ١‎ - Copy,Nursing,120206662819920641,Creative Testing Hub,4.28,5021,350,onsite_conversion.messaging_conversation_started_7d,17
2024-03,120206663016830641,Phys01 - image,Physiotherapy,120206662819920641,Creative Testing Hub,23.85,17124,1383,onsite_conversion.messaging_conversation_started_7d,77
2024-03,120206662820210641,Nur01 - image,Nursing,120206662819920641,Creative Testing Hub,19.46,11606,503,onsite_conversion.messaging_conversation_started_7d,26
2024-03,120206661181710641,مزاجك ليش ينگلب اثناء الصيام؟,مناطق الاستهداف |  Ramadan 2024,120206661180810641,Awareness 2024,17.09,197027,139,reach,197027
2024-03,120206293151560641,‎زيارة ممرض فيديو ٢,25+ Baghdad | No Interets | خدمة التمريض,120206279824710641,CBO | Testing Campaign | Whatsapp | Mar 13 2024,8.73,7685,579,onsite_conversion.messaging_conversation_started_7d,14
2024-04,120207749526640641,video 1 | Original Audience | 2024/4/29,Top 3 creatives | $15 | Original Audience | 2024/4/29,120207749526440641,Physiotherapy | Original Audience | 2024/4/29,20.74,22073,922,onsite_conversion.messaging_conversation_started_7d,48
2024-04,120207749726000641,Image 2 | Original Audience | 2024/4/29,Top 3 creatives | $15 | Original Audience | 2024/4/29,120207749526440641,Physiotherapy | Original Audience | 2024/4/29,0.51,408,20,onsite_conversion.messaging_conversation_started_7d,1
2024-04,120207749708920641,Image 1 | Original Audience | 2024/4/29,Top 3 creatives | $15 | Original Audience | 2024/4/29,120207749526440641,Physiotherapy | Original Audience | 2024/4/29,8.26,7302,402,onsite_conversion.messaging_conversation_started_7d,18
2024-04,120207749463070641,video 1 | full advantage | 2024/4/29,Top 3 creatives | $10 -> $5 | Full Advantage | 2024/4/29,120207749462600641,Physiotherapy | Full Advantage+ | 2024/4/29,14.63,17558,642,onsite_conversion.messaging_conversation_started_7d,22
2024-04,120207749506400641,Image 1 | full advantage | 2024/4/29,Top 3 creatives | $10 -> $5 | Full Advantage | 2024/4/29,120207749462600641,Physiotherapy | Full Advantage+ | 2024/4/29,5.21,5565,239,onsite_conversion.messaging_conversation_started_7d,8
2024-04,120207749512780641,Image 2 | full advantage | 2024/4/29,Top 3 creatives | $10 -> $5 | Full Advantage | 2024/4/29,120207749462600641,Physiotherapy | Full Advantage+ | 2024/4/29,0.02,50,2,onsite_conversion.messaging_conversation_started_7d,
2024-04,120207287439850641,Eco01 - image,Echo,120206662819920641,Creative Testing Hub,21.02,28613,1532,onsite_conversion.messaging_conversation_started_7d,57
2024-04,120207287500740641,Psych04 - image,Psychotherapy,120206662819920641,Creative Testing Hub,10.48,8967,401,onsite_conversion.messaging_conversation_started_7d,31
2024-04,120207287409460641,ECG01 - image,ECG,120206662819920641,Creative Testing Hub,43.28,60723,2716,onsite_conversion.messaging_conversation_started_7d,56
2024-04,120206663016850641,DocVis01 - image,Doctor Visit | DocVis01 - لاول مرة في بغداد,120206662819920641,Creative Testing Hub,78.49,81770,5002,onsite_conversion.messaging_conversation_started_7d,173
2024-04,120207516161140641,Eco01 - image - Calls,Echo,120206662819920641,Creative Testing Hub,0.01,20,1,onsite_conversion.messaging_conversation_started_7d,
2024-04,120207492324530641,DocVis02 - image,Doctor Visit | DocVis2 - بركة البيت لا تهملهم,120206662819920641,Creative Testing Hub,5.46,2715,101,onsite_conversion.messaging_conversation_started_7d,3
2024-04,120207287500750641,Psych03 - image,Psychotherapy,120206662819920641,Creative Testing Hub,23.09,11773,498,onsite_conversion.messaging_conversation_started_7d,52
2024-04,120207449205760641,المعالج الفيزيائي فيديو ١,‎‎‎‎Mar 24 2024 | 25+ Baghdad | No Interets | خدمة المعالج الفيزيائي‎‎ - Copy,120206662557710641,Scaling | Physiotherapy,6.89,5178,321,onsite_conversion.messaging_conversation_started_7d,12
2024-04,120207486366950641,Nur03 - Image,Nursing | قدم السكري,120206662819920641,Creative Testing Hub,36.92,39200,1358,onsite_conversion.messaging_conversation_started_7d,48
2024-04,120207486487950641,Nur04 - Image,‎Nursing | قرح الفراش,120206662819920641,Creative Testing Hub,5.08,5747,458,onsite_conversion.messaging_conversation_started_7d,4
2024-04,120207492427770641,DocVis03 - image,Doctor Visit | DocVis03 - وكعة اهلنة مو سهلة,120206662819920641,Creative Testing Hub,21.65,133921,2622,onsite_conversion.messaging_conversation_started_7d,86
2024-04,120207512748360641,‎خلال كم يوم بس ! - app download‎ - Copy,خلال كم يوم بس! - profile visit - IG,120207512748190641,App Engagment,12.24,4783,24,post_engagement,1365
2024-04,120207516894440641,DocVis04 - image,‎Doctor Visit | DocVis04 - كسور,120206662819920641,Creative Testing Hub,2.51,2000,58,onsite_conversion.messaging_conversation_started_7d,1
2024-04,120207698026820641,Phys02 - image,‎‎‎Mar 24 2024 | 25+ Baghdad | No Interets | خدمة المعالج الفيزيائي‎,120206662557710641,Scaling | Physiotherapy,16.73,10834,568,onsite_conversion.messaging_conversation_started_7d,23
2024-04,120207708032410641,Phys03 - image,Physiotherapy,120206662819920641,Creative Testing Hub,5.96,3912,179,onsite_conversion.messaging_conversation_started_7d,8
2024-04,120207707439090641,احنا كلش مستعدين .. وأنتوا ؟ 🔥 - app download‎,احنا كلش مستعدين .. وأنتوا ؟ 🔥 - profile visit - IG‎,120207512748190641,App Engagment,3.76,5380,38,post_engagement,768
2024-04,120207562968450641,المعالج الفيزيائي فيديو ٢,35+ Physio,120207562967710641,Slaes Objective | Physio,10.25,10105,350,onsite_conversion.messaging_conversation_started_7d,9
2024-04,120207726115870641,DocVis03 - Image,وكعة اهلنة,120207719672750641,CALLS CTA,1.59,3837,66,click_to_call_native_call_placed,
2024-04,120207708499910641,‎خلال كم يوم بس ! - app download‎,‎خلال كم يوم بس! - profile visit - FB,120207512748190641,App Engagment,7.63,3392,396,post_engagement,385
2024-04,120207484724010641,هل كل تضخم بالبروستات يعني لازم نسويله عملية ؟,IG,120207484168300641,Engagement Campaign,0.08,544,1,post_engagement,212
2024-04,120207484169710641,شنو هو الوقت المثالي للختان لطفلك ( طهور ) ؟,IG,120207484168300641,Engagement Campaign,13.76,69030,195,post_engagement,27522
2024-04,120206662557800641,المعالج الفيزيائي فيديو ١,‎‎‎Mar 24 2024 | 25+ Baghdad | No Interets | خدمة المعالج الفيزيائي‎,120206662557710641,Scaling | Physiotherapy,333.4,388676,19660,onsite_conversion.messaging_conversation_started_7d,567
2024-04,120207484724000641,طفلك وزنه قليل ؟,IG,120207484168300641,Engagement Campaign,0.11,593,0,post_engagement,238
2024-04,120207484724020641,هل الجيوب الانفية مرض ؟,IG,120207484168300641,Engagement Campaign,8.25,51672,144,post_engagement,13944
2024-04,120207287971330641,Phys02 - image,Physiotherapy,120206662819920641,Creative Testing Hub,39.37,39938,2169,onsite_conversion.messaging_conversation_started_7d,95
2024-04,120207288410620641,DocVis03 - image,Doctor Visit | DocVis01 - لاول مرة في بغداد,120206662819920641,Creative Testing Hub,0.07,92,5,onsite_conversion.messaging_conversation_started_7d,
2024-04,120207288403760641,DocVis02 - image,Doctor Visit | DocVis01 - لاول مرة في بغداد,120206662819920641,Creative Testing Hub,0.59,497,30,onsite_conversion.messaging_conversation_started_7d,3
2024-04,120207287500760641,Psych02 - image,Psychotherapy,120206662819920641,Creative Testing Hub,11.72,12532,499,onsite_conversion.messaging_conversation_started_7d,54
2024-04,120207178960150641,مسوينا كليجة العيد,General Awareness\مناطق الاستهداف,120206661180810641,Awareness 2024,8.14,155713,137,reach,155713
2024-04,120207022594070641,دتصوم و عندك قولون عصبي؟,مناطق الاستهداف |  Ramadan 2024,120206661180810641,Awareness 2024,10.92,121842,110,reach,119893
2024-04,120206661436440641,روتين النوم كله أنكلب برمضان,مناطق الاستهداف |  Ramadan 2024,120206661180810641,Awareness 2024,2.38,27925,16,reach,27244
2024-04,120207022594060641,دكتور انا مريض حصاة كلى اكدر اصوم رمضان او لا !؟!,مناطق الاستهداف |  Ramadan 2024,120206661180810641,Awareness 2024,0.38,4527,1,reach,4299
2024-04,120206730984240641,الخزعة تسبب انتشار السرطان بالجسم..,مناطق الاستهداف |  Ramadan 2024,120206661180810641,Awareness 2024,7.22,79876,78,reach,79609
2024-04,120206661592000641,‎السكري‎,مناطق الاستهداف |  Ramadan 2024,120206661180810641,Awareness 2024,6.09,69878,65,reach,69878
2024-04,120206731469310641,Psych01 - image,Psychotherapy,120206662819920641,Creative Testing Hub,17.08,14167,714,onsite_conversion.messaging_conversation_started_7d,49
2024-04,120206914808350641,Nur02 - image,Nursing,120206662819920641,Creative Testing Hub,8.56,6975,333,onsite_conversion.messaging_conversation_started_7d,5
2024-04,120206914067830641,‎زيارة ممرض فيديو ١‎ - Copy,Nursing,120206662819920641,Creative Testing Hub,7.08,10347,756,onsite_conversion.messaging_conversation_started_7d,15
2024-04,120206663016830641,Phys01 - image,Physiotherapy,120206662819920641,Creative Testing Hub,7.47,6685,488,onsite_conversion.messaging_conversation_started_7d,16
2024-04,120206730984250641,بدل ما تضعفون، سمنتوا برمضان 😶,مناطق الاستهداف |  Ramadan 2024,120206661180810641,Awareness 2024,0.02,478,0,reach,469
2024-05,120208838433460641,Nursing Video Maadh Cut - 22s | IF,Top 3 creatives | $5 | IF | Original Audience | 2024 May 30,120208838433360641,Nursing | Instant Forms | 2024 May 30,8.65,6920,261,leadgen.other,1
2024-05,120208780937960641,AirBag Nursing - Vertical,iOS | Original Audience | Airbag Nursing | $2 | 2024 May 27 - Copy,120208780823020641,App Installs | iOS | 2024 May 27,8.78,20337,777,mobile_app_install,209
2024-05,120208780937970641,AirBag Dr Visit - Vertical,iOS | Original Audience | Airbag Doctor Visit | $2 | 2024 May 27 - Copy,120208780823020641,App Installs | iOS | 2024 May 27,8.8,19242,305,mobile_app_install,95
2024-05,120208780823080641,AirBag Physiotherapy - Vertical,iOS | Original Audience | Airbag Physiotherapy | $2 | 2024 May 27,120208780823020641,App Installs | iOS | 2024 May 27,8.84,16300,498,mobile_app_install,132
2024-05,120208780781340641,AirBag Dr Visit - Vertical,Android | Original Audience | Airbag Doctor Visit | $2 | 2024 May 27,120208780726700641,App Installs | Android | 2024 May 27,8.91,15724,343,mobile_app_install,202
2024-05,120208780781350641,AirBag Nursing - Vertical,Android | Original Audience | Airbag Nursing | $2 | 2024 May 27,120208780726700641,App Installs | Android | 2024 May 27,8.91,17868,521,mobile_app_install,259
2024-05,120208780727070641,AirBag Physiotherapy - Vertical,Android | Original Audience | Airbag Physiotherapy | $2 | 2024 May 27,120208780726700641,App Installs | Android | 2024 May 27,8.88,17916,455,mobile_app_install,264
2024-05,120208187493220641,IPR Jordan Ad 1 - Image,Original Audince | 3$ | +25 | Iraq | 2024/5/13,120208187492930641,IPR | Original Audince | CBO | 2024/5/13,22.19,21411,1364,onsite_conversion.messaging_conversation_started_7d,63
2024-05,120208188071980641,IPR Jordan Ad 3 - Image,Original Audince | 3$ | +25 | Iraq | 2024/5/13,120208187492930641,IPR | Original Audince | CBO | 2024/5/13,14.49,10797,727,onsite_conversion.messaging_conversation_started_7d,45
2024-05,120207890269430641,AirBag Physiotherapy - Vertical,Android | Original Audince | 2024/5/4,120207889875270641,App Awareness | Link Click | Android | 2024/5/4,36.79,80047,4927,link_click,4974
2024-05,120207890269420641,AirBag Nursing - Vertical,Android | Original Audince | 2024/5/4,120207889875270641,App Awareness | Link Click | Android | 2024/5/4,5.6,14915,477,link_click,490
2024-05,120207890269400641,AirBag Doctor Visit - Vertical,Android | Original Audince | 2024/5/4,120207889875270641,App Awareness | Link Click | Android | 2024/5/4,1.58,5310,137,link_click,143
2024-05,120208467510060641,Nursing Video Maadh Cut - 15s,Nursing | Facebook Only | Messenger,120208466688490641,Nursing CBO 2024/5/19,0.09,63,6,onsite_conversion.messaging_conversation_started_7d,
2024-05,120208467510030641,Nursing Video Maadh Cut - 26s full,Nursing | Facebook Only | Messenger,120208466688490641,Nursing CBO 2024/5/19,0.03,30,1,onsite_conversion.messaging_conversation_started_7d,
2024-05,120208467510050641,Nursing Video Maadh Cut - 22s,Nursing | Facebook Only | Messenger,120208466688490641,Nursing CBO 2024/5/19,0.73,335,11,onsite_conversion.messaging_conversation_started_7d,
2024-05,120208467514200641,Nursing Video Maadh Cut - 22s,Nursing | Healthcare and Medical Services | Facebook Only | Messenger - Copy,120208466688490641,Nursing CBO 2024/5/19,0.04,41,0,onsite_conversion.messaging_conversation_started_7d,
2024-05,120208467514190641,Nursing Video Maadh Cut - 15s,Nursing | Healthcare and Medical Services | Facebook Only | Messenger - Copy,120208466688490641,Nursing CBO 2024/5/19,0.2,139,6,onsite_conversion.messaging_conversation_started_7d,
2024-05,120208467514170641,Nursing Video Maadh Cut - 26s full,Nursing | Healthcare and Medical Services | Facebook Only | Messenger - Copy,120208466688490641,Nursing CBO 2024/5/19,0.01,2,0,onsite_conversion.messaging_conversation_started_7d,
2024-05,120208270563120641,باكج الرعاية التمريضية لكبار السن,Nursing | $5 | WA & Msgr | Rich PPL | 2024/5/13,120208209680880641,Nursing | $5 | WA & Msgr | Rich PPL | 2024/5/13,9.72,6824,222,onsite_conversion.messaging_conversation_started_7d,7
2024-05,120208209682760641,Nursing VIP ad 3,Nursing | $5 | WA & Msgr | Rich PPL | 2024/5/13,120208209680880641,Nursing | $5 | WA & Msgr | Rich PPL | 2024/5/13,15.24,12957,508,onsite_conversion.messaging_conversation_started_7d,23
2024-05,120207749526640641,video 1 | Original Audience | 2024/4/29,Top 3 creatives | $15 | Original Audience | 2024/4/29,120207749526440641,Physiotherapy | Original Audience | 2024/4/29,218.23,149883,6452,onsite_conversion.messaging_conversation_started_7d,259
2024-05,120207749726000641,Image 2 | Original Audience | 2024/4/29,Top 3 creatives | $15 | Original Audience | 2024/4/29,120207749526440641,Physiotherapy | Original Audience | 2024/4/29,6.39,3718,191,onsite_conversion.messaging_conversation_started_7d,10
2024-05,120207749708920641,Image 1 | Original Audience | 2024/4/29,Top 3 creatives | $15 | Original Audience | 2024/4/29,120207749526440641,Physiotherapy | Original Audience | 2024/4/29,218.19,168630,5735,onsite_conversion.messaging_conversation_started_7d,250
2024-05,120207749463070641,video 1 | full advantage | 2024/4/29,Top 3 creatives | $10 -> $5 | Full Advantage | 2024/4/29,120207749462600641,Physiotherapy | Full Advantage+ | 2024/4/29,113.95,60653,2874,onsite_conversion.messaging_conversation_started_7d,130
2024-05,120207749506400641,Image 1 | full advantage | 2024/4/29,Top 3 creatives | $10 -> $5 | Full Advantage | 2024/4/29,120207749462600641,Physiotherapy | Full Advantage+ | 2024/4/29,120.03,70221,2637,onsite_conversion.messaging_conversation_started_7d,139
2024-05,120208467539070641,Nursing Video Maadh Cut - 15s ⚡️,Nursing | IG & FB +18 | WA,120208466688490641,Nursing CBO 2024/5/19,0.37,348,3,onsite_conversion.messaging_conversation_started_7d,
2024-05,120208467539060641,Nursing Video Maadh Cut - 22s ⚡️,Nursing | IG & FB +18 | WA,120208466688490641,Nursing CBO 2024/5/19,57.03,56373,1899,onsite_conversion.messaging_conversation_started_7d,152
2024-05,120208467533290641,Nursing Video Maadh Cut - 22s ⚡️,Nursing | IG Only | WA,120208466688490641,Nursing CBO 2024/5/19,17.2,16802,514,onsite_conversion.messaging_conversation_started_7d,45
2024-05,120208467533280641,Nursing Video Maadh Cut - 15s ⚡️,Nursing | IG Only | WA,120208466688490641,Nursing CBO 2024/5/19,0.27,220,9,onsite_conversion.messaging_conversation_started_7d,
2024-05,120208467312870641,Nursing Video Maadh Cut - 15s ⚡️,Nursing | Facebook Only | WhatsApp,120208466688490641,Nursing CBO 2024/5/19,0.43,362,14,onsite_conversion.messaging_conversation_started_7d,1
2024-05,120208467312860641,Nursing Video Maadh Cut - 22s ⚡️,Nursing | Facebook Only | WhatsApp,120208466688490641,Nursing CBO 2024/5/19,8.63,9249,716,onsite_conversion.messaging_conversation_started_7d,21
2024-05,120208466688840641,Nursing Video Maadh Cut - 26s full,Nursing | Facebook Only | WhatsApp,120208466688490641,Nursing CBO 2024/5/19,43.42,36410,3494,onsite_conversion.messaging_conversation_started_7d,112
2024-05,120208467533270641,Nursing Video Maadh Cut - 26s full,Nursing | IG Only | WA,120208466688490641,Nursing CBO 2024/5/19,0.26,176,5,onsite_conversion.messaging_conversation_started_7d,
2024-05,120208467539040641,Nursing Video Maadh Cut - 26s full,Nursing | IG & FB +18 | WA,120208466688490641,Nursing CBO 2024/5/19,0.76,632,14,onsite_conversion.messaging_conversation_started_7d,1
2024-05,120208838386090641,video 1 | LAL | 2024 May 30,Top 3 creatives | $10 -> $15 | LAL | 2024 May 30,120208838386040641,Physiotherapy | LAL | 2024 May 30,19.22,17769,549,onsite_conversion.messaging_conversation_started_7d,15
2024-05,120208838386160641,video 1 | full advantage | 2024 May 30,Top 3 creatives | $10 -> $5 | Full Advantage | 2024 May 30,120208838386070641,Physiotherapy | Full Advantage+ | 2024 May 30,6.71,4867,180,onsite_conversion.messaging_conversation_started_7d,4
2024-05,120208838386150641,video 1 | Original Audience | 2024 May 30,Top 3 creatives | $15 | Original Audience | 2024 May 30,120208838386110641,Physiotherapy | Original Audience | 2024 May 30,11.96,8098,317,onsite_conversion.messaging_conversation_started_7d,10
2024-05,120208585047770641,IPR Jordan Ad 4 - Video,Original Audince | 3$ | +25 | Iraq | 2024/5/13,120208187492930641,IPR | Original Audince | CBO | 2024/5/13,15.65,10706,879,onsite_conversion.messaging_conversation_started_7d,21
2024-05,120208590515310641,‎خدمة التحاليل المنزلية ١ | 2024/5/22‎,Lab Test | Creative Testing | 2024/5/22,120208586907690641,Lab Test | Original Audince | 2024/5/22,19.74,6407,295,onsite_conversion.messaging_conversation_started_7d,18
2024-05,120208585200040641,IPR Jordan Ad 5 - Video,Original Audince | 3$ | +25 | Iraq | 2024/5/13,120208187492930641,IPR | Original Audince | CBO | 2024/5/13,1.51,908,56,onsite_conversion.messaging_conversation_started_7d,
2024-05,120208591255650641,‎‎خدمة التحاليل المنزلية ٢ | 2024/5/22‎‎,Lab Test | Creative Testing | 2024/5/22,120208586907690641,Lab Test | Original Audince | 2024/5/22,24.62,9243,416,onsite_conversion.messaging_conversation_started_7d,20
2024-05,120208586908370641,اطمئن عليهم | 2024/5/22,Lab Test | Creative Testing | 2024/5/22,120208586907690641,Lab Test | Original Audince | 2024/5/22,6.01,2689,151,onsite_conversion.messaging_conversation_started_7d,3
2024-05,120208838386050641,Image 2 | LAL | 2024 May 30,Top 3 creatives | $10 -> $15 | LAL | 2024 May 30,120208838386040641,Physiotherapy | LAL | 2024 May 30,1.92,1350,48,onsite_conversion.messaging_conversation_started_7d,
2024-05,120208838386140641,Image 1 | full advantage | 2024 May 30,Top 3 creatives | $10 -> $5 | Full Advantage | 2024 May 30,120208838386070641,Physiotherapy | Full Advantage+ | 2024 May 30,2.67,1286,62,onsite_conversion.messaging_conversation_started_7d,4
2024-05,120208838386170641,Image 2 | Original Audience | 2024 May 30,Top 3 creatives | $15 | Original Audience | 2024 May 30,120208838386110641,Physiotherapy | Original Audience | 2024 May 30,1.34,786,27,onsite_conversion.messaging_conversation_started_7d,1
2024-05,120208838386130641,Image 1 | Original Audience | 2024 May 30,Top 3 creatives | $15 | Original Audience | 2024 May 30,120208838386110641,Physiotherapy | Original Audience | 2024 May 30,14.95,9451,378,onsite_conversion.messaging_conversation_started_7d,15
2024-05,120208188071580641,IPR Jordan Ad 2 - Image,Original Audince | 3$ | +25 | Iraq | 2024/5/13,120208187492930641,IPR | Original Audince | CBO | 2024/5/13,3.41,2127,120,onsite_conversion.messaging_conversation_started_7d,6
2024-05,120207749512780641,Image 2 | full advantage | 2024/4/29,Top 3 creatives | $10 -> $5 | Full Advantage | 2024/4/29,120207749462600641,Physiotherapy | Full Advantage+ | 2024/4/29,2.12,978,31,onsite_conversion.messaging_conversation_started_7d,1
2024-05,120208270568520641,رعاية منزلية بعد العمليات,Nursing | $5 | WA & Msgr | Rich PPL | 2024/5/13,120208209680880641,Nursing | $5 | WA & Msgr | Rich PPL | 2024/5/13,4.01,4145,113,onsite_conversion.messaging_conversation_started_7d,1
2024-05,120208210231090641,Nursing VIP ad 4,Nursing | $5 | WA & Msgr | Rich PPL | 2024/5/13,120208209680880641,Nursing | $5 | WA & Msgr | Rich PPL | 2024/5/13,1.81,1268,73,onsite_conversion.messaging_conversation_started_7d,
2024-05,120208007934010641,Nursing VIP ad 2,Advantage+ | Targeted Cities | Tailored messages campaign 05/07/2024 Ad set,120208006821180641,Nursing | Advantage+ | Targeted Cities | Tailored messages campaign | 2024/5/8,6.02,4421,126,onsite_conversion.messaging_conversation_started_7d,2
2024-05,120208006821190641,Nursing VIP ad 1,Advantage+ | Targeted Cities | Tailored messages campaign 05/07/2024 Ad set,120208006821180641,Nursing | Advantage+ | Targeted Cities | Tailored messages campaign | 2024/5/8,8.5,7309,208,onsite_conversion.messaging_conversation_started_7d,4
2024-05,120207707439090641,احنا كلش مستعدين .. وأنتوا ؟ 🔥 - app download‎,احنا كلش مستعدين .. وأنتوا ؟ 🔥 - profile visit - IG‎,120207512748190641,App Engagment,2.91,4539,24,post_engagement,587
2024-05,120207889875640641,AirBag Doctor Visit - Vertical,Android | LAL | 2024/5/4,120207889875270641,App Awareness | Link Click | Android | 2024/5/4,0.44,1598,21,link_click,22
2024-05,120207890252860641,AirBag Nursing - Vertical,Android | LAL | 2024/5/4,120207889875270641,App Awareness | Link Click | Android | 2024/5/4,0.67,1782,62,link_click,61
2024-05,120207708499910641,‎خلال كم يوم بس ! - app download‎,‎خلال كم يوم بس! - profile visit - FB,120207512748190641,App Engagment,2.21,1851,140,post_engagement,130
2024-05,120207890252850641,AirBag Physiotherapy - Vertical,Android | LAL | 2024/5/4,120207889875270641,App Awareness | Link Click | Android | 2024/5/4,0.15,580,12,link_click,12
2024-05,120208009960850641,Nursing VIP ad 2,Nursing | 2 top creatives | 2024/5/8,120208008060280641,Nursing | Original Audience | Feed Only | 2024/5/8,9.25,6551,183,onsite_conversion.messaging_conversation_started_7d,4
2024-05,120207890948620641,App Traffic - AirBag - Physiotherapy,App Traffic 2024/5/4,120207890948560641,App Traffic (Linktree) 2024/5/4,0.9,2405,173,link_click,135
2024-05,120208008060770641,Nursing VIP ad 1,Nursing | 2 top creatives | 2024/5/8,120208008060280641,Nursing | Original Audience | Feed Only | 2024/5/8,5.4,4068,169,onsite_conversion.messaging_conversation_started_7d,2
2024-05,120207512676820641,خلال كم يوم بس ! - app download,IG,120207484168300641,Engagement Campaign,7.02,2225,15,post_engagement,518
2024-05,120207484724010641,هل كل تضخم بالبروستات يعني لازم نسويله عملية ؟,IG,120207484168300641,Engagement Campaign,0.07,538,1,post_engagement,206
2024-05,120207484169710641,شنو هو الوقت المثالي للختان لطفلك ( طهور ) ؟,IG,120207484168300641,Engagement Campaign,6.77,37752,74,post_engagement,14132
2024-06,120208947042510641,AirBag Dr Visit - Vertical,CTA | Airbag Dr Visit,120208943174270641,Omni Awareness Campaign,24.7,221068,536,reach,174437
2024-06,120208946723510641,اشعة وايكو,EDU content 3,120208943174270641,Omni Awareness Campaign,24.72,213664,398,reach,160229
2024-06,120208946723490641,بعدك تضم فحوصاتك و تحاليلك بال جرار؟,EDU content 2,120208943174270641,Omni Awareness Campaign,24.67,211179,277,reach,166557
2024-06,120208946723430641,شنو هو تطبيق سليم؟,EDU content 1,120208943174270641,Omni Awareness Campaign,24.7,213912,261,reach,165033
2024-06,120208946723390641,Echo,implementation Echo,120208943174270641,Omni Awareness Campaign,24.7,227048,1501,reach,186082
2024-06,120208942666550641,❌Nursing 06,Original Audince,120208901761200641,Nursing | Testing,47.18,30486,869,onsite_conversion.messaging_conversation_started_7d,31
2024-06,120209028354930641,Phyiso 01 - C,Top 3 creatives | $10 -> $5 | Full Advantage | 2024 May 30,120208838386070641,Physiotherapy | Full Advantage+ | 2024 May 30,28.21,22243,614,onsite_conversion.messaging_conversation_started_7d,52
2024-06,120209028354710641,Phyiso 01 - C,Top 3 creatives | $10 -> $15 | LAL | 2024 May 30,120208838386040641,Physiotherapy | LAL | 2024 May 30,58.91,55508,1591,onsite_conversion.messaging_conversation_started_7d,87
2024-06,120209028354440641,Phyiso 01 - C,Top 3 creatives | $15 | Original Audience | 2024 May 30,120208838386110641,Physiotherapy | Original Audience | 2024 May 30,99.21,93572,2789,onsite_conversion.messaging_conversation_started_7d,185
2024-06,120208946996920641,AirBag Nursing - Vertical,CTA | Airbag Nursing,120208943174270641,Omni Awareness Campaign,24.64,215487,477,reach,174650
2024-06,120208946723380641,ٍReview | DrVisit,ٍReview | DrVisit,120208943174270641,Omni Awareness Campaign,24.71,219203,315,reach,163690
2024-06,120208946723300641,Review | Nursing,Review | Nursing,120208943174270641,Omni Awareness Campaign,24.73,220133,278,reach,169775
2024-06,120208946723400641,Review | Physiotherapy,Review | Physiotherapy,120208943174270641,Omni Awareness Campaign,24.71,219195,391,reach,172501
2024-06,120208946723460641,Nursing,implementation Nursing/Lab Test,120208943174270641,Omni Awareness Campaign,24.75,217063,967,reach,162737
2024-06,120208960402880641,AirBag Physiotherapy - Vertical,CTA | Airbag Physiotherapy,120208943174270641,Omni Awareness Campaign,24.71,219151,504,reach,181135
2024-06,120208942083640641,Phyiso 03,Top 3 creatives | $15 | Original Audience | 2024 May 30,120208838386110641,Physiotherapy | Original Audience | 2024 May 30,216.41,305241,6704,onsite_conversion.messaging_conversation_started_7d,415
2024-06,120208942075020641,Phyiso 03,Top 3 creatives | $10 -> $5 | Full Advantage | 2024 May 30,120208838386070641,Physiotherapy | Full Advantage+ | 2024 May 30,82.63,87863,2236,onsite_conversion.messaging_conversation_started_7d,168
2024-06,120208942046310641,Phyiso 03,Top 3 creatives | $10 -> $15 | LAL | 2024 May 30,120208838386040641,Physiotherapy | LAL | 2024 May 30,165.1,257643,5556,onsite_conversion.messaging_conversation_started_7d,309
2024-06,120208908218290641,LT 02 - B,Lab Test | Creative Testing | 2024/5/22,120208586907690641,Lab Test | Original Audince | 2024/5/22,94.45,26461,1242,onsite_conversion.messaging_conversation_started_7d,70
2024-06,120208908218280641,LT 02 - A,Lab Test | Creative Testing | 2024/5/22,120208586907690641,Lab Test | Original Audince | 2024/5/22,9.2,2548,91,onsite_conversion.messaging_conversation_started_7d,7
2024-06,120208906602020641,Nursing 05,Original Audince,120208901761200641,Nursing | Testing,1.46,540,18,onsite_conversion.messaging_conversation_started_7d,2
2024-06,120208906602030641,Nursing 04,Original Audince,120208901761200641,Nursing | Testing,6.69,4402,111,onsite_conversion.messaging_conversation_started_7d,6
2024-06,120208901160200641,Hiring Physio 1,Physiotherapy | +A,120208900779870641,Hiring Campaign,2.05,1675,108,onsite_conversion.messaging_conversation_started_7d,12
2024-06,120208901216750641,Hiring Physio 1,Physiotherapy | Healthcare and Medical Services,120208900779870641,Hiring Campaign,2.9,2634,125,onsite_conversion.messaging_conversation_started_7d,20
2024-06,120208900722910641,Phyiso 01 - C,LAL,120208900306680641,📍Physiotherapy | $6 | Testing,0.18,152,3,onsite_conversion.messaging_conversation_started_7d,
2024-06,120208900722900641,Phyiso 01 - B,LAL,120208900306680641,📍Physiotherapy | $6 | Testing,0.11,71,0,onsite_conversion.messaging_conversation_started_7d,
2024-06,120208900306760641,Phyiso 01 - A,LAL,120208900306680641,📍Physiotherapy | $6 | Testing,2.67,1575,51,onsite_conversion.messaging_conversation_started_7d,7
2024-06,120208838433460641,Nursing Video Maadh Cut - 22s | IF,Top 3 creatives | $5 | IF | Original Audience | 2024 May 30,120208838433360641,Nursing | Instant Forms | 2024 May 30,4.57,3615,140,leadgen.other,
2024-06,120208780937960641,AirBag Nursing - Vertical,iOS | Original Audience | Airbag Nursing | $2 | 2024 May 27 - Copy,120208780823020641,App Installs | iOS | 2024 May 27,59.38,182472,4785,mobile_app_install,973
2024-06,120208780937970641,AirBag Dr Visit - Vertical,iOS | Original Audience | Airbag Doctor Visit | $2 | 2024 May 27 - Copy,120208780823020641,App Installs | iOS | 2024 May 27,59.54,143674,2154,mobile_app_install,381
2024-06,120208780823080641,AirBag Physiotherapy - Vertical,iOS | Original Audience | Airbag Physiotherapy | $2 | 2024 May 27,120208780823020641,App Installs | iOS | 2024 May 27,59.4,139457,3469,mobile_app_install,764
2024-06,120208780781340641,AirBag Dr Visit - Vertical,Android | Original Audience | Airbag Doctor Visit | $2 | 2024 May 27,120208780726700641,App Installs | Android | 2024 May 27,60.04,116856,2032,mobile_app_install,1026
2024-06,120208780781350641,AirBag Nursing - Vertical,Android | Original Audience | Airbag Nursing | $2 | 2024 May 27,120208780726700641,App Installs | Android | 2024 May 27,60.01,164636,2882,mobile_app_install,1479
2024-06,120208780727070641,AirBag Physiotherapy - Vertical,Android | Original Audience | Airbag Physiotherapy | $2 | 2024 May 27,120208780726700641,App Installs | Android | 2024 May 27,60.07,129267,2577,mobile_app_install,1302
2024-06,120208187493220641,IPR Jordan Ad 1 - Image,Original Audince | 3$ | +25 | Iraq | 2024/5/13,120208187492930641,IPR | Original Audince | CBO | 2024/5/13,15.1,10998,655,onsite_conversion.messaging_conversation_started_7d,22
2024-06,120208188071980641,IPR Jordan Ad 3 - Image,Original Audince | 3$ | +25 | Iraq | 2024/5/13,120208187492930641,IPR | Original Audince | CBO | 2024/5/13,23.94,18100,884,onsite_conversion.messaging_conversation_started_7d,41
2024-06,120207749526640641,video 1 | Original Audience | 2024/4/29,Top 3 creatives | $15 | Original Audience | 2024/4/29,120207749526440641,Physiotherapy | Original Audience | 2024/4/29,0.38,135,8,onsite_conversion.messaging_conversation_started_7d,
2024-06,120207749708920641,Image 1 | Original Audience | 2024/4/29,Top 3 creatives | $15 | Original Audience | 2024/4/29,120207749526440641,Physiotherapy | Original Audience | 2024/4/29,1.16,731,31,onsite_conversion.messaging_conversation_started_7d,
2024-06,120207749463070641,video 1 | full advantage | 2024/4/29,Top 3 creatives | $10 -> $5 | Full Advantage | 2024/4/29,120207749462600641,Physiotherapy | Full Advantage+ | 2024/4/29,0.03,4,0,onsite_conversion.messaging_conversation_started_7d,
2024-06,120207749506400641,Image 1 | full advantage | 2024/4/29,Top 3 creatives | $10 -> $5 | Full Advantage | 2024/4/29,120207749462600641,Physiotherapy | Full Advantage+ | 2024/4/29,1.55,934,49,onsite_conversion.messaging_conversation_started_7d,1
2024-06,120208900742160641,Phyiso 01 - B,Original Audince,120208900306680641,📍Physiotherapy | $6 | Testing,27.41,16030,557,onsite_conversion.messaging_conversation_started_7d,35
2024-06,120208900742150641,❌Phyiso 01 - A,Original Audince,120208900306680641,📍Physiotherapy | $6 | Testing,4.11,2474,82,onsite_conversion.messaging_conversation_started_7d,1
2024-06,120208900742170641,Phyiso 02,Original Audince,120208900306680641,📍Physiotherapy | $6 | Testing,17.85,8737,327,onsite_conversion.messaging_conversation_started_7d,18
2024-06,120208900742180641,✅Phyiso 01 - C,Original Audince,120208900306680641,📍Physiotherapy | $6 | Testing,24.7,15507,646,onsite_conversion.messaging_conversation_started_7d,42
2024-06,120208900742130641,✅Phyiso 03,Original Audince,120208900306680641,📍Physiotherapy | $6 | Testing,8.65,6272,339,onsite_conversion.messaging_conversation_started_7d,30
2024-06,120208946723410641,Ultrasound,implementation Ultrasound,120208943174270641,Omni Awareness Campaign,24.71,211181,1109,reach,153399
2024-06,120208467539070641,Nursing Video Maadh Cut - 15s ⚡️,Nursing | IG & FB +18 | WA,120208466688490641,Nursing CBO 2024/5/19,5.23,3297,97,onsite_conversion.messaging_conversation_started_7d,7
2024-06,120208467539060641,Nursing Video Maadh Cut - 22s ⚡️,Nursing | IG & FB +18 | WA,120208466688490641,Nursing CBO 2024/5/19,102.03,96757,3664,onsite_conversion.messaging_conversation_started_7d,256
2024-06,120208467533290641,Nursing Video Maadh Cut - 22s ⚡️,Nursing | IG Only | WA,120208466688490641,Nursing CBO 2024/5/19,103,94550,3336,onsite_conversion.messaging_conversation_started_7d,297
2024-06,120208467533280641,Nursing Video Maadh Cut - 15s ⚡️,Nursing | IG Only | WA,120208466688490641,Nursing CBO 2024/5/19,6.23,5640,133,onsite_conversion.messaging_conversation_started_7d,9
2024-06,120208467312870641,Nursing Video Maadh Cut - 15s ⚡️,Nursing | Facebook Only | WhatsApp,120208466688490641,Nursing CBO 2024/5/19,0.72,435,16,onsite_conversion.messaging_conversation_started_7d,
2024-06,120208467312860641,Nursing Video Maadh Cut - 22s ⚡️,Nursing | Facebook Only | WhatsApp,120208466688490641,Nursing CBO 2024/5/19,4.29,3803,173,onsite_conversion.messaging_conversation_started_7d,5
2024-06,120208466688840641,Nursing Video Maadh Cut - 26s full,Nursing | Facebook Only | WhatsApp,120208466688490641,Nursing CBO 2024/5/19,75.4,60955,4453,onsite_conversion.messaging_conversation_started_7d,147
2024-06,120208467533270641,Nursing Video Maadh Cut - 26s full,Nursing | IG Only | WA,120208466688490641,Nursing CBO 2024/5/19,1.37,1122,29,onsite_conversion.messaging_conversation_started_7d,3
2024-06,120208467539040641,Nursing Video Maadh Cut - 26s full,Nursing | IG & FB +18 | WA,120208466688490641,Nursing CBO 2024/5/19,1.28,1150,28,onsite_conversion.messaging_conversation_started_7d,2
2024-06,120208901126840641,Hiring Nursing 1,Nursing | +A,120208900779870641,Hiring Campaign,1.53,1502,163,onsite_conversion.messaging_conversation_started_7d,26
2024-06,120208900780330641,Hiring Nursing 1,Nursing | Healthcare and Medical Services,120208900779870641,Hiring Campaign,1.5,1454,155,onsite_conversion.messaging_conversation_started_7d,29
2024-06,120208906602040641,❌Nursing 03,Original Audince,120208901761200641,Nursing | Testing,19.03,9599,358,onsite_conversion.messaging_conversation_started_7d,16
2024-06,120208901761250641,❌Nursing 01,Original Audince,120208901761200641,Nursing | Testing,3.58,1109,76,onsite_conversion.messaging_conversation_started_7d,3
2024-06,120208908218300641,LT 01,Lab Test | Creative Testing | 2024/5/22,120208586907690641,Lab Test | Original Audince | 2024/5/22,11.39,3621,174,onsite_conversion.messaging_conversation_started_7d,11
2024-06,120208838386090641,video 1 | LAL | 2024 May 30,Top 3 creatives | $10 -> $15 | LAL | 2024 May 30,120208838386040641,Physiotherapy | LAL | 2024 May 30,32.48,37974,1188,onsite_conversion.messaging_conversation_started_7d,31
2024-06,120208838386160641,video 1 | full advantage | 2024 May 30,Top 3 creatives | $10 -> $5 | Full Advantage | 2024 May 30,120208838386070641,Physiotherapy | Full Advantage+ | 2024 May 30,15.75,12449,458,onsite_conversion.messaging_conversation_started_7d,16
2024-06,120208838386150641,video 1 | Original Audience | 2024 May 30,Top 3 creatives | $15 | Original Audience | 2024 May 30,120208838386110641,Physiotherapy | Original Audience | 2024 May 30,62.84,52949,1841,onsite_conversion.messaging_conversation_started_7d,64
2024-06,120208585047770641,IPR Jordan Ad 4 - Video,Original Audince | 3$ | +25 | Iraq | 2024/5/13,120208187492930641,IPR | Original Audince | CBO | 2024/5/13,0.41,143,14,onsite_conversion.messaging_conversation_started_7d,
2024-06,120208900722920641,Phyiso 02,LAL,120208900306680641,📍Physiotherapy | $6 | Testing,0.02,14,0,onsite_conversion.messaging_conversation_started_7d,
2024-06,120208900722930641,✅Phyiso 03,LAL,120208900306680641,📍Physiotherapy | $6 | Testing,0.24,147,4,onsite_conversion.messaging_conversation_started_7d,1
2024-06,120208590515310641,‎خدمة التحاليل المنزلية ١ | 2024/5/22‎,Lab Test | Creative Testing | 2024/5/22,120208586907690641,Lab Test | Original Audince | 2024/5/22,9.87,2201,125,onsite_conversion.messaging_conversation_started_7d,14
2024-06,120208901911930641,❌Nursing 02,Original Audince,120208901761200641,Nursing | Testing,6.05,2877,118,onsite_conversion.messaging_conversation_started_7d,3
2024-06,120208585200040641,IPR Jordan Ad 5 - Video,Original Audince | 3$ | +25 | Iraq | 2024/5/13,120208187492930641,IPR | Original Audince | CBO | 2024/5/13,0.21,87,5,onsite_conversion.messaging_conversation_started_7d,
2024-06,120208591255650641,‎‎خدمة التحاليل المنزلية ٢ | 2024/5/22‎‎,Lab Test | Creative Testing | 2024/5/22,120208586907690641,Lab Test | Original Audince | 2024/5/22,3.15,918,47,onsite_conversion.messaging_conversation_started_7d,1
2024-06,120208838386050641,Image 2 | LAL | 2024 May 30,Top 3 creatives | $10 -> $15 | LAL | 2024 May 30,120208838386040641,Physiotherapy | LAL | 2024 May 30,0.29,264,11,onsite_conversion.messaging_conversation_started_7d,
2024-06,120208838386140641,Image 1 | full advantage | 2024 May 30,Top 3 creatives | $10 -> $5 | Full Advantage | 2024 May 30,120208838386070641,Physiotherapy | Full Advantage+ | 2024 May 30,1.94,1351,58,onsite_conversion.messaging_conversation_started_7d,2
2024-06,120208838386170641,Image 2 | Original Audience | 2024 May 30,Top 3 creatives | $15 | Original Audience | 2024 May 30,120208838386110641,Physiotherapy | Original Audience | 2024 May 30,0.07,60,1,onsite_conversion.messaging_conversation_started_7d,
2024-06,120208838386130641,Image 1 | Original Audience | 2024 May 30,Top 3 creatives | $15 | Original Audience | 2024 May 30,120208838386110641,Physiotherapy | Original Audience | 2024 May 30,7.84,7596,288,onsite_conversion.messaging_conversation_started_7d,4
2024-07,120208947042510641,AirBag Dr Visit - Vertical,CTA | Airbag Dr Visit,120208943174270641,Omni Awareness Campaign,30.75,286031,562,reach,223014
2024-07,120208946723510641,اشعة وايكو,EDU content 3,120208943174270641,Omni Awareness Campaign,30.75,281091,392,reach,223672
2024-07,120208946723490641,بعدك تضم فحوصاتك و تحاليلك بال جرار؟,EDU content 2,120208943174270641,Omni Awareness Campaign,30.74,280357,287,reach,215207
2024-07,120208946723430641,شنو هو تطبيق سليم؟,EDU content 1,120208943174270641,Omni Awareness Campaign,30.74,280273,303,reach,223619
2024-07,120209655580800641,Phyiso 07,Top creatives | $5 | LAL | 2024 Jul 15,120209655369130641,Physiotherapy | $10 | LAL | 2024 Jul 15,49.26,36608,1255,onsite_conversion.messaging_conversation_started_7d,69
2024-07,120209655369190641,Phyiso 01 - C,Top creatives | $10 | Original Audience | 2024 Jul 15,120209655369140641,Physiotherapy | $10 | +A | 2024 Jul 15,67.81,47986,1290,onsite_conversion.messaging_conversation_started_7d,87
2024-07,120209655369160641,Phyiso 03,Top creatives | $10 | Original Audience | 2024 Jul 15,120209655369140641,Physiotherapy | $10 | +A | 2024 Jul 15,96.57,129386,2349,onsite_conversion.messaging_conversation_started_7d,138
2024-07,120209655369170641,Phyiso 03,Top creatives | $5 | LAL | 2024 Jul 15,120209655369130641,Physiotherapy | $10 | LAL | 2024 Jul 15,31.18,32117,695,onsite_conversion.messaging_conversation_started_7d,51
2024-07,120209655247990641,Phyiso 01 - C,Top 3 creatives | $15 | Original Audience | 2024 Jul 15,120209654211350641,Physiotherapy | Original Audience | 2024 Jul 15,102.82,86185,2232,onsite_conversion.messaging_conversation_started_7d,165
2024-07,120209655248000641,Phyiso 03,Top 3 creatives | $15 | Original Audience | 2024 Jul 15,120209654211350641,Physiotherapy | Original Audience | 2024 Jul 15,146.56,240959,3987,onsite_conversion.messaging_conversation_started_7d,218
2024-07,120209528748920641,Ultrasound,Ultrasound,120209528715310641,Imaging Services | $8 | 2024 Jul 7,73.04,85901,8046,onsite_conversion.messaging_conversation_started_7d,368
2024-07,120209528715450641,Echo,Echo,120209528715310641,Imaging Services | $8 | 2024 Jul 7,73.01,128674,8516,onsite_conversion.messaging_conversation_started_7d,419
2024-07,120208946723390641,Echo,implementation Echo,120208943174270641,Omni Awareness Campaign,30.7,291192,1518,reach,236111
2024-07,120209028354930641,Phyiso 01 - C,Top 3 creatives | $10 -> $5 | Full Advantage | 2024 May 30,120208838386070641,Physiotherapy | Full Advantage+ | 2024 May 30,27.2,18097,515,onsite_conversion.messaging_conversation_started_7d,42
2024-07,120209028354710641,Phyiso 01 - C,Top 3 creatives | $10 -> $15 | LAL | 2024 May 30,120208838386040641,Physiotherapy | LAL | 2024 May 30,53.43,40246,1143,onsite_conversion.messaging_conversation_started_7d,89
2024-07,120209028354440641,Phyiso 01 - C,Top 3 creatives | $15 | Original Audience | 2024 May 30,120208838386110641,Physiotherapy | Original Audience | 2024 May 30,70.95,63108,1724,onsite_conversion.messaging_conversation_started_7d,127
2024-07,120208946996920641,AirBag Nursing - Vertical,CTA | Airbag Nursing,120208943174270641,Omni Awareness Campaign,30.45,279816,558,reach,223326
2024-07,120208946723380641,ٍReview | DrVisit,ٍReview | DrVisit,120208943174270641,Omni Awareness Campaign,30.74,285908,374,reach,215982
2024-07,120208946723300641,Review | Nursing,Review | Nursing,120208943174270641,Omni Awareness Campaign,30.74,288093,425,reach,214670
2024-07,120208946723400641,Review | Physiotherapy,Review | Physiotherapy,120208943174270641,Omni Awareness Campaign,30.72,288835,484,reach,223424
2024-07,120208946723460641,Nursing,implementation Nursing/Lab Test,120208943174270641,Omni Awareness Campaign,30.71,284226,977,reach,220789
2024-07,120208960402880641,AirBag Physiotherapy - Vertical,CTA | Airbag Physiotherapy,120208943174270641,Omni Awareness Campaign,30.76,288143,460,reach,235245
2024-07,120208942083640641,Phyiso 03,Top 3 creatives | $15 | Original Audience | 2024 May 30,120208838386110641,Physiotherapy | Original Audience | 2024 May 30,140.8,218073,4023,onsite_conversion.messaging_conversation_started_7d,232
2024-07,120208942075020641,Phyiso 03,Top 3 creatives | $10 -> $5 | Full Advantage | 2024 May 30,120208838386070641,Physiotherapy | Full Advantage+ | 2024 May 30,43.51,37400,886,onsite_conversion.messaging_conversation_started_7d,69
2024-07,120208942046310641,Phyiso 03,Top 3 creatives | $10 -> $15 | LAL | 2024 May 30,120208838386040641,Physiotherapy | LAL | 2024 May 30,87.96,110167,2110,onsite_conversion.messaging_conversation_started_7d,147
2024-07,120208908218290641,LT 02 - B,Lab Test | Creative Testing | 2024/5/22,120208586907690641,Lab Test | Original Audince | 2024/5/22,144.37,37101,2070,onsite_conversion.messaging_conversation_started_7d,125
2024-07,120208908218280641,LT 02 - A,Lab Test | Creative Testing | 2024/5/22,120208586907690641,Lab Test | Original Audince | 2024/5/22,11.04,3012,123,onsite_conversion.messaging_conversation_started_7d,13
2024-07,120208780937960641,AirBag Nursing - Vertical,iOS | Original Audience | Airbag Nursing | $2 | 2024 May 27 - Copy,120208780823020641,App Installs | iOS | 2024 May 27,61.23,182135,3513,mobile_app_install,782
2024-07,120208780937970641,AirBag Dr Visit - Vertical,iOS | Original Audience | Airbag Doctor Visit | $2 | 2024 May 27 - Copy,120208780823020641,App Installs | iOS | 2024 May 27,61.23,130575,1885,mobile_app_install,343
2024-07,120208780823080641,AirBag Physiotherapy - Vertical,iOS | Original Audience | Airbag Physiotherapy | $2 | 2024 May 27,120208780823020641,App Installs | iOS | 2024 May 27,61.25,144666,2803,mobile_app_install,595
2024-07,120208780781340641,AirBag Dr Visit - Vertical,Android | Original Audience | Airbag Doctor Visit | $2 | 2024 May 27,120208780726700641,App Installs | Android | 2024 May 27,61.88,121018,1890,mobile_app_install,777
2024-07,120208780781350641,AirBag Nursing - Vertical,Android | Original Audience | Airbag Nursing | $2 | 2024 May 27,120208780726700641,App Installs | Android | 2024 May 27,61.88,176862,2551,mobile_app_install,1125
2024-07,120208780727070641,AirBag Physiotherapy - Vertical,Android | Original Audience | Airbag Physiotherapy | $2 | 2024 May 27,120208780726700641,App Installs | Android | 2024 May 27,61.89,124302,2315,mobile_app_install,1008
2024-07,120209607227170641,Phyiso 11 - A,Original Audince,120208900306680641,📍Physiotherapy | $6 | Testing,15.67,10060,334,onsite_conversion.messaging_conversation_started_7d,20
2024-07,120209607227180641,Phyiso 09,Original Audince,120208900306680641,📍Physiotherapy | $6 | Testing,26.65,17530,662,onsite_conversion.messaging_conversation_started_7d,36
2024-07,120209607227160641,Phyiso 11 - B,Original Audince,120208900306680641,📍Physiotherapy | $6 | Testing,2.86,2722,67,onsite_conversion.messaging_conversation_started_7d,2
2024-07,120209548527610641,Phyiso 10 - B,Original Audince,120208900306680641,📍Physiotherapy | $6 | Testing,10.59,10476,371,onsite_conversion.messaging_conversation_started_7d,16
2024-07,120208900742160641,Phyiso 01 - B,Original Audince,120208900306680641,📍Physiotherapy | $6 | Testing,0.78,790,9,onsite_conversion.messaging_conversation_started_7d,
2024-07,120209548495340641,Phyiso 10 - A,Original Audince,120208900306680641,📍Physiotherapy | $6 | Testing,12.27,10625,392,onsite_conversion.messaging_conversation_started_7d,18
2024-07,120209607191110641,Phyiso 07,Original Audince,120208900306680641,📍Physiotherapy | $6 | Testing,19.17,16774,588,onsite_conversion.messaging_conversation_started_7d,26
2024-07,120208900742170641,Phyiso 02,Original Audince,120208900306680641,📍Physiotherapy | $6 | Testing,0.2,111,3,onsite_conversion.messaging_conversation_started_7d,
2024-07,120209548570130641,Phyiso 10 - C,Original Audince,120208900306680641,📍Physiotherapy | $6 | Testing,2.67,2660,90,onsite_conversion.messaging_conversation_started_7d,5
2024-07,120209607227190641,✅Phyiso 08,Original Audince,120208900306680641,📍Physiotherapy | $6 | Testing,51.46,36958,1247,onsite_conversion.messaging_conversation_started_7d,75
2024-07,120209607227150641,Phyiso 11 - C,Original Audince,120208900306680641,📍Physiotherapy | $6 | Testing,8.09,6479,197,onsite_conversion.messaging_conversation_started_7d,13
2024-07,120208946723410641,Ultrasound,implementation Ultrasound,120208943174270641,Omni Awareness Campaign,30.64,272230,863,reach,203379
2024-07,120208467539070641,Nursing Video Maadh Cut - 15s ⚡️,Nursing | IG & FB +18 | WA,120208466688490641,Nursing CBO 2024/5/19,31.6,21307,559,onsite_conversion.messaging_conversation_started_7d,38
2024-07,120208467539060641,Nursing Video Maadh Cut - 22s ⚡️,Nursing | IG & FB +18 | WA,120208466688490641,Nursing CBO 2024/5/19,123.9,110247,4162,onsite_conversion.messaging_conversation_started_7d,200
2024-07,120208467533290641,Nursing Video Maadh Cut - 22s ⚡️,Nursing | IG Only | WA,120208466688490641,Nursing CBO 2024/5/19,169.11,152497,5539,onsite_conversion.messaging_conversation_started_7d,335
2024-07,120208467533280641,Nursing Video Maadh Cut - 15s ⚡️,Nursing | IG Only | WA,120208466688490641,Nursing CBO 2024/5/19,9.73,7187,171,onsite_conversion.messaging_conversation_started_7d,14
2024-07,120208467312870641,Nursing Video Maadh Cut - 15s ⚡️,Nursing | Facebook Only | WhatsApp,120208466688490641,Nursing CBO 2024/5/19,19.87,14653,492,onsite_conversion.messaging_conversation_started_7d,30
2024-07,120208467312860641,Nursing Video Maadh Cut - 22s ⚡️,Nursing | Facebook Only | WhatsApp,120208466688490641,Nursing CBO 2024/5/19,17.77,18943,768,onsite_conversion.messaging_conversation_started_7d,21
2024-07,120209505858340641,❌drv01 - B,ORIGINAL ADUINCE,120209505761140641,Dr Visit | $5 | Testing,1.42,909,40,onsite_conversion.messaging_conversation_started_7d,1
2024-07,120209505858330641,✅drv01 - D,ORIGINAL ADUINCE,120209505761140641,Dr Visit | $5 | Testing,1.91,1089,45,onsite_conversion.messaging_conversation_started_7d,4
2024-07,120209505761300641,✅drv01 - A,ORIGINAL ADUINCE,120209505761140641,Dr Visit | $5 | Testing,249.93,270620,11032,onsite_conversion.messaging_conversation_started_7d,608
2024-07,120208466688840641,Nursing Video Maadh Cut - 26s full,Nursing | Facebook Only | WhatsApp,120208466688490641,Nursing CBO 2024/5/19,220.49,149070,11112,onsite_conversion.messaging_conversation_started_7d,237
2024-07,120208467533270641,Nursing Video Maadh Cut - 26s full,Nursing | IG Only | WA,120208466688490641,Nursing CBO 2024/5/19,3.14,2264,69,onsite_conversion.messaging_conversation_started_7d,1
2024-07,120208467539040641,Nursing Video Maadh Cut - 26s full,Nursing | IG & FB +18 | WA,120208466688490641,Nursing CBO 2024/5/19,1.94,1296,27,onsite_conversion.messaging_conversation_started_7d,2
2024-07,120209505858350641,❌drv01 - C,ORIGINAL ADUINCE,120209505761140641,Dr Visit | $5 | Testing,1.97,1167,46,onsite_conversion.messaging_conversation_started_7d,1
2024-07,120209655581090641,Phyiso 07,Top 3 creatives | $15 | Original Audience | 2024 Jul 15,120209654211350641,Physiotherapy | Original Audience | 2024 Jul 15,6.24,6127,163,onsite_conversion.messaging_conversation_started_7d,3
2024-07,120209655491250641,Phyiso 07,Top creatives | $10 | Original Audience | 2024 Jul 15,120209655369140641,Physiotherapy | $10 | +A | 2024 Jul 15,5.93,5387,174,onsite_conversion.messaging_conversation_started_7d,6
2024-07,120209655369150641,Phyiso 01 - C,Top creatives | $5 | LAL | 2024 Jul 15,120209655369130641,Physiotherapy | $10 | LAL | 2024 Jul 15,4.67,3192,121,onsite_conversion.messaging_conversation_started_7d,4
2024-08,120210280702300641,Lab Test REEL 1,Lab Test | Creative Testing | 2024 Aug 14,120210280693630641,📍Lab Test | Original Audince | 2024 Aug 14,7.16,4910,247,onsite_conversion.messaging_conversation_started_7d,10
2024-08,120208947042510641,AirBag Dr Visit - Vertical,CTA | Airbag Dr Visit,120208943174270641,Omni Awareness Campaign,30.98,286799,507,reach,219839
2024-08,120208946723510641,اشعة وايكو,EDU content 3,120208943174270641,Omni Awareness Campaign,30.95,282599,392,reach,229297
2024-08,120208946723490641,بعدك تضم فحوصاتك و تحاليلك بال جرار؟,EDU content 2,120208943174270641,Omni Awareness Campaign,30.95,285061,282,reach,223919
2024-08,120208946723430641,شنو هو تطبيق سليم؟,EDU content 1,120208943174270641,Omni Awareness Campaign,30.95,284914,266,reach,222935
2024-08,120210635245470641,Free Invitation templates,A+ - Free Invitation templates,120210231454980641,Physiotherapy Course | $10 | CBO | 2024/8/12,4.49,3388,166,onsite_conversion.messaging_conversation_started_7d,15
2024-08,120210635245440641,Free Invitation templates,Healthcare - Free Invitation templates,120210231454980641,Physiotherapy Course | $10 | CBO | 2024/8/12,8.56,6872,231,onsite_conversion.messaging_conversation_started_7d,22
2024-08,120210479218460641,Physio Course Video,Healthcare - Washaq,120210231454980641,Physiotherapy Course | $10 | CBO | 2024/8/12,37.79,40793,1415,onsite_conversion.messaging_conversation_started_7d,127
2024-08,120210479309230641,Physio Course Video,A+ - Washaq,120210231454980641,Physiotherapy Course | $10 | CBO | 2024/8/12,40.17,53276,1243,onsite_conversion.messaging_conversation_started_7d,94
2024-08,120210231547730641,Physio Course AR,A+,120210231454980641,Physiotherapy Course | $10 | CBO | 2024/8/12,15.76,14571,622,onsite_conversion.messaging_conversation_started_7d,36
2024-08,120210231547710641,Physio Course EN,A+,120210231454980641,Physiotherapy Course | $10 | CBO | 2024/8/12,11.1,8251,450,onsite_conversion.messaging_conversation_started_7d,21
2024-08,120210231528150641,Physio Course AR,Healthcare,120210231454980641,Physiotherapy Course | $10 | CBO | 2024/8/12,60.23,48316,1772,onsite_conversion.messaging_conversation_started_7d,104
2024-08,120210231455070641,Physio Course EN,Healthcare,120210231454980641,Physiotherapy Course | $10 | CBO | 2024/8/12,5.17,4632,160,onsite_conversion.messaging_conversation_started_7d,3
2024-08,120210280533710641,Phyiso 03,Top creatives | $10 | Original Audience | 2024 Aug 14,120210280533550641,Physiotherapy | $10 | +A | 2024 Aug 14,76.4,133107,2386,onsite_conversion.messaging_conversation_started_7d,129
2024-08,120210280533650641,Phyiso 03,Top 3 creatives | $15 | Original Audience | 2024 Aug 14,120210280533570641,Physiotherapy | $15 | Original Audience | 2024 Aug 14,172.3,390221,6708,onsite_conversion.messaging_conversation_started_7d,316
2024-08,120210280533730641,Phyiso 08,Top creatives | $10 | Original Audience | 2024 Aug 14,120210280533550641,Physiotherapy | $10 | +A | 2024 Aug 14,35.45,40849,1292,onsite_conversion.messaging_conversation_started_7d,45
2024-08,120210280533620641,Phyiso 08,Top 3 creatives | $15 | Original Audience | 2024 Aug 14,120210280533570641,Physiotherapy | $15 | Original Audience | 2024 Aug 14,40.62,49126,1470,onsite_conversion.messaging_conversation_started_7d,59
2024-08,120210280533750641,Phyiso 01 - C,Top creatives | $10 | Original Audience | 2024 Aug 14,120210280533550641,Physiotherapy | $10 | +A | 2024 Aug 14,67.18,54714,1599,onsite_conversion.messaging_conversation_started_7d,97
2024-08,120210280533700641,Phyiso 07,Top creatives | $5 | LAL | 2024 Aug 14,120210280533560641,Physiotherapy | $5 | LAL | 2024 Aug 14,27.22,29386,836,onsite_conversion.messaging_conversation_started_7d,27
2024-08,120210280533670641,Phyiso 08,Top creatives | $5 | LAL | 2024 Aug 14,120210280533560641,Physiotherapy | $5 | LAL | 2024 Aug 14,16.67,17120,566,onsite_conversion.messaging_conversation_started_7d,30
2024-08,120210280533640641,Phyiso 01 - C,Top 3 creatives | $15 | Original Audience | 2024 Aug 14,120210280533570641,Physiotherapy | $15 | Original Audience | 2024 Aug 14,55.64,47778,1428,onsite_conversion.messaging_conversation_started_7d,83
2024-08,120210280533690641,Phyiso 03,Top creatives | $5 | LAL | 2024 Aug 14,120210280533560641,Physiotherapy | $5 | LAL | 2024 Aug 14,45.63,70429,1424,onsite_conversion.messaging_conversation_started_7d,63
2024-08,120210231356100641,B2B - 3B,Business owners,120210230455380641,B2B | Businesses | $10 | 2024/8/12,8.04,2423,86,onsite_conversion.messaging_conversation_started_7d,4
2024-08,120210231356120641,B2B - 1A,Business owners,120210230455380641,B2B | Businesses | $10 | 2024/8/12,2.42,925,33,onsite_conversion.messaging_conversation_started_7d,1
2024-08,120210231356110641,B2B - 3A,Business owners,120210230455380641,B2B | Businesses | $10 | 2024/8/12,4.9,1414,43,onsite_conversion.messaging_conversation_started_7d,2
2024-08,120210230455680641,B2B - 1B,Business owners,120210230455380641,B2B | Businesses | $10 | 2024/8/12,7.24,2341,67,onsite_conversion.messaging_conversation_started_7d,6
2024-08,120210231356070641,B2B -2,Business owners,120210230455380641,B2B | Businesses | $10 | 2024/8/12,3.4,1377,46,onsite_conversion.messaging_conversation_started_7d,3
2024-08,120210231356090641,B2B - 5,Business owners,120210230455380641,B2B | Businesses | $10 | 2024/8/12,14.59,7348,239,onsite_conversion.messaging_conversation_started_7d,17
2024-08,120210069847210641,B2B Physio - B,Medical school | +32,120210069714370641,B2B | Medical Field | 2024/8/3 | $5,0.48,463,11,onsite_conversion.messaging_conversation_started_7d,
2024-08,120210069714480641,B2B Physio - A,Medical school | +32,120210069714370641,B2B | Medical Field | 2024/8/3 | $5,0.71,533,18,onsite_conversion.messaging_conversation_started_7d,
2024-08,120210069852760641,B2B Physio BedSore - A,Medical school | +32,120210069714370641,B2B | Medical Field | 2024/8/3 | $5,3.17,1823,60,onsite_conversion.messaging_conversation_started_7d,5
2024-08,120210069855490641,B2B Physio BedSore - B,Medical school | +32,120210069714370641,B2B | Medical Field | 2024/8/3 | $5,1.62,1342,43,onsite_conversion.messaging_conversation_started_7d,
2024-08,120210069518720641,IPR Alaa's Hilali's Cut,Original Audince | 5$ | +25 | Iraq | 2024/8/3,120210069184820641,IPR | Original Audince | 2024/8/3 | 10$,1.86,1981,125,onsite_conversion.messaging_conversation_started_7d,11
2024-08,120210069224320641,IPR Alaa's Hasnaa Cut,Original Audince | 5$ | +25 | Iraq | 2024/8/3,120210069184820641,IPR | Original Audince | 2024/8/3 | 10$,19.84,18404,1111,onsite_conversion.messaging_conversation_started_7d,122
2024-08,120210030462060641,Hiring Nursing 2,Nursing | Healthcare and Medical Services,120208900779870641,Hiring Campaign,18.23,25668,1312,onsite_conversion.messaging_conversation_started_7d,194
2024-08,120210030434820641,Hiring Nursing 2,Nursing | +A,120208900779870641,Hiring Campaign,19.67,26879,1743,onsite_conversion.messaging_conversation_started_7d,227
2024-08,120210030896700641,drv01 - D,ORIGINAL ADUINCE - Copy,120210030896530641,Dr Visit | $15 | Original Audience | 2024/8/1,4.4,3057,104,onsite_conversion.messaging_conversation_started_7d,7
2024-08,120210030896690641,drv01 - B,ORIGINAL ADUINCE - Copy,120210030896530641,Dr Visit | $15 | Original Audience | 2024/8/1,7.22,5262,168,onsite_conversion.messaging_conversation_started_7d,8
2024-08,120210030896680641,drv01 - A,ORIGINAL ADUINCE - Copy,120210030896530641,Dr Visit | $15 | Original Audience | 2024/8/1,442.31,447526,14415,onsite_conversion.messaging_conversation_started_7d,771
2024-08,120209655580800641,Phyiso 07,Top creatives | $5 | LAL | 2024 Jul 15,120209655369130641,Physiotherapy | $10 | LAL | 2024 Jul 15,33.42,26357,779,onsite_conversion.messaging_conversation_started_7d,49
2024-08,120209655369190641,Phyiso 01 - C,Top creatives | $10 | Original Audience | 2024 Jul 15,120209655369140641,Physiotherapy | $10 | +A | 2024 Jul 15,51.29,34120,949,onsite_conversion.messaging_conversation_started_7d,70
2024-08,120209655369160641,Phyiso 03,Top creatives | $10 | Original Audience | 2024 Jul 15,120209655369140641,Physiotherapy | $10 | +A | 2024 Jul 15,81.31,93936,1746,onsite_conversion.messaging_conversation_started_7d,114
2024-08,120209655369170641,Phyiso 03,Top creatives | $5 | LAL | 2024 Jul 15,120209655369130641,Physiotherapy | $10 | LAL | 2024 Jul 15,32.98,31828,675,onsite_conversion.messaging_conversation_started_7d,54
2024-08,120209655247990641,Phyiso 01 - C,Top 3 creatives | $15 | Original Audience | 2024 Jul 15,120209654211350641,Physiotherapy | Original Audience | 2024 Jul 15,96.14,100962,2414,onsite_conversion.messaging_conversation_started_7d,129
2024-08,120209655248000641,Phyiso 03,Top 3 creatives | $15 | Original Audience | 2024 Jul 15,120209654211350641,Physiotherapy | Original Audience | 2024 Jul 15,102.51,175382,2814,onsite_conversion.messaging_conversation_started_7d,157
2024-08,120209528748920641,Ultrasound,Ultrasound,120209528715310641,Imaging Services | $8 | 2024 Jul 7,153.4,222753,16067,onsite_conversion.messaging_conversation_started_7d,619
2024-08,120209528715450641,Echo,Echo,120209528715310641,Imaging Services | $8 | 2024 Jul 7,93.03,169149,7993,onsite_conversion.messaging_conversation_started_7d,348
2024-08,120208946723390641,Echo,implementation Echo,120208943174270641,Omni Awareness Campaign,30.96,289167,1465,reach,215203
2024-08,120208946996920641,AirBag Nursing - Vertical,CTA | Airbag Nursing,120208943174270641,Omni Awareness Campaign,30.98,282525,529,reach,222608
2024-08,120208946723380641,ٍReview | DrVisit,ٍReview | DrVisit,120208943174270641,Omni Awareness Campaign,30.9,287878,413,reach,224842
2024-08,120208946723300641,Review | Nursing,Review | Nursing,120208943174270641,Omni Awareness Campaign,30.93,291090,321,reach,216091
2024-08,120208946723400641,Review | Physiotherapy,Review | Physiotherapy,120208943174270641,Omni Awareness Campaign,31,287349,486,reach,211372
2024-08,120208946723460641,Nursing,implementation Nursing/Lab Test,120208943174270641,Omni Awareness Campaign,30.95,272823,1034,reach,201842
2024-08,120208960402880641,AirBag Physiotherapy - Vertical,CTA | Airbag Physiotherapy,120208943174270641,Omni Awareness Campaign,30.96,286138,565,reach,233194
2024-08,120208908218290641,LT 02 - B,Lab Test | Creative Testing | 2024/5/22,120208586907690641,Lab Test | Original Audince | 2024/5/22,58.97,13720,807,onsite_conversion.messaging_conversation_started_7d,49
2024-08,120208908218280641,LT 02 - A,Lab Test | Creative Testing | 2024/5/22,120208586907690641,Lab Test | Original Audince | 2024/5/22,6.64,2130,78,onsite_conversion.messaging_conversation_started_7d,6
2024-08,120208780937960641,AirBag Nursing - Vertical,iOS | Original Audience | Airbag Nursing | $2 | 2024 May 27 - Copy,120208780823020641,App Installs | iOS | 2024 May 27,62.09,183711,2571,mobile_app_install,616
2024-08,120208780937970641,AirBag Dr Visit - Vertical,iOS | Original Audience | Airbag Doctor Visit | $2 | 2024 May 27 - Copy,120208780823020641,App Installs | iOS | 2024 May 27,62.09,139655,1396,mobile_app_install,337
2024-08,120208780823080641,AirBag Physiotherapy - Vertical,iOS | Original Audience | Airbag Physiotherapy | $2 | 2024 May 27,120208780823020641,App Installs | iOS | 2024 May 27,62.11,151472,2436,mobile_app_install,479
2024-08,120208780781340641,AirBag Dr Visit - Vertical,Android | Original Audience | Airbag Doctor Visit | $2 | 2024 May 27,120208780726700641,App Installs | Android | 2024 May 27,62.09,123227,1766,mobile_app_install,766
2024-08,120208780781350641,AirBag Nursing - Vertical,Android | Original Audience | Airbag Nursing | $2 | 2024 May 27,120208780726700641,App Installs | Android | 2024 May 27,62.08,170295,2233,mobile_app_install,999
2024-08,120208780727070641,AirBag Physiotherapy - Vertical,Android | Original Audience | Airbag Physiotherapy | $2 | 2024 May 27,120208780726700641,App Installs | Android | 2024 May 27,62.07,139895,2120,mobile_app_install,898
2024-08,120209607227170641,Phyiso 11 - A,Original Audince,120208900306680641,📍Physiotherapy | $6 | Testing,10.38,4890,209,onsite_conversion.messaging_conversation_started_7d,11
2024-08,120209607227180641,Phyiso 09,Original Audince,120208900306680641,📍Physiotherapy | $6 | Testing,33.92,22029,841,onsite_conversion.messaging_conversation_started_7d,44
2024-08,120209607227160641,Phyiso 11 - B,Original Audince,120208900306680641,📍Physiotherapy | $6 | Testing,0.55,316,12,onsite_conversion.messaging_conversation_started_7d,2
2024-08,120210280693640641,LT 02 - B,Lab Test | Creative Testing | 2024 Aug 14,120210280693630641,📍Lab Test | Original Audince | 2024 Aug 14,10.04,2965,246,onsite_conversion.messaging_conversation_started_7d,15
2024-08,120210280719650641,Lab Test REEL 2,Lab Test | Creative Testing | 2024 Aug 14,120210280693630641,📍Lab Test | Original Audince | 2024 Aug 14,72.05,98624,3582,onsite_conversion.messaging_conversation_started_7d,163
2024-08,120210280693650641,LT 02 - A,Lab Test | Creative Testing | 2024 Aug 14,120210280693630641,📍Lab Test | Original Audince | 2024 Aug 14,0.14,99,11,onsite_conversion.messaging_conversation_started_7d,2
2024-08,120209607227190641,✅Phyiso 08,Original Audince,120208900306680641,📍Physiotherapy | $6 | Testing,61.33,38365,1545,onsite_conversion.messaging_conversation_started_7d,103
2024-08,120209607227150641,Phyiso 11 - C,Original Audince,120208900306680641,📍Physiotherapy | $6 | Testing,2.71,1320,52,onsite_conversion.messaging_conversation_started_7d,4
2024-08,120210280755540641,Phyiso REEL 1,Original Audince,120208900306680641,📍Physiotherapy | $6 | Testing,76.65,66031,4172,onsite_conversion.messaging_conversation_started_7d,116
2024-08,120208946723410641,Ultrasound,implementation Ultrasound,120208943174270641,Omni Awareness Campaign,30.93,281831,1292,reach,210162
2024-08,120208467539070641,Nursing Video Maadh Cut - 15s ⚡️,Nursing | IG & FB +18 | WA,120208466688490641,Nursing CBO 2024/5/19,141.09,111911,2492,onsite_conversion.messaging_conversation_started_7d,212
2024-08,120208467539060641,Nursing Video Maadh Cut - 22s ⚡️,Nursing | IG & FB +18 | WA,120208466688490641,Nursing CBO 2024/5/19,75.69,73230,2669,onsite_conversion.messaging_conversation_started_7d,110
2024-08,120208467533290641,Nursing Video Maadh Cut - 22s ⚡️,Nursing | IG Only | WA,120208466688490641,Nursing CBO 2024/5/19,131.11,103286,3797,onsite_conversion.messaging_conversation_started_7d,207
2024-08,120208467533280641,Nursing Video Maadh Cut - 15s ⚡️,Nursing | IG Only | WA,120208466688490641,Nursing CBO 2024/5/19,146.83,131516,2587,onsite_conversion.messaging_conversation_started_7d,273
2024-08,120208467312870641,Nursing Video Maadh Cut - 15s ⚡️,Nursing | Facebook Only | WhatsApp,120208466688490641,Nursing CBO 2024/5/19,62.09,40833,1863,onsite_conversion.messaging_conversation_started_7d,81
2024-08,120208467312860641,Nursing Video Maadh Cut - 22s ⚡️,Nursing | Facebook Only | WhatsApp,120208466688490641,Nursing CBO 2024/5/19,6.03,3561,165,onsite_conversion.messaging_conversation_started_7d,4
2024-08,120209505858340641,❌drv01 - B,ORIGINAL ADUINCE,120209505761140641,Dr Visit | $5 | Testing,0.25,108,7,onsite_conversion.messaging_conversation_started_7d,
2024-08,120209505858330641,✅drv01 - D,ORIGINAL ADUINCE,120209505761140641,Dr Visit | $5 | Testing,0.77,394,14,onsite_conversion.messaging_conversation_started_7d,1
2024-08,120209505761300641,✅drv01 - A,ORIGINAL ADUINCE,120209505761140641,Dr Visit | $5 | Testing,157.26,124660,4191,onsite_conversion.messaging_conversation_started_7d,290
2024-08,120210430136300641,Physio Course EN,Healthcare - Washaq,120210231454980641,Physiotherapy Course | $10 | CBO | 2024/8/12,0.69,468,7,onsite_conversion.messaging_conversation_started_7d,
2024-08,120210430136280641,Physio Course AR,Healthcare - Washaq,120210231454980641,Physiotherapy Course | $10 | CBO | 2024/8/12,2.19,1924,52,onsite_conversion.messaging_conversation_started_7d,2
2024-08,120210430136050641,Physio Course EN,A+ - Washaq,120210231454980641,Physiotherapy Course | $10 | CBO | 2024/8/12,0.25,236,3,onsite_conversion.messaging_conversation_started_7d,
2024-08,120210430136040641,Physio Course AR,A+ - Washaq,120210231454980641,Physiotherapy Course | $10 | CBO | 2024/8/12,12.37,10982,279,onsite_conversion.messaging_conversation_started_7d,11
2024-08,120208466688840641,Nursing Video Maadh Cut - 26s full,Nursing | Facebook Only | WhatsApp,120208466688490641,Nursing CBO 2024/5/19,53.48,22685,1622,onsite_conversion.messaging_conversation_started_7d,54
2024-08,120208467533270641,Nursing Video Maadh Cut - 26s full,Nursing | IG Only | WA,120208466688490641,Nursing CBO 2024/5/19,2.73,1256,43,onsite_conversion.messaging_conversation_started_7d,6
2024-08,120208467539040641,Nursing Video Maadh Cut - 26s full,Nursing | IG & FB +18 | WA,120208466688490641,Nursing CBO 2024/5/19,0.72,306,5,onsite_conversion.messaging_conversation_started_7d,
2024-08,120210231356080641,B2B - 4,Business owners,120210230455380641,B2B | Businesses | $10 | 2024/8/12,3,1603,52,onsite_conversion.messaging_conversation_started_7d,4
2024-08,120208900780330641,Hiring Nursing 1,Nursing | Healthcare and Medical Services,120208900779870641,Hiring Campaign,1.52,2144,218,onsite_conversion.messaging_conversation_started_7d,36
2024-08,120209505858350641,❌drv01 - C,ORIGINAL ADUINCE,120209505761140641,Dr Visit | $5 | Testing,0.07,28,0,onsite_conversion.messaging_conversation_started_7d,
2024-08,120210069884400641,Dr Rafi Ad,Baghdad 24+,120210069884170641,Aster Dr. Rafi,45.76,29533,1160,onsite_conversion.messaging_conversation_started_7d,53
2024-09,120210706668890641,Echo,Echo,120210706668880641,📍Imaging Services | $8 | 2024 Sep 3,83.79,122478,5232,onsite_conversion.messaging_conversation_started_7d,259
2024-09,120210280702300641,Lab Test REEL 1,Lab Test | Creative Testing | 2024 Aug 14,120210280693630641,📍Lab Test | Original Audince | 2024 Aug 14,20.02,12094,548,onsite_conversion.messaging_conversation_started_7d,22
2024-09,120208947042510641,AirBag Dr Visit - Vertical,CTA | Airbag Dr Visit,120208943174270641,Omni Awareness Campaign,29.83,250181,374,reach,200559
2024-09,120208946723510641,اشعة وايكو,EDU content 3,120208943174270641,Omni Awareness Campaign,29.77,247376,344,reach,198892
2024-09,120208946723490641,بعدك تضم فحوصاتك و تحاليلك بال جرار؟,EDU content 2,120208943174270641,Omni Awareness Campaign,29.83,251012,220,reach,196200
2024-09,120208946723430641,شنو هو تطبيق سليم؟,EDU content 1,120208943174270641,Omni Awareness Campaign,29.83,249276,226,reach,205206
2024-09,120211120211440641,Phyiso 03 - Price,Top 3 creatives | $10 | Original Audience | 2024 Sep 6,120211120211460641,Physiotherapy | $10 | PRICE | Original Audience | 2024 Sep 20,54.05,42427,783,onsite_conversion.messaging_conversation_started_7d,47
2024-09,120210852476230641,Phyiso REEL 1,Physiotherapy | OLD Videos | $5 | 2024 Sep 9,120210851637240641,Physiotherapy | Video Only | $15 | Original Audience | 2024 Sep 9,42.91,27794,1861,onsite_conversion.messaging_conversation_started_7d,22
2024-09,120210852406760641,Haji 2,Physiotherapy | NEW Videos | $10 | 2024 Sep 9,120210851637240641,Physiotherapy | Video Only | $15 | Original Audience | 2024 Sep 9,83.51,83277,6425,onsite_conversion.messaging_conversation_started_7d,194
2024-09,120210852423160641,Haji 1,Physiotherapy | NEW Videos | $10 | 2024 Sep 9,120210851637240641,Physiotherapy | Video Only | $15 | Original Audience | 2024 Sep 9,27.54,26271,1808,onsite_conversion.messaging_conversation_started_7d,73
2024-09,120210706631900641,Phyiso 11 - C,Top creatives | $5 | LAL | 2024 Sep 3,120210706603990641,Physiotherapy | $5 | LAL | 2024 Sep 3,0.01,23,1,onsite_conversion.messaging_conversation_started_7d,
2024-09,120210706643230641,Phyiso REEL 1,Top 3 creatives | $15 | Original Audience | 2024 Sep 3,120210706603890641,Physiotherapy | $15 | Original Audience | 2024 Sep 3,0.57,1064,93,onsite_conversion.messaging_conversation_started_7d,1
2024-09,120210706603940641,Phyiso 08,Top creatives | $5 | LAL | 2024 Sep 3,120210706603990641,Physiotherapy | $5 | LAL | 2024 Sep 3,6.98,6679,194,onsite_conversion.messaging_conversation_started_7d,14
2024-09,120210706603900641,Phyiso 08,Top 3 creatives | $15 | Original Audience | 2024 Sep 3,120210706603890641,Physiotherapy | $15 | Original Audience | 2024 Sep 3,6.19,5389,153,onsite_conversion.messaging_conversation_started_7d,8
2024-09,120210706604000641,Phyiso 03,Top 3 creatives | $15 | Original Audience | 2024 Sep 3,120210706603890641,Physiotherapy | $15 | Original Audience | 2024 Sep 3,38.08,48215,846,onsite_conversion.messaging_conversation_started_7d,55
2024-09,120210671340360641,Phyiso 01 - C,Top 3 creatives | $15 | Original Audience | 2024 Sep 1,120210671340250641,Physiotherapy | $15 | Original Audience | 2024 Sep 1,9.9,165054,237,onsite_conversion.messaging_conversation_started_7d,23
2024-09,120210671340260641,Phyiso 08,Top 3 creatives | $15 | Original Audience | 2024 Sep 1,120210671340250641,Physiotherapy | $15 | Original Audience | 2024 Sep 1,19.14,170865,432,onsite_conversion.messaging_conversation_started_7d,19
2024-09,120210671340370641,Phyiso 03,Top 3 creatives | $15 | Original Audience | 2024 Sep 1,120210671340250641,Physiotherapy | $15 | Original Audience | 2024 Sep 1,5.04,54555,181,onsite_conversion.messaging_conversation_started_7d,13
2024-09,120210671340280641,Phyiso 08,Top creatives | $10 | Original Audience | 2024 Sep 1,120210671340420641,Physiotherapy | $10 | +A | 2024 Sep 1,17.52,254229,302,onsite_conversion.messaging_conversation_started_7d,18
2024-09,120210671340310641,Phyiso 08,Top creatives | $5 | LAL | 2024 Sep 1,120210671340350641,Physiotherapy | $5 | LAL | 2024 Sep 1,19.22,111774,396,onsite_conversion.messaging_conversation_started_7d,18
2024-09,120210671340320641,Phyiso 03,Top creatives | $5 | LAL | 2024 Sep 1,120210671340350641,Physiotherapy | $5 | LAL | 2024 Sep 1,6.01,47974,236,onsite_conversion.messaging_conversation_started_7d,17
2024-09,120210671340270641,Phyiso 03,Top creatives | $10 | Original Audience | 2024 Sep 1,120210671340420641,Physiotherapy | $10 | +A | 2024 Sep 1,10.3,288603,425,onsite_conversion.messaging_conversation_started_7d,36
2024-09,120210635245470641,Free Invitation templates,A+ - Free Invitation templates,120210231454980641,Physiotherapy Course | $10 | CBO | 2024/8/12,5.49,4411,126,onsite_conversion.messaging_conversation_started_7d,13
2024-09,120210635245440641,Free Invitation templates,Healthcare - Free Invitation templates,120210231454980641,Physiotherapy Course | $10 | CBO | 2024/8/12,7.74,5274,210,onsite_conversion.messaging_conversation_started_7d,20
2024-09,120210479218460641,Physio Course Video,Healthcare - Washaq,120210231454980641,Physiotherapy Course | $10 | CBO | 2024/8/12,42.07,53330,763,onsite_conversion.messaging_conversation_started_7d,74
2024-09,120210479309230641,Physio Course Video,A+ - Washaq,120210231454980641,Physiotherapy Course | $10 | CBO | 2024/8/12,20.63,16729,471,onsite_conversion.messaging_conversation_started_7d,21
2024-09,120210280533710641,Phyiso 03,Top creatives | $10 | Original Audience | 2024 Aug 14,120210280533550641,Physiotherapy | $10 | +A | 2024 Aug 14,0.01,10,0,onsite_conversion.messaging_conversation_started_7d,
2024-09,120210280533650641,Phyiso 03,Top 3 creatives | $15 | Original Audience | 2024 Aug 14,120210280533570641,Physiotherapy | $15 | Original Audience | 2024 Aug 14,2.04,2185,36,onsite_conversion.messaging_conversation_started_7d,1
2024-09,120210280533750641,Phyiso 01 - C,Top creatives | $10 | Original Audience | 2024 Aug 14,120210280533550641,Physiotherapy | $10 | +A | 2024 Aug 14,0.96,486,18,onsite_conversion.messaging_conversation_started_7d,1
2024-09,120210280533700641,Phyiso 07,Top creatives | $5 | LAL | 2024 Aug 14,120210280533560641,Physiotherapy | $5 | LAL | 2024 Aug 14,0.29,209,5,onsite_conversion.messaging_conversation_started_7d,1
2024-09,120210280533670641,Phyiso 08,Top creatives | $5 | LAL | 2024 Aug 14,120210280533560641,Physiotherapy | $5 | LAL | 2024 Aug 14,0.01,20,1,onsite_conversion.messaging_conversation_started_7d,
2024-09,120210280533690641,Phyiso 03,Top creatives | $5 | LAL | 2024 Aug 14,120210280533560641,Physiotherapy | $5 | LAL | 2024 Aug 14,0.09,87,1,onsite_conversion.messaging_conversation_started_7d,
2024-09,120210030896700641,drv01 - D,ORIGINAL ADUINCE - Copy,120210030896530641,Dr Visit | $15 | Original Audience | 2024/8/1,0.29,179,2,onsite_conversion.messaging_conversation_started_7d,
2024-09,120210030896690641,drv01 - B,ORIGINAL ADUINCE - Copy,120210030896530641,Dr Visit | $15 | Original Audience | 2024/8/1,0.89,519,13,onsite_conversion.messaging_conversation_started_7d,
2024-09,120210030896680641,drv01 - A,ORIGINAL ADUINCE - Copy,120210030896530641,Dr Visit | $15 | Original Audience | 2024/8/1,32.17,23396,674,onsite_conversion.messaging_conversation_started_7d,43
2024-09,120209528748920641,Ultrasound,Ultrasound,120209528715310641,Imaging Services | $8 | 2024 Jul 7,10.83,10911,663,onsite_conversion.messaging_conversation_started_7d,39
2024-09,120209528715450641,Echo,Echo,120209528715310641,Imaging Services | $8 | 2024 Jul 7,6.36,7101,350,onsite_conversion.messaging_conversation_started_7d,12
2024-09,120208946723390641,Echo,implementation Echo,120208943174270641,Omni Awareness Campaign,29.87,252056,1233,reach,187869
2024-09,120208946996920641,AirBag Nursing - Vertical,CTA | Airbag Nursing,120208943174270641,Omni Awareness Campaign,29.72,245752,444,reach,195568
2024-09,120208946723380641,ٍReview | DrVisit,ٍReview | DrVisit,120208943174270641,Omni Awareness Campaign,29.75,249999,313,reach,192930
2024-09,120208946723300641,Review | Nursing,Review | Nursing,120208943174270641,Omni Awareness Campaign,29.78,253546,349,reach,186469
2024-09,120208946723400641,Review | Physiotherapy,Review | Physiotherapy,120208943174270641,Omni Awareness Campaign,29.84,253145,408,reach,190137
2024-09,120208946723460641,Nursing,implementation Nursing/Lab Test,120208943174270641,Omni Awareness Campaign,29.8,234050,717,reach,173501
2024-09,120208960402880641,AirBag Physiotherapy - Vertical,CTA | Airbag Physiotherapy,120208943174270641,Omni Awareness Campaign,29.84,249596,454,reach,203614
2024-09,120208780937960641,AirBag Nursing - Vertical,iOS | Original Audience | Airbag Nursing | $2 | 2024 May 27 - Copy,120208780823020641,App Installs | iOS | 2024 May 27,59.76,143140,1777,mobile_app_install,406
2024-09,120208780937970641,AirBag Dr Visit - Vertical,iOS | Original Audience | Airbag Doctor Visit | $2 | 2024 May 27 - Copy,120208780823020641,App Installs | iOS | 2024 May 27,59.73,117034,1128,mobile_app_install,225
2024-09,120208780823080641,AirBag Physiotherapy - Vertical,iOS | Original Audience | Airbag Physiotherapy | $2 | 2024 May 27,120208780823020641,App Installs | iOS | 2024 May 27,59.72,113048,1577,mobile_app_install,314
2024-09,120208780781340641,AirBag Dr Visit - Vertical,Android | Original Audience | Airbag Doctor Visit | $2 | 2024 May 27,120208780726700641,App Installs | Android | 2024 May 27,60,104762,1482,mobile_app_install,693
2024-09,120208780781350641,AirBag Nursing - Vertical,Android | Original Audience | Airbag Nursing | $2 | 2024 May 27,120208780726700641,App Installs | Android | 2024 May 27,60.01,141666,1695,mobile_app_install,730
2024-09,120208780727070641,AirBag Physiotherapy - Vertical,Android | Original Audience | Airbag Physiotherapy | $2 | 2024 May 27,120208780726700641,App Installs | Android | 2024 May 27,59.97,115755,1611,mobile_app_install,658
2024-09,120210789493360641,Physio 06,Original Audince,120208900306680641,📍Physiotherapy | $6 | Testing,36.08,20287,756,onsite_conversion.messaging_conversation_started_7d,37
2024-09,120211333926400641,Physio 14 - G ⚡️,Original Audince,120208900306680641,📍Physiotherapy | $6 | Testing,0.3,377,4,onsite_conversion.messaging_conversation_started_7d,
2024-09,120210789449550641,Physio 12 - B,Original Audince,120208900306680641,📍Physiotherapy | $6 | Testing,8.4,5786,126,onsite_conversion.messaging_conversation_started_7d,7
2024-09,120210789464240641,Physio 13 - B,Original Audince,120208900306680641,📍Physiotherapy | $6 | Testing,4.54,2416,66,onsite_conversion.messaging_conversation_started_7d,3
2024-09,120210789455580641,Physio 13 - A,Original Audince,120208900306680641,📍Physiotherapy | $6 | Testing,32.6,18720,542,onsite_conversion.messaging_conversation_started_7d,36
2024-09,120210789453270641,Physio 12 - C,Original Audince,120208900306680641,📍Physiotherapy | $6 | Testing,8.53,5138,151,onsite_conversion.messaging_conversation_started_7d,7
2024-09,120210706674970641,drv01 - A,Dr Visit | Broad | $20,120210706674940641,📍Dr Visit Main | $35,400.85,293874,8381,onsite_conversion.messaging_conversation_started_7d,477
2024-09,120209607227170641,Phyiso 11 - A,Original Audince,120208900306680641,📍Physiotherapy | $6 | Testing,2.38,839,30,onsite_conversion.messaging_conversation_started_7d,3
2024-09,120209607227180641,Phyiso 09,Original Audince,120208900306680641,📍Physiotherapy | $6 | Testing,23.53,11380,479,onsite_conversion.messaging_conversation_started_7d,40
2024-09,120210789214000641,Phyiso REEL 1 - Copy,Top 3 creatives | $25 | Original Audience | 2024 Sep 6,120210789115000641,📍🌟Physiotherapy | $25 | Original Audience | 2024 Sep 6,1.52,983,72,onsite_conversion.messaging_conversation_started_7d,
2024-09,120211333921760641,Physio 14 - F⚡️,Original Audince,120208900306680641,📍Physiotherapy | $6 | Testing,6.38,6112,120,onsite_conversion.messaging_conversation_started_7d,7
2024-09,120210280693640641,LT 02 - B,Lab Test | Creative Testing | 2024 Aug 14,120210280693630641,📍Lab Test | Original Audince | 2024 Aug 14,19.84,5602,323,onsite_conversion.messaging_conversation_started_7d,15
2024-09,120211333930080641,Physio 14 - H⚡️,Original Audince,120208900306680641,📍Physiotherapy | $6 | Testing,0.99,1175,16,onsite_conversion.messaging_conversation_started_7d,1
2024-09,120210280719650641,Lab Test REEL 2,Lab Test | Creative Testing | 2024 Aug 14,120210280693630641,📍Lab Test | Original Audince | 2024 Aug 14,106.45,105882,4757,onsite_conversion.messaging_conversation_started_7d,162
2024-09,120210280693650641,LT 02 - A,Lab Test | Creative Testing | 2024 Aug 14,120210280693630641,📍Lab Test | Original Audince | 2024 Aug 14,4.38,1366,79,onsite_conversion.messaging_conversation_started_7d,5
2024-09,120210789354000641,Phyiso 01 - C - Copy 2⚡️,Top creatives | $5 | LAL | 2024 Sep 9,120210789294890641,📍🌟Physiotherapy | $10 | LAL | 2024 Sep 6,23.82,12732,453,onsite_conversion.messaging_conversation_started_7d,42
2024-09,120210789443610641,Physio 12 - A,Original Audince,120208900306680641,📍Physiotherapy | $6 | Testing,40.3,24195,743,onsite_conversion.messaging_conversation_started_7d,45
2024-09,120211298613490641,Physio 14 - C,Original Audince,120208900306680641,📍Physiotherapy | $6 | Testing,0.72,486,11,onsite_conversion.messaging_conversation_started_7d,
2024-09,120210789437560641,Phyiso 11 - C - Copy⚡️,Top creatives | $5 | LAL | 2024 Sep 9,120210789294890641,📍🌟Physiotherapy | $10 | LAL | 2024 Sep 6,6.56,3784,113,onsite_conversion.messaging_conversation_started_7d,3
2024-09,120210789440140641,Phyiso 11 - C - Copy,Top 3 creatives | $25 | Original Audience | 2024 Sep 6,120210789115000641,📍🌟Physiotherapy | $25 | Original Audience | 2024 Sep 6,1.85,1299,47,onsite_conversion.messaging_conversation_started_7d,1
2024-09,120210789203570641,Phyiso 08 - Copy,Top 3 creatives | $25 | Original Audience | 2024 Sep 6,120210789115000641,📍🌟Physiotherapy | $25 | Original Audience | 2024 Sep 6,54.64,38967,1313,onsite_conversion.messaging_conversation_started_7d,59
2024-09,120210789353980641,Phyiso 08 - Copy 2⚡️,Top creatives | $5 | LAL | 2024 Sep 9,120210789294890641,📍🌟Physiotherapy | $10 | LAL | 2024 Sep 6,21.83,14042,500,onsite_conversion.messaging_conversation_started_7d,31
2024-09,120210789353970641,Phyiso REEL 1 - Copy 2,Top creatives | $5 | LAL | 2024 Sep 9,120210789294890641,📍🌟Physiotherapy | $10 | LAL | 2024 Sep 6,12.58,10085,567,onsite_conversion.messaging_conversation_started_7d,14
2024-09,120210706674950641,drv01 - D,Dr Visit | Broad | $20,120210706674940641,📍Dr Visit Main | $35,18.88,15844,318,onsite_conversion.messaging_conversation_started_7d,13
2024-09,120210789353990641,Phyiso 03 - Copy 2⚡️,Top creatives | $5 | LAL | 2024 Sep 9,120210789294890641,📍🌟Physiotherapy | $10 | LAL | 2024 Sep 6,60.33,63569,1463,onsite_conversion.messaging_conversation_started_7d,107
2024-09,120211333893430641,Physio 14 - E,Original Audince,120208900306680641,📍Physiotherapy | $6 | Testing,1.51,1508,25,onsite_conversion.messaging_conversation_started_7d,
2024-09,120211298604250641,Physio 14 - B⚡️,Original Audince,120208900306680641,📍Physiotherapy | $6 | Testing,0.51,442,9,onsite_conversion.messaging_conversation_started_7d,1
2024-09,120210789203550641,Phyiso 03 - Copy⚡️,Top 3 creatives | $25 | Original Audience | 2024 Sep 6,120210789115000641,📍🌟Physiotherapy | $25 | Original Audience | 2024 Sep 6,150.67,172035,2848,onsite_conversion.messaging_conversation_started_7d,170
2024-09,120210789203560641,Phyiso 01 - C - Copy⚡️,Top 3 creatives | $25 | Original Audience | 2024 Sep 6,120210789115000641,📍🌟Physiotherapy | $25 | Original Audience | 2024 Sep 6,166.92,101935,2771,onsite_conversion.messaging_conversation_started_7d,185
2024-09,120211298568430641,Physio 14 - A,Original Audince,120208900306680641,📍Physiotherapy | $6 | Testing,8.41,6759,119,onsite_conversion.messaging_conversation_started_7d,8
2024-09,120209607227150641,Phyiso 11 - C,Original Audince,120208900306680641,📍Physiotherapy | $6 | Testing,0.06,16,1,onsite_conversion.messaging_conversation_started_7d,
2024-09,120210280755540641,Phyiso REEL 1,Original Audince,120208900306680641,📍Physiotherapy | $6 | Testing,5.45,3122,201,onsite_conversion.messaging_conversation_started_7d,4
2024-09,120210706668910641,Ultrasound,Ultrasound,120210706668880641,📍Imaging Services | $8 | 2024 Sep 3,139.7,206277,12945,onsite_conversion.messaging_conversation_started_7d,461
2024-09,120208946723410641,Ultrasound,implementation Ultrasound,120208943174270641,Omni Awareness Campaign,29.8,250770,1195,reach,190762
2024-09,120208467539070641,Nursing Video Maadh Cut - 15s ⚡️,Nursing | IG & FB +18 | WA,120208466688490641,Nursing CBO 2024/5/19,141.78,108369,2122,onsite_conversion.messaging_conversation_started_7d,178
2024-09,120208467539060641,Nursing Video Maadh Cut - 22s ⚡️,Nursing | IG & FB +18 | WA,120208466688490641,Nursing CBO 2024/5/19,62.64,47323,1530,onsite_conversion.messaging_conversation_started_7d,61
2024-09,120208467533290641,Nursing Video Maadh Cut - 22s ⚡️,Nursing | IG Only | WA,120208466688490641,Nursing CBO 2024/5/19,21.17,15649,481,onsite_conversion.messaging_conversation_started_7d,30
2024-09,120208467533280641,Nursing Video Maadh Cut - 15s ⚡️,Nursing | IG Only | WA,120208466688490641,Nursing CBO 2024/5/19,123.74,98489,1723,onsite_conversion.messaging_conversation_started_7d,150
2024-09,120208467312870641,Nursing Video Maadh Cut - 15s ⚡️,Nursing | Facebook Only | WhatsApp,120208466688490641,Nursing CBO 2024/5/19,247.07,185579,6443,onsite_conversion.messaging_conversation_started_7d,282
2024-09,120208467312860641,Nursing Video Maadh Cut - 22s ⚡️,Nursing | Facebook Only | WhatsApp,120208466688490641,Nursing CBO 2024/5/19,4.56,2192,99,onsite_conversion.messaging_conversation_started_7d,1
2024-09,120210706732420641,❌drv02 - C,ORIGINAL ADUINCE,120209505761140641,Dr Visit | $5 | Testing,65.02,46886,1426,onsite_conversion.messaging_conversation_started_7d,65
2024-09,120210706688250641,❌drv02 - D,ORIGINAL ADUINCE,120209505761140641,Dr Visit | $5 | Testing,22.88,12990,322,onsite_conversion.messaging_conversation_started_7d,17
2024-09,120210706738310641,❌drv02 - B,ORIGINAL ADUINCE,120209505761140641,Dr Visit | $5 | Testing,18.88,11332,296,onsite_conversion.messaging_conversation_started_7d,18
2024-09,120210706734230641,❌drv02 - B,ORIGINAL ADUINCE,120209505761140641,Dr Visit | $5 | Testing,18.29,10387,267,onsite_conversion.messaging_conversation_started_7d,18
2024-09,120210852476240641,‎المعالج الفيزيائي فيديو ١‎,Physiotherapy | OLD Videos | $5 | 2024 Sep 9,120210851637240641,Physiotherapy | Video Only | $15 | Original Audience | 2024 Sep 9,12.55,13173,549,onsite_conversion.messaging_conversation_started_7d,14
2024-09,120210706733820641,❌drv02 - E,ORIGINAL ADUINCE,120209505761140641,Dr Visit | $5 | Testing,14.04,12633,406,onsite_conversion.messaging_conversation_started_7d,14
2024-09,120210706603970641,Phyiso 07,Top creatives | $5 | LAL | 2024 Sep 3,120210706603990641,Physiotherapy | $5 | LAL | 2024 Sep 3,3.22,2842,72,onsite_conversion.messaging_conversation_started_7d,3
2024-09,120210706603960641,Phyiso 03,Top creatives | $5 | LAL | 2024 Sep 3,120210706603990641,Physiotherapy | $5 | LAL | 2024 Sep 3,5.41,6370,109,onsite_conversion.messaging_conversation_started_7d,2
2024-09,120210706604010641,Phyiso 01 - C,Top 3 creatives | $15 | Original Audience | 2024 Sep 3,120210706603890641,Physiotherapy | $15 | Original Audience | 2024 Sep 3,1.74,973,20,onsite_conversion.messaging_conversation_started_7d,2
2024-09,120209505858330641,✅drv01 - D,ORIGINAL ADUINCE,120209505761140641,Dr Visit | $5 | Testing,0.05,6,0,onsite_conversion.messaging_conversation_started_7d,
2024-09,120209505761300641,✅drv01 - A,ORIGINAL ADUINCE,120209505761140641,Dr Visit | $5 | Testing,11.24,5819,190,onsite_conversion.messaging_conversation_started_7d,13
2024-09,120210671340290641,Phyiso 01 - C,Top creatives | $10 | Original Audience | 2024 Sep 1,120210671340420641,Physiotherapy | $10 | +A | 2024 Sep 1,2.31,31121,58,onsite_conversion.messaging_conversation_started_7d,2
2024-09,120210671340340641,Phyiso 07,Top creatives | $5 | LAL | 2024 Sep 1,120210671340350641,Physiotherapy | $5 | LAL | 2024 Sep 1,6.31,31966,141,onsite_conversion.messaging_conversation_started_7d,2
2024-10,120210706668890641,Echo,Echo,120210706668880641,📍Imaging Services | $8 | 2024 Sep 3,92.96,125269,4542,onsite_conversion.messaging_conversation_started_7d,256
2024-10,120210280702300641,Lab Test REEL 1,Lab Test | Creative Testing | 2024 Aug 14,120210280693630641,📍Lab Test | Original Audince | 2024 Aug 14,56.5,21288,1083,onsite_conversion.messaging_conversation_started_7d,65
2024-10,120211750273640641,X-Ray,X-Ray,120210706668880641,📍Imaging Services | $8 | 2024 Sep 3,160.36,156945,8168,onsite_conversion.messaging_conversation_started_7d,487
2024-10,120208947042510641,AirBag Dr Visit - Vertical,CTA | Airbag Dr Visit,120208943174270641,Omni Awareness Campaign,30.42,244422,333,reach,196506
2024-10,120208946723510641,اشعة وايكو,EDU content 3,120208943174270641,Omni Awareness Campaign,30.41,240646,296,reach,194547
2024-10,120208946723490641,بعدك تضم فحوصاتك و تحاليلك بال جرار؟,EDU content 2,120208943174270641,Omni Awareness Campaign,30.34,237314,232,reach,186487
2024-10,120208946723430641,شنو هو تطبيق سليم؟,EDU content 1,120208943174270641,Omni Awareness Campaign,30.41,243142,216,reach,196583
2024-10,120211964722040641,BedSore Old Granny video 2,Wound Care,120208466688490641,Nursing CBO 2024/5/19,27.04,22830,719,onsite_conversion.messaging_conversation_started_7d,30
2024-10,120211861521650641,Maadh Physio Video - Without Music,Physio lead gen,120211861521690641,Physiotherapy | 10$ | Leads Form | TESTING CBO | 2024/10/18,46.4,33442,515,leadgen.other,11
2024-10,120211830163550641,Brace V1 - Hook 1,Brace | Testing | WA,120211830163520641,Brace | Leads Form | TESTING CBO | 2024/10/18,3.13,2461,65,leadgen.other,2
2024-10,120211830163570641,Brace V1 - Hook 3,Brace | Testing | WA,120211830163520641,Brace | Leads Form | TESTING CBO | 2024/10/18,127.48,163757,3317,leadgen.other,141
2024-10,120211750254500641,EE 01 - C,eye Exam | Testing | WA,120211750161900641,Eye Exam Messages | TESTING CBO | 2024/10/16,3.59,1563,60,onsite_conversion.messaging_conversation_started_7d,4
2024-10,120211750256500641,EE 01 - D,eye Exam | Testing | WA,120211750161900641,Eye Exam Messages | TESTING CBO | 2024/10/16,7.2,3683,122,onsite_conversion.messaging_conversation_started_7d,8
2024-10,120211750169890641,EE 01 - A,eye Exam | Testing | WA,120211750161900641,Eye Exam Messages | TESTING CBO | 2024/10/16,6.52,3506,102,onsite_conversion.messaging_conversation_started_7d,8
2024-10,120211750253600641,EE 01 - B,eye Exam | Testing | WA,120211750161900641,Eye Exam Messages | TESTING CBO | 2024/10/16,12.27,5966,192,onsite_conversion.messaging_conversation_started_7d,17
2024-10,120211750073500641,Brace V2,Brace | Testing | WA,120211749809770641,Brace | Messaging | TESTING CBO | 2024/10/16,1.71,1417,74,onsite_conversion.messaging_conversation_started_7d,8
2024-10,120211749825160641,Brace V1 - Hook 1,Brace | Testing | WA,120211749809770641,Brace | Messaging | TESTING CBO | 2024/10/16,3.63,2871,110,onsite_conversion.messaging_conversation_started_7d,25
2024-10,120211749905610641,Brace V1 - Hook 2,Brace | Testing | WA,120211749809770641,Brace | Messaging | TESTING CBO | 2024/10/16,1.7,989,69,onsite_conversion.messaging_conversation_started_7d,11
2024-10,120211749905470641,Brace V1 - Hook 3,Brace | Testing | WA,120211749809770641,Brace | Messaging | TESTING CBO | 2024/10/16,19.08,14369,596,onsite_conversion.messaging_conversation_started_7d,101
2024-10,120208946723390641,Echo,implementation Echo,120208943174270641,Omni Awareness Campaign,30.52,246577,1160,reach,190404
2024-10,120208946996920641,AirBag Nursing - Vertical,CTA | Airbag Nursing,120208943174270641,Omni Awareness Campaign,30.46,240865,394,reach,187653
2024-10,120208946723380641,ٍReview | DrVisit,ٍReview | DrVisit,120208943174270641,Omni Awareness Campaign,30.41,246392,338,reach,197529
2024-10,120208946723300641,Review | Nursing,Review | Nursing,120208943174270641,Omni Awareness Campaign,30.48,247718,387,reach,184441
2024-10,120208946723400641,Review | Physiotherapy,Review | Physiotherapy,120208943174270641,Omni Awareness Campaign,30.09,251767,497,reach,192594
2024-10,120208946723460641,Nursing,implementation Nursing/Lab Test,120208943174270641,Omni Awareness Campaign,30.31,241443,615,reach,187428
2024-10,120208960402880641,AirBag Physiotherapy - Vertical,CTA | Airbag Physiotherapy,120208943174270641,Omni Awareness Campaign,30.49,232544,507,reach,190932
2024-10,120208780937960641,AirBag Nursing - Vertical,iOS | Original Audience | Airbag Nursing | $2 | 2024 May 27 - Copy,120208780823020641,App Installs | iOS | 2024 May 27,61.78,160424,2328,mobile_app_install,423
2024-10,120208780937970641,AirBag Dr Visit - Vertical,iOS | Original Audience | Airbag Doctor Visit | $2 | 2024 May 27 - Copy,120208780823020641,App Installs | iOS | 2024 May 27,61.85,125081,1380,mobile_app_install,212
2024-10,120208780823080641,AirBag Physiotherapy - Vertical,iOS | Original Audience | Airbag Physiotherapy | $2 | 2024 May 27,120208780823020641,App Installs | iOS | 2024 May 27,61.82,138306,2146,mobile_app_install,368
2024-10,120208780781340641,AirBag Dr Visit - Vertical,Android | Original Audience | Airbag Doctor Visit | $2 | 2024 May 27,120208780726700641,App Installs | Android | 2024 May 27,61.88,119315,1719,mobile_app_install,690
2024-10,120208780781350641,AirBag Nursing - Vertical,Android | Original Audience | Airbag Nursing | $2 | 2024 May 27,120208780726700641,App Installs | Android | 2024 May 27,61.92,155136,1812,mobile_app_install,722
2024-10,120208780727070641,AirBag Physiotherapy - Vertical,Android | Original Audience | Airbag Physiotherapy | $2 | 2024 May 27,120208780726700641,App Installs | Android | 2024 May 27,61.93,120336,1696,mobile_app_install,609
2024-10,120211593301160641,Maadh Physio Video - With Music - Copy,Top creatives | $5 | LAL | 2024 Sep 9,120210789294890641,📍🌟Physiotherapy | $10 | LAL | 2024 Sep 6,0.33,332,12,onsite_conversion.messaging_conversation_started_7d,
2024-10,120211593301150641,Maadh Physio Video - Without Music - Copy,Top creatives | $5 | LAL | 2024 Sep 9,120210789294890641,📍🌟Physiotherapy | $10 | LAL | 2024 Sep 6,108.65,173713,2662,onsite_conversion.messaging_conversation_started_7d,231
2024-10,120211333926400641,Physio 14 - G ⚡️,Original Audince,120208900306680641,📍Physiotherapy | $6 | Testing,1.6,1915,31,onsite_conversion.messaging_conversation_started_7d,3
2024-10,120210706674970641,drv01 - A,Dr Visit | Broad | $20,120210706674940641,📍Dr Visit Main | $35,533.01,356863,8995,onsite_conversion.messaging_conversation_started_7d,563
2024-10,120211333921760641,Physio 14 - F⚡️,Original Audince,120208900306680641,📍Physiotherapy | $6 | Testing,8.69,7741,141,onsite_conversion.messaging_conversation_started_7d,10
2024-10,120210280693640641,LT 02 - B,Lab Test | Creative Testing | 2024 Aug 14,120210280693630641,📍Lab Test | Original Audince | 2024 Aug 14,11.62,2773,213,onsite_conversion.messaging_conversation_started_7d,7
2024-10,120211333930080641,Physio 14 - H⚡️,Original Audince,120208900306680641,📍Physiotherapy | $6 | Testing,0.04,52,1,onsite_conversion.messaging_conversation_started_7d,
2024-10,120210280719650641,Lab Test REEL 2,Lab Test | Creative Testing | 2024 Aug 14,120210280693630641,📍Lab Test | Original Audince | 2024 Aug 14,85.61,67574,2413,onsite_conversion.messaging_conversation_started_7d,99
2024-10,120210280693650641,LT 02 - A,Lab Test | Creative Testing | 2024 Aug 14,120210280693630641,📍Lab Test | Original Audince | 2024 Aug 14,1.01,256,9,onsite_conversion.messaging_conversation_started_7d,1
2024-10,120211438578010641,Maadh Physio Video - Without Music,Original Audince,120208900306680641,📍Physiotherapy | $6 | Testing,143.26,174672,3918,onsite_conversion.messaging_conversation_started_7d,307
2024-10,120211593301360641,Maadh Physio Video - Without Music - Copy,Top 3 creatives | $25 | Original Audience | 2024 Sep 6,120210789115000641,📍🌟Physiotherapy | $25 | Original Audience | 2024 Sep 6,325.22,405071,7424,onsite_conversion.messaging_conversation_started_7d,502
2024-10,120210789354000641,Phyiso 01 - C - Copy 2⚡️,Top creatives | $5 | LAL | 2024 Sep 9,120210789294890641,📍🌟Physiotherapy | $10 | LAL | 2024 Sep 6,2.14,1201,40,onsite_conversion.messaging_conversation_started_7d,4
2024-10,120210789437560641,Phyiso 11 - C - Copy⚡️,Top creatives | $5 | LAL | 2024 Sep 9,120210789294890641,📍🌟Physiotherapy | $10 | LAL | 2024 Sep 6,2.59,1863,45,onsite_conversion.messaging_conversation_started_7d,5
2024-10,120210789353980641,Phyiso 08 - Copy 2⚡️,Top creatives | $5 | LAL | 2024 Sep 9,120210789294890641,📍🌟Physiotherapy | $10 | LAL | 2024 Sep 6,23.27,16643,516,onsite_conversion.messaging_conversation_started_7d,35
2024-10,120211438525790641,Maadh Physio Video - With Music,Original Audince,120208900306680641,📍Physiotherapy | $6 | Testing,24.65,25793,530,onsite_conversion.messaging_conversation_started_7d,38
2024-10,120211593301350641,Maadh Physio Video - With Music - Copy,Top 3 creatives | $25 | Original Audience | 2024 Sep 6,120210789115000641,📍🌟Physiotherapy | $25 | Original Audience | 2024 Sep 6,2.6,2535,61,onsite_conversion.messaging_conversation_started_7d,1
2024-10,120210789353970641,Phyiso REEL 1 - Copy 2,Top creatives | $5 | LAL | 2024 Sep 9,120210789294890641,📍🌟Physiotherapy | $10 | LAL | 2024 Sep 6,4.08,3045,114,onsite_conversion.messaging_conversation_started_7d,2
2024-10,120210706674950641,drv01 - D,Dr Visit | Broad | $20,120210706674940641,📍Dr Visit Main | $35,15.18,10243,230,onsite_conversion.messaging_conversation_started_7d,13
2024-10,120210789353990641,Phyiso 03 - Copy 2⚡️,Top creatives | $5 | LAL | 2024 Sep 9,120210789294890641,📍🌟Physiotherapy | $10 | LAL | 2024 Sep 6,13.69,13612,272,onsite_conversion.messaging_conversation_started_7d,23
2024-10,120211298604250641,Physio 14 - B⚡️,Original Audince,120208900306680641,📍Physiotherapy | $6 | Testing,5.43,5249,93,onsite_conversion.messaging_conversation_started_7d,7
2024-10,120210789203550641,Phyiso 03 - Copy⚡️,Top 3 creatives | $25 | Original Audience | 2024 Sep 6,120210789115000641,📍🌟Physiotherapy | $25 | Original Audience | 2024 Sep 6,34.53,38422,697,onsite_conversion.messaging_conversation_started_7d,38
2024-10,120210789203560641,Phyiso 01 - C - Copy⚡️,Top 3 creatives | $25 | Original Audience | 2024 Sep 6,120210789115000641,📍🌟Physiotherapy | $25 | Original Audience | 2024 Sep 6,102.71,68936,1718,onsite_conversion.messaging_conversation_started_7d,137
2024-10,120211298568430641,Physio 14 - A,Original Audince,120208900306680641,📍Physiotherapy | $6 | Testing,0.75,508,12,onsite_conversion.messaging_conversation_started_7d,1
2024-10,120210706668910641,Ultrasound,Ultrasound,120210706668880641,📍Imaging Services | $8 | 2024 Sep 3,94.79,116624,5503,onsite_conversion.messaging_conversation_started_7d,208
2024-10,120208946723410641,Ultrasound,implementation Ultrasound,120208943174270641,Omni Awareness Campaign,30.26,247526,960,reach,189658
2024-10,120208467539070641,Nursing Video Maadh Cut - 15s ⚡️,Nursing | IG & FB +18 | WA,120208466688490641,Nursing CBO 2024/5/19,125.4,100053,1929,onsite_conversion.messaging_conversation_started_7d,149
2024-10,120208467539060641,Nursing Video Maadh Cut - 22s ⚡️,Nursing | IG & FB +18 | WA,120208466688490641,Nursing CBO 2024/5/19,35.93,29380,891,onsite_conversion.messaging_conversation_started_7d,29
2024-10,120208467533290641,Nursing Video Maadh Cut - 22s ⚡️,Nursing | IG Only | WA,120208466688490641,Nursing CBO 2024/5/19,39.59,32584,845,onsite_conversion.messaging_conversation_started_7d,36
2024-10,120208467533280641,Nursing Video Maadh Cut - 15s ⚡️,Nursing | IG Only | WA,120208466688490641,Nursing CBO 2024/5/19,181.03,170677,2941,onsite_conversion.messaging_conversation_started_7d,242
2024-10,120208467312870641,Nursing Video Maadh Cut - 15s ⚡️,Nursing | Facebook Only | WhatsApp,120208466688490641,Nursing CBO 2024/5/19,244.81,215760,6127,onsite_conversion.messaging_conversation_started_7d,262
2024-10,120208467312860641,Nursing Video Maadh Cut - 22s ⚡️,Nursing | Facebook Only | WhatsApp,120208466688490641,Nursing CBO 2024/5/19,2.55,1715,51,onsite_conversion.messaging_conversation_started_7d,1
2024-10,120211977092820641,IPR Alaa's Hasnaa Cut,Original Audince | 5$ | +25 | Iraq,120211977092830641,IPR | Original Audince | 2024/10/25 | 5$,32.33,11638,586,onsite_conversion.messaging_conversation_started_7d,18
2024-10,120211964500150641,BedSore Old Granny video,Wound Care,120208466688490641,Nursing CBO 2024/5/19,1.65,1348,61,onsite_conversion.messaging_conversation_started_7d,
2024-10,120211593643500641,❌ Nursing 08 - A,Nursing | Testing | WA,120211593344760641,Nursing TESTING CBO 2024/10/10,15.42,8519,209,onsite_conversion.messaging_conversation_started_7d,10
2024-10,120211593654460641,❌Nursing 09 - A,Nursing | Testing | WA,120211593344760641,Nursing TESTING CBO 2024/10/10,12.58,5415,178,onsite_conversion.messaging_conversation_started_7d,7
2024-10,120210706732420641,❌drv02 - C,ORIGINAL ADUINCE,120209505761140641,Dr Visit | $5 | Testing,35.26,18176,553,onsite_conversion.messaging_conversation_started_7d,26
2024-10,120210706688250641,❌drv02 - D,ORIGINAL ADUINCE,120209505761140641,Dr Visit | $5 | Testing,21.97,11698,309,onsite_conversion.messaging_conversation_started_7d,16
2024-10,120210706738310641,❌drv02 - B,ORIGINAL ADUINCE,120209505761140641,Dr Visit | $5 | Testing,4.3,2085,55,onsite_conversion.messaging_conversation_started_7d,4
2024-10,120210706734230641,❌drv02 - B,ORIGINAL ADUINCE,120209505761140641,Dr Visit | $5 | Testing,13.92,9186,250,onsite_conversion.messaging_conversation_started_7d,12
2024-10,120211593652060641,❌Nursing 08 - C,Nursing | Testing | WA,120211593344760641,Nursing TESTING CBO 2024/10/10,5.34,2323,69,onsite_conversion.messaging_conversation_started_7d,4
2024-10,120211593646340641,❌Nursing 08 - B,Nursing | Testing | WA,120211593344760641,Nursing TESTING CBO 2024/10/10,3.77,1824,43,onsite_conversion.messaging_conversation_started_7d,
2024-10,120211593670360641,❌Nursing 09 - B,Nursing | Testing | WA,120211593344760641,Nursing TESTING CBO 2024/10/10,5.08,2758,89,onsite_conversion.messaging_conversation_started_7d,2
2024-10,120211593407300641,❌ Nursing 07,Nursing | Testing | WA,120211593344760641,Nursing TESTING CBO 2024/10/10,10.6,4677,117,onsite_conversion.messaging_conversation_started_7d,6
2024-10,120211500881460641,شنو راح تسوي لو كنت بمكان علي?!,Nursing | IG & FB +18 | WA,120208466688490641,Nursing CBO 2024/5/19,18.14,13842,906,onsite_conversion.messaging_conversation_started_7d,8
2024-11,120210706668890641,Echo,Echo,120210706668880641,📍Imaging Services | $8 | 2024 Sep 3,265.99,356552,12667,onsite_conversion.messaging_conversation_started_7d,1099
2024-11,120210280702300641,Lab Test REEL 1,Lab Test | Creative Testing | 2024 Aug 14,120210280693630641,📍Lab Test | Original Audince | 2024 Aug 14,29.84,13534,602,onsite_conversion.messaging_conversation_started_7d,70
2024-11,120211750273640641,X-Ray,X-Ray,120210706668880641,📍Imaging Services | $8 | 2024 Sep 3,157.6,173382,8502,onsite_conversion.messaging_conversation_started_7d,676
2024-11,120212178027110641,Dr Visit - Grandpa,ORIGINAL ADUINCE,120209505761140641,Dr Visit | $5 | Testing,86.55,110427,2946,onsite_conversion.messaging_conversation_started_7d,265
2024-11,120212178025420641,Dr Visit - Kid,ORIGINAL ADUINCE,120209505761140641,Dr Visit | $5 | Testing,170.67,186308,6262,onsite_conversion.messaging_conversation_started_7d,929
2024-11,120208947042510641,AirBag Dr Visit - Vertical,CTA | Airbag Dr Visit,120208943174270641,Omni Awareness Campaign,30.05,246413,315,reach,190498
2024-11,120208946723510641,اشعة وايكو,EDU content 3,120208943174270641,Omni Awareness Campaign,30.11,243148,333,reach,195048
2024-11,120208946723490641,بعدك تضم فحوصاتك و تحاليلك بال جرار؟,EDU content 2,120208943174270641,Omni Awareness Campaign,29.99,243464,244,reach,191780
2024-11,120208946723430641,شنو هو تطبيق سليم؟,EDU content 1,120208943174270641,Omni Awareness Campaign,30.09,246307,259,reach,206005
2024-11,120212724291730641,IPR M01,Original Audince | 5$ | +25 | Baghdad Basra Erbil,120212724291700641,IPR | Original Audince | 2024/10/25 | 5$ - Copy,49.25,46998,798,leadgen.other,42
2024-11,120212698567680641,Expert-i B2B - 1,Basra+Baghdad+Erbil | 26+,120212698323840641,B2B Expert-i | 2024 Nov 25,28.47,30701,543,onsite_conversion.messaging_conversation_started_7d,115
2024-11,120212698324040641,Expert-i B2B - 1,Interest Stack | Basra+Baghdad+Erbil | 26+,120212698323840641,B2B Expert-i | 2024 Nov 25,23.23,20824,508,onsite_conversion.messaging_conversation_started_7d,55
2024-11,120212366569120641,IPR Alaa's Hilali's Cut,Original Audince | 5$ | +25 | Iraq | 2024/8/3 - Copy,120210069184820641,IPR | Original Audince | 2024/8/3 | 10$,61.78,23816,984,onsite_conversion.messaging_conversation_started_7d,30
2024-11,120212366569110641,IPR Alaa's Hasnaa Cut,Original Audince | 5$ | +25 | Iraq | 2024/8/3 - Copy,120210069184820641,IPR | Original Audince | 2024/8/3 | 10$,5.52,1621,85,onsite_conversion.messaging_conversation_started_7d,3
2024-11,120212269738890641,IPR M01,Original Audince | 5$ | +25 | Iraq,120211977092830641,IPR | Original Audince | 2024/10/25 | 5$,83.86,56783,1389,onsite_conversion.messaging_conversation_started_7d,251
2024-11,120212225596300641,SO02 - A,Broad | A+,120212225436330641,Second Opinion B2C | 2024/11/5 | 10$,41.95,18354,742,onsite_conversion.messaging_conversation_started_7d,100
2024-11,120212225601320641,SO02 - C,Broad | A+,120212225436330641,Second Opinion B2C | 2024/11/5 | 10$,2.7,885,39,onsite_conversion.messaging_conversation_started_7d,5
2024-11,120212225598700641,SO02 - B,Broad | A+,120212225436330641,Second Opinion B2C | 2024/11/5 | 10$,1.19,456,13,onsite_conversion.messaging_conversation_started_7d,
2024-11,120212225591760641,SO01 - C,Broad | A+,120212225436330641,Second Opinion B2C | 2024/11/5 | 10$,6.37,1771,67,onsite_conversion.messaging_conversation_started_7d,16
2024-11,120212225589320641,SO01 - B,Broad | A+,120212225436330641,Second Opinion B2C | 2024/11/5 | 10$,89.73,32655,1609,onsite_conversion.messaging_conversation_started_7d,145
2024-11,120212178031010641,Dr Visit - Granny,ORIGINAL ADUINCE,120209505761140641,Dr Visit | $5 | Testing,12.38,10449,257,onsite_conversion.messaging_conversation_started_7d,20
2024-11,120211964722040641,BedSore Old Granny video 2,Wound Care,120208466688490641,Nursing CBO 2024/5/19,23.8,22517,577,onsite_conversion.messaging_conversation_started_7d,29
2024-11,120211830163550641,Brace V1 - Hook 1,Brace | Testing | WA,120211830163520641,Brace | Leads Form | TESTING CBO | 2024/10/18,12.89,17393,354,leadgen.other,9
2024-11,120211830163570641,Brace V1 - Hook 3,Brace | Testing | WA,120211830163520641,Brace | Leads Form | TESTING CBO | 2024/10/18,286.49,429374,6245,leadgen.other,257
2024-11,120208946723390641,Echo,implementation Echo,120208943174270641,Omni Awareness Campaign,30.01,257379,1253,reach,188932
2024-11,120208946996920641,AirBag Nursing - Vertical,CTA | Airbag Nursing,120208943174270641,Omni Awareness Campaign,29.99,241502,441,reach,187557
2024-11,120208946723380641,ٍReview | DrVisit,ٍReview | DrVisit,120208943174270641,Omni Awareness Campaign,30.02,247223,400,reach,187260
2024-11,120208946723300641,Review | Nursing,Review | Nursing,120208943174270641,Omni Awareness Campaign,29.98,247378,339,reach,189496
2024-11,120208946723400641,Review | Physiotherapy,Review | Physiotherapy,120208943174270641,Omni Awareness Campaign,30.07,248837,491,reach,190919
2024-11,120208946723460641,Nursing,implementation Nursing/Lab Test,120208943174270641,Omni Awareness Campaign,30.04,244647,704,reach,176904
2024-11,120208960402880641,AirBag Physiotherapy - Vertical,CTA | Airbag Physiotherapy,120208943174270641,Omni Awareness Campaign,30.07,241636,541,reach,187176
2024-11,120208780937960641,AirBag Nursing - Vertical,iOS | Original Audience | Airbag Nursing | $2 | 2024 May 27 - Copy,120208780823020641,App Installs | iOS | 2024 May 27,60.22,151787,2145,mobile_app_install,396
2024-11,120208780937970641,AirBag Dr Visit - Vertical,iOS | Original Audience | Airbag Doctor Visit | $2 | 2024 May 27 - Copy,120208780823020641,App Installs | iOS | 2024 May 27,60.12,114265,1130,mobile_app_install,192
2024-11,120208780823080641,AirBag Physiotherapy - Vertical,iOS | Original Audience | Airbag Physiotherapy | $2 | 2024 May 27,120208780823020641,App Installs | iOS | 2024 May 27,60.16,129885,1764,mobile_app_install,258
2024-11,120208780781340641,AirBag Dr Visit - Vertical,Android | Original Audience | Airbag Doctor Visit | $2 | 2024 May 27,120208780726700641,App Installs | Android | 2024 May 27,60.08,117898,2225,mobile_app_install,585
2024-11,120208780781350641,AirBag Nursing - Vertical,Android | Original Audience | Airbag Nursing | $2 | 2024 May 27,120208780726700641,App Installs | Android | 2024 May 27,60.03,146505,2169,mobile_app_install,650
2024-11,120208780727070641,AirBag Physiotherapy - Vertical,Android | Original Audience | Airbag Physiotherapy | $2 | 2024 May 27,120208780726700641,App Installs | Android | 2024 May 27,60.09,120383,1985,mobile_app_install,588
2024-11,120211593301150641,Maadh Physio Video - Without Music - Copy,Top creatives | $5 | LAL | 2024 Sep 9,120210789294890641,📍🌟Physiotherapy | $10 | LAL | 2024 Sep 6,149.05,295802,3231,onsite_conversion.messaging_conversation_started_7d,357
2024-11,120210706674970641,drv01 - A,Dr Visit | Broad | $20,120210706674940641,📍Dr Visit Main | $35,118.49,90767,2283,onsite_conversion.messaging_conversation_started_7d,125
2024-11,120210280693640641,LT 02 - B,Lab Test | Creative Testing | 2024 Aug 14,120210280693630641,📍Lab Test | Original Audince | 2024 Aug 14,4.27,1363,106,onsite_conversion.messaging_conversation_started_7d,1
2024-11,120212265102400641,Dr Visit - Grandpa - Copy,Dr Visit | Broad | $20,120210706674940641,📍Dr Visit Main | $35,121.98,137305,3467,onsite_conversion.messaging_conversation_started_7d,487
2024-11,120210280719650641,Lab Test REEL 2,Lab Test | Creative Testing | 2024 Aug 14,120210280693630641,📍Lab Test | Original Audince | 2024 Aug 14,113.7,83849,4053,onsite_conversion.messaging_conversation_started_7d,270
2024-11,120210280693650641,LT 02 - A,Lab Test | Creative Testing | 2024 Aug 14,120210280693630641,📍Lab Test | Original Audince | 2024 Aug 14,1.68,493,21,onsite_conversion.messaging_conversation_started_7d,2
2024-11,120211438578010641,Maadh Physio Video - Without Music,Original Audince,120208900306680641,📍Physiotherapy | $6 | Testing,165.92,197527,3622,onsite_conversion.messaging_conversation_started_7d,475
2024-11,120212265102390641,Dr Visit - Kid - Copy,Dr Visit | Broad | $20,120210706674940641,📍Dr Visit Main | $35,345.04,357316,10667,onsite_conversion.messaging_conversation_started_7d,1767
2024-11,120211593301360641,Maadh Physio Video - Without Music - Copy,Top 3 creatives | $25 | Original Audience | 2024 Sep 6,120210789115000641,📍🌟Physiotherapy | $25 | Original Audience | 2024 Sep 6,448.35,585285,9172,onsite_conversion.messaging_conversation_started_7d,975
2024-11,120212265102380641,Dr Visit - Granny - Copy,Dr Visit | Broad | $20,120210706674940641,📍Dr Visit Main | $35,3.62,3560,88,onsite_conversion.messaging_conversation_started_7d,9
2024-11,120211438525790641,Maadh Physio Video - With Music,Original Audince,120208900306680641,📍Physiotherapy | $6 | Testing,13,9916,196,onsite_conversion.messaging_conversation_started_7d,20
2024-11,120212225335540641,BedSore Old Granny video 2,Wound Care | TESTING | A+,120212225335390641,📍Wound Care | 2024/11/5,287.44,180717,6553,onsite_conversion.messaging_conversation_started_7d,297
2024-11,120210706674950641,drv01 - D,Dr Visit | Broad | $20,120210706674940641,📍Dr Visit Main | $35,8.16,6781,129,onsite_conversion.messaging_conversation_started_7d,11
2024-11,120212331723210641,Nursing 2 - grandma,$15 A+,120212331723170641,Nursing Testing 2024/11/10,231.7,219239,4155,onsite_conversion.messaging_conversation_started_7d,651
2024-11,120212331769550641,Nursing 2 - Kid,$15 A+,120212331723170641,Nursing Testing 2024/11/10,50.75,57633,913,onsite_conversion.messaging_conversation_started_7d,146
2024-11,120212331773680641,Nursing 2 - Grandpa,$15 A+,120212331723170641,Nursing Testing 2024/11/10,31.53,26909,484,onsite_conversion.messaging_conversation_started_7d,101
2024-11,120212396297410641,Maadh Nursing Video 3 | 2024 Nov 12 - Copy,Nursing | Facebook Only | WhatsApp,120208466688490641,Nursing CBO 2024/5/19,36.61,51804,1145,onsite_conversion.messaging_conversation_started_7d,85
2024-11,120212396147060641,Maadh Nursing Video 3 | 2024 Nov 12,Nursing | IG & FB +18 | WA,120208466688490641,Nursing CBO 2024/5/19,143.62,168520,2724,onsite_conversion.messaging_conversation_started_7d,274
2024-11,120212396297380641,Maadh Nursing Video 3 | 2024 Nov 12 - Copy,Nursing | IG Only | WA,120208466688490641,Nursing CBO 2024/5/19,270.45,278583,4860,onsite_conversion.messaging_conversation_started_7d,618
2024-11,120210706668910641,Ultrasound,Ultrasound,120210706668880641,📍Imaging Services | $8 | 2024 Sep 3,157.16,199236,8396,onsite_conversion.messaging_conversation_started_7d,615
2024-11,120208946723410641,Ultrasound,implementation Ultrasound,120208943174270641,Omni Awareness Campaign,29.98,248357,930,reach,185808
2024-11,120208467539070641,Nursing Video Maadh Cut - 15s ⚡️,Nursing | IG & FB +18 | WA,120208466688490641,Nursing CBO 2024/5/19,112.11,106916,1817,onsite_conversion.messaging_conversation_started_7d,151
2024-11,120208467539060641,Nursing Video Maadh Cut - 22s ⚡️,Nursing | IG & FB +18 | WA,120208466688490641,Nursing CBO 2024/5/19,12.11,10863,328,onsite_conversion.messaging_conversation_started_7d,7
2024-11,120208467533290641,Nursing Video Maadh Cut - 22s ⚡️,Nursing | IG Only | WA,120208466688490641,Nursing CBO 2024/5/19,10.49,9636,258,onsite_conversion.messaging_conversation_started_7d,10
2024-11,120208467533280641,Nursing Video Maadh Cut - 15s ⚡️,Nursing | IG Only | WA,120208466688490641,Nursing CBO 2024/5/19,79.65,88973,1410,onsite_conversion.messaging_conversation_started_7d,88
2024-11,120208467312870641,Nursing Video Maadh Cut - 15s ⚡️,Nursing | Facebook Only | WhatsApp,120208466688490641,Nursing CBO 2024/5/19,58.71,56854,1556,onsite_conversion.messaging_conversation_started_7d,53
2024-11,120208467312860641,Nursing Video Maadh Cut - 22s ⚡️,Nursing | Facebook Only | WhatsApp,120208466688490641,Nursing CBO 2024/5/19,0.48,328,17,onsite_conversion.messaging_conversation_started_7d,
2024-11,120211977092820641,IPR Alaa's Hasnaa Cut,Original Audince | 5$ | +25 | Iraq,120211977092830641,IPR | Original Audince | 2024/10/25 | 5$,27.17,7433,340,onsite_conversion.messaging_conversation_started_7d,18
2024-11,120212225436380641,SO01 - A,Broad | A+,120212225436330641,Second Opinion B2C | 2024/11/5 | 10$,1.17,289,11,onsite_conversion.messaging_conversation_started_7d,
2024-12,120210706668890641,Echo,Echo,120210706668880641,📍Imaging Services | $8 | 2024 Sep 3,311.12,392669,11895,onsite_conversion.messaging_conversation_started_7d,566
2024-12,120210280702300641,Lab Test REEL 1,Lab Test | Creative Testing | 2024 Aug 14,120210280693630641,📍Lab Test | Original Audince | 2024 Aug 14,27.71,13854,541,onsite_conversion.messaging_conversation_started_7d,31
2024-12,120211750273640641,X-Ray,X-Ray,120210706668880641,📍Imaging Services | $8 | 2024 Sep 3,155.32,169742,6809,onsite_conversion.messaging_conversation_started_7d,338
2024-12,120212178027110641,Dr Visit - Grandpa,ORIGINAL ADUINCE,120209505761140641,Dr Visit | $5 | Testing,37.76,49488,1293,onsite_conversion.messaging_conversation_started_7d,73
2024-12,120212178025420641,Dr Visit - Kid,ORIGINAL ADUINCE,120209505761140641,Dr Visit | $5 | Testing,272.36,321162,10226,onsite_conversion.messaging_conversation_started_7d,716
2024-12,120208947042510641,AirBag Dr Visit - Vertical,CTA | Airbag Dr Visit,120208943174270641,Omni Awareness Campaign,30.84,274161,314,reach,217034
2024-12,120208946723510641,اشعة وايكو,EDU content 3,120208943174270641,Omni Awareness Campaign,30.86,274612,281,reach,223649
2024-12,120208946723490641,بعدك تضم فحوصاتك و تحاليلك بال جرار؟,EDU content 2,120208943174270641,Omni Awareness Campaign,30.81,272105,237,reach,227574
2024-12,120208946723430641,شنو هو تطبيق سليم؟,EDU content 1,120208943174270641,Omni Awareness Campaign,30.82,273357,232,reach,221481
2024-12,120212724291730641,IPR M01,Original Audince | 5$ | +25 | Baghdad Basra Erbil,120212724291700641,IPR | Original Audince | 2024/10/25 | 5$ - Copy,311.26,304000,4592,leadgen.other,218
2024-12,120212178031010641,Dr Visit - Granny,ORIGINAL ADUINCE,120209505761140641,Dr Visit | $5 | Testing,0.61,632,19,onsite_conversion.messaging_conversation_started_7d,4
2024-12,120211830163550641,Brace V1 - Hook 1,Brace | Testing | WA,120211830163520641,Brace | Leads Form | TESTING CBO | 2024/10/18,7.08,8792,177,leadgen.other,2
2024-12,120211830163570641,Brace V1 - Hook 3,Brace | Testing | WA,120211830163520641,Brace | Leads Form | TESTING CBO | 2024/10/18,304.15,458860,6219,leadgen.other,206
2024-12,120208946723390641,Echo,implementation Echo,120208943174270641,Omni Awareness Campaign,30.81,286769,1218,reach,205909
2024-12,120208946996920641,AirBag Nursing - Vertical,CTA | Airbag Nursing,120208943174270641,Omni Awareness Campaign,30.73,267572,406,reach,207291
2024-12,120208946723380641,ٍReview | DrVisit,ٍReview | DrVisit,120208943174270641,Omni Awareness Campaign,30.82,273195,410,reach,203168
2024-12,120208946723300641,Review | Nursing,Review | Nursing,120208943174270641,Omni Awareness Campaign,30.78,274868,375,reach,195015
2024-12,120208946723400641,Review | Physiotherapy,Review | Physiotherapy,120208943174270641,Omni Awareness Campaign,30.83,274422,492,reach,203347
2024-12,120208946723460641,Nursing,implementation Nursing/Lab Test,120208943174270641,Omni Awareness Campaign,30.83,278479,886,reach,201017
2024-12,120208960402880641,AirBag Physiotherapy - Vertical,CTA | Airbag Physiotherapy,120208943174270641,Omni Awareness Campaign,30.88,272557,410,reach,214624
2024-12,120208780937960641,AirBag Nursing - Vertical,iOS | Original Audience | Airbag Nursing | $2 | 2024 May 27 - Copy,120208780823020641,App Installs | iOS | 2024 May 27,61.71,159708,2049,mobile_app_install,349
2024-12,120208780937970641,AirBag Dr Visit - Vertical,iOS | Original Audience | Airbag Doctor Visit | $2 | 2024 May 27 - Copy,120208780823020641,App Installs | iOS | 2024 May 27,61.69,114833,986,mobile_app_install,144
2024-12,120208780823080641,AirBag Physiotherapy - Vertical,iOS | Original Audience | Airbag Physiotherapy | $2 | 2024 May 27,120208780823020641,App Installs | iOS | 2024 May 27,61.73,140278,1564,mobile_app_install,219
2024-12,120208780781340641,AirBag Dr Visit - Vertical,Android | Original Audience | Airbag Doctor Visit | $2 | 2024 May 27,120208780726700641,App Installs | Android | 2024 May 27,62,124662,1926,mobile_app_install,517
2024-12,120208780781350641,AirBag Nursing - Vertical,Android | Original Audience | Airbag Nursing | $2 | 2024 May 27,120208780726700641,App Installs | Android | 2024 May 27,62.03,160805,2084,mobile_app_install,572
2024-12,120208780727070641,AirBag Physiotherapy - Vertical,Android | Original Audience | Airbag Physiotherapy | $2 | 2024 May 27,120208780726700641,App Installs | Android | 2024 May 27,62.06,118092,1859,mobile_app_install,497
2024-12,120211593301150641,Maadh Physio Video - Without Music - Copy,Top creatives | $5 | LAL | 2024 Sep 9,120210789294890641,📍🌟Physiotherapy | $10 | LAL | 2024 Sep 6,154.79,211756,3201,onsite_conversion.messaging_conversation_started_7d,217
2024-12,120210280693640641,LT 02 - B,Lab Test | Creative Testing | 2024 Aug 14,120210280693630641,📍Lab Test | Original Audince | 2024 Aug 14,0.92,383,20,onsite_conversion.messaging_conversation_started_7d,
2024-12,120212265102400641,Dr Visit - Grandpa - Copy,Dr Visit | Broad | $20,120210706674940641,📍Dr Visit Main | $35,124.26,153923,4726,onsite_conversion.messaging_conversation_started_7d,288
2024-12,120210280719650641,Lab Test REEL 2,Lab Test | Creative Testing | 2024 Aug 14,120210280693630641,📍Lab Test | Original Audince | 2024 Aug 14,126.64,106924,5046,onsite_conversion.messaging_conversation_started_7d,155
2024-12,120210280693650641,LT 02 - A,Lab Test | Creative Testing | 2024 Aug 14,120210280693630641,📍Lab Test | Original Audince | 2024 Aug 14,0.2,78,3,onsite_conversion.messaging_conversation_started_7d,
2024-12,120211438578010641,Maadh Physio Video - Without Music,Original Audince,120208900306680641,📍Physiotherapy | $6 | Testing,183.94,186389,3612,onsite_conversion.messaging_conversation_started_7d,266
2024-12,120212265102390641,Dr Visit - Kid - Copy,Dr Visit | Broad | $20,120210706674940641,📍Dr Visit Main | $35,494.97,511912,16026,onsite_conversion.messaging_conversation_started_7d,1159
2024-12,120211593301360641,Maadh Physio Video - Without Music - Copy,Top 3 creatives | $25 | Original Audience | 2024 Sep 6,120210789115000641,📍🌟Physiotherapy | $25 | Original Audience | 2024 Sep 6,467.39,599105,9596,onsite_conversion.messaging_conversation_started_7d,663
2024-12,120212265102380641,Dr Visit - Granny - Copy,Dr Visit | Broad | $20,120210706674940641,📍Dr Visit Main | $35,2.39,1740,53,onsite_conversion.messaging_conversation_started_7d,1
2024-12,120211438525790641,Maadh Physio Video - With Music,Original Audince,120208900306680641,📍Physiotherapy | $6 | Testing,2.8,2172,35,onsite_conversion.messaging_conversation_started_7d,
2024-12,120212225335540641,BedSore Old Granny video 2,Wound Care | TESTING | A+,120212225335390641,📍Wound Care | 2024/11/5,357.97,209152,6650,onsite_conversion.messaging_conversation_started_7d,175
2024-12,120212331723210641,Nursing 2 - grandma,$15 A+,120212331723170641,Nursing Testing 2024/11/10,362.54,340122,5711,onsite_conversion.messaging_conversation_started_7d,474
2024-12,120212331769550641,Nursing 2 - Kid,$15 A+,120212331723170641,Nursing Testing 2024/11/10,29.86,28733,493,onsite_conversion.messaging_conversation_started_7d,38
2024-12,120212331773680641,Nursing 2 - Grandpa,$15 A+,120212331723170641,Nursing Testing 2024/11/10,73.94,72764,1204,onsite_conversion.messaging_conversation_started_7d,80
2024-12,120212396297410641,Maadh Nursing Video 3 | 2024 Nov 12 - Copy,Nursing | Facebook Only | WhatsApp,120208466688490641,Nursing CBO 2024/5/19,80.52,72463,1745,onsite_conversion.messaging_conversation_started_7d,87
2024-12,120212396147060641,Maadh Nursing Video 3 | 2024 Nov 12,Nursing | IG & FB +18 | WA,120208466688490641,Nursing CBO 2024/5/19,180.7,167491,3223,onsite_conversion.messaging_conversation_started_7d,169
2024-12,120212396297380641,Maadh Nursing Video 3 | 2024 Nov 12 - Copy,Nursing | IG Only | WA,120208466688490641,Nursing CBO 2024/5/19,515.81,477740,9224,onsite_conversion.messaging_conversation_started_7d,505
2024-12,120213333629950641,Ultrasound 2,implementation Ultrasound,120208943174270641,Omni Awareness Campaign,15.26,139213,370,reach,117268
2024-12,120213333644040641,Ultrasound 2,Ultrasound,120210706668880641,📍Imaging Services | $8 | 2024 Sep 3,152.27,196212,5862,onsite_conversion.messaging_conversation_started_7d,209
2024-12,120210706668910641,Ultrasound,Ultrasound,120210706668880641,📍Imaging Services | $8 | 2024 Sep 3,158.89,158152,5875,onsite_conversion.messaging_conversation_started_7d,283
2024-12,120208946723410641,Ultrasound,implementation Ultrasound,120208943174270641,Omni Awareness Campaign,15.55,137923,415,reach,116716
2025-01,120210706668890641,Echo,Echo,120210706668880641,📍Imaging Services | $8 | 2024 Sep 3,309.34,442145,12484,onsite_conversion.messaging_conversation_started_7d,525
2025-01,120214518648770641,Old PPl Check 25.1.25 - Hook 3,Lab Test | Old PPl Check | 2025.1.25,120210280693630641,📍Lab Test | Original Audince | 2024 Aug 14,0.81,550,20,onsite_conversion.messaging_conversation_started_7d,1
2025-01,120214518648760641,Old PPl Check 25.1.25 - Hook 2,Lab Test | Old PPl Check | 2025.1.25,120210280693630641,📍Lab Test | Original Audince | 2024 Aug 14,14.36,7530,305,onsite_conversion.messaging_conversation_started_7d,14
2025-01,120210280702300641,Lab Test REEL 1,Lab Test | Creative Testing | 2024 Aug 14,120210280693630641,📍Lab Test | Original Audince | 2024 Aug 14,49.09,25549,1005,onsite_conversion.messaging_conversation_started_7d,59
2025-01,120211750273640641,X-Ray,X-Ray,120210706668880641,📍Imaging Services | $8 | 2024 Sep 3,51.21,70777,2350,onsite_conversion.messaging_conversation_started_7d,91
2025-01,120214518648750641,Old PPl Check 25.1.25 - Hook 1,Lab Test | Old PPl Check | 2025.1.25,120210280693630641,📍Lab Test | Original Audince | 2024 Aug 14,20.2,11831,389,onsite_conversion.messaging_conversation_started_7d,26
2025-01,120213906286230641,Ultrasound 3,Ultrasound,120210706668880641,📍Imaging Services | $8 | 2024 Sep 3,239.75,358546,9881,onsite_conversion.messaging_conversation_started_7d,352
2025-01,120212178027110641,Dr Visit - Grandpa,ORIGINAL ADUINCE,120209505761140641,Dr Visit | $5 | Testing,75.18,97345,2440,onsite_conversion.messaging_conversation_started_7d,91
2025-01,120212178025420641,Dr Visit - Kid,ORIGINAL ADUINCE,120209505761140641,Dr Visit | $5 | Testing,233.5,285369,8532,onsite_conversion.messaging_conversation_started_7d,446
2025-01,120208947042510641,AirBag Dr Visit - Vertical,CTA | Airbag Dr Visit,120208943174270641,Omni Awareness Campaign,30.63,329530,367,reach,253259
2025-01,120208946723510641,اشعة وايكو,EDU content 3,120208943174270641,Omni Awareness Campaign,30.53,322881,367,reach,255548
2025-01,120208946723490641,بعدك تضم فحوصاتك و تحاليلك بال جرار؟,EDU content 2,120208943174270641,Omni Awareness Campaign,30.58,323639,311,reach,250330
2025-01,120208946723430641,شنو هو تطبيق سليم؟,EDU content 1,120208943174270641,Omni Awareness Campaign,30.55,329813,351,reach,250047
2025-01,120214518646190641,Fat Loss 25.1.25 - Hook 2,Lab Test | Fat Loss Test | 2025.1.25,120210280693630641,📍Lab Test | Original Audince | 2024 Aug 14,35.02,28027,929,onsite_conversion.messaging_conversation_started_7d,121
2025-01,120214518646180641,Fat Loss 25.1.25 - Hook 3,Lab Test | Fat Loss Test | 2025.1.25,120210280693630641,📍Lab Test | Original Audince | 2024 Aug 14,0.07,75,1,onsite_conversion.messaging_conversation_started_7d,
2025-01,120214518411830641,Fat Loss 25.1.25 - Hook 1,Lab Test | Fat Loss Test | 2025.1.25,120210280693630641,📍Lab Test | Original Audince | 2024 Aug 14,0.01,29,0,onsite_conversion.messaging_conversation_started_7d,
2025-01,120213906059440641,Ultrasound 3,implementation Ultrasound,120208943174270641,Omni Awareness Campaign,23.66,261539,1239,reach,188096
2025-01,120212724291730641,IPR M01,Original Audince | 5$ | +25 | Baghdad Basra Erbil,120212724291700641,IPR | Original Audince | 2024/10/25 | 5$ - Copy,309.46,328053,4427,leadgen.other,220
2025-01,120212178031010641,Dr Visit - Granny,ORIGINAL ADUINCE,120209505761140641,Dr Visit | $5 | Testing,1.5,1427,34,onsite_conversion.messaging_conversation_started_7d,3
2025-01,120211830163550641,Brace V1 - Hook 1,Brace | Testing | WA,120211830163520641,Brace | Leads Form | TESTING CBO | 2024/10/18,4.37,5182,71,leadgen.other,
2025-01,120211830163570641,Brace V1 - Hook 3,Brace | Testing | WA,120211830163520641,Brace | Leads Form | TESTING CBO | 2024/10/18,305.08,516258,5386,leadgen.other,165
2025-01,120208946723390641,Echo,implementation Echo,120208943174270641,Omni Awareness Campaign,30.67,344215,1388,reach,241299
2025-01,120208946996920641,AirBag Nursing - Vertical,CTA | Airbag Nursing,120208943174270641,Omni Awareness Campaign,30.48,322903,456,reach,245605
2025-01,120208946723380641,ٍReview | DrVisit,ٍReview | DrVisit,120208943174270641,Omni Awareness Campaign,30.66,331722,595,reach,237273
2025-01,120208946723300641,Review | Nursing,Review | Nursing,120208943174270641,Omni Awareness Campaign,30.68,329810,435,reach,239714
2025-01,120208946723400641,Review | Physiotherapy,Review | Physiotherapy,120208943174270641,Omni Awareness Campaign,30.54,327834,561,reach,235891
2025-01,120208946723460641,Nursing,implementation Nursing/Lab Test,120208943174270641,Omni Awareness Campaign,30.68,339635,1163,reach,238179
2025-01,120208960402880641,AirBag Physiotherapy - Vertical,CTA | Airbag Physiotherapy,120208943174270641,Omni Awareness Campaign,30.42,324873,513,reach,249106
2025-01,120208780937960641,AirBag Nursing - Vertical,iOS | Original Audience | Airbag Nursing | $2 | 2024 May 27 - Copy,120208780823020641,App Installs | iOS | 2024 May 27,60.6,148683,1615,mobile_app_install,168
2025-01,120208780937970641,AirBag Dr Visit - Vertical,iOS | Original Audience | Airbag Doctor Visit | $2 | 2024 May 27 - Copy,120208780823020641,App Installs | iOS | 2024 May 27,60.59,101728,988,mobile_app_install,53
2025-01,120208780823080641,AirBag Physiotherapy - Vertical,iOS | Original Audience | Airbag Physiotherapy | $2 | 2024 May 27,120208780823020641,App Installs | iOS | 2024 May 27,60.69,125826,1419,mobile_app_install,111
2025-01,120208780781340641,AirBag Dr Visit - Vertical,Android | Original Audience | Airbag Doctor Visit | $2 | 2024 May 27,120208780726700641,App Installs | Android | 2024 May 27,61.46,123766,1736,mobile_app_install,260
2025-01,120208780781350641,AirBag Nursing - Vertical,Android | Original Audience | Airbag Nursing | $2 | 2024 May 27,120208780726700641,App Installs | Android | 2024 May 27,61.36,155257,1647,mobile_app_install,281
2025-01,120208780727070641,AirBag Physiotherapy - Vertical,Android | Original Audience | Airbag Physiotherapy | $2 | 2024 May 27,120208780726700641,App Installs | Android | 2024 May 27,61.39,115565,1565,mobile_app_install,253
2025-01,120211593301160641,Maadh Physio Video - With Music - Copy,Top creatives | $5 | LAL | 2024 Sep 9,120210789294890641,📍🌟Physiotherapy | $10 | LAL | 2024 Sep 6,0.58,333,8,onsite_conversion.messaging_conversation_started_7d,
2025-01,120211593301150641,Maadh Physio Video - Without Music - Copy,Top creatives | $5 | LAL | 2024 Sep 9,120210789294890641,📍🌟Physiotherapy | $10 | LAL | 2024 Sep 6,138.36,196091,3093,onsite_conversion.messaging_conversation_started_7d,182
2025-01,120214330499270641,Physio 25.1.21 - Hook 1,Top 3 creatives | $25 | Original Audience | 2024 Sep 6,120210789115000641,📍🌟Physiotherapy | $25 | Original Audience | 2024 Sep 6,3.08,3008,76,onsite_conversion.messaging_conversation_started_7d,5
2025-01,120214545342120641,Physio 25.1.25 - Hook 1,Top 3 creatives | $25 | Original Audience | 2024 Sep 6,120210789115000641,📍🌟Physiotherapy | $25 | Original Audience | 2024 Sep 6,4.56,5391,134,onsite_conversion.messaging_conversation_started_7d,4
2025-01,120214331349050641,Physio 25.1.21 - Hook 2,Top 3 creatives | $25 | Original Audience | 2024 Sep 6,120210789115000641,📍🌟Physiotherapy | $25 | Original Audience | 2024 Sep 6,70.75,67761,1752,onsite_conversion.messaging_conversation_started_7d,120
2025-01,120214545438080641,Physio 25.1.25 - Hook 3,Top 3 creatives | $25 | Original Audience | 2024 Sep 6,120210789115000641,📍🌟Physiotherapy | $25 | Original Audience | 2024 Sep 6,63.98,81423,1673,onsite_conversion.messaging_conversation_started_7d,93
2025-01,120214331349900641,Physio 25.1.21 - Hook 3,Top 3 creatives | $25 | Original Audience | 2024 Sep 6,120210789115000641,📍🌟Physiotherapy | $25 | Original Audience | 2024 Sep 6,0.52,559,9,onsite_conversion.messaging_conversation_started_7d,
2025-01,120213933220710641,X-Ray 2,X-Ray,120210706668880641,📍Imaging Services | $8 | 2024 Sep 3,103.71,90284,6239,onsite_conversion.messaging_conversation_started_7d,119
2025-01,120214331408360641,Physio 25.1.21 - Hook 1 - Copy,Original Audince,120208900306680641,📍Physiotherapy | $6 | Testing,1.98,1968,49,onsite_conversion.messaging_conversation_started_7d,3
2025-01,120214545438070641,Physio 25.1.25 - Hook 2,Top 3 creatives | $25 | Original Audience | 2024 Sep 6,120210789115000641,📍🌟Physiotherapy | $25 | Original Audience | 2024 Sep 6,1.59,1557,42,onsite_conversion.messaging_conversation_started_7d,1
2025-01,120212265102400641,Dr Visit - Grandpa - Copy,Dr Visit | Broad | $20,120210706674940641,📍Dr Visit Main | $35,148.06,172997,4450,onsite_conversion.messaging_conversation_started_7d,243
2025-01,120210280719650641,Lab Test REEL 2,Lab Test | Creative Testing | 2024 Aug 14,120210280693630641,📍Lab Test | Original Audince | 2024 Aug 14,105.58,106903,4200,onsite_conversion.messaging_conversation_started_7d,122
2025-01,120211438578010641,Maadh Physio Video - Without Music,Original Audince,120208900306680641,📍Physiotherapy | $6 | Testing,128.19,117714,2661,onsite_conversion.messaging_conversation_started_7d,147
2025-01,120212265102390641,Dr Visit - Kid - Copy,Dr Visit | Broad | $20,120210706674940641,📍Dr Visit Main | $35,468.44,474021,13999,onsite_conversion.messaging_conversation_started_7d,780
2025-01,120211593301360641,Maadh Physio Video - Without Music - Copy,Top 3 creatives | $25 | Original Audience | 2024 Sep 6,120210789115000641,📍🌟Physiotherapy | $25 | Original Audience | 2024 Sep 6,319.78,483980,7297,onsite_conversion.messaging_conversation_started_7d,352
2025-01,120212265102380641,Dr Visit - Granny - Copy,Dr Visit | Broad | $20,120210706674940641,📍Dr Visit Main | $35,3.52,3177,78,onsite_conversion.messaging_conversation_started_7d,6
2025-01,120214545485150641,Physio 25.1.25 - Hook 3 - Copy,Original Audince,120208900306680641,📍Physiotherapy | $6 | Testing,25.3,37185,662,onsite_conversion.messaging_conversation_started_7d,31
2025-01,120211438525790641,Maadh Physio Video - With Music,Original Audince,120208900306680641,📍Physiotherapy | $6 | Testing,2.02,1554,18,onsite_conversion.messaging_conversation_started_7d,2
2025-01,120212225335540641,BedSore Old Granny video 2,Wound Care | TESTING | A+,120212225335390641,📍Wound Care | 2024/11/5,356.49,260760,7288,onsite_conversion.messaging_conversation_started_7d,161
2025-01,120214545485170641,Physio 25.1.25 - Hook 2 - Copy,Original Audince,120208900306680641,📍Physiotherapy | $6 | Testing,0.42,579,11,onsite_conversion.messaging_conversation_started_7d,
2025-01,120214545485160641,Physio 25.1.25 - Hook 1 - Copy,Original Audince,120208900306680641,📍Physiotherapy | $6 | Testing,0.9,1137,18,onsite_conversion.messaging_conversation_started_7d,
2025-01,120214331408350641,Physio 25.1.21 - Hook 2 - Copy,Original Audince,120208900306680641,📍Physiotherapy | $6 | Testing,25.89,35166,853,onsite_conversion.messaging_conversation_started_7d,37
2025-01,120214331408370641,Physio 25.1.21 - Hook 3 - Copy,Original Audince,120208900306680641,📍Physiotherapy | $6 | Testing,1.03,911,22,onsite_conversion.messaging_conversation_started_7d,2
2025-01,120212331723210641,Nursing 2 - grandma,$15 A+,120212331723170641,Nursing Testing 2024/11/10,200.12,181846,3244,onsite_conversion.messaging_conversation_started_7d,196
2025-01,120212331769550641,Nursing 2 - Kid,$15 A+,120212331723170641,Nursing Testing 2024/11/10,183.33,220355,3658,onsite_conversion.messaging_conversation_started_7d,171
2025-01,120212331773680641,Nursing 2 - Grandpa,$15 A+,120212331723170641,Nursing Testing 2024/11/10,81.42,96546,1617,onsite_conversion.messaging_conversation_started_7d,94
2025-01,120212396297410641,Maadh Nursing Video 3 | 2024 Nov 12 - Copy,Nursing | Facebook Only | WhatsApp,120208466688490641,Nursing CBO 2024/5/19,145.82,151082,3538,onsite_conversion.messaging_conversation_started_7d,135
2025-01,120212396147060641,Maadh Nursing Video 3 | 2024 Nov 12,Nursing | IG & FB +18 | WA,120208466688490641,Nursing CBO 2024/5/19,152.37,147902,3028,onsite_conversion.messaging_conversation_started_7d,152
2025-01,120212396297380641,Maadh Nursing Video 3 | 2024 Nov 12 - Copy,Nursing | IG Only | WA,120208466688490641,Nursing CBO 2024/5/19,476.28,496088,10018,onsite_conversion.messaging_conversation_started_7d,429
2025-01,120213333629950641,Ultrasound 2,implementation Ultrasound,120208943174270641,Omni Awareness Campaign,6.85,79527,263,reach,76140
2025-01,120213333644040641,Ultrasound 2,Ultrasound,120210706668880641,📍Imaging Services | $8 | 2024 Sep 3,69.72,123521,3735,onsite_conversion.messaging_conversation_started_7d,119
2025-02,120210706668890641,Echo,Echo,120210706668880641,📍Imaging Services | $8 | 2024 Sep 3,279.62,377464,8834,onsite_conversion.messaging_conversation_started_7d,411
2025-02,120214518648770641,Old PPl Check 25.1.25 - Hook 3,Lab Test | Old PPl Check | 2025.1.25,120210280693630641,📍Lab Test | Original Audince | 2024 Aug 14,21.86,11807,328,onsite_conversion.messaging_conversation_started_7d,23
2025-02,120214518648760641,Old PPl Check 25.1.25 - Hook 2,Lab Test | Old PPl Check | 2025.1.25,120210280693630641,📍Lab Test | Original Audince | 2024 Aug 14,4.24,2132,58,onsite_conversion.messaging_conversation_started_7d,2
2025-02,120210280702300641,Lab Test REEL 1,Lab Test | Creative Testing | 2024 Aug 14,120210280693630641,📍Lab Test | Original Audince | 2024 Aug 14,46.24,29084,949,onsite_conversion.messaging_conversation_started_7d,54
2025-02,120216528469160641,Dr Visit - Ibraheem Reel,Dr Visit | Broad | $20,120210706674940641,📍Dr Visit Main | $35,0.23,326,7,onsite_conversion.messaging_conversation_started_7d,
2025-02,120214518648750641,Old PPl Check 25.1.25 - Hook 1,Lab Test | Old PPl Check | 2025.1.25,120210280693630641,📍Lab Test | Original Audince | 2024 Aug 14,113.44,43037,1910,onsite_conversion.messaging_conversation_started_7d,127
2025-02,120216529181260641,Eye Exam - Feb - Hook 1,eye Exam | WA,120216529181230641,Eye Exam | CBO | 2025/2/28,10.11,11246,409,onsite_conversion.messaging_conversation_started_7d,25
2025-02,120215843533240641,Ultrasound Maadh 1,Ultrasound,120210706668880641,📍Imaging Services | $8 | 2024 Sep 3,0.73,1274,24,onsite_conversion.messaging_conversation_started_7d,1
2025-02,120213906286230641,Ultrasound 3,Ultrasound,120210706668880641,📍Imaging Services | $8 | 2024 Sep 3,277.76,403862,8976,onsite_conversion.messaging_conversation_started_7d,393
2025-02,120212178027110641,Dr Visit - Grandpa,ORIGINAL ADUINCE,120209505761140641,Dr Visit | $5 | Testing,108.62,119923,2738,onsite_conversion.messaging_conversation_started_7d,167
2025-02,120212178025420641,Dr Visit - Kid,ORIGINAL ADUINCE,120209505761140641,Dr Visit | $5 | Testing,169.39,188837,5087,onsite_conversion.messaging_conversation_started_7d,257
2025-02,120208947042510641,AirBag Dr Visit - Vertical,CTA | Airbag Dr Visit,120208943174270641,Omni Awareness Campaign,27.9,271969,323,reach,224532
2025-02,120208946723510641,اشعة وايكو,EDU content 3,120208943174270641,Omni Awareness Campaign,27.93,270301,260,reach,234720
2025-02,120208946723490641,بعدك تضم فحوصاتك و تحاليلك بال جرار؟,EDU content 2,120208943174270641,Omni Awareness Campaign,27.92,269724,240,reach,220093
2025-02,120208946723430641,شنو هو تطبيق سليم؟,EDU content 1,120208943174270641,Omni Awareness Campaign,27.94,274044,240,reach,225906
2025-02,120216531038020641,Nursing Kanola - Feb 3 - Hook 3,Nursing | +A | Kanola,120216196569370641,Nursing | 3O CBO | $35 | 2025/2/25,6.67,7757,168,onsite_conversion.messaging_conversation_started_7d,7
2025-02,120216530560500641,Nursing Kanola - Feb 3 - Hook 1,Nursing | +A | Kanola,120216196569370641,Nursing | 3O CBO | $35 | 2025/2/25,1.57,1694,42,onsite_conversion.messaging_conversation_started_7d,2
2025-02,120216530991560641,Nursing Kanola - Feb 3 - Hook 2,Nursing | +A | Kanola,120216196569370641,Nursing | 3O CBO | $35 | 2025/2/25,4.55,4662,108,onsite_conversion.messaging_conversation_started_7d,5
2025-02,120216529436660641,Eye Exam - Feb - Hook 2,eye Exam | WA,120216529181230641,Eye Exam | CBO | 2025/2/28,0.06,118,2,onsite_conversion.messaging_conversation_started_7d,
2025-02,120216421912250641,X-Ray - Feb - Hook 1,X-Ray - Wati,120210706668880641,📍Imaging Services | $8 | 2024 Sep 3,0.21,273,5,onsite_conversion.messaging_conversation_started_7d,
2025-02,120216421999210641,X-Ray - Feb - Hook 3,X-Ray - Wati,120210706668880641,📍Imaging Services | $8 | 2024 Sep 3,1.72,1859,40,onsite_conversion.messaging_conversation_started_7d,
2025-02,120216421992980641,X-Ray - Feb - Hook 2,X-Ray - Wati,120210706668880641,📍Imaging Services | $8 | 2024 Sep 3,2.24,2576,51,onsite_conversion.messaging_conversation_started_7d,
2025-02,120216247356790641,Nursing Feb 2 - Hook 3 - Copy 2,Nursing | LAL,120216196569370641,Nursing | 3O CBO | $35 | 2025/2/25,1.02,1107,14,onsite_conversion.messaging_conversation_started_7d,
2025-02,120216247356770641,Nursing Feb 1 - Hook 1 - Copy 2,Nursing | LAL,120216196569370641,Nursing | 3O CBO | $35 | 2025/2/25,0.24,227,1,onsite_conversion.messaging_conversation_started_7d,
2025-02,120216247356750641,Nursing Feb 2 - Hook 2 - Copy 2,Nursing | LAL,120216196569370641,Nursing | 3O CBO | $35 | 2025/2/25,1.02,875,16,onsite_conversion.messaging_conversation_started_7d,
2025-02,120216247356740641,Nursing Feb 1 - Hook 2 - Copy 2,Nursing | LAL,120216196569370641,Nursing | 3O CBO | $35 | 2025/2/25,0.04,58,0,onsite_conversion.messaging_conversation_started_7d,
2025-02,120216247356780641,Nursing Feb 1 - Hook 3 - Copy 2,Nursing | LAL,120216196569370641,Nursing | 3O CBO | $35 | 2025/2/25,0.16,189,5,onsite_conversion.messaging_conversation_started_7d,
2025-02,120216247356730641,Nursing Feb 2 - Hook 1 - Copy 2,Nursing | LAL,120216196569370641,Nursing | 3O CBO | $35 | 2025/2/25,16.81,16867,290,onsite_conversion.messaging_conversation_started_7d,26
2025-02,120216196638450641,Nursing Feb 2 - Hook 1 - Copy 2,Nursing | +A,120216196569370641,Nursing | 3O CBO | $35 | 2025/2/25,60.99,63157,969,onsite_conversion.messaging_conversation_started_7d,65
2025-02,120216196652460641,Nursing Feb 2 - Hook 2 - Copy 2,Retargeting,120216196569370641,Nursing | 3O CBO | $35 | 2025/2/25,0.11,97,1,onsite_conversion.messaging_conversation_started_7d,
2025-02,120216196652480641,Nursing Feb 2 - Hook 1 - Copy 2,Retargeting,120216196569370641,Nursing | 3O CBO | $35 | 2025/2/25,8.07,6853,91,onsite_conversion.messaging_conversation_started_7d,10
2025-02,120216196638490641,Nursing Feb 2 - Hook 3 - Copy 2,Nursing | +A,120216196569370641,Nursing | 3O CBO | $35 | 2025/2/25,5.87,5077,96,onsite_conversion.messaging_conversation_started_7d,4
2025-02,120216196638460641,Nursing Feb 1 - Hook 2 - Copy 2,Nursing | +A,120216196569370641,Nursing | 3O CBO | $35 | 2025/2/25,0.56,527,7,onsite_conversion.messaging_conversation_started_7d,
2025-02,120216196638500641,Nursing Feb 2 - Hook 2 - Copy 2,Nursing | +A,120216196569370641,Nursing | 3O CBO | $35 | 2025/2/25,1.51,984,29,onsite_conversion.messaging_conversation_started_7d,
2025-02,120216196652490641,Nursing Feb 1 - Hook 1 - Copy 2,Retargeting,120216196569370641,Nursing | 3O CBO | $35 | 2025/2/25,0.01,25,0,onsite_conversion.messaging_conversation_started_7d,
2025-02,120216196638480641,Nursing Feb 1 - Hook 1 - Copy 2,Nursing | +A,120216196569370641,Nursing | 3O CBO | $35 | 2025/2/25,0.88,672,11,onsite_conversion.messaging_conversation_started_7d,
2025-02,120216196638470641,Nursing Feb 1 - Hook 3 - Copy 2,Nursing | +A,120216196569370641,Nursing | 3O CBO | $35 | 2025/2/25,1.37,1097,13,onsite_conversion.messaging_conversation_started_7d,
2025-02,120216196652500641,Nursing Feb 1 - Hook 3 - Copy 2,Retargeting,120216196569370641,Nursing | 3O CBO | $35 | 2025/2/25,0.15,101,0,onsite_conversion.messaging_conversation_started_7d,
2025-02,120215843533250641,Ultrasound Maadh 2,Ultrasound,120210706668880641,📍Imaging Services | $8 | 2024 Sep 3,0.57,995,18,onsite_conversion.messaging_conversation_started_7d,1
2025-02,120215691417540641,X-Ray 2-2-2,New Engagement Ad Set,120215691416470641,X-Ray TESTING WHATSAPP API,19.14,12942,512,onsite_conversion.messaging_conversation_started_7d,
2025-02,120215641798450641,X-Ray - Copy,X-Ray - Wati,120210706668880641,📍Imaging Services | $8 | 2024 Sep 3,39.79,49886,1384,onsite_conversion.messaging_conversation_started_7d,31
2025-02,120214518646190641,Fat Loss 25.1.25 - Hook 2,Lab Test | Fat Loss Test | 2025.1.25,120210280693630641,📍Lab Test | Original Audince | 2024 Aug 14,139.72,145592,3666,onsite_conversion.messaging_conversation_started_7d,495
2025-02,120214518646180641,Fat Loss 25.1.25 - Hook 3,Lab Test | Fat Loss Test | 2025.1.25,120210280693630641,📍Lab Test | Original Audince | 2024 Aug 14,0.04,45,3,onsite_conversion.messaging_conversation_started_7d,1
2025-02,120215603615600641,Nursing Feb 2 - Hook 3 - Copy,Nursing | IG Only | WA,120208466688490641,Nursing CBO 2024/5/19,19.26,15610,283,onsite_conversion.messaging_conversation_started_7d,27
2025-02,120215603615630641,Nursing Feb 2 - Hook 1 - Copy,Nursing | IG Only | WA,120208466688490641,Nursing CBO 2024/5/19,20.8,16937,351,onsite_conversion.messaging_conversation_started_7d,21
2025-02,120215603586620641,Nursing Feb 2 - Hook 3,Nursing | IG & FB +18 | WA,120208466688490641,Nursing CBO 2024/5/19,0.53,419,7,onsite_conversion.messaging_conversation_started_7d,1
2025-02,120215603422820641,Nursing Feb 1 - Hook 2,Nursing | IG & FB +18 | WA,120208466688490641,Nursing CBO 2024/5/19,0.16,211,8,onsite_conversion.messaging_conversation_started_7d,
2025-02,120215603446620641,Nursing Feb 1 - Hook 3,Nursing | IG & FB +18 | WA,120208466688490641,Nursing CBO 2024/5/19,0.37,316,8,onsite_conversion.messaging_conversation_started_7d,
2025-02,120215603312910641,Nursing Feb 1 - Hook 1,Nursing | IG & FB +18 | WA,120208466688490641,Nursing CBO 2024/5/19,1.36,1039,19,onsite_conversion.messaging_conversation_started_7d,
2025-02,120215603623590641,Nursing Feb 2 - Hook 1 - Copy,Nursing | Facebook Only | WhatsApp,120208466688490641,Nursing CBO 2024/5/19,7.34,5655,123,onsite_conversion.messaging_conversation_started_7d,7
2025-02,120215603634020641,Nursing Feb 1 - Hook 1 - Copy,$15 A+,120212331723170641,Nursing Testing 2024/11/10,0.72,516,17,onsite_conversion.messaging_conversation_started_7d,1
2025-02,120215603623600641,Nursing Feb 2 - Hook 2 - Copy,Nursing | Facebook Only | WhatsApp,120208466688490641,Nursing CBO 2024/5/19,5.02,3665,93,onsite_conversion.messaging_conversation_started_7d,10
2025-02,120215603623570641,Nursing Feb 1 - Hook 1 - Copy,Nursing | Facebook Only | WhatsApp,120208466688490641,Nursing CBO 2024/5/19,1.43,947,16,onsite_conversion.messaging_conversation_started_7d,1
2025-02,120215603623580641,Nursing Feb 2 - Hook 3 - Copy,Nursing | Facebook Only | WhatsApp,120208466688490641,Nursing CBO 2024/5/19,0.83,669,14,onsite_conversion.messaging_conversation_started_7d,
2025-02,120215603634140641,Nursing Feb 1 - Hook 3 - Copy,$15 A+,120212331723170641,Nursing Testing 2024/11/10,29.57,26538,475,onsite_conversion.messaging_conversation_started_7d,24
2025-02,120215603615610641,Nursing Feb 1 - Hook 3 - Copy,Nursing | IG Only | WA,120208466688490641,Nursing CBO 2024/5/19,34.69,35309,485,onsite_conversion.messaging_conversation_started_7d,32
2025-02,120215603634050641,Nursing Feb 1 - Hook 2 - Copy,$15 A+,120212331723170641,Nursing Testing 2024/11/10,0.71,601,16,onsite_conversion.messaging_conversation_started_7d,1
2025-02,120215603634100641,Nursing Feb 2 - Hook 1 - Copy,$15 A+,120212331723170641,Nursing Testing 2024/11/10,74.67,73642,1280,onsite_conversion.messaging_conversation_started_7d,60
2025-02,120215603623610641,Nursing Feb 1 - Hook 3 - Copy,Nursing | Facebook Only | WhatsApp,120208466688490641,Nursing CBO 2024/5/19,0.27,251,4,onsite_conversion.messaging_conversation_started_7d,
2025-02,120215603623560641,Nursing Feb 1 - Hook 2 - Copy,Nursing | Facebook Only | WhatsApp,120208466688490641,Nursing CBO 2024/5/19,1.29,1054,18,onsite_conversion.messaging_conversation_started_7d,
2025-02,120215603615620641,Nursing Feb 1 - Hook 1 - Copy,Nursing | IG Only | WA,120208466688490641,Nursing CBO 2024/5/19,0.15,108,3,onsite_conversion.messaging_conversation_started_7d,
2025-02,120215603615590641,Nursing Feb 1 - Hook 2 - Copy,Nursing | IG Only | WA,120208466688490641,Nursing CBO 2024/5/19,0.57,620,5,onsite_conversion.messaging_conversation_started_7d,
2025-02,120214774075060641,Surgery Ad 1 - Hook 3,Baghdad,120214772973230641,Surgery | Leads | 2025.2.1 | $6,4.53,3752,133,leadgen.other,5
2025-02,120214774075070641,Surgery Ad 1 - Hook 2,Baghdad,120214772973230641,Surgery | Leads | 2025.2.1 | $6,56.42,55030,2029,leadgen.other,59
2025-02,120214772973380641,Surgery Ad 1 - Hook 1,Baghdad,120214772973230641,Surgery | Leads | 2025.2.1 | $6,107.63,105760,4154,leadgen.other,126
2025-02,120213906059440641,Ultrasound 3,implementation Ultrasound,120208943174270641,Omni Awareness Campaign,27.91,292156,1300,reach,207674
2025-02,120212724291730641,IPR M01,Original Audince | 5$ | +25 | Baghdad Basra Erbil,120212724291700641,IPR | Original Audince | 2024/10/25 | 5$ - Copy,144.09,164937,1993,leadgen.other,97
2025-02,120212178031010641,Dr Visit - Granny,ORIGINAL ADUINCE,120209505761140641,Dr Visit | $5 | Testing,1.5,1294,37,onsite_conversion.messaging_conversation_started_7d,2
2025-02,120211830163550641,Brace V1 - Hook 1,Brace | Testing | WA,120211830163520641,Brace | Leads Form | TESTING CBO | 2024/10/18,1.25,1422,17,leadgen.other,
2025-02,120211830163570641,Brace V1 - Hook 3,Brace | Testing | WA,120211830163520641,Brace | Leads Form | TESTING CBO | 2024/10/18,127.92,206206,2280,leadgen.other,65
2025-02,120208946723390641,Echo,implementation Echo,120208943174270641,Omni Awareness Campaign,27.9,281669,1014,reach,223013
2025-02,120208946996920641,AirBag Nursing - Vertical,CTA | Airbag Nursing,120208943174270641,Omni Awareness Campaign,27.99,270202,389,reach,219623
2025-02,120208946723380641,ٍReview | DrVisit,ٍReview | DrVisit,120208943174270641,Omni Awareness Campaign,27.92,273504,399,reach,216926
2025-02,120208946723300641,Review | Nursing,Review | Nursing,120208943174270641,Omni Awareness Campaign,27.91,274216,293,reach,217857
2025-02,120208946723400641,Review | Physiotherapy,Review | Physiotherapy,120208943174270641,Omni Awareness Campaign,27.93,275822,388,reach,215061
2025-02,120208946723460641,Nursing,implementation Nursing/Lab Test,120208943174270641,Omni Awareness Campaign,27.93,275506,644,reach,213713
2025-02,120208960402880641,AirBag Physiotherapy - Vertical,CTA | Airbag Physiotherapy,120208943174270641,Omni Awareness Campaign,27.94,273140,401,reach,231963
2025-02,120208780937960641,AirBag Nursing - Vertical,iOS | Original Audience | Airbag Nursing | $2 | 2024 May 27 - Copy,120208780823020641,App Installs | iOS | 2024 May 27,55.39,85121,1157,mobile_app_install,
2025-02,120208780937970641,AirBag Dr Visit - Vertical,iOS | Original Audience | Airbag Doctor Visit | $2 | 2024 May 27 - Copy,120208780823020641,App Installs | iOS | 2024 May 27,55.44,82678,1481,mobile_app_install,
2025-02,120208780823080641,AirBag Physiotherapy - Vertical,iOS | Original Audience | Airbag Physiotherapy | $2 | 2024 May 27,120208780823020641,App Installs | iOS | 2024 May 27,54.73,81648,1388,mobile_app_install,
2025-02,120208780781340641,AirBag Dr Visit - Vertical,Android | Original Audience | Airbag Doctor Visit | $2 | 2024 May 27,120208780726700641,App Installs | Android | 2024 May 27,55.98,103629,822,mobile_app_install,
2025-02,120208780781350641,AirBag Nursing - Vertical,Android | Original Audience | Airbag Nursing | $2 | 2024 May 27,120208780726700641,App Installs | Android | 2024 May 27,55.95,126180,797,mobile_app_install,
2025-02,120208780727070641,AirBag Physiotherapy - Vertical,Android | Original Audience | Airbag Physiotherapy | $2 | 2024 May 27,120208780726700641,App Installs | Android | 2024 May 27,55.91,100919,1051,mobile_app_install,
2025-02,120211593301160641,Maadh Physio Video - With Music - Copy,Top creatives | $5 | LAL | 2024 Sep 9,120210789294890641,📍🌟Physiotherapy | $10 | LAL | 2024 Sep 6,0.27,270,12,onsite_conversion.messaging_conversation_started_7d,
2025-02,120211593301150641,Maadh Physio Video - Without Music - Copy,Top creatives | $5 | LAL | 2024 Sep 9,120210789294890641,📍🌟Physiotherapy | $10 | LAL | 2024 Sep 6,262.4,301220,5254,onsite_conversion.messaging_conversation_started_7d,309
2025-02,120214330499270641,Physio 25.1.21 - Hook 1,Top 3 creatives | $25 | Original Audience | 2024 Sep 6,120210789115000641,📍🌟Physiotherapy | $25 | Original Audience | 2024 Sep 6,22.05,18499,382,onsite_conversion.messaging_conversation_started_7d,27
2025-02,120214545342120641,Physio 25.1.25 - Hook 1,Top 3 creatives | $25 | Original Audience | 2024 Sep 6,120210789115000641,📍🌟Physiotherapy | $25 | Original Audience | 2024 Sep 6,17.56,16865,371,onsite_conversion.messaging_conversation_started_7d,20
2025-02,120214331349050641,Physio 25.1.21 - Hook 2,Top 3 creatives | $25 | Original Audience | 2024 Sep 6,120210789115000641,📍🌟Physiotherapy | $25 | Original Audience | 2024 Sep 6,202.55,162571,4236,onsite_conversion.messaging_conversation_started_7d,259
2025-02,120214545438080641,Physio 25.1.25 - Hook 3,Top 3 creatives | $25 | Original Audience | 2024 Sep 6,120210789115000641,📍🌟Physiotherapy | $25 | Original Audience | 2024 Sep 6,388.71,465906,8445,onsite_conversion.messaging_conversation_started_7d,446
2025-02,120214331349900641,Physio 25.1.21 - Hook 3,Top 3 creatives | $25 | Original Audience | 2024 Sep 6,120210789115000641,📍🌟Physiotherapy | $25 | Original Audience | 2024 Sep 6,22.62,18537,402,onsite_conversion.messaging_conversation_started_7d,22
2025-02,120213933220710641,X-Ray 2,X-Ray,120210706668880641,📍Imaging Services | $8 | 2024 Sep 3,172.44,123760,7270,onsite_conversion.messaging_conversation_started_7d,157
2025-02,120214331408360641,Physio 25.1.21 - Hook 1 - Copy,Original Audince,120208900306680641,📍Physiotherapy | $6 | Testing,2.92,3080,74,onsite_conversion.messaging_conversation_started_7d,7
2025-02,120214545438070641,Physio 25.1.25 - Hook 2,Top 3 creatives | $25 | Original Audience | 2024 Sep 6,120210789115000641,📍🌟Physiotherapy | $25 | Original Audience | 2024 Sep 6,9.1,7022,160,onsite_conversion.messaging_conversation_started_7d,6
2025-02,120212265102400641,Dr Visit - Grandpa - Copy,Dr Visit | Broad | $20,120210706674940641,📍Dr Visit Main | $35,245.21,270109,5824,onsite_conversion.messaging_conversation_started_7d,355
2025-02,120210280719650641,Lab Test REEL 2,Lab Test | Creative Testing | 2024 Aug 14,120210280693630641,📍Lab Test | Original Audince | 2024 Aug 14,93.76,90446,2526,onsite_conversion.messaging_conversation_started_7d,68
2025-02,120212265102390641,Dr Visit - Kid - Copy,Dr Visit | Broad | $20,120210706674940641,📍Dr Visit Main | $35,310.24,282293,6919,onsite_conversion.messaging_conversation_started_7d,401
2025-02,120212265102380641,Dr Visit - Granny - Copy,Dr Visit | Broad | $20,120210706674940641,📍Dr Visit Main | $35,2.91,2353,75,onsite_conversion.messaging_conversation_started_7d,6
2025-02,120216529101550641,Dr Visit - Feb - Hook 2,Dr Visit | Broad | $20,120210706674940641,📍Dr Visit Main | $35,0.87,1026,14,onsite_conversion.messaging_conversation_started_7d,1
2025-02,120214545485150641,Physio 25.1.25 - Hook 3 - Copy,Original Audince,120208900306680641,📍Physiotherapy | $6 | Testing,18.41,32352,515,onsite_conversion.messaging_conversation_started_7d,30
2025-02,120216528297230641,Ibraheem Reel,Wound Care | TESTING | A+,120212225335390641,📍Wound Care | 2024/11/5,10.51,7322,267,onsite_conversion.messaging_conversation_started_7d,7
2025-02,120216529047390641,Dr Visit - Feb - Hook 1,Dr Visit | Broad | $20,120210706674940641,📍Dr Visit Main | $35,0.07,131,3,onsite_conversion.messaging_conversation_started_7d,
2025-02,120212225335540641,BedSore Old Granny video 2,Wound Care | TESTING | A+,120212225335390641,📍Wound Care | 2024/11/5,310.25,178794,4333,onsite_conversion.messaging_conversation_started_7d,111
2025-02,120214545485170641,Physio 25.1.25 - Hook 2 - Copy,Original Audince,120208900306680641,📍Physiotherapy | $6 | Testing,0.36,297,6,onsite_conversion.messaging_conversation_started_7d,1
2025-02,120214545485160641,Physio 25.1.25 - Hook 1 - Copy,Original Audince,120208900306680641,📍Physiotherapy | $6 | Testing,0.62,636,20,onsite_conversion.messaging_conversation_started_7d,1
2025-02,120214331408350641,Physio 25.1.21 - Hook 2 - Copy,Original Audince,120208900306680641,📍Physiotherapy | $6 | Testing,113.27,173321,3081,onsite_conversion.messaging_conversation_started_7d,129
2025-02,120214331408370641,Physio 25.1.21 - Hook 3 - Copy,Original Audince,120208900306680641,📍Physiotherapy | $6 | Testing,32.22,30653,678,onsite_conversion.messaging_conversation_started_7d,33
2025-02,120216530387900641,Ultrasound - Feb - Hook 2,Ultrasound,120210706668880641,📍Imaging Services | $8 | 2024 Sep 3,0.06,120,2,onsite_conversion.messaging_conversation_started_7d,1
2025-02,120216530155520641,Ultrasound - Feb - Hook 1,Ultrasound,120210706668880641,📍Imaging Services | $8 | 2024 Sep 3,0.42,692,11,onsite_conversion.messaging_conversation_started_7d,
2025-02,120215603634010641,Nursing Feb 2 - Hook 3 - Copy,$15 A+,120212331723170641,Nursing Testing 2024/11/10,5.93,4795,92,onsite_conversion.messaging_conversation_started_7d,3
2025-02,120215641798420641,X-Ray,X-Ray - Wati,120210706668880641,📍Imaging Services | $8 | 2024 Sep 3,43.43,49369,1304,onsite_conversion.messaging_conversation_started_7d,17
2025-02,120215641842620641,X-Ray 2,X-Ray - Wati,120210706668880641,📍Imaging Services | $8 | 2024 Sep 3,0.12,197,4,onsite_conversion.messaging_conversation_started_7d,
2025-02,120215691068370641,Xray 2-2,X-Ray - Wati,120210706668880641,📍Imaging Services | $8 | 2024 Sep 3,0.12,108,6,onsite_conversion.messaging_conversation_started_7d,1
2025-02,120215603570530641,Nursing Feb 2 - Hook 2,Nursing | IG & FB +18 | WA,120208466688490641,Nursing CBO 2024/5/19,20.94,16145,311,onsite_conversion.messaging_conversation_started_7d,13
2025-02,120215603615580641,Nursing Feb 2 - Hook 2 - Copy,Nursing | IG Only | WA,120208466688490641,Nursing CBO 2024/5/19,11.07,8764,152,onsite_conversion.messaging_conversation_started_7d,4
2025-02,120215603634000641,Nursing Feb 2 - Hook 2 - Copy,$15 A+,120212331723170641,Nursing Testing 2024/11/10,6.56,4843,76,onsite_conversion.messaging_conversation_started_7d,4
2025-02,120215603463930641,Nursing Feb 2 - Hook 1,Nursing | IG & FB +18 | WA,120208466688490641,Nursing CBO 2024/5/19,2.27,1972,32,onsite_conversion.messaging_conversation_started_7d,
2025-02,120212331723210641,Nursing 2 - grandma,$15 A+,120212331723170641,Nursing Testing 2024/11/10,32.75,35390,529,onsite_conversion.messaging_conversation_started_7d,31
2025-02,120212331769550641,Nursing 2 - Kid,$15 A+,120212331723170641,Nursing Testing 2024/11/10,77.12,102259,1599,onsite_conversion.messaging_conversation_started_7d,58
2025-02,120212331773680641,Nursing 2 - Grandpa,$15 A+,120212331723170641,Nursing Testing 2024/11/10,178.14,264888,4008,onsite_conversion.messaging_conversation_started_7d,140
2025-02,120212396297410641,Maadh Nursing Video 3 | 2024 Nov 12 - Copy,Nursing | Facebook Only | WhatsApp,120208466688490641,Nursing CBO 2024/5/19,42.08,42313,814,onsite_conversion.messaging_conversation_started_7d,52
2025-02,120212396147060641,Maadh Nursing Video 3 | 2024 Nov 12,Nursing | IG & FB +18 | WA,120208466688490641,Nursing CBO 2024/5/19,114.21,113642,1966,onsite_conversion.messaging_conversation_started_7d,93
2025-02,120212396297380641,Maadh Nursing Video 3 | 2024 Nov 12 - Copy,Nursing | IG Only | WA,120208466688490641,Nursing CBO 2024/5/19,321.37,355854,6457,onsite_conversion.messaging_conversation_started_7d,279
2025-03,120210706668890641,Echo,Echo,120210706668880641,📍Imaging Services | $8 | 2024 Sep 3,311.3,415439,9368,onsite_conversion.messaging_conversation_started_7d,429
2025-03,120214518648770641,Old PPl Check 25.1.25 - Hook 3,Lab Test | Old PPl Check | 2025.1.25,120210280693630641,📍Lab Test | Original Audince | 2024 Aug 14,4.01,1843,47,onsite_conversion.messaging_conversation_started_7d,5
2025-03,120214518648760641,Old PPl Check 25.1.25 - Hook 2,Lab Test | Old PPl Check | 2025.1.25,120210280693630641,📍Lab Test | Original Audince | 2024 Aug 14,1.41,694,24,onsite_conversion.messaging_conversation_started_7d,
2025-03,120210280702300641,Lab Test REEL 1,Lab Test | Creative Testing | 2024 Aug 14,120210280693630641,📍Lab Test | Original Audince | 2024 Aug 14,154.7,79692,3006,onsite_conversion.messaging_conversation_started_7d,126
2025-03,120216528469160641,Dr Visit - Ibraheem Reel,Dr Visit | Broad | $20,120210706674940641,📍Dr Visit Main | $35,1.91,1784,69,onsite_conversion.messaging_conversation_started_7d,
2025-03,120214518648750641,Old PPl Check 25.1.25 - Hook 1,Lab Test | Old PPl Check | 2025.1.25,120210280693630641,📍Lab Test | Original Audince | 2024 Aug 14,149.89,47541,2527,onsite_conversion.messaging_conversation_started_7d,155
2025-03,120217556052700641,Nursing Feb 2 - Hook 2 - Copy 2,🌟Nursing | LAL | $39 | Rich areas test,120216723498230641,Nursing | 3O | $37 | 2025/3/4,9.3,9846,181,onsite_conversion.messaging_conversation_started_7d,9
2025-03,120217556052750641,Nursing Feb 2 - Hook 1 - Copy 2,🌟Nursing | LAL | $39 | Rich areas test,120216723498230641,Nursing | 3O | $37 | 2025/3/4,97.73,105031,2579,onsite_conversion.messaging_conversation_started_7d,71
2025-03,120217556052760641,Nursing Feb 1 - Hook 1 - Copy 2,🌟Nursing | LAL | $39 | Rich areas test,120216723498230641,Nursing | 3O | $37 | 2025/3/4,2.8,2170,43,onsite_conversion.messaging_conversation_started_7d,
2025-03,120217556052690641,Nursing 2 - grandma - Copy,🌟Nursing | LAL | $39 | Rich areas test,120216723498230641,Nursing | 3O | $37 | 2025/3/4,11.45,12108,199,onsite_conversion.messaging_conversation_started_7d,16
2025-03,120217556052740641,Nursing Feb 1 - Hook 3 - Copy 2,🌟Nursing | LAL | $39 | Rich areas test,120216723498230641,Nursing | 3O | $37 | 2025/3/4,3.23,2715,56,onsite_conversion.messaging_conversation_started_7d,1
2025-03,120217556052730641,Maadh Nursing Video 3 | 2024 Nov 12 - Copy 2,🌟Nursing | LAL | $39 | Rich areas test,120216723498230641,Nursing | 3O | $37 | 2025/3/4,47.33,52631,949,onsite_conversion.messaging_conversation_started_7d,50
2025-03,120217556052710641,Nursing Feb 1 - Hook 2 - Copy 2,🌟Nursing | LAL | $39 | Rich areas test,120216723498230641,Nursing | 3O | $37 | 2025/3/4,3.64,4644,69,onsite_conversion.messaging_conversation_started_7d,4
2025-03,120217375530660641,Surgery Ad 1 - Hook 3,Baghdad - Copy,120214772973230641,Surgery | Leads | 2025.2.1 | $6,15.47,11594,341,leadgen.other,7
2025-03,120217375530650641,Surgery Ad 1 - Hook 2,Baghdad - Copy,120214772973230641,Surgery | Leads | 2025.2.1 | $6,48.48,37530,1313,leadgen.other,43
2025-03,120217375530670641,Surgery Ad 1 - Hook 1,Baghdad - Copy,120214772973230641,Surgery | Leads | 2025.2.1 | $6,90.99,68201,2275,leadgen.other,64
2025-03,120217971933650641,Hiring OMs 1,OMs,120217584669180641,Hiring | Wati | march 25,4.74,6303,332,onsite_conversion.messaging_conversation_started_7d,23
2025-03,120217584669270641,Hiring physio 1,Physio,120217584669180641,Hiring | Wati | march 25,26.09,25576,831,onsite_conversion.messaging_conversation_started_7d,72
2025-03,120217043693700641,Dr Visit - Grandpa - Copy 2,+A | Dr Visit | RAMADAN | $10,120216838023660641,Dr Visit | 3O | 2025/3/7,205.02,191308,4173,onsite_conversion.messaging_conversation_started_7d,131
2025-03,120217043230190641,Maadh Nursing Video 3 | 2024 Nov 12 - Copy 2,🌟Nursing | LAL | $10,120216723498230641,Nursing | 3O | $37 | 2025/3/4,45.62,49093,824,onsite_conversion.messaging_conversation_started_7d,34
2025-03,120217043230200641,Nursing 2 - grandma - Copy,🌟Nursing | LAL | $10,120216723498230641,Nursing | 3O | $37 | 2025/3/4,9.33,6445,132,onsite_conversion.messaging_conversation_started_7d,9
2025-03,120217043230220641,Nursing 2 - grandma - Copy,🌟Nursing | +A | $15,120216723498230641,Nursing | 3O | $37 | 2025/3/4,16.99,13142,222,onsite_conversion.messaging_conversation_started_7d,14
2025-03,120217043230210641,Maadh Nursing Video 3 | 2024 Nov 12 - Copy 2,🌟Nursing | +A | $15,120216723498230641,Nursing | 3O | $37 | 2025/3/4,57.84,58487,901,onsite_conversion.messaging_conversation_started_7d,47
2025-03,120216996383860641,اعلان تمريض رمضان,RAMADAN Nursing | +A | $10,120216723498230641,Nursing | 3O | $37 | 2025/3/4,8.73,9600,141,onsite_conversion.messaging_conversation_started_7d,2
2025-03,120216996614340641,Ramadan Package Static,Lab Test | RAMADAN Package 2 | Static Ads | 2025.3.10,120210280693630641,📍Lab Test | Original Audince | 2024 Aug 14,64.33,44571,2206,onsite_conversion.messaging_conversation_started_7d,147
2025-03,120216882033080641,حجي حميد,$15 | Maximize number of impressions,120216881835510641,Ramadan Awareness Campaign,41.62,609391,397,reach,247734
2025-03,120216839432690641,Dr Visit - Ibraheem Reel - Copy,LAL | Dr Visit | $7,120216838023660641,Dr Visit | 3O | 2025/3/7,0.12,111,4,onsite_conversion.messaging_conversation_started_7d,
2025-03,120216839418000641,Dr Visit - Grandpa - Copy 2,Retargeting | Dr Visit | $3,120216838023660641,Dr Visit | 3O | 2025/3/7,13.87,13531,296,onsite_conversion.messaging_conversation_started_7d,8
2025-03,120216723498280641,Nursing Feb 2 - Hook 1 - Copy 2,🌟Nursing | +A | $15,120216723498230641,Nursing | 3O | $37 | 2025/3/4,196.88,196780,4404,onsite_conversion.messaging_conversation_started_7d,195
2025-03,120216723498270641,Nursing Feb 1 - Hook 3 - Copy 2,🌟Retargeting | $6,120216723498230641,Nursing | 3O | $37 | 2025/3/4,14.92,10538,180,onsite_conversion.messaging_conversation_started_7d,8
2025-03,120216723498240641,Nursing Feb 1 - Hook 1 - Copy 2,🌟Retargeting | $6,120216723498230641,Nursing | 3O | $37 | 2025/3/4,7.52,5107,114,onsite_conversion.messaging_conversation_started_7d,10
2025-03,120216723498170641,Nursing Feb 1 - Hook 1 - Copy 2,🌟Nursing | +A | $15,120216723498230641,Nursing | 3O | $37 | 2025/3/4,4.18,2908,40,onsite_conversion.messaging_conversation_started_7d,1
2025-03,120216723498150641,Nursing Kanola - Feb 3 - Hook 1,Nursing | +A | Kanola | $6,120216723498230641,Nursing | 3O | $37 | 2025/3/4,0.9,1061,26,onsite_conversion.messaging_conversation_started_7d,1
2025-03,120216723498090641,Nursing Feb 2 - Hook 1 - Copy 2,🌟Nursing | LAL | $10,120216723498230641,Nursing | 3O | $37 | 2025/3/4,118.72,117796,2604,onsite_conversion.messaging_conversation_started_7d,113
2025-03,120216723498050641,Nursing Feb 2 - Hook 3 - Copy 2,🌟Retargeting | $6,120216723498230641,Nursing | 3O | $37 | 2025/3/4,22.96,21608,353,onsite_conversion.messaging_conversation_started_7d,19
2025-03,120216723498030641,Nursing Feb 2 - Hook 2 - Copy 2,🌟Nursing | +A | $15,120216723498230641,Nursing | 3O | $37 | 2025/3/4,10.4,8813,175,onsite_conversion.messaging_conversation_started_7d,8
2025-03,120216529181260641,Eye Exam - Feb - Hook 1,eye Exam | WA,120216529181230641,Eye Exam | CBO | 2025/2/28,62.4,87050,1986,onsite_conversion.messaging_conversation_started_7d,87
2025-03,120215843533240641,Ultrasound Maadh 1,Ultrasound,120210706668880641,📍Imaging Services | $8 | 2024 Sep 3,1.44,1981,39,onsite_conversion.messaging_conversation_started_7d,1
2025-03,120213906286230641,Ultrasound 3,Ultrasound,120210706668880641,📍Imaging Services | $8 | 2024 Sep 3,304.98,428011,10596,onsite_conversion.messaging_conversation_started_7d,460
2025-03,120212178027110641,Dr Visit - Grandpa,ORIGINAL ADUINCE,120209505761140641,Dr Visit | $5 | Testing,204.71,252492,5295,onsite_conversion.messaging_conversation_started_7d,238
2025-03,120212178025420641,Dr Visit - Kid,ORIGINAL ADUINCE,120209505761140641,Dr Visit | $5 | Testing,102.34,110347,2335,onsite_conversion.messaging_conversation_started_7d,126
2025-03,120208947042510641,AirBag Dr Visit - Vertical,CTA | Airbag Dr Visit,120208943174270641,Omni Awareness Campaign,30.69,280343,284,reach,219473
2025-03,120208946723510641,اشعة وايكو,EDU content 3,120208943174270641,Omni Awareness Campaign,30.65,279355,258,reach,230146
2025-03,120208946723490641,بعدك تضم فحوصاتك و تحاليلك بال جرار؟,EDU content 2,120208943174270641,Omni Awareness Campaign,30.71,278533,222,reach,227673
2025-03,120208946723430641,شنو هو تطبيق سليم؟,EDU content 1,120208943174270641,Omni Awareness Campaign,30.55,280364,256,reach,217197
2025-03,120216996516600641,Ramadan Package,Lab Test | RAMADAN Package | 2025.3.10,120210280693630641,📍Lab Test | Original Audince | 2024 Aug 14,149.66,84190,2940,onsite_conversion.messaging_conversation_started_7d,312
2025-03,120216723498060641,Nursing Feb 1 - Hook 2 - Copy 2,🌟Nursing | LAL | $10,120216723498230641,Nursing | 3O | $37 | 2025/3/4,2.24,2551,37,onsite_conversion.messaging_conversation_started_7d,2
2025-03,120216723498200641,Nursing Feb 1 - Hook 2 - Copy 2,🌟Nursing | +A | $15,120216723498230641,Nursing | 3O | $37 | 2025/3/4,4.02,4148,63,onsite_conversion.messaging_conversation_started_7d,2
2025-03,120216723498250641,Nursing Feb 1 - Hook 2 - Copy 2,🌟Retargeting | $6,120216723498230641,Nursing | 3O | $37 | 2025/3/4,4.08,4212,87,onsite_conversion.messaging_conversation_started_7d,8
2025-03,120216723498160641,Nursing Feb 1 - Hook 3 - Copy 2,🌟Nursing | LAL | $10,120216723498230641,Nursing | 3O | $37 | 2025/3/4,3.01,2272,40,onsite_conversion.messaging_conversation_started_7d,1
2025-03,120216723498220641,Nursing Feb 2 - Hook 3 - Copy 2,🌟Nursing | +A | $15,120216723498230641,Nursing | 3O | $37 | 2025/3/4,7.86,7484,134,onsite_conversion.messaging_conversation_started_7d,11
2025-03,120216723498190641,Nursing Feb 2 - Hook 1 - Copy 2,🌟Retargeting | $6,120216723498230641,Nursing | 3O | $37 | 2025/3/4,251.43,239270,5114,onsite_conversion.messaging_conversation_started_7d,225
2025-03,120216723498110641,Nursing Feb 1 - Hook 1 - Copy 2,🌟Nursing | LAL | $10,120216723498230641,Nursing | 3O | $37 | 2025/3/4,1.75,1294,30,onsite_conversion.messaging_conversation_started_7d,2
2025-03,120216723498180641,Nursing Feb 2 - Hook 2 - Copy 2,🌟Retargeting | $6,120216723498230641,Nursing | 3O | $37 | 2025/3/4,5.92,5543,100,onsite_conversion.messaging_conversation_started_7d,2
2025-03,120216723498260641,Nursing Feb 2 - Hook 3 - Copy 2,🌟Nursing | LAL | $10,120216723498230641,Nursing | 3O | $37 | 2025/3/4,20.3,23902,357,onsite_conversion.messaging_conversation_started_7d,17
2025-03,120216723498100641,Nursing Feb 2 - Hook 2 - Copy 2,🌟Nursing | LAL | $10,120216723498230641,Nursing | 3O | $37 | 2025/3/4,3.4,3498,79,onsite_conversion.messaging_conversation_started_7d,2
2025-03,120216723498210641,Nursing Feb 1 - Hook 3 - Copy 2,🌟Nursing | +A | $15,120216723498230641,Nursing | 3O | $37 | 2025/3/4,8.24,6123,105,onsite_conversion.messaging_conversation_started_7d,3
2025-03,120216882007490641,اعلان رمضان,$15 | Maximize number of impressions,120216881835510641,Ramadan Awareness Campaign,318.66,4634988,4866,reach,1105075
2025-03,120216881985500641,اعلان رمضان,‎$10 | recall lift - اعلان رمضان,120216881835510641,Ramadan Awareness Campaign,240.15,2390850,2498,estimated_ad_recallers,16200
2025-03,120216881835570641,حجي حميد,$10 | recall lift - حجي حميد,120216881835510641,Ramadan Awareness Campaign,240.17,2279010,2449,estimated_ad_recallers,9050
2025-03,120216839432720641,Dr Visit - Granny - Copy 2,LAL | Dr Visit | $7,120216838023660641,Dr Visit | 3O | 2025/3/7,0.41,419,3,onsite_conversion.messaging_conversation_started_7d,
2025-03,120216839417970641,Dr Visit - Kid - Copy 2,Retargeting | Dr Visit | $3,120216838023660641,Dr Visit | 3O | 2025/3/7,59.88,60457,1424,onsite_conversion.messaging_conversation_started_7d,76
2025-03,120216839417990641,Dr Visit - Granny - Copy 2,Retargeting | Dr Visit | $3,120216838023660641,Dr Visit | 3O | 2025/3/7,0.43,421,12,onsite_conversion.messaging_conversation_started_7d,
2025-03,120216839432710641,Dr Visit - Grandpa - Copy 2,LAL | Dr Visit | $7,120216838023660641,Dr Visit | 3O | 2025/3/7,82.71,98199,2415,onsite_conversion.messaging_conversation_started_7d,103
2025-03,120216839399880641,Dr Visit - Ibraheem Reel - Copy,+A | Dr Visit | $20,120216838023660641,Dr Visit | 3O | 2025/3/7,1.23,1128,33,onsite_conversion.messaging_conversation_started_7d,1
2025-03,120216839432680641,Dr Visit - Kid - Copy 2,LAL | Dr Visit | $7,120216838023660641,Dr Visit | 3O | 2025/3/7,91.3,98646,2312,onsite_conversion.messaging_conversation_started_7d,128
2025-03,120216723498080641,Nursing Kanola - Feb 3 - Hook 3,Nursing | +A | Kanola | $6,120216723498230641,Nursing | 3O | $37 | 2025/3/4,101.31,145837,2759,onsite_conversion.messaging_conversation_started_7d,82
2025-03,120216531038020641,Nursing Kanola - Feb 3 - Hook 3,Nursing | +A | Kanola,120216196569370641,Nursing | 3O CBO | $35 | 2025/2/25,20.57,25148,494,onsite_conversion.messaging_conversation_started_7d,22
2025-03,120216530560500641,Nursing Kanola - Feb 3 - Hook 1,Nursing | +A | Kanola,120216196569370641,Nursing | 3O CBO | $35 | 2025/2/25,0.25,302,9,onsite_conversion.messaging_conversation_started_7d,
2025-03,120216530991560641,Nursing Kanola - Feb 3 - Hook 2,Nursing | +A | Kanola,120216196569370641,Nursing | 3O CBO | $35 | 2025/2/25,64.17,83115,2228,onsite_conversion.messaging_conversation_started_7d,80
2025-03,120216529436660641,Eye Exam - Feb - Hook 2,eye Exam | WA,120216529181230641,Eye Exam | CBO | 2025/2/28,50.98,62260,1627,onsite_conversion.messaging_conversation_started_7d,87
2025-03,120216421912250641,X-Ray - Feb - Hook 1,X-Ray - Wati,120210706668880641,📍Imaging Services | $8 | 2024 Sep 3,42.51,47372,747,onsite_conversion.messaging_conversation_started_7d,46
2025-03,120216421999210641,X-Ray - Feb - Hook 3,X-Ray - Wati,120210706668880641,📍Imaging Services | $8 | 2024 Sep 3,8.35,8130,149,onsite_conversion.messaging_conversation_started_7d,8
2025-03,120216421992980641,X-Ray - Feb - Hook 2,X-Ray - Wati,120210706668880641,📍Imaging Services | $8 | 2024 Sep 3,9.47,8672,185,onsite_conversion.messaging_conversation_started_7d,6
2025-03,120216247356790641,Nursing Feb 2 - Hook 3 - Copy 2,Nursing | LAL,120216196569370641,Nursing | 3O CBO | $35 | 2025/2/25,0.09,118,2,onsite_conversion.messaging_conversation_started_7d,
2025-03,120216247356770641,Nursing Feb 1 - Hook 1 - Copy 2,Nursing | LAL,120216196569370641,Nursing | 3O CBO | $35 | 2025/2/25,0.21,156,5,onsite_conversion.messaging_conversation_started_7d,1
2025-03,120216247356750641,Nursing Feb 2 - Hook 2 - Copy 2,Nursing | LAL,120216196569370641,Nursing | 3O CBO | $35 | 2025/2/25,0.11,106,2,onsite_conversion.messaging_conversation_started_7d,
2025-03,120216247356740641,Nursing Feb 1 - Hook 2 - Copy 2,Nursing | LAL,120216196569370641,Nursing | 3O CBO | $35 | 2025/2/25,0.02,10,0,onsite_conversion.messaging_conversation_started_7d,
2025-03,120216247356780641,Nursing Feb 1 - Hook 3 - Copy 2,Nursing | LAL,120216196569370641,Nursing | 3O CBO | $35 | 2025/2/25,0.11,77,1,onsite_conversion.messaging_conversation_started_7d,
2025-03,120216247356730641,Nursing Feb 2 - Hook 1 - Copy 2,Nursing | LAL,120216196569370641,Nursing | 3O CBO | $35 | 2025/2/25,10.84,10516,243,onsite_conversion.messaging_conversation_started_7d,24
2025-03,120216196638450641,Nursing Feb 2 - Hook 1 - Copy 2,Nursing | +A,120216196569370641,Nursing | 3O CBO | $35 | 2025/2/25,19.21,20301,443,onsite_conversion.messaging_conversation_started_7d,24
2025-03,120216196652460641,Nursing Feb 2 - Hook 2 - Copy 2,Retargeting,120216196569370641,Nursing | 3O CBO | $35 | 2025/2/25,0.04,11,0,onsite_conversion.messaging_conversation_started_7d,
2025-03,120216196652480641,Nursing Feb 2 - Hook 1 - Copy 2,Retargeting,120216196569370641,Nursing | 3O CBO | $35 | 2025/2/25,5.15,4573,101,onsite_conversion.messaging_conversation_started_7d,7
2025-03,120216196638490641,Nursing Feb 2 - Hook 3 - Copy 2,Nursing | +A,120216196569370641,Nursing | 3O CBO | $35 | 2025/2/25,1.88,1834,34,onsite_conversion.messaging_conversation_started_7d,2
2025-03,120216196638460641,Nursing Feb 1 - Hook 2 - Copy 2,Nursing | +A,120216196569370641,Nursing | 3O CBO | $35 | 2025/2/25,0.04,44,2,onsite_conversion.messaging_conversation_started_7d,
2025-03,120216196638500641,Nursing Feb 2 - Hook 2 - Copy 2,Nursing | +A,120216196569370641,Nursing | 3O CBO | $35 | 2025/2/25,0.49,400,11,onsite_conversion.messaging_conversation_started_7d,
2025-03,120216196652490641,Nursing Feb 1 - Hook 1 - Copy 2,Retargeting,120216196569370641,Nursing | 3O CBO | $35 | 2025/2/25,0.02,10,2,onsite_conversion.messaging_conversation_started_7d,
2025-03,120216196638480641,Nursing Feb 1 - Hook 1 - Copy 2,Nursing | +A,120216196569370641,Nursing | 3O CBO | $35 | 2025/2/25,2.16,1618,27,onsite_conversion.messaging_conversation_started_7d,2
2025-03,120216196638470641,Nursing Feb 1 - Hook 3 - Copy 2,Nursing | +A,120216196569370641,Nursing | 3O CBO | $35 | 2025/2/25,0.5,397,7,onsite_conversion.messaging_conversation_started_7d,1
2025-03,120216196652500641,Nursing Feb 1 - Hook 3 - Copy 2,Retargeting,120216196569370641,Nursing | 3O CBO | $35 | 2025/2/25,0.05,32,0,onsite_conversion.messaging_conversation_started_7d,
2025-03,120216196652470641,Nursing Feb 2 - Hook 3 - Copy 2,Retargeting,120216196569370641,Nursing | 3O CBO | $35 | 2025/2/25,0.04,24,0,onsite_conversion.messaging_conversation_started_7d,
2025-03,120215843533250641,Ultrasound Maadh 2,Ultrasound,120210706668880641,📍Imaging Services | $8 | 2024 Sep 3,1.38,1912,30,onsite_conversion.messaging_conversation_started_7d,1
2025-03,120215641798450641,X-Ray - Copy,X-Ray - Wati,120210706668880641,📍Imaging Services | $8 | 2024 Sep 3,249.38,244338,9033,onsite_conversion.messaging_conversation_started_7d,349
2025-03,120214518646190641,Fat Loss 25.1.25 - Hook 2,Lab Test | Fat Loss Test | 2025.1.25,120210280693630641,📍Lab Test | Original Audince | 2024 Aug 14,29.73,28044,593,onsite_conversion.messaging_conversation_started_7d,84
2025-03,120214518646180641,Fat Loss 25.1.25 - Hook 3,Lab Test | Fat Loss Test | 2025.1.25,120210280693630641,📍Lab Test | Original Audince | 2024 Aug 14,0.04,6,2,onsite_conversion.messaging_conversation_started_7d,1
2025-03,120214774075060641,Surgery Ad 1 - Hook 3,Baghdad,120214772973230641,Surgery | Leads | 2025.2.1 | $6,12.16,12238,378,leadgen.other,9
2025-03,120214774075070641,Surgery Ad 1 - Hook 2,Baghdad,120214772973230641,Surgery | Leads | 2025.2.1 | $6,26.12,23707,926,leadgen.other,22
2025-03,120214772973380641,Surgery Ad 1 - Hook 1,Baghdad,120214772973230641,Surgery | Leads | 2025.2.1 | $6,67.59,62989,2649,leadgen.other,64
2025-03,120213906059440641,Ultrasound 3,implementation Ultrasound,120208943174270641,Omni Awareness Campaign,30.71,294983,1176,reach,197322
2025-03,120212178031010641,Dr Visit - Granny,ORIGINAL ADUINCE,120209505761140641,Dr Visit | $5 | Testing,3.43,4280,68,onsite_conversion.messaging_conversation_started_7d,2
2025-03,120208946723390641,Echo,implementation Echo,120208943174270641,Omni Awareness Campaign,30.69,281043,711,reach,223150
2025-03,120208946996920641,AirBag Nursing - Vertical,CTA | Airbag Nursing,120208943174270641,Omni Awareness Campaign,30.66,278688,405,reach,223609
2025-03,120208946723380641,ٍReview | DrVisit,ٍReview | DrVisit,120208943174270641,Omni Awareness Campaign,30.65,276550,375,reach,198164
2025-03,120208946723300641,Review | Nursing,Review | Nursing,120208943174270641,Omni Awareness Campaign,30.54,281498,341,reach,212036
2025-03,120208946723400641,Review | Physiotherapy,Review | Physiotherapy,120208943174270641,Omni Awareness Campaign,30.6,279821,344,reach,205565
2025-03,120208946723460641,Nursing,implementation Nursing/Lab Test,120208943174270641,Omni Awareness Campaign,30.73,283418,681,reach,213053
2025-03,120208960402880641,AirBag Physiotherapy - Vertical,CTA | Airbag Physiotherapy,120208943174270641,Omni Awareness Campaign,30.79,275428,408,reach,225260
2025-03,120208780937960641,AirBag Nursing - Vertical,iOS | Original Audience | Airbag Nursing | $2 | 2024 May 27 - Copy,120208780823020641,App Installs | iOS | 2024 May 27,56.99,134206,1527,mobile_app_install,
2025-03,120208780937970641,AirBag Dr Visit - Vertical,iOS | Original Audience | Airbag Doctor Visit | $2 | 2024 May 27 - Copy,120208780823020641,App Installs | iOS | 2024 May 27,57.84,115270,1599,mobile_app_install,
2025-03,120208780823080641,AirBag Physiotherapy - Vertical,iOS | Original Audience | Airbag Physiotherapy | $2 | 2024 May 27,120208780823020641,App Installs | iOS | 2024 May 27,56.8,117779,1643,mobile_app_install,
2025-03,120208780781340641,AirBag Dr Visit - Vertical,Android | Original Audience | Airbag Doctor Visit | $2 | 2024 May 27,120208780726700641,App Installs | Android | 2024 May 27,59.99,149988,1019,mobile_app_install,
2025-03,120208780781350641,AirBag Nursing - Vertical,Android | Original Audience | Airbag Nursing | $2 | 2024 May 27,120208780726700641,App Installs | Android | 2024 May 27,60.59,188158,994,mobile_app_install,
2025-03,120208780727070641,AirBag Physiotherapy - Vertical,Android | Original Audience | Airbag Physiotherapy | $2 | 2024 May 27,120208780726700641,App Installs | Android | 2024 May 27,60.28,139487,1252,mobile_app_install,
2025-03,120216839417960641,Dr Visit - Ibraheem Reel - Copy,Retargeting | Dr Visit | $3,120216838023660641,Dr Visit | 3O | 2025/3/7,0.13,126,3,onsite_conversion.messaging_conversation_started_7d,
2025-03,120216914043290641,New Engagement Ad,Physio | حجي حميد | $10,120210789115000641,📍🌟Physiotherapy | $25 | Original Audience | 2024 Sep 6,233.55,125033,2811,onsite_conversion.messaging_conversation_started_7d,157
2025-03,120211593301160641,Maadh Physio Video - With Music - Copy,Top creatives | $5 | LAL | 2024 Sep 9,120210789294890641,📍🌟Physiotherapy | $10 | LAL | 2024 Sep 6,1.31,1553,32,onsite_conversion.messaging_conversation_started_7d,2
2025-03,120211593301150641,Maadh Physio Video - Without Music - Copy,Top creatives | $5 | LAL | 2024 Sep 9,120210789294890641,📍🌟Physiotherapy | $10 | LAL | 2024 Sep 6,309.6,473134,6775,onsite_conversion.messaging_conversation_started_7d,393
2025-03,120216882515490641,حجي حميد,Top 3 creatives | $25 | Original Audience | 2024 Sep 6,120210789115000641,📍🌟Physiotherapy | $25 | Original Audience | 2024 Sep 6,0.44,469,13,onsite_conversion.messaging_conversation_started_7d,
2025-03,120214330499270641,Physio 25.1.21 - Hook 1,Top 3 creatives | $25 | Original Audience | 2024 Sep 6,120210789115000641,📍🌟Physiotherapy | $25 | Original Audience | 2024 Sep 6,26.48,22109,440,onsite_conversion.messaging_conversation_started_7d,33
2025-03,120214545342120641,Physio 25.1.25 - Hook 1,Top 3 creatives | $25 | Original Audience | 2024 Sep 6,120210789115000641,📍🌟Physiotherapy | $25 | Original Audience | 2024 Sep 6,237.81,295118,4155,onsite_conversion.messaging_conversation_started_7d,249
2025-03,120214331349050641,Physio 25.1.21 - Hook 2,Top 3 creatives | $25 | Original Audience | 2024 Sep 6,120210789115000641,📍🌟Physiotherapy | $25 | Original Audience | 2024 Sep 6,339.42,235772,6294,onsite_conversion.messaging_conversation_started_7d,388
2025-03,120214545438080641,Physio 25.1.25 - Hook 3,Top 3 creatives | $25 | Original Audience | 2024 Sep 6,120210789115000641,📍🌟Physiotherapy | $25 | Original Audience | 2024 Sep 6,105.2,129540,2230,onsite_conversion.messaging_conversation_started_7d,111
2025-03,120214331349900641,Physio 25.1.21 - Hook 3,Top 3 creatives | $25 | Original Audience | 2024 Sep 6,120210789115000641,📍🌟Physiotherapy | $25 | Original Audience | 2024 Sep 6,68.03,59472,1122,onsite_conversion.messaging_conversation_started_7d,64
2025-03,120214331408360641,Physio 25.1.21 - Hook 1 - Copy,Original Audince,120208900306680641,📍Physiotherapy | $6 | Testing,7.8,8450,133,onsite_conversion.messaging_conversation_started_7d,15
2025-03,120212265102400641,Dr Visit - Grandpa - Copy,Dr Visit | Broad | $20,120210706674940641,📍Dr Visit Main | $35,21.24,22073,460,onsite_conversion.messaging_conversation_started_7d,25
2025-03,120212265102390641,Dr Visit - Kid - Copy,Dr Visit | Broad | $20,120210706674940641,📍Dr Visit Main | $35,21.4,21476,483,onsite_conversion.messaging_conversation_started_7d,27
2025-03,120212265102380641,Dr Visit - Granny - Copy,Dr Visit | Broad | $20,120210706674940641,📍Dr Visit Main | $35,0.6,617,16,onsite_conversion.messaging_conversation_started_7d,
2025-03,120216529101550641,Dr Visit - Feb - Hook 2,Dr Visit | Broad | $20,120210706674940641,📍Dr Visit Main | $35,74.71,81649,1999,onsite_conversion.messaging_conversation_started_7d,68
2025-03,120214545485150641,Physio 25.1.25 - Hook 3 - Copy,Original Audince,120208900306680641,📍Physiotherapy | $6 | Testing,126.55,141229,2363,onsite_conversion.messaging_conversation_started_7d,137
2025-03,120216528297230641,Ibraheem Reel,Wound Care | TESTING | A+,120212225335390641,📍Wound Care | 2024/11/5,357.27,184849,7157,onsite_conversion.messaging_conversation_started_7d,178
2025-03,120216529047390641,Dr Visit - Feb - Hook 1,Dr Visit | Broad | $20,120210706674940641,📍Dr Visit Main | $35,0.82,647,14,onsite_conversion.messaging_conversation_started_7d,
2025-03,120214545485170641,Physio 25.1.25 - Hook 2 - Copy,Original Audince,120208900306680641,📍Physiotherapy | $6 | Testing,1.8,1391,24,onsite_conversion.messaging_conversation_started_7d,1
2025-03,120214545485160641,Physio 25.1.25 - Hook 1 - Copy,Original Audince,120208900306680641,📍Physiotherapy | $6 | Testing,1.58,1094,20,onsite_conversion.messaging_conversation_started_7d,3
2025-03,120214331408350641,Physio 25.1.21 - Hook 2 - Copy,Original Audince,120208900306680641,📍Physiotherapy | $6 | Testing,35.69,43588,920,onsite_conversion.messaging_conversation_started_7d,36
2025-03,120214331408370641,Physio 25.1.21 - Hook 3 - Copy,Original Audince,120208900306680641,📍Physiotherapy | $6 | Testing,12.88,12444,271,onsite_conversion.messaging_conversation_started_7d,10
2025-03,120216530387900641,Ultrasound - Feb - Hook 2,Ultrasound,120210706668880641,📍Imaging Services | $8 | 2024 Sep 3,1.16,1607,27,onsite_conversion.messaging_conversation_started_7d,
2025-03,120216530155520641,Ultrasound - Feb - Hook 1,Ultrasound,120210706668880641,📍Imaging Services | $8 | 2024 Sep 3,2.13,2598,48,onsite_conversion.messaging_conversation_started_7d,3
2025-03,120217556052680641,Nursing Feb 2 - Hook 3 - Copy 2,🌟Nursing | LAL | $39 | Rich areas test,120216723498230641,Nursing | 3O | $37 | 2025/3/4,2.27,2303,28,onsite_conversion.messaging_conversation_started_7d,1
2025-03,120216839399900641,Dr Visit - Granny - Copy 2,+A | Dr Visit | $20,120216838023660641,Dr Visit | 3O | 2025/3/7,3.21,3921,57,onsite_conversion.messaging_conversation_started_7d,4
2025-03,120216839399890641,Dr Visit - Grandpa - Copy 2,+A | Dr Visit | $20,120216838023660641,Dr Visit | 3O | 2025/3/7,264.89,304700,6336,onsite_conversion.messaging_conversation_started_7d,291
2025-03,120216839399910641,Dr Visit - Kid - Copy 2,+A | Dr Visit | $20,120216838023660641,Dr Visit | 3O | 2025/3/7,230.51,244853,5112,onsite_conversion.messaging_conversation_started_7d,260
2025-03,120216723498140641,Nursing Kanola - Feb 3 - Hook 2,Nursing | +A | Kanola | $6,120216723498230641,Nursing | 3O | $37 | 2025/3/4,20.37,29110,858,onsite_conversion.messaging_conversation_started_7d,14
2025-04,120218767520550641,Physiotherapy March 1 - Hook 1,Original Audince,120208900306680641,📍Physiotherapy | $6 | Testing,21.67,26274,413,onsite_conversion.messaging_conversation_started_7d,26
2025-04,120210706668890641,Echo,Echo,120210706668880641,📍Imaging Services | $8 | 2024 Sep 3,298.82,423556,7845,onsite_conversion.messaging_conversation_started_7d,433
2025-04,120214518648770641,Old PPl Check 25.1.25 - Hook 3,Lab Test | Old PPl Check | 2025.1.25,120210280693630641,📍Lab Test | Original Audince | 2024 Aug 14,2.94,1292,43,onsite_conversion.messaging_conversation_started_7d,1
2025-04,120214518648760641,Old PPl Check 25.1.25 - Hook 2,Lab Test | Old PPl Check | 2025.1.25,120210280693630641,📍Lab Test | Original Audince | 2024 Aug 14,1.5,724,17,onsite_conversion.messaging_conversation_started_7d,
2025-04,120214026622860641,X-Ray - Copy,X-Ray,120210706668880641,📍Imaging Services | $8 | 2024 Sep 3,126.25,119140,3546,onsite_conversion.messaging_conversation_started_7d,162
2025-04,120210280702300641,Lab Test REEL 1,Lab Test | Creative Testing | 2024 Aug 14,120210280693630641,📍Lab Test | Original Audince | 2024 Aug 14,150.16,56854,2527,onsite_conversion.messaging_conversation_started_7d,126
2025-04,120221586244360641,BedSore Old Granny video 2,Wound Care | Sales LAL,120212225335390641,📍Wound Care | 2024/11/5,8.05,4986,152,onsite_conversion.messaging_conversation_started_7d,6
2025-04,120216528469160641,Dr Visit - Ibraheem Reel,Dr Visit | Broad | $20,120210706674940641,📍Dr Visit Main | $35,1.08,879,32,onsite_conversion.messaging_conversation_started_7d,2
2025-04,120211750273640641,X-Ray,X-Ray,120210706668880641,📍Imaging Services | $8 | 2024 Sep 3,11.43,9613,228,onsite_conversion.messaging_conversation_started_7d,14
2025-04,120220265766880641,us april 2,Ultrasound | april 2025 | $5,120210706668880641,📍Imaging Services | $8 | 2024 Sep 3,63.91,104162,3465,onsite_conversion.messaging_conversation_started_7d,131
2025-04,120214518648750641,Old PPl Check 25.1.25 - Hook 1,Lab Test | Old PPl Check | 2025.1.25,120210280693630641,📍Lab Test | Original Audince | 2024 Aug 14,144.92,43038,2048,onsite_conversion.messaging_conversation_started_7d,145
2025-04,120218768271970641,Ibraheem physio 1,Original Audince,120208900306680641,📍Physiotherapy | $6 | Testing,127.48,190433,3769,onsite_conversion.messaging_conversation_started_7d,308
2025-04,120218767885110641,Physiotherapy March 1 - Hook 2,Original Audince,120208900306680641,📍Physiotherapy | $6 | Testing,1.33,1534,29,onsite_conversion.messaging_conversation_started_7d,3
2025-04,120221425001840641,Dr Visit ali juma edit - full - Copy 2,Dr Visit | Broad | $20,120210706674940641,📍Dr Visit Main | $35,59.15,51331,962,onsite_conversion.messaging_conversation_started_7d,48
2025-04,120221425001850641,Dr Visit ali juma edit - full - Copy,Dr Visit | Broad | $20,120210706674940641,📍Dr Visit Main | $35,12.49,13277,177,onsite_conversion.messaging_conversation_started_7d,5
2025-04,120221586244370641,Ibraheem Reel,Wound Care | Sales LAL,120212225335390641,📍Wound Care | 2024/11/5,12.44,6170,179,onsite_conversion.messaging_conversation_started_7d,6
2025-04,120220813947290641,Maadh Nursing Video 3,LAL 1% - $15 | Maadh Nursing Video 3,120220813947310641,📍Nursing | $35,72.43,50059,798,onsite_conversion.messaging_conversation_started_7d,21
2025-04,120221180684610641,Dr Visit ali juma edit - full,LAL 1% - $15 | Dr Visit no music,120220820768680641,Dr Visit,5.78,6990,97,onsite_conversion.messaging_conversation_started_7d,3
2025-04,120221180763160641,Dr Visit ali juma edit - full - Copy,LAL 1% - $15 | Dr Visit no music,120220820768680641,Dr Visit,26.3,29540,442,onsite_conversion.messaging_conversation_started_7d,18
2025-04,120221077326320641,Dr Visit - Kid2,LAL 1% - $15 | kid+grndma+grndpa,120220820768680641,Dr Visit,8.42,2549,50,onsite_conversion.messaging_conversation_started_7d,4
2025-04,120221078928620641,Dr Visit - Granpa2,LAL 1% - $15 | kid+grndma+grndpa,120220820768680641,Dr Visit,3.38,2691,40,onsite_conversion.messaging_conversation_started_7d,2
2025-04,120221078910130641,Dr Visit - Grandma2,LAL 1% - $15 | kid+grndma+grndpa,120220820768680641,Dr Visit,11.18,4972,66,onsite_conversion.messaging_conversation_started_7d,4
2025-04,120220666264590641,Nur3 | Maadh Nursing Video 3,Baghdad | Nursing,120220666264530641,MOF | Whatsapp | BRA | CBO $25,12.54,8929,128,onsite_conversion.messaging_conversation_started_7d,4
2025-04,120220666264610641,‎Drv1-2 | مبيعات زيارة طبيب - حجي,Baghdad | Dr Visit,120220666264530641,MOF | Whatsapp | BRA | CBO $25,1.61,1653,20,onsite_conversion.messaging_conversation_started_7d,
2025-04,120220666264600641,Drv1-1 | مبيعات زيارة طبيب - طفلة,Baghdad | Dr Visit,120220666264530641,MOF | Whatsapp | BRA | CBO $25,9.86,9219,128,onsite_conversion.messaging_conversation_started_7d,7
2025-04,120220666264580641,U/S april-1,Baghdad | U/S,120220666264530641,MOF | Whatsapp | BRA | CBO $25,20.59,31055,367,onsite_conversion.messaging_conversation_started_7d,18
2025-04,120220666264550641,‎Drv1-3 | ‎مبيعات زيارة طبيب - حجية,Baghdad | Dr Visit,120220666264530641,MOF | Whatsapp | BRA | CBO $25,0.69,1110,10,onsite_conversion.messaging_conversation_started_7d,
2025-04,120220666264540641,MV1 Maadh Physio Video - Without Music,Baghdad | Physiotherapy,120220666264530641,MOF | Whatsapp | BRA | CBO $25,142.5,226858,2021,onsite_conversion.messaging_conversation_started_7d,113
2025-04,120220660081960641,TOF,Rich Areas | TOF,120220660081950641,TOF | Whatsapp | Website | Baghdad Rich Areas,100.88,97467,1026,onsite_conversion.messaging_conversation_started_7d,101
2025-04,120220261946500641,Nursing March 1,Nursing Testing | Nursing March 1,120216723498230641,Nursing | 3O | $37 | 2025/3/4,53.86,71862,1077,onsite_conversion.messaging_conversation_started_7d,50
2025-04,120220257537460641,‎مبيعات زيارة طبيب - حجية,Baghdad | Dr Visit,120220236537300641,MOF | Website | BRA | CBO $20,3.3,2627,38,conversions:offsite_conversion.fb_pixel_custom.ServiceBookingCompleted,
2025-04,120220257088680641,مبيعات زيارة طبيب - طفلة,Baghdad | Dr Visit,120220236537300641,MOF | Website | BRA | CBO $20,0.34,225,6,conversions:offsite_conversion.fb_pixel_custom.ServiceBookingCompleted,
2025-04,120220257537450641,‎مبيعات زيارة طبيب - حجي,Baghdad | Dr Visit,120220236537300641,MOF | Website | BRA | CBO $20,13.37,12226,200,conversions:offsite_conversion.fb_pixel_custom.ServiceBookingCompleted,
2025-04,120220257115320641,New Leads Ad,Baghdad | U/S,120220236537300641,MOF | Website | BRA | CBO $20,10.03,8003,85,conversions:offsite_conversion.fb_pixel_custom.ServiceBookingCompleted,1
2025-04,120220239795060641,Maadh Physio Video - Without Music,Baghdad | Physiotherapy,120220236537300641,MOF | Website | BRA | CBO $20,12.11,10990,91,conversions:offsite_conversion.fb_pixel_custom.ServiceBookingCompleted,1
2025-04,120220236537310641,Maadh Nursing Video 3,Baghdad | Nursing,120220236537300641,MOF | Website | BRA | CBO $20,16.34,12324,178,conversions:offsite_conversion.fb_pixel_custom.ServiceBookingCompleted,
2025-04,120219479808740641,Dr Visit - Ibraheem Reel - Copy,+A | Dr Visit | $20 - Copy,120216838023660641,Dr Visit | 3O | 2025/3/7,21.38,12406,406,onsite_conversion.messaging_conversation_started_7d,20
2025-04,120219479808700641,Dr Visit - summer,+A | Dr Visit | $20 - Copy,120216838023660641,Dr Visit | 3O | 2025/3/7,170.21,124744,2095,onsite_conversion.messaging_conversation_started_7d,87
2025-04,120217556052700641,Nursing Feb 2 - Hook 2 - Copy 2,🌟Nursing | LAL | $39 | Rich areas test,120216723498230641,Nursing | 3O | $37 | 2025/3/4,82,80718,1223,onsite_conversion.messaging_conversation_started_7d,55
2025-04,120217556052750641,Nursing Feb 2 - Hook 1 - Copy 2,🌟Nursing | LAL | $39 | Rich areas test,120216723498230641,Nursing | 3O | $37 | 2025/3/4,250.72,257226,5577,onsite_conversion.messaging_conversation_started_7d,210
2025-04,120217556052760641,Nursing Feb 1 - Hook 1 - Copy 2,🌟Nursing | LAL | $39 | Rich areas test,120216723498230641,Nursing | 3O | $37 | 2025/3/4,22.55,19642,337,onsite_conversion.messaging_conversation_started_7d,13
2025-04,120217556052690641,Nursing 2 - grandma - Copy,🌟Nursing | LAL | $39 | Rich areas test,120216723498230641,Nursing | 3O | $37 | 2025/3/4,62.3,49308,930,onsite_conversion.messaging_conversation_started_7d,54
2025-04,120217556052740641,Nursing Feb 1 - Hook 3 - Copy 2,🌟Nursing | LAL | $39 | Rich areas test,120216723498230641,Nursing | 3O | $37 | 2025/3/4,25.47,22010,428,onsite_conversion.messaging_conversation_started_7d,20
2025-04,120217556052730641,Maadh Nursing Video 3 | 2024 Nov 12 - Copy 2,🌟Nursing | LAL | $39 | Rich areas test,120216723498230641,Nursing | 3O | $37 | 2025/3/4,203.53,189987,3605,onsite_conversion.messaging_conversation_started_7d,160
2025-04,120217556052710641,Nursing Feb 1 - Hook 2 - Copy 2,🌟Nursing | LAL | $39 | Rich areas test,120216723498230641,Nursing | 3O | $37 | 2025/3/4,24.87,15888,237,onsite_conversion.messaging_conversation_started_7d,14
2025-04,120217375530660641,Surgery Ad 1 - Hook 3,Baghdad - Copy,120214772973230641,Surgery | Leads | 2025.2.1 | $6,20.1,17828,606,leadgen.other,20
2025-04,120217375530650641,Surgery Ad 1 - Hook 2,Baghdad - Copy,120214772973230641,Surgery | Leads | 2025.2.1 | $6,20.34,16706,678,leadgen.other,11
2025-04,120217375530670641,Surgery Ad 1 - Hook 1,Baghdad - Copy,120214772973230641,Surgery | Leads | 2025.2.1 | $6,56.4,39338,1666,leadgen.other,50
2025-04,120217971933650641,Hiring OMs 1,OMs,120217584669180641,Hiring | Wati | march 25,97.64,119836,4649,onsite_conversion.messaging_conversation_started_7d,391
2025-04,120219022530070641,TOF,New Leads Ad Set,120219022528740641,TOF | Website | Baghdad Rich Areas,188.07,135952,2130,conversions:offsite_conversion.fb_pixel_custom.ServiceBookingCompleted,9
2025-04,120218776823340641,Hiring u/s 1,u/s doc,120217584669180641,Hiring | Wati | march 25,22.95,36940,947,onsite_conversion.messaging_conversation_started_7d,48
2025-04,120218765019790641,Dr Visit - summer,+A | Dr Visit | $20,120216838023660641,Dr Visit | 3O | 2025/3/7,122.59,106438,1475,onsite_conversion.messaging_conversation_started_7d,69
2025-04,120217043693700641,Dr Visit - Grandpa - Copy 2,+A | Dr Visit | RAMADAN | $10,120216838023660641,Dr Visit | 3O | 2025/3/7,48.77,33774,783,onsite_conversion.messaging_conversation_started_7d,36
2025-04,120216996614340641,Ramadan Package Static,Lab Test | RAMADAN Package 2 | Static Ads | 2025.3.10,120210280693630641,📍Lab Test | Original Audince | 2024 Aug 14,0.93,601,22,onsite_conversion.messaging_conversation_started_7d,1
2025-04,120216882033080641,حجي حميد,$15 | Maximize number of impressions,120216881835510641,Ramadan Awareness Campaign,8.49,180565,126,reach,112019
2025-04,120216839432690641,Dr Visit - Ibraheem Reel - Copy,LAL | Dr Visit | $7,120216838023660641,Dr Visit | 3O | 2025/3/7,0.13,157,7,onsite_conversion.messaging_conversation_started_7d,3
2025-04,120216839418000641,Dr Visit - Grandpa - Copy 2,Retargeting | Dr Visit | $3,120216838023660641,Dr Visit | 3O | 2025/3/7,11.1,12378,280,onsite_conversion.messaging_conversation_started_7d,12
2025-04,120215843533240641,Ultrasound Maadh 1,Ultrasound,120210706668880641,📍Imaging Services | $8 | 2024 Sep 3,1.58,2448,35,onsite_conversion.messaging_conversation_started_7d,2
2025-04,120213906286230641,Ultrasound 3,Ultrasound,120210706668880641,📍Imaging Services | $8 | 2024 Sep 3,102.32,150871,3655,onsite_conversion.messaging_conversation_started_7d,140
2025-04,120212178027110641,Dr Visit - Grandpa,ORIGINAL ADUINCE,120209505761140641,Dr Visit | $5 | Testing,157.2,161758,3389,onsite_conversion.messaging_conversation_started_7d,148
2025-04,120212178025420641,Dr Visit - Kid,ORIGINAL ADUINCE,120209505761140641,Dr Visit | $5 | Testing,76.89,52158,1190,onsite_conversion.messaging_conversation_started_7d,77
2025-04,120208947042510641,AirBag Dr Visit - Vertical,CTA | Airbag Dr Visit,120208943174270641,Omni Awareness Campaign,29.56,295252,363,reach,244141
2025-04,120208946723510641,اشعة وايكو,EDU content 3,120208943174270641,Omni Awareness Campaign,29.79,294920,304,reach,243636
2025-04,120208946723490641,بعدك تضم فحوصاتك و تحاليلك بال جرار؟,EDU content 2,120208943174270641,Omni Awareness Campaign,29.61,292919,250,reach,233695
2025-04,120208946723430641,شنو هو تطبيق سليم؟,EDU content 1,120208943174270641,Omni Awareness Campaign,29.74,296094,251,reach,242966
2025-04,120216996516600641,Ramadan Package,Lab Test | RAMADAN Package | 2025.3.10,120210280693630641,📍Lab Test | Original Audince | 2024 Aug 14,2.05,970,47,onsite_conversion.messaging_conversation_started_7d,4
2025-04,120216882007490641,اعلان رمضان,$15 | Maximize number of impressions,120216881835510641,Ramadan Awareness Campaign,38.14,818053,819,reach,402451
2025-04,120216881985500641,اعلان رمضان,‎$10 | recall lift - اعلان رمضان,120216881835510641,Ramadan Awareness Campaign,31.42,454057,503,estimated_ad_recallers,2920
2025-04,120216881835570641,حجي حميد,$10 | recall lift - حجي حميد,120216881835510641,Ramadan Awareness Campaign,31.22,423118,474,estimated_ad_recallers,1380
2025-04,120216839432720641,Dr Visit - Granny - Copy 2,LAL | Dr Visit | $7,120216838023660641,Dr Visit | 3O | 2025/3/7,0.55,533,11,onsite_conversion.messaging_conversation_started_7d,1
2025-04,120216839417970641,Dr Visit - Kid - Copy 2,Retargeting | Dr Visit | $3,120216838023660641,Dr Visit | 3O | 2025/3/7,58.84,64304,1520,onsite_conversion.messaging_conversation_started_7d,73
2025-04,120216839417990641,Dr Visit - Granny - Copy 2,Retargeting | Dr Visit | $3,120216838023660641,Dr Visit | 3O | 2025/3/7,2.24,2353,32,onsite_conversion.messaging_conversation_started_7d,1
2025-04,120216839432710641,Dr Visit - Grandpa - Copy 2,LAL | Dr Visit | $7,120216838023660641,Dr Visit | 3O | 2025/3/7,56.54,69710,1426,onsite_conversion.messaging_conversation_started_7d,52
2025-04,120216839399880641,Dr Visit - Ibraheem Reel - Copy,+A | Dr Visit | $20,120216838023660641,Dr Visit | 3O | 2025/3/7,5.46,4417,129,onsite_conversion.messaging_conversation_started_7d,4
2025-04,120216839432680641,Dr Visit - Kid - Copy 2,LAL | Dr Visit | $7,120216838023660641,Dr Visit | 3O | 2025/3/7,89.3,91775,1930,onsite_conversion.messaging_conversation_started_7d,111
2025-04,120216421912250641,X-Ray - Feb - Hook 1,X-Ray - Wati,120210706668880641,📍Imaging Services | $8 | 2024 Sep 3,40.08,64717,819,onsite_conversion.messaging_conversation_started_7d,42
2025-04,120216421999210641,X-Ray - Feb - Hook 3,X-Ray - Wati,120210706668880641,📍Imaging Services | $8 | 2024 Sep 3,2.16,2653,35,onsite_conversion.messaging_conversation_started_7d,4
2025-04,120216421992980641,X-Ray - Feb - Hook 2,X-Ray - Wati,120210706668880641,📍Imaging Services | $8 | 2024 Sep 3,5.47,4299,95,onsite_conversion.messaging_conversation_started_7d,5
2025-04,120215843533250641,Ultrasound Maadh 2,Ultrasound,120210706668880641,📍Imaging Services | $8 | 2024 Sep 3,1.45,2311,31,onsite_conversion.messaging_conversation_started_7d,2
2025-04,120215641798450641,X-Ray - Copy,X-Ray - Wati,120210706668880641,📍Imaging Services | $8 | 2024 Sep 3,122.22,112022,3701,onsite_conversion.messaging_conversation_started_7d,182
2025-04,120213906059440641,Ultrasound 3,implementation Ultrasound,120208943174270641,Omni Awareness Campaign,29.68,306510,1156,reach,221688
2025-04,120212178031010641,Dr Visit - Granny,ORIGINAL ADUINCE,120209505761140641,Dr Visit | $5 | Testing,6.3,4479,97,onsite_conversion.messaging_conversation_started_7d,4
2025-04,120208946723390641,Echo,implementation Echo,120208943174270641,Omni Awareness Campaign,29.71,296426,874,reach,227188
2025-04,120208946996920641,AirBag Nursing - Vertical,CTA | Airbag Nursing,120208943174270641,Omni Awareness Campaign,29.72,295972,404,reach,242989
2025-04,120208946723380641,ٍReview | DrVisit,ٍReview | DrVisit,120208943174270641,Omni Awareness Campaign,29.72,292912,405,reach,229533
2025-04,120208946723300641,Review | Nursing,Review | Nursing,120208943174270641,Omni Awareness Campaign,29.69,297528,384,reach,222085
2025-04,120208946723400641,Review | Physiotherapy,Review | Physiotherapy,120208943174270641,Omni Awareness Campaign,29.69,295763,385,reach,224756
2025-04,120208946723460641,Nursing,implementation Nursing/Lab Test,120208943174270641,Omni Awareness Campaign,29.56,291925,553,reach,233643
2025-04,120208960402880641,AirBag Physiotherapy - Vertical,CTA | Airbag Physiotherapy,120208943174270641,Omni Awareness Campaign,29.61,293136,343,reach,238429
2025-04,120208780937960641,AirBag Nursing - Vertical,iOS | Original Audience | Airbag Nursing | $2 | 2024 May 27 - Copy,120208780823020641,App Installs | iOS | 2024 May 27,59.75,127141,2066,mobile_app_install,
2025-04,120208780937970641,AirBag Dr Visit - Vertical,iOS | Original Audience | Airbag Doctor Visit | $2 | 2024 May 27 - Copy,120208780823020641,App Installs | iOS | 2024 May 27,59.9,127466,1972,mobile_app_install,
2025-04,120208780823080641,AirBag Physiotherapy - Vertical,iOS | Original Audience | Airbag Physiotherapy | $2 | 2024 May 27,120208780823020641,App Installs | iOS | 2024 May 27,59.71,111738,1744,mobile_app_install,
2025-04,120208780781340641,AirBag Dr Visit - Vertical,Android | Original Audience | Airbag Doctor Visit | $2 | 2024 May 27,120208780726700641,App Installs | Android | 2024 May 27,59.92,261680,1785,mobile_app_install,
2025-04,120208780781350641,AirBag Nursing - Vertical,Android | Original Audience | Airbag Nursing | $2 | 2024 May 27,120208780726700641,App Installs | Android | 2024 May 27,59.84,287983,1487,mobile_app_install,
2025-04,120208780727070641,AirBag Physiotherapy - Vertical,Android | Original Audience | Airbag Physiotherapy | $2 | 2024 May 27,120208780726700641,App Installs | Android | 2024 May 27,60.11,175019,1946,mobile_app_install,
2025-04,120220667883760641,U/S april-2,Baghdad | U/S,120220666264530641,MOF | Whatsapp | BRA | CBO $25,69.57,100931,1582,onsite_conversion.messaging_conversation_started_7d,69
2025-04,120216914043290641,New Engagement Ad,Physio | حجي حميد | $10,120210789115000641,📍🌟Physiotherapy | $25 | Original Audience | 2024 Sep 6,297,96510,3323,onsite_conversion.messaging_conversation_started_7d,181
2025-04,120211593301160641,Maadh Physio Video - With Music - Copy,Top creatives | $5 | LAL | 2024 Sep 9,120210789294890641,📍🌟Physiotherapy | $10 | LAL | 2024 Sep 6,2.72,3382,65,onsite_conversion.messaging_conversation_started_7d,4
2025-04,120211593301150641,Maadh Physio Video - Without Music - Copy,Top creatives | $5 | LAL | 2024 Sep 9,120210789294890641,📍🌟Physiotherapy | $10 | LAL | 2024 Sep 6,296.79,418568,6699,onsite_conversion.messaging_conversation_started_7d,391
2025-04,120216882515490641,حجي حميد,Top 3 creatives | $25 | Original Audience | 2024 Sep 6,120210789115000641,📍🌟Physiotherapy | $25 | Original Audience | 2024 Sep 6,0.03,26,0,onsite_conversion.messaging_conversation_started_7d,
2025-04,120214545342120641,Physio 25.1.25 - Hook 1,Top 3 creatives | $25 | Original Audience | 2024 Sep 6,120210789115000641,📍🌟Physiotherapy | $25 | Original Audience | 2024 Sep 6,501.04,619481,9043,onsite_conversion.messaging_conversation_started_7d,525
2025-04,120214331349050641,Physio 25.1.21 - Hook 2,Top 3 creatives | $25 | Original Audience | 2024 Sep 6,120210789115000641,📍🌟Physiotherapy | $25 | Original Audience | 2024 Sep 6,207.67,120122,3906,onsite_conversion.messaging_conversation_started_7d,201
2025-04,120214331349900641,Physio 25.1.21 - Hook 3,Top 3 creatives | $25 | Original Audience | 2024 Sep 6,120210789115000641,📍🌟Physiotherapy | $25 | Original Audience | 2024 Sep 6,40.41,39766,764,onsite_conversion.messaging_conversation_started_7d,43
2025-04,120220265377220641,us april 1,Ultrasound | april 2025 | $5,120210706668880641,📍Imaging Services | $8 | 2024 Sep 3,1.2,1527,36,onsite_conversion.messaging_conversation_started_7d,1
2025-04,120213933220710641,X-Ray 2,X-Ray,120210706668880641,📍Imaging Services | $8 | 2024 Sep 3,2.92,2268,116,onsite_conversion.messaging_conversation_started_7d,3
2025-04,120214331408360641,Physio 25.1.21 - Hook 1 - Copy,Original Audince,120208900306680641,📍Physiotherapy | $6 | Testing,2.26,2742,41,onsite_conversion.messaging_conversation_started_7d,3
2025-04,120214545485150641,Physio 25.1.25 - Hook 3 - Copy,Original Audince,120208900306680641,📍Physiotherapy | $6 | Testing,22.81,34391,538,onsite_conversion.messaging_conversation_started_7d,31
2025-04,120216528297230641,Ibraheem Reel,Wound Care | TESTING | A+,120212225335390641,📍Wound Care | 2024/11/5,197.91,85340,2852,onsite_conversion.messaging_conversation_started_7d,97
2025-04,120212225335540641,BedSore Old Granny video 2,Wound Care | TESTING | A+,120212225335390641,📍Wound Care | 2024/11/5,135.72,88383,2223,onsite_conversion.messaging_conversation_started_7d,45
2025-04,120214545485170641,Physio 25.1.25 - Hook 2 - Copy,Original Audince,120208900306680641,📍Physiotherapy | $6 | Testing,0.17,227,8,onsite_conversion.messaging_conversation_started_7d,
2025-04,120220819116600641,Nursing Feb 2 - Hook 1,LAL VV 1% - $10 | Nursing Feb 2 - Hook 1,120220813947310641,📍Nursing | $35,192.03,127860,2562,onsite_conversion.messaging_conversation_started_7d,74
2025-04,120214545485160641,Physio 25.1.25 - Hook 1 - Copy,Original Audince,120208900306680641,📍Physiotherapy | $6 | Testing,0.21,428,8,onsite_conversion.messaging_conversation_started_7d,
2025-04,120214331408350641,Physio 25.1.21 - Hook 2 - Copy,Original Audince,120208900306680641,📍Physiotherapy | $6 | Testing,3.92,3895,92,onsite_conversion.messaging_conversation_started_7d,3
2025-04,120214331408370641,Physio 25.1.21 - Hook 3 - Copy,Original Audince,120208900306680641,📍Physiotherapy | $6 | Testing,0.06,86,1,onsite_conversion.messaging_conversation_started_7d,
2025-04,120220820768710641,Dr Visit no music,LAL 1% - $15 | Dr Visit no music,120220820768680641,Dr Visit,68.94,103162,1595,onsite_conversion.messaging_conversation_started_7d,78
2025-04,120220823034740641,Dr Visit - Grandma,LAL 1% - $15 | kid+grndma+grndpa,120220820768680641,Dr Visit,15.75,19951,388,onsite_conversion.messaging_conversation_started_7d,13
2025-04,120220820768700641,Dr Visit - Kid,LAL 1% - $15 | kid+grndma+grndpa,120220820768680641,Dr Visit,14.67,19898,355,onsite_conversion.messaging_conversation_started_7d,14
2025-04,120220824932220641,Dr Visit - Granpa,LAL 1% - $15 | kid+grndma+grndpa,120220820768680641,Dr Visit,12.67,17763,339,onsite_conversion.messaging_conversation_started_7d,6
2025-04,120216530387900641,Ultrasound - Feb - Hook 2,Ultrasound,120210706668880641,📍Imaging Services | $8 | 2024 Sep 3,1.91,3159,49,onsite_conversion.messaging_conversation_started_7d,2
2025-04,120216530155520641,Ultrasound - Feb - Hook 1,Ultrasound,120210706668880641,📍Imaging Services | $8 | 2024 Sep 3,0.84,687,4,onsite_conversion.messaging_conversation_started_7d,
2025-04,120218766829230641,Surgery Ad 2 - Hook 2,Baghdad - Copy,120214772973230641,Surgery | Leads | 2025.2.1 | $6,16.13,11044,122,leadgen.other,3
2025-04,120218765586270641,Surgery Ad 2 - Hook 1,Baghdad - Copy,120214772973230641,Surgery | Leads | 2025.2.1 | $6,30.62,20968,340,leadgen.other,4
2025-04,120218766945530641,Surgery Ad 2 - Hook 3,Baghdad - Copy,120214772973230641,Surgery | Leads | 2025.2.1 | $6,20.79,14534,195,leadgen.other,3
2025-04,120216839399900641,Dr Visit - Granny - Copy 2,+A | Dr Visit | $20,120216838023660641,Dr Visit | 3O | 2025/3/7,0.42,375,10,onsite_conversion.messaging_conversation_started_7d,
2025-04,120216839399890641,Dr Visit - Grandpa - Copy 2,+A | Dr Visit | $20,120216838023660641,Dr Visit | 3O | 2025/3/7,57.43,71075,1457,onsite_conversion.messaging_conversation_started_7d,60
2025-04,120216839399910641,Dr Visit - Kid - Copy 2,+A | Dr Visit | $20,120216838023660641,Dr Visit | 3O | 2025/3/7,39.47,47881,968,onsite_conversion.messaging_conversation_started_7d,44
2025-05,120222834173700641,AirBag Nursing - Vertical - Copy,AirBag Videos. | $12,120222834173730641,Profile Traffic Campaign (Followers) | $12 | May 7,61.27,207303,2434,total_profile_visits,2452
2025-05,120222834173710641,AirBag Physiotherapy - Vertical - Copy,AirBag Videos. | $12,120222834173730641,Profile Traffic Campaign (Followers) | $12 | May 7,206.59,315702,8133,total_profile_visits,8054
2025-05,120222834173720641,AirBag Dr Visit - Vertical - Copy,AirBag Videos. | $12,120222834173730641,Profile Traffic Campaign (Followers) | $12 | May 7,23.96,50195,1020,total_profile_visits,1002
2025-05,120224400086410641,Dr Visit ali juma edit - full,Dr Visit VV %1+%2 LAL | $10,120224400085400641,Dr Visit Main | $35 - Copy,6.16,4743,74,onsite_conversion.messaging_conversation_started_7d,4
2025-05,120224400086050641,Lab Test REEL 1,Lab Test | Creative Testing | 2024 Aug 14,120224400085510641,Lab Test | Original Audince | 2024 Aug 14 - Copy,0.2,135,2,onsite_conversion.messaging_conversation_started_7d,
2025-05,120224400086770641,Dr Visit ali juma edit - Maad Cut,Dr Visit VV %1+%2 LAL | $10,120224400085400641,Dr Visit Main | $35 - Copy,11.5,7268,121,onsite_conversion.messaging_conversation_started_7d,
2025-05,120224400084930641,physio may 1 - H4 v2 - price - Copy,Top creatives | $5 | LAL | 2024 Sep 9,120224400085610641,🌟Physiotherapy | $10 | LAL | 2024 Sep 6 - Copy,1.25,1031,13,onsite_conversion.messaging_conversation_started_7d,
2025-05,120224400085030641,physio may 1 - H2 - price - Copy,Top creatives | $5 | LAL | 2024 Sep 9,120224400085610641,🌟Physiotherapy | $10 | LAL | 2024 Sep 6 - Copy,0.8,679,12,onsite_conversion.messaging_conversation_started_7d,
2025-05,120224400085390641,physio may 1 - H5 v2 - price - Copy,Top creatives | $5 | LAL | 2024 Sep 9,120224400085610641,🌟Physiotherapy | $10 | LAL | 2024 Sep 6 - Copy,18.04,17648,273,onsite_conversion.messaging_conversation_started_7d,13
2025-05,120224400085720641,Nursing May 1 - H2 - Copy,Nursing | Sales + call center LAL | $10,120224400085640641,Nursing | $35 - Copy,6.45,6263,103,onsite_conversion.messaging_conversation_started_7d,4
2025-05,120224400085920641,Nursing May 1 - H2 - Copy,LAL VV 1% - $10 | Nursing Feb 2 - Hook 1,120224400085640641,Nursing | $35 - Copy,10.06,9567,227,onsite_conversion.messaging_conversation_started_7d,9
2025-05,120224400084970641,Ibraheem Reel,Wound Care | Sales LAL,120224400085620641,Wound Care | 2024/11/5 - Copy,14.56,7836,200,onsite_conversion.messaging_conversation_started_7d,1
2025-05,120224400086150641,Ibraheem physio 1,Original Audince,120224400085600641,Physiotherapy | $6 | Testing - Copy,14.33,17799,268,onsite_conversion.messaging_conversation_started_7d,13
2025-05,120224400085740641,Nursing May 1 - H4,Nursing | Broad | $15,120224400085640641,Nursing | $35 - Copy,36.02,33754,647,onsite_conversion.messaging_conversation_started_7d,26
2025-05,120224400085360641,physio may 1 - H3 - price - Copy,Top creatives | $5 | LAL | 2024 Sep 9,120224400085610641,🌟Physiotherapy | $10 | LAL | 2024 Sep 6 - Copy,1.91,2260,47,onsite_conversion.messaging_conversation_started_7d,2
2025-05,120224400085570641,physio may 1 - H4 v2 - price,Physiotherapy | Broad | $20,120224400085540641,Physiotherapy Main | Sales Objective - Copy,4.19,11788,472,link_click,440
2025-05,120224400085060641,قرح الفراش احمد حسين ونواف,Wound Care | Sales LAL,120224400085620641,Wound Care | 2024/11/5 - Copy,20.08,9859,300,onsite_conversion.messaging_conversation_started_7d,9
2025-05,120224400084950641,physio may 1 - H1 - price - Copy,Top creatives | $5 | LAL | 2024 Sep 9,120224400085610641,🌟Physiotherapy | $10 | LAL | 2024 Sep 6 - Copy,0.98,1006,5,onsite_conversion.messaging_conversation_started_7d,
2025-05,120224400085500641,physio may 1 - H2 - price,Physiotherapy | Broad | $20,120224400085540641,Physiotherapy Main | Sales Objective - Copy,0.28,704,31,link_click,30
2025-05,120224400086890641,Dr Visit ali juma edit - full - Copy 2,Dr Visit | Broad | $20,120224400085400641,Dr Visit Main | $35 - Copy,18.05,9820,224,onsite_conversion.messaging_conversation_started_7d,8
2025-05,120224400085870641,Nursing May 1 - H6 - Copy,LAL VV 1% - $10 | Nursing Feb 2 - Hook 1,120224400085640641,Nursing | $35 - Copy,2.5,2752,41,onsite_conversion.messaging_conversation_started_7d,
2025-05,120224400086860641,Dr Visit ali juma edit - Maad Cut,Dr Visit | CC+Customers LAL | $10,120224400085400641,Dr Visit Main | $35 - Copy,28.99,18154,318,onsite_conversion.messaging_conversation_started_7d,12
2025-05,120224400086730641,X-Ray - Copy,X-Ray,120224400085590641,Imaging Services | $8 | 2024 Sep 3 - Copy,9.16,7694,194,onsite_conversion.messaging_conversation_started_7d,10
2025-05,120224400086720641,X-Ray,X-Ray,120224400085590641,Imaging Services | $8 | 2024 Sep 3 - Copy,14.25,10238,285,onsite_conversion.messaging_conversation_started_7d,9
2025-05,120224400085730641,Nursing May 1 - H3,Nursing | Broad | $15,120224400085640641,Nursing | $35 - Copy,1.1,1601,24,onsite_conversion.messaging_conversation_started_7d,2
2025-05,120224400085560641,physio may 1 - H1 - price,Physiotherapy | Broad | $20,120224400085540641,Physiotherapy Main | Sales Objective - Copy,13.82,36097,1577,link_click,1524
2025-05,120224400085150641,physio may 1 - H5 v2 - price - Copy,Top 3 creatives | $25 | Original Audience | 2024 Sep 6,120224400085780641,🌟Physiotherapy | $25 | Original Audience | 2024 Sep 6 - Copy,15.9,12988,175,onsite_conversion.messaging_conversation_started_7d,9
2025-05,120224400086190641,Physiotherapy March 1 - Hook 1,Original Audince,120224400085600641,Physiotherapy | $6 | Testing - Copy,4.65,5266,67,onsite_conversion.messaging_conversation_started_7d,5
2025-05,120224400085290641,physio may 1 - H2 - price - Copy,Top 3 creatives | $25 | Original Audience | 2024 Sep 6,120224400085780641,🌟Physiotherapy | $25 | Original Audience | 2024 Sep 6 - Copy,0.67,568,12,onsite_conversion.messaging_conversation_started_7d,1
2025-05,120224400085240641,physio may 1 - H6 v2 - price - Copy,Top 3 creatives | $25 | Original Audience | 2024 Sep 6,120224400085780641,🌟Physiotherapy | $25 | Original Audience | 2024 Sep 6 - Copy,10.74,8876,112,onsite_conversion.messaging_conversation_started_7d,10
2025-05,120224400084960641,physio may 1 - H4 v1 - price - Copy,Top creatives | $5 | LAL | 2024 Sep 9,120224400085610641,🌟Physiotherapy | $10 | LAL | 2024 Sep 6 - Copy,3.01,2228,27,onsite_conversion.messaging_conversation_started_7d,1
2025-05,120224400085810641,Nursing May 1 - H1,Nursing | Broad | $15,120224400085640641,Nursing | $35 - Copy,4.86,4549,70,onsite_conversion.messaging_conversation_started_7d,3
2025-05,120224400085470641,physio may 1 - H6 v2 - price,Physiotherapy | Broad | $20,120224400085540641,Physiotherapy Main | Sales Objective - Copy,3.37,11726,371,link_click,267
2025-05,120224400085210641,physio may 1 - H4 v2 - price - Copy,Top 3 creatives | $25 | Original Audience | 2024 Sep 6,120224400085780641,🌟Physiotherapy | $25 | Original Audience | 2024 Sep 6 - Copy,2.3,1842,24,onsite_conversion.messaging_conversation_started_7d,
2025-05,120224400085580641,physio may 1 - H4 v1 - price,Physiotherapy | Broad | $20,120224400085540641,Physiotherapy Main | Sales Objective - Copy,2.59,6341,247,link_click,217
2025-05,120224400085190641,physio may 1 - H3 - price - Copy,Top 3 creatives | $25 | Original Audience | 2024 Sep 6,120224400085780641,🌟Physiotherapy | $25 | Original Audience | 2024 Sep 6 - Copy,28.32,30664,428,onsite_conversion.messaging_conversation_started_7d,15
2025-05,120224400086670641,us april 2,Ultrasound | april 2025 | $5,120224400085590641,Imaging Services | $8 | 2024 Sep 3 - Copy,46.15,50470,992,onsite_conversion.messaging_conversation_started_7d,41
2025-05,120224400086760641,Dr Visit ali juma edit - full,Dr Visit | CC+Customers LAL | $10,120224400085400641,Dr Visit Main | $35 - Copy,6.46,5301,61,onsite_conversion.messaging_conversation_started_7d,
2025-05,120224400085670641,Nursing May 1 - H5 - Copy,Nursing | Sales + call center LAL | $10,120224400085640641,Nursing | $35 - Copy,2.92,3006,69,onsite_conversion.messaging_conversation_started_7d,
2025-05,120224400085010641,‎قرح الفراش احمد حسين ونواف‎,Wound Care | TESTING | A+,120224400085620641,Wound Care | 2024/11/5 - Copy,21.27,13891,441,onsite_conversion.messaging_conversation_started_7d,5
2025-05,120224400085690641,Nursing May 1 - H1 - Copy,Nursing | Sales + call center LAL | $10,120224400085640641,Nursing | $35 - Copy,0.59,485,6,onsite_conversion.messaging_conversation_started_7d,
2025-05,120224400085830641,Nursing May 1 - H1 - Copy,LAL VV 1% - $10 | Nursing Feb 2 - Hook 1,120224400085640641,Nursing | $35 - Copy,0.86,901,30,onsite_conversion.messaging_conversation_started_7d,
2025-05,120224400085490641,physio may 1 - H5 v2 - price,Physiotherapy | Broad | $20,120224400085540641,Physiotherapy Main | Sales Objective - Copy,22.4,61392,2917,link_click,2884
2025-05,120224400085000641,physio may 1 - H6 v2 - price - Copy,Top creatives | $5 | LAL | 2024 Sep 9,120224400085610641,🌟Physiotherapy | $10 | LAL | 2024 Sep 6 - Copy,9.42,8162,138,onsite_conversion.messaging_conversation_started_7d,4
2025-05,120224400085650641,Nursing May 1 - H3 - Copy,LAL VV 1% - $10 | Nursing Feb 2 - Hook 1,120224400085640641,Nursing | $35 - Copy,0.41,573,7,onsite_conversion.messaging_conversation_started_7d,
2025-05,120224400085040641,BedSore Old Granny video 2,Wound Care | Sales LAL,120224400085620641,Wound Care | 2024/11/5 - Copy,6.14,4144,105,onsite_conversion.messaging_conversation_started_7d,2
2025-05,120224400085180641,physio may 1 - H1 - price - Copy,Top 3 creatives | $25 | Original Audience | 2024 Sep 6,120224400085780641,🌟Physiotherapy | $25 | Original Audience | 2024 Sep 6 - Copy,23.93,18043,294,onsite_conversion.messaging_conversation_started_7d,19
2025-05,120224400086260641,Physiotherapy March 1 - Hook 2,Original Audince,120224400085600641,Physiotherapy | $6 | Testing - Copy,2.3,1934,40,onsite_conversion.messaging_conversation_started_7d,1
2025-05,120224400085660641,Nursing May 1 - H6 - Copy,Nursing | Sales + call center LAL | $10,120224400085640641,Nursing | $35 - Copy,6.86,7295,115,onsite_conversion.messaging_conversation_started_7d,3
2025-05,120224400085520641,physio may 1 - H3 - price,Physiotherapy | Broad | $20,120224400085540641,Physiotherapy Main | Sales Objective - Copy,24.37,49179,2512,link_click,2405
2025-05,120224400085800641,Nursing May 1 - H2,Nursing | Broad | $15,120224400085640641,Nursing | $35 - Copy,17.77,20717,417,onsite_conversion.messaging_conversation_started_7d,16
2025-05,120224400085850641,Nursing May 1 - H4 - Copy,LAL VV 1% - $10 | Nursing Feb 2 - Hook 1,120224400085640641,Nursing | $35 - Copy,3.64,2672,46,onsite_conversion.messaging_conversation_started_7d,2
2025-05,120224400086740641,Echo,Echo,120224400085590641,Imaging Services | $8 | 2024 Sep 3 - Copy,10.64,14050,316,onsite_conversion.messaging_conversation_started_7d,10
2025-05,120224400085710641,Nursing May 1 - H4 - Copy,Nursing | Sales + call center LAL | $10,120224400085640641,Nursing | $35 - Copy,18.06,14374,259,onsite_conversion.messaging_conversation_started_7d,14
2025-05,120224400085700641,Nursing May 1 - H5,Nursing | Broad | $15,120224400085640641,Nursing | $35 - Copy,9.8,11208,163,onsite_conversion.messaging_conversation_started_7d,5
2025-05,120224400086510641,Dr Visit ali juma edit - full - Copy,Dr Visit | Broad | $20,120224400085400641,Dr Visit Main | $35 - Copy,2.75,1757,27,onsite_conversion.messaging_conversation_started_7d,
2025-05,120224400085790641,Nursing May 1 - H6,Nursing | Broad | $15,120224400085640641,Nursing | $35 - Copy,1.41,1220,28,onsite_conversion.messaging_conversation_started_7d,3
2025-05,120224400085840641,Nursing May 1 - H5 - Copy,LAL VV 1% - $10 | Nursing Feb 2 - Hook 1,120224400085640641,Nursing | $35 - Copy,0.24,263,6,onsite_conversion.messaging_conversation_started_7d,
2025-05,120224400085280641,Nursing May 1 - H3 - Copy,Nursing | Sales + call center LAL | $10,120224400085640641,Nursing | $35 - Copy,0.59,601,8,onsite_conversion.messaging_conversation_started_7d,2
2025-05,120224400086060641,lab test apr 1,Lab Test | Creative Testing | 2024 Aug 14,120224400085510641,Lab Test | Original Audince | 2024 Aug 14 - Copy,35.12,22071,509,onsite_conversion.messaging_conversation_started_7d,31
2025-05,120224400086650641,Dr Visit Static 1,Dr Visit VV %1+%2 LAL | $10 - STATIC,120224400085400641,Dr Visit Main | $35 - Copy,1.42,1439,31,onsite_conversion.messaging_conversation_started_7d,1
2025-05,120224400085220641,physio may 1 - H4 v1 - price - Copy,Top 3 creatives | $25 | Original Audience | 2024 Sep 6,120224400085780641,🌟Physiotherapy | $25 | Original Audience | 2024 Sep 6 - Copy,6.85,6221,77,onsite_conversion.messaging_conversation_started_7d,3
2025-05,120224400086420641,Dr Visit - Ibraheem Reel,Dr Visit | Broad | $20,120224400085400641,Dr Visit Main | $35 - Copy,32.38,20956,528,onsite_conversion.messaging_conversation_started_7d,23
2025-05,120224400086820641,Dr Visit Static 2,Dr Visit VV %1+%2 LAL | $10 - STATIC,120224400085400641,Dr Visit Main | $35 - Copy,16.25,11136,186,onsite_conversion.messaging_conversation_started_7d,9
2025-05,120224163608700641,مبيعات سرطان الثدي - بدون موسيقى,Lab Test | Breast Cancer | 2025 Mayb 24,120210280693630641,📍Lab Test | Original Audince | 2024 Aug 14,0.64,354,12,onsite_conversion.messaging_conversation_started_7d,1
2025-05,120224164954960641,‎مبيعات سرطان الثدي - مع موسيقى‎ - Copy,Lab Test | Breast Cancer | 2025 Mayb 24,120210280693630641,📍Lab Test | Original Audince | 2024 Aug 14,9.67,7577,323,onsite_conversion.messaging_conversation_started_7d,44
2025-05,120223432964310641,New Sales Ad,Saleem Bag,120223432964300641,Saleem Bag $15,80.4,59477,1979,offsite_conversion.fb_pixel_purchase,6
2025-05,120223550624530641,Nursing May 1 - H2 - Copy,Nursing | Sales + call center LAL | $10,120220813947310641,📍Nursing | $35,25.93,26955,555,onsite_conversion.messaging_conversation_started_7d,23
2025-05,120223550645960641,Nursing May 1 - H1 - Copy,LAL VV 1% - $10 | Nursing Feb 2 - Hook 1,120220813947310641,📍Nursing | $35,4.55,5253,98,onsite_conversion.messaging_conversation_started_7d,4
2025-05,120223550645970641,Nursing May 1 - H4 - Copy,LAL VV 1% - $10 | Nursing Feb 2 - Hook 1,120220813947310641,📍Nursing | $35,24.22,22174,382,onsite_conversion.messaging_conversation_started_7d,19
2025-05,120223550624520641,Nursing May 1 - H4 - Copy,Nursing | Sales + call center LAL | $10,120220813947310641,📍Nursing | $35,20.51,17909,365,onsite_conversion.messaging_conversation_started_7d,15
2025-05,120223550624500641,Nursing May 1 - H1 - Copy,Nursing | Sales + call center LAL | $10,120220813947310641,📍Nursing | $35,106.82,126142,3101,onsite_conversion.messaging_conversation_started_7d,99
2025-05,120223550624480641,Nursing May 1 - H5 - Copy,Nursing | Sales + call center LAL | $10,120220813947310641,📍Nursing | $35,11.32,14791,390,onsite_conversion.messaging_conversation_started_7d,8
2025-05,120223550645940641,Nursing May 1 - H3 - Copy,LAL VV 1% - $10 | Nursing Feb 2 - Hook 1,120220813947310641,📍Nursing | $35,5.84,8250,119,onsite_conversion.messaging_conversation_started_7d,7
2025-05,120223550645980641,Nursing May 1 - H2 - Copy,LAL VV 1% - $10 | Nursing Feb 2 - Hook 1,120220813947310641,📍Nursing | $35,13.8,14287,329,onsite_conversion.messaging_conversation_started_7d,14
2025-05,120223550624510641,Nursing May 1 - H6 - Copy,Nursing | Sales + call center LAL | $10,120220813947310641,📍Nursing | $35,6.37,9985,176,onsite_conversion.messaging_conversation_started_7d,5
2025-05,120223550645990641,Nursing May 1 - H6 - Copy,LAL VV 1% - $10 | Nursing Feb 2 - Hook 1,120220813947310641,📍Nursing | $35,9.23,11392,215,onsite_conversion.messaging_conversation_started_7d,11
2025-05,120223550645950641,Nursing May 1 - H5 - Copy,LAL VV 1% - $10 | Nursing Feb 2 - Hook 1,120220813947310641,📍Nursing | $35,14.82,16653,357,onsite_conversion.messaging_conversation_started_7d,10
2025-05,120223550624490641,Nursing May 1 - H3 - Copy,Nursing | Sales + call center LAL | $10,120220813947310641,📍Nursing | $35,3.48,4304,112,onsite_conversion.messaging_conversation_started_7d,4
2025-05,120223474805810641,Nursing May 1 - H1,Nursing | Broad | $15,120220813947310641,📍Nursing | $35,87.4,107751,2421,onsite_conversion.messaging_conversation_started_7d,83
2025-05,120223474805790641,Nursing May 1 - H6,Nursing | Broad | $15,120220813947310641,📍Nursing | $35,12.88,19456,306,onsite_conversion.messaging_conversation_started_7d,6
2025-05,120223474805830641,Nursing May 1 - H4,Nursing | Broad | $15,120220813947310641,📍Nursing | $35,98.87,113778,1901,onsite_conversion.messaging_conversation_started_7d,88
2025-05,120223457056320641,Nursing May 1 - H5,Nursing | Broad | $15,120220813947310641,📍Nursing | $35,35.56,53423,1046,onsite_conversion.messaging_conversation_started_7d,30
2025-05,120223474805800641,Nursing May 1 - H2,Nursing | Broad | $15,120220813947310641,📍Nursing | $35,44.64,57959,1043,onsite_conversion.messaging_conversation_started_7d,52
2025-05,120223474805820641,Nursing May 1 - H3,Nursing | Broad | $15,120220813947310641,📍Nursing | $35,40.65,45206,879,onsite_conversion.messaging_conversation_started_7d,17
2025-05,120223436409440641,physio may 1 - H6 v2 - price - Copy,Top creatives | $5 | LAL | 2024 Sep 9,120210789294890641,📍🌟Physiotherapy | $10 | LAL | 2024 Sep 6,5.18,5596,93,onsite_conversion.messaging_conversation_started_7d,10
2025-05,120223436409400641,physio may 1 - H5 v2 - price - Copy,Top creatives | $5 | LAL | 2024 Sep 9,120210789294890641,📍🌟Physiotherapy | $10 | LAL | 2024 Sep 6,112.89,112451,1775,onsite_conversion.messaging_conversation_started_7d,76
2025-05,120223436409410641,physio may 1 - H4 v1 - price - Copy,Top creatives | $5 | LAL | 2024 Sep 9,120210789294890641,📍🌟Physiotherapy | $10 | LAL | 2024 Sep 6,1.42,1240,27,onsite_conversion.messaging_conversation_started_7d,1
2025-05,120223436409430641,physio may 1 - H1 - price - Copy,Top creatives | $5 | LAL | 2024 Sep 9,120210789294890641,📍🌟Physiotherapy | $10 | LAL | 2024 Sep 6,7.53,7375,121,onsite_conversion.messaging_conversation_started_7d,8
2025-05,120223436409390641,physio may 1 - H3 - price - Copy,Top creatives | $5 | LAL | 2024 Sep 9,120210789294890641,📍🌟Physiotherapy | $10 | LAL | 2024 Sep 6,8.37,10109,168,onsite_conversion.messaging_conversation_started_7d,11
2025-05,120223436409380641,physio may 1 - H2 - price - Copy,Top creatives | $5 | LAL | 2024 Sep 9,120210789294890641,📍🌟Physiotherapy | $10 | LAL | 2024 Sep 6,8.48,8141,115,onsite_conversion.messaging_conversation_started_7d,4
2025-05,120223436409420641,physio may 1 - H4 v2 - price - Copy,Top creatives | $5 | LAL | 2024 Sep 9,120210789294890641,📍🌟Physiotherapy | $10 | LAL | 2024 Sep 6,0.67,723,6,onsite_conversion.messaging_conversation_started_7d,
2025-05,120223435898820641,physio may 1 - H4 v2 - price,Physiotherapy | Broad | $20,120223118964430641,📍Physiotherapy Main | Sales Objective,1.48,1360,22,onsite_conversion.messaging_conversation_started_7d,
2025-05,120223435898810641,physio may 1 - H1 - price,Physiotherapy | Broad | $20,120223118964430641,📍Physiotherapy Main | Sales Objective,52.54,54455,780,onsite_conversion.messaging_conversation_started_7d,35
2025-05,120223436453010641,physio may 1 - H3 - price - Copy,Top 3 creatives | $25 | Original Audience | 2024 Sep 6,120210789115000641,📍🌟Physiotherapy | $25 | Original Audience | 2024 Sep 6,31.12,38739,576,onsite_conversion.messaging_conversation_started_7d,32
2025-05,120223436453040641,physio may 1 - H5 v2 - price - Copy,Top 3 creatives | $25 | Original Audience | 2024 Sep 6,120210789115000641,📍🌟Physiotherapy | $25 | Original Audience | 2024 Sep 6,105.09,107741,1569,onsite_conversion.messaging_conversation_started_7d,84
2025-05,120223436453060641,physio may 1 - H1 - price - Copy,Top 3 creatives | $25 | Original Audience | 2024 Sep 6,120210789115000641,📍🌟Physiotherapy | $25 | Original Audience | 2024 Sep 6,152.41,110506,2355,onsite_conversion.messaging_conversation_started_7d,107
2025-05,120223436453070641,physio may 1 - H6 v2 - price - Copy,Top 3 creatives | $25 | Original Audience | 2024 Sep 6,120210789115000641,📍🌟Physiotherapy | $25 | Original Audience | 2024 Sep 6,22.32,24751,341,onsite_conversion.messaging_conversation_started_7d,10
2025-05,120223436453030641,physio may 1 - H2 - price - Copy,Top 3 creatives | $25 | Original Audience | 2024 Sep 6,120210789115000641,📍🌟Physiotherapy | $25 | Original Audience | 2024 Sep 6,10.54,9553,159,onsite_conversion.messaging_conversation_started_7d,6
2025-05,120223436453050641,physio may 1 - H4 v2 - price - Copy,Top 3 creatives | $25 | Original Audience | 2024 Sep 6,120210789115000641,📍🌟Physiotherapy | $25 | Original Audience | 2024 Sep 6,32.36,27414,368,onsite_conversion.messaging_conversation_started_7d,4
2025-05,120223435898840641,physio may 1 - H3 - price,Physiotherapy | Broad | $20,120223118964430641,📍Physiotherapy Main | Sales Objective,93.11,112794,1504,onsite_conversion.messaging_conversation_started_7d,60
2025-05,120223435898780641,physio may 1 - H6 v2 - price,Physiotherapy | Broad | $20,120223118964430641,📍Physiotherapy Main | Sales Objective,9.7,10196,154,onsite_conversion.messaging_conversation_started_7d,7
2025-05,120223435898830641,physio may 1 - H4 v1 - price,Physiotherapy | Broad | $20,120223118964430641,📍Physiotherapy Main | Sales Objective,12.11,12684,195,onsite_conversion.messaging_conversation_started_7d,7
2025-05,120223435898790641,physio may 1 - H5 v2 - price,Physiotherapy | Broad | $20,120223118964430641,📍Physiotherapy Main | Sales Objective,110.59,141160,1785,onsite_conversion.messaging_conversation_started_7d,74
2025-05,120223435898800641,physio may 1 - H2 - price,Physiotherapy | Broad | $20,120223118964430641,📍Physiotherapy Main | Sales Objective,8.26,9788,140,onsite_conversion.messaging_conversation_started_7d,5
2025-05,120223436453020641,physio may 1 - H4 v1 - price - Copy,Top 3 creatives | $25 | Original Audience | 2024 Sep 6,120210789115000641,📍🌟Physiotherapy | $25 | Original Audience | 2024 Sep 6,4.59,4452,83,onsite_conversion.messaging_conversation_started_7d,1
2025-05,120223148153700641,lab test apr 1,Lab Test | Creative Testing | 2024 Aug 14,120210280693630641,📍Lab Test | Original Audince | 2024 Aug 14,171.05,127532,2368,onsite_conversion.messaging_conversation_started_7d,236
2025-05,120218767520550641,Physiotherapy March 1 - Hook 1,Original Audince,120208900306680641,📍Physiotherapy | $6 | Testing,6.65,7130,111,onsite_conversion.messaging_conversation_started_7d,11
2025-05,120210706668890641,Echo,Echo,120210706668880641,📍Imaging Services | $8 | 2024 Sep 3,87.87,142085,2501,onsite_conversion.messaging_conversation_started_7d,137
2025-05,120214518648770641,Old PPl Check 25.1.25 - Hook 3,Lab Test | Old PPl Check | 2025.1.25,120210280693630641,📍Lab Test | Original Audince | 2024 Aug 14,0.33,135,2,onsite_conversion.messaging_conversation_started_7d,
2025-05,120214518648760641,Old PPl Check 25.1.25 - Hook 2,Lab Test | Old PPl Check | 2025.1.25,120210280693630641,📍Lab Test | Original Audince | 2024 Aug 14,0.12,56,1,onsite_conversion.messaging_conversation_started_7d,
2025-05,120214026622860641,X-Ray - Copy,X-Ray,120210706668880641,📍Imaging Services | $8 | 2024 Sep 3,146.25,162761,3897,onsite_conversion.messaging_conversation_started_7d,166
2025-05,120221926184390641,قرح الفراش احمد حسين ونواف,Wound Care | Sales LAL,120212225335390641,📍Wound Care | 2024/11/5,229.31,205320,6142,onsite_conversion.messaging_conversation_started_7d,103
2025-05,120210280702300641,Lab Test REEL 1,Lab Test | Creative Testing | 2024 Aug 14,120210280693630641,📍Lab Test | Original Audince | 2024 Aug 14,47.56,19465,801,onsite_conversion.messaging_conversation_started_7d,41
2025-05,120221586244360641,BedSore Old Granny video 2,Wound Care | Sales LAL,120212225335390641,📍Wound Care | 2024/11/5,34.12,22640,566,onsite_conversion.messaging_conversation_started_7d,19
2025-05,120222633587930641,Dr Visit Static 2,Dr Visit VV %1+%2 LAL | $10 - STATIC,120210706674940641,📍Dr Visit Main | $35,71.19,67198,1209,onsite_conversion.messaging_conversation_started_7d,43
2025-05,120216528469160641,Dr Visit - Ibraheem Reel,Dr Visit | Broad | $20,120210706674940641,📍Dr Visit Main | $35,8.08,4299,174,onsite_conversion.messaging_conversation_started_7d,19
2025-05,120211750273640641,X-Ray,X-Ray,120210706668880641,📍Imaging Services | $8 | 2024 Sep 3,119.47,135667,3674,onsite_conversion.messaging_conversation_started_7d,149
2025-05,120220265766880641,us april 2,Ultrasound | april 2025 | $5,120210706668880641,📍Imaging Services | $8 | 2024 Sep 3,318.01,439039,9693,onsite_conversion.messaging_conversation_started_7d,415
2025-05,120214518648750641,Old PPl Check 25.1.25 - Hook 1,Lab Test | Old PPl Check | 2025.1.25,120210280693630641,📍Lab Test | Original Audince | 2024 Aug 14,44.55,15104,658,onsite_conversion.messaging_conversation_started_7d,51
2025-05,120218768271970641,Ibraheem physio 1,Original Audince,120208900306680641,📍Physiotherapy | $6 | Testing,141.15,232208,3231,onsite_conversion.messaging_conversation_started_7d,204
2025-05,120222633395570641,Dr Visit Static 1,Dr Visit VV %1+%2 LAL | $10 - STATIC,120210706674940641,📍Dr Visit Main | $35,109.08,122815,2193,onsite_conversion.messaging_conversation_started_7d,53
2025-05,120221926355570641,‎قرح الفراش احمد حسين ونواف‎,Wound Care | TESTING | A+,120212225335390641,📍Wound Care | 2024/11/5,146,131827,3713,onsite_conversion.messaging_conversation_started_7d,83
2025-05,120218767885110641,Physiotherapy March 1 - Hook 2,Original Audince,120208900306680641,📍Physiotherapy | $6 | Testing,11.96,9701,151,onsite_conversion.messaging_conversation_started_7d,
2025-05,120221425001840641,Dr Visit ali juma edit - full - Copy 2,Dr Visit | Broad | $20,120210706674940641,📍Dr Visit Main | $35,421.38,282314,5843,onsite_conversion.messaging_conversation_started_7d,260
2025-05,120221854805060641,Dr Visit ali juma edit - Maad Cut,Dr Visit | CC+Customers LAL | $10,120210706674940641,📍Dr Visit Main | $35,249.2,174654,3518,onsite_conversion.messaging_conversation_started_7d,145
2025-05,120221425001850641,Dr Visit ali juma edit - full - Copy,Dr Visit | Broad | $20,120210706674940641,📍Dr Visit Main | $35,53.43,46792,736,onsite_conversion.messaging_conversation_started_7d,32
2025-05,120221851829480641,Ibraheem Nursing,Nursing | Testing | $5,120220813947310641,📍Nursing | $35,54.91,56833,932,onsite_conversion.messaging_conversation_started_7d,43
2025-05,120221586244370641,Ibraheem Reel,Wound Care | Sales LAL,120212225335390641,📍Wound Care | 2024/11/5,43.6,24858,664,onsite_conversion.messaging_conversation_started_7d,19
2025-05,120221854805030641,Dr Visit ali juma edit - full,Dr Visit | CC+Customers LAL | $10,120210706674940641,📍Dr Visit Main | $35,14.41,14927,188,onsite_conversion.messaging_conversation_started_7d,6
2025-05,120221853983720641,Dr Visit ali juma edit - full,Dr Visit VV %1+%2 LAL | $10,120210706674940641,📍Dr Visit Main | $35,26.19,27016,342,onsite_conversion.messaging_conversation_started_7d,21
2025-05,120221853983740641,Dr Visit ali juma edit - Maad Cut,Dr Visit VV %1+%2 LAL | $10,120210706674940641,📍Dr Visit Main | $35,163.89,114345,2485,onsite_conversion.messaging_conversation_started_7d,121
2025-05,120221856004300641,AirBag Nursing - Vertical - Copy,AirBag Videos. | $12,120221855998800641,Profile Traffic Campaign (Followers) | $12 | May 1,38.3,125220,1788,profile_visit_view,1813
2025-05,120221856004290641,AirBag Physiotherapy - Vertical - Copy,AirBag Videos. | $12,120221855998800641,Profile Traffic Campaign (Followers) | $12 | May 1,22.46,53716,1115,profile_visit_view,1139
2025-05,120221856004280641,AirBag Dr Visit - Vertical - Copy,AirBag Videos. | $12,120221855998800641,Profile Traffic Campaign (Followers) | $12 | May 1,8.99,19094,409,profile_visit_view,400
2025-05,120220666264580641,U/S april-1,Baghdad | U/S,120220666264530641,MOF | Whatsapp | BRA | CBO $25,5.46,7710,88,onsite_conversion.messaging_conversation_started_7d,3
2025-05,120220666264540641,MV1 Maadh Physio Video - Without Music,Baghdad | Physiotherapy,120220666264530641,MOF | Whatsapp | BRA | CBO $25,17.06,24355,211,onsite_conversion.messaging_conversation_started_7d,12
2025-05,120220660081960641,TOF,Rich Areas | TOF,120220660081950641,TOF | Whatsapp | Website | Baghdad Rich Areas,8.83,10238,76,onsite_conversion.messaging_conversation_started_7d,6
2025-05,120208947042510641,AirBag Dr Visit - Vertical,CTA | Airbag Dr Visit,120208943174270641,Omni Awareness Campaign,8.78,85078,91,reach,82815
2025-05,120208946723510641,اشعة وايكو,EDU content 3,120208943174270641,Omni Awareness Campaign,8.85,86105,86,reach,83093
2025-05,120208946723490641,بعدك تضم فحوصاتك و تحاليلك بال جرار؟,EDU content 2,120208943174270641,Omni Awareness Campaign,8.84,85038,70,reach,84244
2025-05,120208946723430641,شنو هو تطبيق سليم؟,EDU content 1,120208943174270641,Omni Awareness Campaign,8.76,84982,84,reach,80711
2025-05,120213906059440641,Ultrasound 3,implementation Ultrasound,120208943174270641,Omni Awareness Campaign,8.88,85485,202,reach,83695
2025-05,120208946723390641,Echo,implementation Echo,120208943174270641,Omni Awareness Campaign,8.61,85864,222,reach,80341
2025-05,120208946996920641,AirBag Nursing - Vertical,CTA | Airbag Nursing,120208943174270641,Omni Awareness Campaign,8.9,86641,134,reach,85725
2025-05,120208946723380641,ٍReview | DrVisit,ٍReview | DrVisit,120208943174270641,Omni Awareness Campaign,8.73,84003,83,reach,82163
2025-05,120208946723300641,Review | Nursing,Review | Nursing,120208943174270641,Omni Awareness Campaign,8.79,86018,82,reach,84063
2025-05,120208946723400641,Review | Physiotherapy,Review | Physiotherapy,120208943174270641,Omni Awareness Campaign,8.86,86204,97,reach,82282
2025-05,120208946723460641,Nursing,implementation Nursing/Lab Test,120208943174270641,Omni Awareness Campaign,8.85,85456,134,reach,81815
2025-05,120208960402880641,AirBag Physiotherapy - Vertical,CTA | Airbag Physiotherapy,120208943174270641,Omni Awareness Campaign,8.77,84489,100,reach,82613
2025-05,120208780937960641,AirBag Nursing - Vertical,iOS | Original Audience | Airbag Nursing | $2 | 2024 May 27 - Copy,120208780823020641,App Installs | iOS | 2024 May 27,2.15,3058,41,mobile_app_install,
2025-05,120208780937970641,AirBag Dr Visit - Vertical,iOS | Original Audience | Airbag Doctor Visit | $2 | 2024 May 27 - Copy,120208780823020641,App Installs | iOS | 2024 May 27,2.02,2489,28,mobile_app_install,
2025-05,120208780823080641,AirBag Physiotherapy - Vertical,iOS | Original Audience | Airbag Physiotherapy | $2 | 2024 May 27,120208780823020641,App Installs | iOS | 2024 May 27,2.15,2960,33,mobile_app_install,
2025-05,120208780781340641,AirBag Dr Visit - Vertical,Android | Original Audience | Airbag Doctor Visit | $2 | 2024 May 27,120208780726700641,App Installs | Android | 2024 May 27,2.03,10079,64,mobile_app_install,
2025-05,120208780781350641,AirBag Nursing - Vertical,Android | Original Audience | Airbag Nursing | $2 | 2024 May 27,120208780726700641,App Installs | Android | 2024 May 27,1.94,6256,45,mobile_app_install,
2025-05,120208780727070641,AirBag Physiotherapy - Vertical,Android | Original Audience | Airbag Physiotherapy | $2 | 2024 May 27,120208780726700641,App Installs | Android | 2024 May 27,1.93,4811,66,mobile_app_install,
2025-05,120223810610040641,UGC 1 - Actially,UGC 1 | $6,120222834173730641,Profile Traffic Campaign (Followers) | $12 | May 7,59.56,123675,3314,total_profile_visits,3252
2025-05,120222834935110641,UGC 1,UGC 1 | $6,120222834173730641,Profile Traffic Campaign (Followers) | $12 | May 7,73.73,149589,2833,total_profile_visits,2818
2025-05,120222093200540641,Ibraheem Nursing - Copy,LAL VV 1% - $10 | Nursing Feb 2 - Hook 1,120220813947310641,📍Nursing | $35,65.63,65333,1056,onsite_conversion.messaging_conversation_started_7d,52
2025-05,120221851829490641,Nursing Feb 2 - Hook 1,Nursing | Sales + call center LAL | $10,120220813947310641,📍Nursing | $35,83.48,82754,1498,onsite_conversion.messaging_conversation_started_7d,50
2025-05,120221851435800641,Nursing Feb 2 - Hook 1,Nursing | Broad | $15,120220813947310641,📍Nursing | $35,155.03,154978,2755,onsite_conversion.messaging_conversation_started_7d,115
2025-05,120222093201580641,Ibraheem Nursing - Copy,Nursing | Sales + call center LAL | $10,120220813947310641,📍Nursing | $35,77.56,78753,1211,onsite_conversion.messaging_conversation_started_7d,56
2025-05,120222093200550641,Ibraheem Nursing - Copy,Nursing | Broad | $15,120220813947310641,📍Nursing | $35,107.09,113717,1543,onsite_conversion.messaging_conversation_started_7d,66
2025-05,120223348464630641,physio may 1 - H3 - Copy,Top creatives | $5 | LAL | 2024 Sep 9,120210789294890641,📍🌟Physiotherapy | $10 | LAL | 2024 Sep 6,1.25,997,41,onsite_conversion.messaging_conversation_started_7d,4
2025-05,120223348464600641,physio may 1 - H4 v1 - Copy,Top creatives | $5 | LAL | 2024 Sep 9,120210789294890641,📍🌟Physiotherapy | $10 | LAL | 2024 Sep 6,1.56,1510,36,onsite_conversion.messaging_conversation_started_7d,2
2025-05,120223348464210641,physio may 1 - H1 - Copy,Top creatives | $5 | LAL | 2024 Sep 9,120210789294890641,📍🌟Physiotherapy | $10 | LAL | 2024 Sep 6,7.62,6474,132,onsite_conversion.messaging_conversation_started_7d,10
2025-05,120223348464200641,physio may 1 - H5 v2 - Copy,Top creatives | $5 | LAL | 2024 Sep 9,120210789294890641,📍🌟Physiotherapy | $10 | LAL | 2024 Sep 6,4.37,4082,64,onsite_conversion.messaging_conversation_started_7d,12
2025-05,120223348464170641,physio may 1 - H6 v2 - Copy,Top creatives | $5 | LAL | 2024 Sep 9,120210789294890641,📍🌟Physiotherapy | $10 | LAL | 2024 Sep 6,0.15,199,8,onsite_conversion.messaging_conversation_started_7d,
2025-05,120223348464160641,physio may 1 - H4 v2 - Copy,Top creatives | $5 | LAL | 2024 Sep 9,120210789294890641,📍🌟Physiotherapy | $10 | LAL | 2024 Sep 6,1.43,1220,34,onsite_conversion.messaging_conversation_started_7d,5
2025-05,120223348464150641,physio may 1 - H2 - Copy,Top creatives | $5 | LAL | 2024 Sep 9,120210789294890641,📍🌟Physiotherapy | $10 | LAL | 2024 Sep 6,0.36,291,4,onsite_conversion.messaging_conversation_started_7d,
2025-05,120223348312610641,physio may 1 - H6 v2,Top 3 creatives | $25 | Original Audience | 2024 Sep 6,120210789115000641,📍🌟Physiotherapy | $25 | Original Audience | 2024 Sep 6,0.7,570,12,onsite_conversion.messaging_conversation_started_7d,
2025-05,120223348312600641,physio may 1 - H4 v2,Top 3 creatives | $25 | Original Audience | 2024 Sep 6,120210789115000641,📍🌟Physiotherapy | $25 | Original Audience | 2024 Sep 6,15.28,12973,274,onsite_conversion.messaging_conversation_started_7d,12
2025-05,120223348312590641,physio may 1 - H5 v2,Top 3 creatives | $25 | Original Audience | 2024 Sep 6,120210789115000641,📍🌟Physiotherapy | $25 | Original Audience | 2024 Sep 6,0.82,572,9,onsite_conversion.messaging_conversation_started_7d,1
2025-05,120223348312580641,physio may 1 - H4 v1,Top 3 creatives | $25 | Original Audience | 2024 Sep 6,120210789115000641,📍🌟Physiotherapy | $25 | Original Audience | 2024 Sep 6,0.38,328,8,onsite_conversion.messaging_conversation_started_7d,1
2025-05,120223348312570641,physio may 1 - H3,Top 3 creatives | $25 | Original Audience | 2024 Sep 6,120210789115000641,📍🌟Physiotherapy | $25 | Original Audience | 2024 Sep 6,5.41,4523,79,onsite_conversion.messaging_conversation_started_7d,13
2025-05,120223348312560641,physio may 1 - H2,Top 3 creatives | $25 | Original Audience | 2024 Sep 6,120210789115000641,📍🌟Physiotherapy | $25 | Original Audience | 2024 Sep 6,5.82,4014,69,onsite_conversion.messaging_conversation_started_7d,8
2025-05,120223347907290641,physio may 1 - H1,Top 3 creatives | $25 | Original Audience | 2024 Sep 6,120210789115000641,📍🌟Physiotherapy | $25 | Original Audience | 2024 Sep 6,17.85,18673,365,onsite_conversion.messaging_conversation_started_7d,42
2025-05,120223348508100641,physio may 1 - H5 v2 - Copy,Physiotherapy | Broad | $20,120223118964430641,📍Physiotherapy Main | Sales Objective,0.1,67,0,onsite_conversion.messaging_conversation_started_7d,
2025-05,120223348508090641,physio may 1 - H1 - Copy,Physiotherapy | Broad | $20,120223118964430641,📍Physiotherapy Main | Sales Objective,25.31,26784,475,onsite_conversion.messaging_conversation_started_7d,43
2025-05,120223348508080641,physio may 1 - H6 v2 - Copy,Physiotherapy | Broad | $20,120223118964430641,📍Physiotherapy Main | Sales Objective,0.01,46,2,onsite_conversion.messaging_conversation_started_7d,
2025-05,120223348508070641,physio may 1 - H4 v2 - Copy,Physiotherapy | Broad | $20,120223118964430641,📍Physiotherapy Main | Sales Objective,5.39,4963,91,onsite_conversion.messaging_conversation_started_7d,14
2025-05,120223348508060641,physio may 1 - H3 - Copy,Physiotherapy | Broad | $20,120223118964430641,📍Physiotherapy Main | Sales Objective,0.87,818,10,onsite_conversion.messaging_conversation_started_7d,
2025-05,120223348508050641,physio may 1 - H2 - Copy,Physiotherapy | Broad | $20,120223118964430641,📍Physiotherapy Main | Sales Objective,3.41,3183,82,onsite_conversion.messaging_conversation_started_7d,6
2025-05,120223120105320641,Physio 25.1.21 - Hook 3 - Copy,Physiotherapy | Broad | $20,120223118964430641,📍Physiotherapy Main | Sales Objective,4.69,4061,63,onsite_conversion.messaging_conversation_started_7d,6
2025-05,120223120105310641,Physio 25.1.21 - Hook 2 - Copy,Physiotherapy | Broad | $20,120223118964430641,📍Physiotherapy Main | Sales Objective,12.2,7712,144,onsite_conversion.messaging_conversation_started_7d,14
2025-05,120223120105300641,Physio 25.1.25 - Hook 1 - Copy,Physiotherapy | Broad | $20,120223118964430641,📍Physiotherapy Main | Sales Objective,30.83,35102,349,onsite_conversion.messaging_conversation_started_7d,20
2025-05,120216914043290641,New Engagement Ad,Physio | حجي حميد | $10,120210789115000641,📍🌟Physiotherapy | $25 | Original Audience | 2024 Sep 6,71.46,22601,581,onsite_conversion.messaging_conversation_started_7d,41
2025-05,120211593301160641,Maadh Physio Video - With Music - Copy,Top creatives | $5 | LAL | 2024 Sep 9,120210789294890641,📍🌟Physiotherapy | $10 | LAL | 2024 Sep 6,1.13,1227,16,onsite_conversion.messaging_conversation_started_7d,1
2025-05,120211593301150641,Maadh Physio Video - Without Music - Copy,Top creatives | $5 | LAL | 2024 Sep 9,120210789294890641,📍🌟Physiotherapy | $10 | LAL | 2024 Sep 6,109.3,166803,2213,onsite_conversion.messaging_conversation_started_7d,112
2025-05,120216882515490641,حجي حميد,Top 3 creatives | $25 | Original Audience | 2024 Sep 6,120210789115000641,📍🌟Physiotherapy | $25 | Original Audience | 2024 Sep 6,0.03,14,1,onsite_conversion.messaging_conversation_started_7d,
2025-05,120214330499270641,Physio 25.1.21 - Hook 1,Top 3 creatives | $25 | Original Audience | 2024 Sep 6,120210789115000641,📍🌟Physiotherapy | $25 | Original Audience | 2024 Sep 6,11.02,9907,141,onsite_conversion.messaging_conversation_started_7d,10
2025-05,120214545342120641,Physio 25.1.25 - Hook 1,Top 3 creatives | $25 | Original Audience | 2024 Sep 6,120210789115000641,📍🌟Physiotherapy | $25 | Original Audience | 2024 Sep 6,135.25,104726,1721,onsite_conversion.messaging_conversation_started_7d,122
2025-05,120214331349050641,Physio 25.1.21 - Hook 2,Top 3 creatives | $25 | Original Audience | 2024 Sep 6,120210789115000641,📍🌟Physiotherapy | $25 | Original Audience | 2024 Sep 6,80.59,41547,1228,onsite_conversion.messaging_conversation_started_7d,83
2025-05,120214545438080641,Physio 25.1.25 - Hook 3,Top 3 creatives | $25 | Original Audience | 2024 Sep 6,120210789115000641,📍🌟Physiotherapy | $25 | Original Audience | 2024 Sep 6,34.95,43168,493,onsite_conversion.messaging_conversation_started_7d,28
2025-05,120214331349900641,Physio 25.1.21 - Hook 3,Top 3 creatives | $25 | Original Audience | 2024 Sep 6,120210789115000641,📍🌟Physiotherapy | $25 | Original Audience | 2024 Sep 6,13.5,12405,212,onsite_conversion.messaging_conversation_started_7d,8
2025-05,120223149230950641,lab test apr 2,Lab Test | Creative Testing | 2024 Aug 14,120210280693630641,📍Lab Test | Original Audince | 2024 Aug 14,11.27,9377,125,onsite_conversion.messaging_conversation_started_7d,7
2025-05,120220819116600641,Nursing Feb 2 - Hook 1,LAL VV 1% - $10 | Nursing Feb 2 - Hook 1,120220813947310641,📍Nursing | $35,31.96,32225,644,onsite_conversion.messaging_conversation_started_7d,30
2025-06,120222834173700641,AirBag Nursing - Vertical - Copy,AirBag Videos. | $12,120222834173730641,Profile Traffic Campaign (Followers) | $12 | May 7,62.84,256421,3056,total_profile_visits,2936
2025-06,120222834173710641,AirBag Physiotherapy - Vertical - Copy,AirBag Videos. | $12,120222834173730641,Profile Traffic Campaign (Followers) | $12 | May 7,232.97,495019,11300,total_profile_visits,10886
2025-06,120222834173720641,AirBag Dr Visit - Vertical - Copy,AirBag Videos. | $12,120222834173730641,Profile Traffic Campaign (Followers) | $12 | May 7,61.52,219722,2971,total_profile_visits,2790
2025-06,120225607730300641,Dr Visit TVc,Dr Visit TVc,120225607512910641,mini TVCs 2025,159.69,74406,9569,onsite_conversion.messaging_conversation_started_7d,258
2025-06,120225607513570641,x-ray TVc,x-ray TVc,120225607512910641,mini TVCs 2025,96.28,38661,1590,onsite_conversion.messaging_conversation_started_7d,49
2025-06,120225607730310641,‎Physio TVc‎,‎Physio TVc‎,120225607512910641,mini TVCs 2025,160.17,180042,7935,onsite_conversion.messaging_conversation_started_7d,266
2025-06,120225720390330641,‎Nursing TVc‎,‎Nursing TVc‎,120225607512910641,mini TVCs 2025,153.05,102384,8623,onsite_conversion.messaging_conversation_started_7d,306
2025-06,120226606298780641,Dr Visit with Offer,Dr Visit | Broad With OFFER | $6,120226320691840641,Dr Visit - Respond.io - Copy,8.11,6712,118,onsite_conversion.messaging_conversation_started_7d,6
2025-06,120226321194380641,Nursing May 1 - H6 - Copy 2,Nursing | Sales + call center LAL | $10,120226320691810641,Nursing | $35 - Respond.io - Copy,0.51,482,9,onsite_conversion.messaging_conversation_started_7d,1
2025-06,120226321198230641,Nursing May 1 - H5 - Copy 2,Nursing | Broad | $15,120226320691810641,Nursing | $35 - Respond.io - Copy,11.39,12812,198,onsite_conversion.messaging_conversation_started_7d,4
2025-06,120226320692870641,Nursing May 1 - H6 - Copy,LAL VV 1% - $10 | Nursing Feb 2 - Hook 1,120226320691810641,Nursing | $35 - Respond.io - Copy,4.73,5333,80,onsite_conversion.messaging_conversation_started_7d,2
2025-06,120226321198220641,Nursing May 1 - H6 - Copy 2,Nursing | Broad | $15,120226320691810641,Nursing | $35 - Respond.io - Copy,5,5401,99,onsite_conversion.messaging_conversation_started_7d,4
2025-06,120226320692780641,Nursing May 1 - H5 - Copy,LAL VV 1% - $10 | Nursing Feb 2 - Hook 1,120226320691810641,Nursing | $35 - Respond.io - Copy,0.32,267,4,onsite_conversion.messaging_conversation_started_7d,
2025-06,120226321194390641,Nursing May 1 - H5 - Copy 2,Nursing | Sales + call center LAL | $10,120226320691810641,Nursing | $35 - Respond.io - Copy,6.84,6636,102,onsite_conversion.messaging_conversation_started_7d,3
2025-06,120226320692400641,Nursing May 1 - H4 - Copy,LAL VV 1% - $10 | Nursing Feb 2 - Hook 1,120226320691810641,Nursing | $35 - Respond.io - Copy,0.31,329,3,onsite_conversion.messaging_conversation_started_7d,
2025-06,120226321194410641,Nursing May 1 - H4 - Copy 2,Nursing | Sales + call center LAL | $10,120226320691810641,Nursing | $35 - Respond.io - Copy,7.82,8870,147,onsite_conversion.messaging_conversation_started_7d,10
2025-06,120226321198180641,Nursing May 1 - H3 - Copy 2,Nursing | Broad | $15,120226320691810641,Nursing | $35 - Respond.io - Copy,6.93,9068,111,onsite_conversion.messaging_conversation_started_7d,6
2025-06,120226320692710641,Nursing May 1 - H3 - Copy,LAL VV 1% - $10 | Nursing Feb 2 - Hook 1,120226320691810641,Nursing | $35 - Respond.io - Copy,0.5,599,6,onsite_conversion.messaging_conversation_started_7d,
2025-06,120226321198210641,Nursing May 1 - H4 - Copy 2,Nursing | Broad | $15,120226320691810641,Nursing | $35 - Respond.io - Copy,22.26,27337,449,onsite_conversion.messaging_conversation_started_7d,22
2025-06,120226321194370641,Nursing May 1 - H2 - Copy 2,Nursing | Sales + call center LAL | $10,120226320691810641,Nursing | $35 - Respond.io - Copy,43.98,51931,937,onsite_conversion.messaging_conversation_started_7d,43
2025-06,120226321198200641,Nursing May 1 - H2 - Copy 2,Nursing | Broad | $15,120226320691810641,Nursing | $35 - Respond.io - Copy,73.28,98888,1631,onsite_conversion.messaging_conversation_started_7d,78
2025-06,120226320692880641,Nursing May 1 - H2 - Copy,LAL VV 1% - $10 | Nursing Feb 2 - Hook 1,120226320691810641,Nursing | $35 - Respond.io - Copy,24.29,29680,560,onsite_conversion.messaging_conversation_started_7d,27
2025-06,120226320692730641,Nursing May 1 - H1 - Copy,LAL VV 1% - $10 | Nursing Feb 2 - Hook 1,120226320691810641,Nursing | $35 - Respond.io - Copy,0.08,119,1,onsite_conversion.messaging_conversation_started_7d,
2025-06,120226321198190641,Nursing May 1 - H1 - Copy 2,Nursing | Broad | $15,120226320691810641,Nursing | $35 - Respond.io - Copy,2.88,4135,52,onsite_conversion.messaging_conversation_started_7d,1
2025-06,120226321194420641,Nursing May 1 - H3 - Copy 2,Nursing | Sales + call center LAL | $10,120226320691810641,Nursing | $35 - Respond.io - Copy,0.86,1031,12,onsite_conversion.messaging_conversation_started_7d,3
2025-06,120226321194400641,Nursing May 1 - H1 - Copy 2,Nursing | Sales + call center LAL | $10,120226320691810641,Nursing | $35 - Respond.io - Copy,0.55,355,6,onsite_conversion.messaging_conversation_started_7d,
2025-06,120226321023310641,physio may 1 - H5 v2 - price - Copy 2,Top 3 creatives | $25 | Original Audience | 2024 Sep 6,120226320691880641,🌟Physiotherapy | $25 | Original Audience | 2024 Sep 6 - Respond.io - Copy,26.6,26714,436,onsite_conversion.messaging_conversation_started_7d,26
2025-06,120226321023280641,physio may 1 - H6 v2 - price - Copy 2,Top 3 creatives | $25 | Original Audience | 2024 Sep 6,120226320691880641,🌟Physiotherapy | $25 | Original Audience | 2024 Sep 6 - Respond.io - Copy,4.74,4228,85,onsite_conversion.messaging_conversation_started_7d,1
2025-06,120226321023250641,physio may 1 - H4 v2 - price - Copy 2,Top 3 creatives | $25 | Original Audience | 2024 Sep 6,120226320691880641,🌟Physiotherapy | $25 | Original Audience | 2024 Sep 6 - Respond.io - Copy,1.57,936,26,onsite_conversion.messaging_conversation_started_7d,2
2025-06,120226321023260641,physio may 1 - H1 - price - Copy 2,Top 3 creatives | $25 | Original Audience | 2024 Sep 6,120226320691880641,🌟Physiotherapy | $25 | Original Audience | 2024 Sep 6 - Respond.io - Copy,24.12,17854,401,onsite_conversion.messaging_conversation_started_7d,12
2025-06,120226320692640641,physio may 1 - H1 - price - Copy,Top creatives | $5 | LAL | 2024 Sep 9,120226320691820641,🌟Physiotherapy | $10 | LAL | 2024 Sep 6 - Respond.io - Copy,10.64,10573,192,onsite_conversion.messaging_conversation_started_7d,8
2025-06,120226321023290641,physio may 1 - H4 v1 - price - Copy 2,Top 3 creatives | $25 | Original Audience | 2024 Sep 6,120226320691880641,🌟Physiotherapy | $25 | Original Audience | 2024 Sep 6 - Respond.io - Copy,1.7,1600,45,onsite_conversion.messaging_conversation_started_7d,
2025-06,120226320692410641,physio may 1 - H6 v2 - price - Copy,Top creatives | $5 | LAL | 2024 Sep 9,120226320691820641,🌟Physiotherapy | $10 | LAL | 2024 Sep 6 - Respond.io - Copy,9.5,12029,182,onsite_conversion.messaging_conversation_started_7d,4
2025-06,120226320692800641,physio may 1 - H2 - price - Copy,Top creatives | $5 | LAL | 2024 Sep 9,120226320691820641,🌟Physiotherapy | $10 | LAL | 2024 Sep 6 - Respond.io - Copy,1.27,1101,19,onsite_conversion.messaging_conversation_started_7d,
2025-06,120226321023270641,physio may 1 - H2 - price - Copy 2,Top 3 creatives | $25 | Original Audience | 2024 Sep 6,120226320691880641,🌟Physiotherapy | $25 | Original Audience | 2024 Sep 6 - Respond.io - Copy,12.05,9615,169,onsite_conversion.messaging_conversation_started_7d,8
2025-06,120226320692830641,physio may 1 - H3 - price - Copy,Top creatives | $5 | LAL | 2024 Sep 9,120226320691820641,🌟Physiotherapy | $10 | LAL | 2024 Sep 6 - Respond.io - Copy,35.75,67244,717,onsite_conversion.messaging_conversation_started_7d,36
2025-06,120226320692840641,physio may 1 - H4 v1 - price - Copy,Top creatives | $5 | LAL | 2024 Sep 9,120226320691820641,🌟Physiotherapy | $10 | LAL | 2024 Sep 6 - Respond.io - Copy,1.2,1015,16,onsite_conversion.messaging_conversation_started_7d,
2025-06,120226320692420641,physio may 1 - H5 v2 - price - Copy,Top creatives | $5 | LAL | 2024 Sep 9,120226320691820641,🌟Physiotherapy | $10 | LAL | 2024 Sep 6 - Respond.io - Copy,1.24,1459,29,onsite_conversion.messaging_conversation_started_7d,1
2025-06,120226320692790641,physio may 1 - H4 v2 - price - Copy,Top creatives | $5 | LAL | 2024 Sep 9,120226320691820641,🌟Physiotherapy | $10 | LAL | 2024 Sep 6 - Respond.io - Copy,0.92,584,6,onsite_conversion.messaging_conversation_started_7d,
2025-06,120226321023300641,physio may 1 - H3 - price - Copy 2,Top 3 creatives | $25 | Original Audience | 2024 Sep 6,120226320691880641,🌟Physiotherapy | $25 | Original Audience | 2024 Sep 6 - Respond.io - Copy,81.79,122803,1353,onsite_conversion.messaging_conversation_started_7d,73
2025-06,120226320691920641,BedSore Old Granny video 2,Wound Care | Sales LAL,120226320691790641,Wound Care - Respond.io - Copy,11.56,6177,177,onsite_conversion.messaging_conversation_started_7d,3
2025-06,120226320692080641,Echo,Echo,120226320691830641,Imaging Services | $8 | 2024 Sep 3 - Respond.io - Copy,18.05,23085,558,onsite_conversion.messaging_conversation_started_7d,30
2025-06,120226320692240641,Dr Visit Static 5,Dr Visit VV %1+%2 LAL | $10 - STATIC,120226320691840641,Dr Visit - Respond.io - Copy,3.79,2805,64,onsite_conversion.messaging_conversation_started_7d,2
2025-06,120226320692280641,Dr Visit Static 4,Dr Visit VV %1+%2 LAL | $10 - STATIC,120226320691840641,Dr Visit - Respond.io - Copy,25.58,37025,1159,onsite_conversion.messaging_conversation_started_7d,28
2025-06,120226320692140641,Dr Visit Static 3,Dr Visit VV %1+%2 LAL | $10 - STATIC,120226320691840641,Dr Visit - Respond.io - Copy,0.76,669,25,onsite_conversion.messaging_conversation_started_7d,2
2025-06,120226320691990641,Ibraheem Reel,Wound Care | Sales LAL,120226320691790641,Wound Care - Respond.io - Copy,29.88,18148,461,onsite_conversion.messaging_conversation_started_7d,10
2025-06,120226320692060641,X-Ray - Copy,X-Ray,120226320691830641,Imaging Services | $8 | 2024 Sep 3 - Respond.io - Copy,16.09,12252,381,onsite_conversion.messaging_conversation_started_7d,26
2025-06,120226320691890641,us april 2,Ultrasound | april 2025 | $5,120226320691830641,Imaging Services | $8 | 2024 Sep 3 - Respond.io - Copy,78.58,99968,2082,onsite_conversion.messaging_conversation_started_7d,111
2025-06,120226320691910641,‎قرح الفراش احمد حسين ونواف‎,Wound Care | TESTING | A+,120226320691790641,Wound Care - Respond.io - Copy,36.52,26160,553,onsite_conversion.messaging_conversation_started_7d,21
2025-06,120226320692320641,Dr Visit ali juma edit - Maad Cut,Dr Visit | CC+Customers LAL | $10,120226320691840641,Dr Visit - Respond.io - Copy,59.72,39125,959,onsite_conversion.messaging_conversation_started_7d,42
2025-06,120226320692300641,Dr Visit ali juma edit - full - Copy,Dr Visit | Broad | $20,120226320691840641,Dr Visit - Respond.io - Copy,13.54,8165,178,onsite_conversion.messaging_conversation_started_7d,12
2025-06,120226320692220641,Dr Visit ali juma edit - Maad Cut,Dr Visit VV %1+%2 LAL | $10,120226320691840641,Dr Visit - Respond.io - Copy,30.34,21083,483,onsite_conversion.messaging_conversation_started_7d,23
2025-06,120226320692310641,Dr Visit ali juma edit - full,Dr Visit | CC+Customers LAL | $10,120226320691840641,Dr Visit - Respond.io - Copy,0.75,564,13,onsite_conversion.messaging_conversation_started_7d,2
2025-06,120226320692000641,قرح الفراش احمد حسين ونواف,Wound Care | Sales LAL,120226320691790641,Wound Care - Respond.io - Copy,28.68,18135,419,onsite_conversion.messaging_conversation_started_7d,9
2025-06,120226320691970641,lab test apr 1,Lab Test | Creative Testing | 2024 Aug 14,120226320691860641,Lab Test - Respond.io - Copy,57.5,48504,1067,onsite_conversion.messaging_conversation_started_7d,102
2025-06,120226320692210641,Dr Visit ali juma edit - full,Dr Visit VV %1+%2 LAL | $10,120226320691840641,Dr Visit - Respond.io - Copy,0.09,122,2,onsite_conversion.messaging_conversation_started_7d,
2025-06,120226320692370641,Lab Test REEL 1,Lab Test | Creative Testing | 2024 Aug 14,120226320691860641,Lab Test - Respond.io - Copy,2.78,1054,24,onsite_conversion.messaging_conversation_started_7d,2
2025-06,120226320692030641,X-Ray,X-Ray,120226320691830641,Imaging Services | $8 | 2024 Sep 3 - Respond.io - Copy,23.37,18415,549,onsite_conversion.messaging_conversation_started_7d,40
2025-06,120226175734560641,Dr Visit Static 4,Dr Visit VV %1+%2 LAL | $10 - STATIC,120225660544600641,Dr Visit - Respond.io,1.41,1903,51,onsite_conversion.messaging_conversation_started_7d,1
2025-06,120226175745850641,Dr Visit Static 5,Dr Visit VV %1+%2 LAL | $10 - STATIC,120225660544600641,Dr Visit - Respond.io,0.97,680,21,onsite_conversion.messaging_conversation_started_7d,2
2025-06,120226173531740641,Dr Visit Static 3,Dr Visit VV %1+%2 LAL | $10 - STATIC,120225660544600641,Dr Visit - Respond.io,8.41,10417,296,onsite_conversion.messaging_conversation_started_7d,7
2025-06,120225660544720641,physio may 1 - H6 v2 - price - Copy,Top creatives | $5 | LAL | 2024 Sep 9,120225660545370641,🌟Physiotherapy | $10 | LAL | 2024 Sep 6 - Respond.io,7.12,7041,108,onsite_conversion.messaging_conversation_started_7d,9
2025-06,120225660544620641,physio may 1 - H6 v2 - price - Copy,Top 3 creatives | $25 | Original Audience | 2024 Sep 6,120225660544580641,🌟Physiotherapy | $25 | Original Audience | 2024 Sep 6 - Respond.io,12.61,11783,191,onsite_conversion.messaging_conversation_started_7d,7
2025-06,120225660544880641,Nursing May 1 - H1,Nursing | Broad | $15,120225660545360641,Nursing | $35 - Respond.io,10.46,15107,279,onsite_conversion.messaging_conversation_started_7d,15
2025-06,120225660545310641,physio may 1 - H5 v2 - price - Copy,Top 3 creatives | $25 | Original Audience | 2024 Sep 6,120225660544580641,🌟Physiotherapy | $25 | Original Audience | 2024 Sep 6 - Respond.io,16.72,17253,297,onsite_conversion.messaging_conversation_started_7d,11
2025-06,120225660544810641,physio may 1 - H5 v2 - price - Copy,Top creatives | $5 | LAL | 2024 Sep 9,120225660545370641,🌟Physiotherapy | $10 | LAL | 2024 Sep 6 - Respond.io,39.24,38185,496,onsite_conversion.messaging_conversation_started_7d,19
2025-06,120225660545020641,Nursing May 1 - H5 - Copy,Nursing | Sales + call center LAL | $10,120225660545360641,Nursing | $35 - Respond.io,0.85,968,13,onsite_conversion.messaging_conversation_started_7d,
2025-06,120225660544770641,Physiotherapy March 1 - Hook 2,Original Audince,120225660545520641,Physiotherapy | $6 | Testing - Respond.io,0.33,458,16,onsite_conversion.messaging_conversation_started_7d,
2025-06,120225660545390641,Nursing May 1 - H2 - Copy,LAL VV 1% - $10 | Nursing Feb 2 - Hook 1,120225660545360641,Nursing | $35 - Respond.io,9.69,9755,221,onsite_conversion.messaging_conversation_started_7d,12
2025-06,120225660545260641,physio may 1 - H4 v2 - price - Copy,Top 3 creatives | $25 | Original Audience | 2024 Sep 6,120225660544580641,🌟Physiotherapy | $25 | Original Audience | 2024 Sep 6 - Respond.io,2.34,2369,36,onsite_conversion.messaging_conversation_started_7d,1
2025-06,120225660545150641,Nursing May 1 - H2 - Copy,Nursing | Sales + call center LAL | $10,120225660545360641,Nursing | $35 - Respond.io,49,54410,1278,onsite_conversion.messaging_conversation_started_7d,68
2025-06,120225660544900641,Nursing May 1 - H6 - Copy,LAL VV 1% - $10 | Nursing Feb 2 - Hook 1,120225660545360641,Nursing | $35 - Respond.io,0.38,315,10,onsite_conversion.messaging_conversation_started_7d,
2025-06,120225660546120641,Echo,Echo,120225660545340641,Imaging Services | $8 | 2024 Sep 3 - Respond.io,29.89,43859,886,onsite_conversion.messaging_conversation_started_7d,45
2025-06,120225660544870641,Nursing May 1 - H3 - Copy,Nursing | Sales + call center LAL | $10,120225660545360641,Nursing | $35 - Respond.io,31.03,43431,730,onsite_conversion.messaging_conversation_started_7d,38
2025-06,120225660544640641,Nursing May 1 - H3,Nursing | Broad | $15,120225660545360641,Nursing | $35 - Respond.io,7.81,11937,168,onsite_conversion.messaging_conversation_started_7d,12
2025-06,120225660546280641,lab test apr 1,Lab Test | Creative Testing | 2024 Aug 14,120225660545140641,Lab Test - Respond.io,101,95072,1646,onsite_conversion.messaging_conversation_started_7d,150
2025-06,120225660544970641,Physiotherapy March 1 - Hook 1,Original Audince,120225660545520641,Physiotherapy | $6 | Testing - Respond.io,33.89,59173,707,onsite_conversion.messaging_conversation_started_7d,48
2025-06,120225660545550641,Nursing May 1 - H4 - Copy,LAL VV 1% - $10 | Nursing Feb 2 - Hook 1,120225660545360641,Nursing | $35 - Respond.io,8.13,6489,132,onsite_conversion.messaging_conversation_started_7d,9
2025-06,120225660544650641,physio may 1 - H4 v2 - price - Copy,Top creatives | $5 | LAL | 2024 Sep 9,120225660545370641,🌟Physiotherapy | $10 | LAL | 2024 Sep 6 - Respond.io,15.04,11168,138,onsite_conversion.messaging_conversation_started_7d,4
2025-06,120225660545500641,Nursing May 1 - H4 - Copy,Nursing | Sales + call center LAL | $10,120225660545360641,Nursing | $35 - Respond.io,7.89,8055,177,onsite_conversion.messaging_conversation_started_7d,12
2025-06,120225660545490641,Nursing May 1 - H4,Nursing | Broad | $15,120225660545360641,Nursing | $35 - Respond.io,120.35,128441,2251,onsite_conversion.messaging_conversation_started_7d,118
2025-06,120225660545460641,Nursing May 1 - H5 - Copy,LAL VV 1% - $10 | Nursing Feb 2 - Hook 1,120225660545360641,Nursing | $35 - Respond.io,26.18,23987,393,onsite_conversion.messaging_conversation_started_7d,19
2025-06,120225660545420641,Nursing May 1 - H1 - Copy,Nursing | Sales + call center LAL | $10,120225660545360641,Nursing | $35 - Respond.io,2.91,3810,74,onsite_conversion.messaging_conversation_started_7d,4
2025-06,120225660545400641,Nursing May 1 - H6 - Copy,Nursing | Sales + call center LAL | $10,120225660545360641,Nursing | $35 - Respond.io,8.53,8257,148,onsite_conversion.messaging_conversation_started_7d,11
2025-06,120225660546150641,Ibraheem physio 1,Original Audince,120225660545520641,Physiotherapy | $6 | Testing - Respond.io,26.2,41311,681,onsite_conversion.messaging_conversation_started_7d,44
2025-06,120225660545510641,Nursing May 1 - H1 - Copy,LAL VV 1% - $10 | Nursing Feb 2 - Hook 1,120225660545360641,Nursing | $35 - Respond.io,2.25,3032,50,onsite_conversion.messaging_conversation_started_7d,1
2025-06,120225660545300641,physio may 1 - H1 - price - Copy,Top 3 creatives | $25 | Original Audience | 2024 Sep 6,120225660544580641,🌟Physiotherapy | $25 | Original Audience | 2024 Sep 6 - Respond.io,71.12,62074,1336,onsite_conversion.messaging_conversation_started_7d,73
2025-06,120225660546010641,Dr Visit ali juma edit - Maad Cut,Dr Visit | CC+Customers LAL | $10,120225660544600641,Dr Visit - Respond.io,98.16,82910,1664,onsite_conversion.messaging_conversation_started_7d,63
2025-06,120225660545560641,Nursing May 1 - H2,Nursing | Broad | $15,120225660545360641,Nursing | $35 - Respond.io,42.99,51486,1106,onsite_conversion.messaging_conversation_started_7d,53
2025-06,120225660544760641,‎قرح الفراش احمد حسين ونواف‎,Wound Care | TESTING | A+,120225660545330641,Wound Care - Respond.io,60.53,43530,997,onsite_conversion.messaging_conversation_started_7d,28
2025-06,120225660544610641,physio may 1 - H2 - price - Copy,Top 3 creatives | $25 | Original Audience | 2024 Sep 6,120225660544580641,🌟Physiotherapy | $25 | Original Audience | 2024 Sep 6 - Respond.io,47.68,55081,775,onsite_conversion.messaging_conversation_started_7d,30
2025-06,120225660544670641,BedSore Old Granny video 2,Wound Care | Sales LAL,120225660545330641,Wound Care - Respond.io,32.87,15931,407,onsite_conversion.messaging_conversation_started_7d,11
2025-06,120225660545480641,Nursing May 1 - H3 - Copy,LAL VV 1% - $10 | Nursing Feb 2 - Hook 1,120225660545360641,Nursing | $35 - Respond.io,3.23,4487,53,onsite_conversion.messaging_conversation_started_7d,
2025-06,120225660545530641,Nursing May 1 - H6,Nursing | Broad | $15,120225660545360641,Nursing | $35 - Respond.io,3.98,4274,88,onsite_conversion.messaging_conversation_started_7d,9
2025-06,120225660546100641,us april 2,Ultrasound | april 2025 | $5,120225660545340641,Imaging Services | $8 | 2024 Sep 3 - Respond.io,130.68,201564,3755,onsite_conversion.messaging_conversation_started_7d,175
2025-06,120225660545650641,Dr Visit ali juma edit - full,Dr Visit | CC+Customers LAL | $10,120225660544600641,Dr Visit - Respond.io,2.42,2314,23,onsite_conversion.messaging_conversation_started_7d,3
2025-06,120225660545830641,Dr Visit - Ibraheem Reel,Dr Visit | Broad | $20,120225660544600641,Dr Visit - Respond.io,20.9,7141,334,onsite_conversion.messaging_conversation_started_7d,29
2025-06,120225660545960641,Dr Visit ali juma edit - full,Dr Visit VV %1+%2 LAL | $10,120225660544600641,Dr Visit - Respond.io,3.73,3038,40,onsite_conversion.messaging_conversation_started_7d,5
2025-06,120225660545090641,physio may 1 - H4 v1 - price - Copy,Top creatives | $5 | LAL | 2024 Sep 9,120225660545370641,🌟Physiotherapy | $10 | LAL | 2024 Sep 6 - Respond.io,9.99,6784,129,onsite_conversion.messaging_conversation_started_7d,6
2025-06,120225660545120641,physio may 1 - H2 - price - Copy,Top creatives | $5 | LAL | 2024 Sep 9,120225660545370641,🌟Physiotherapy | $10 | LAL | 2024 Sep 6 - Respond.io,6.41,5114,103,onsite_conversion.messaging_conversation_started_7d,4
2025-06,120225660546260641,X-Ray,X-Ray,120225660545340641,Imaging Services | $8 | 2024 Sep 3 - Respond.io,27.54,22085,624,onsite_conversion.messaging_conversation_started_7d,35
2025-06,120225660546330641,X-Ray - Copy,X-Ray,120225660545340641,Imaging Services | $8 | 2024 Sep 3 - Respond.io,38.55,31320,957,onsite_conversion.messaging_conversation_started_7d,50
2025-06,120225660545950641,Dr Visit ali juma edit - full - Copy,Dr Visit | Broad | $20,120225660544600641,Dr Visit - Respond.io,19.65,15881,243,onsite_conversion.messaging_conversation_started_7d,13
2025-06,120225660544860641,Ibraheem Reel,Wound Care | Sales LAL,120225660545330641,Wound Care - Respond.io,46.01,26965,742,onsite_conversion.messaging_conversation_started_7d,15
2025-06,120225660545470641,Nursing May 1 - H5,Nursing | Broad | $15,120225660545360641,Nursing | $35 - Respond.io,15.46,19817,327,onsite_conversion.messaging_conversation_started_7d,11
2025-06,120225660545380641,physio may 1 - H3 - price - Copy,Top 3 creatives | $25 | Original Audience | 2024 Sep 6,120225660544580641,🌟Physiotherapy | $25 | Original Audience | 2024 Sep 6 - Respond.io,99.25,151317,1553,onsite_conversion.messaging_conversation_started_7d,107
2025-06,120225660544690641,physio may 1 - H3 - price - Copy,Top creatives | $5 | LAL | 2024 Sep 9,120225660545370641,🌟Physiotherapy | $10 | LAL | 2024 Sep 6 - Respond.io,17.58,33790,289,onsite_conversion.messaging_conversation_started_7d,20
2025-06,120225660546250641,Lab Test REEL 1,Lab Test | Creative Testing | 2024 Aug 14,120225660545140641,Lab Test - Respond.io,0.1,42,4,onsite_conversion.messaging_conversation_started_7d,2
2025-06,120225660544630641,physio may 1 - H4 v1 - price - Copy,Top 3 creatives | $25 | Original Audience | 2024 Sep 6,120225660544580641,🌟Physiotherapy | $25 | Original Audience | 2024 Sep 6 - Respond.io,3.48,3168,74,onsite_conversion.messaging_conversation_started_7d,1
2025-06,120225660545970641,Dr Visit ali juma edit - Maad Cut,Dr Visit VV %1+%2 LAL | $10,120225660544600641,Dr Visit - Respond.io,46.33,41277,785,onsite_conversion.messaging_conversation_started_7d,26
2025-06,120225660545940641,Dr Visit ali juma edit - full - Copy 2,Dr Visit | Broad | $20,120225660544600641,Dr Visit - Respond.io,109.81,74219,1720,onsite_conversion.messaging_conversation_started_7d,89
2025-06,120225660544660641,physio may 1 - H1 - price - Copy,Top creatives | $5 | LAL | 2024 Sep 9,120225660545370641,🌟Physiotherapy | $10 | LAL | 2024 Sep 6 - Respond.io,6.6,5375,77,onsite_conversion.messaging_conversation_started_7d,3
2025-06,120225660544780641,قرح الفراش احمد حسين ونواف,Wound Care | Sales LAL,120225660545330641,Wound Care - Respond.io,36.77,25573,543,onsite_conversion.messaging_conversation_started_7d,9
2025-06,120224400086410641,Dr Visit ali juma edit - full,Dr Visit VV %1+%2 LAL | $10,120224400085400641,Dr Visit Main | $35 - Copy,12.24,12389,164,onsite_conversion.messaging_conversation_started_7d,6
2025-06,120224400086050641,Lab Test REEL 1,Lab Test | Creative Testing | 2024 Aug 14,120224400085510641,Lab Test | Original Audince | 2024 Aug 14 - Copy,0.23,124,7,onsite_conversion.messaging_conversation_started_7d,1
2025-06,120224400086770641,Dr Visit ali juma edit - Maad Cut,Dr Visit VV %1+%2 LAL | $10,120224400085400641,Dr Visit Main | $35 - Copy,60.08,45340,763,onsite_conversion.messaging_conversation_started_7d,34
2025-06,120224400084930641,physio may 1 - H4 v2 - price - Copy,Top creatives | $5 | LAL | 2024 Sep 9,120224400085610641,🌟Physiotherapy | $10 | LAL | 2024 Sep 6 - Copy,1.22,1268,30,onsite_conversion.messaging_conversation_started_7d,
2025-06,120224400085030641,physio may 1 - H2 - price - Copy,Top creatives | $5 | LAL | 2024 Sep 9,120224400085610641,🌟Physiotherapy | $10 | LAL | 2024 Sep 6 - Copy,1.31,1373,20,onsite_conversion.messaging_conversation_started_7d,1
2025-06,120224400085390641,physio may 1 - H5 v2 - price - Copy,Top creatives | $5 | LAL | 2024 Sep 9,120224400085610641,🌟Physiotherapy | $10 | LAL | 2024 Sep 6 - Copy,52.87,69487,904,onsite_conversion.messaging_conversation_started_7d,43
2025-06,120224400085720641,Nursing May 1 - H2 - Copy,Nursing | Sales + call center LAL | $10,120224400085640641,Nursing | $35 - Copy,28.46,31256,608,onsite_conversion.messaging_conversation_started_7d,27
2025-06,120224400085920641,Nursing May 1 - H2 - Copy,LAL VV 1% - $10 | Nursing Feb 2 - Hook 1,120224400085640641,Nursing | $35 - Copy,12.7,14924,336,onsite_conversion.messaging_conversation_started_7d,13
2025-06,120224400084970641,Ibraheem Reel,Wound Care | Sales LAL,120224400085620641,Wound Care | 2024/11/5 - Copy,70.64,36149,834,onsite_conversion.messaging_conversation_started_7d,29
2025-06,120224400086150641,Ibraheem physio 1,Original Audince,120224400085600641,Physiotherapy | $6 | Testing - Copy,75.41,123391,1724,onsite_conversion.messaging_conversation_started_7d,88
2025-06,120224400085740641,Nursing May 1 - H4,Nursing | Broad | $15,120224400085640641,Nursing | $35 - Copy,131.16,175946,3169,onsite_conversion.messaging_conversation_started_7d,115
2025-06,120224400085360641,physio may 1 - H3 - price - Copy,Top creatives | $5 | LAL | 2024 Sep 9,120224400085610641,🌟Physiotherapy | $10 | LAL | 2024 Sep 6 - Copy,59.28,124519,1429,onsite_conversion.messaging_conversation_started_7d,44
2025-06,120224400085570641,physio may 1 - H4 v2 - price,Physiotherapy | Broad | $20,120224400085540641,Physiotherapy Main | Sales Objective - Copy,3.11,16121,430,link_click,367
2025-06,120224400085060641,قرح الفراش احمد حسين ونواف,Wound Care | Sales LAL,120224400085620641,Wound Care | 2024/11/5 - Copy,50.14,32969,995,onsite_conversion.messaging_conversation_started_7d,26
2025-06,120224400084950641,physio may 1 - H1 - price - Copy,Top creatives | $5 | LAL | 2024 Sep 9,120224400085610641,🌟Physiotherapy | $10 | LAL | 2024 Sep 6 - Copy,13.08,15237,202,onsite_conversion.messaging_conversation_started_7d,9
2025-06,120224400085500641,physio may 1 - H2 - price,Physiotherapy | Broad | $20,120224400085540641,Physiotherapy Main | Sales Objective - Copy,0.95,2468,99,link_click,89
2025-06,120224400086890641,Dr Visit ali juma edit - full - Copy 2,Dr Visit | Broad | $20,120224400085400641,Dr Visit Main | $35 - Copy,99.15,60990,1256,onsite_conversion.messaging_conversation_started_7d,68
2025-06,120224400085870641,Nursing May 1 - H6 - Copy,LAL VV 1% - $10 | Nursing Feb 2 - Hook 1,120224400085640641,Nursing | $35 - Copy,6.03,7768,123,onsite_conversion.messaging_conversation_started_7d,4
2025-06,120224400086860641,Dr Visit ali juma edit - Maad Cut,Dr Visit | CC+Customers LAL | $10,120224400085400641,Dr Visit Main | $35 - Copy,139.96,101216,1880,onsite_conversion.messaging_conversation_started_7d,98
2025-06,120224400086730641,X-Ray - Copy,X-Ray,120224400085590641,Imaging Services | $8 | 2024 Sep 3 - Copy,37.52,39783,901,onsite_conversion.messaging_conversation_started_7d,43
2025-06,120224400086720641,X-Ray,X-Ray,120224400085590641,Imaging Services | $8 | 2024 Sep 3 - Copy,58.03,54268,1508,onsite_conversion.messaging_conversation_started_7d,65
2025-06,120224400085730641,Nursing May 1 - H3,Nursing | Broad | $15,120224400085640641,Nursing | $35 - Copy,24.11,41111,754,onsite_conversion.messaging_conversation_started_7d,20
2025-06,120224400085560641,physio may 1 - H1 - price,Physiotherapy | Broad | $20,120224400085540641,Physiotherapy Main | Sales Objective - Copy,27.99,93185,3191,link_click,3100
2025-06,120224400085150641,physio may 1 - H5 v2 - price - Copy,Top 3 creatives | $25 | Original Audience | 2024 Sep 6,120224400085780641,🌟Physiotherapy | $25 | Original Audience | 2024 Sep 6 - Copy,73.18,79567,1116,onsite_conversion.messaging_conversation_started_7d,52
2025-06,120224400086190641,Physiotherapy March 1 - Hook 1,Original Audince,120224400085600641,Physiotherapy | $6 | Testing - Copy,8.87,11531,160,onsite_conversion.messaging_conversation_started_7d,6
2025-06,120224400085290641,physio may 1 - H2 - price - Copy,Top 3 creatives | $25 | Original Audience | 2024 Sep 6,120224400085780641,🌟Physiotherapy | $25 | Original Audience | 2024 Sep 6 - Copy,8.72,7213,101,onsite_conversion.messaging_conversation_started_7d,4
2025-06,120224400085240641,physio may 1 - H6 v2 - price - Copy,Top 3 creatives | $25 | Original Audience | 2024 Sep 6,120224400085780641,🌟Physiotherapy | $25 | Original Audience | 2024 Sep 6 - Copy,42.22,42648,507,onsite_conversion.messaging_conversation_started_7d,21
2025-06,120224400084960641,physio may 1 - H4 v1 - price - Copy,Top creatives | $5 | LAL | 2024 Sep 9,120224400085610641,🌟Physiotherapy | $10 | LAL | 2024 Sep 6 - Copy,1.42,1116,15,onsite_conversion.messaging_conversation_started_7d,1
2025-06,120224400085810641,Nursing May 1 - H1,Nursing | Broad | $15,120224400085640641,Nursing | $35 - Copy,16.71,23906,504,onsite_conversion.messaging_conversation_started_7d,17
2025-06,120224400085470641,physio may 1 - H6 v2 - price,Physiotherapy | Broad | $20,120224400085540641,Physiotherapy Main | Sales Objective - Copy,2.7,19805,433,link_click,278
2025-06,120224400085210641,physio may 1 - H4 v2 - price - Copy,Top 3 creatives | $25 | Original Audience | 2024 Sep 6,120224400085780641,🌟Physiotherapy | $25 | Original Audience | 2024 Sep 6 - Copy,4.4,3300,67,onsite_conversion.messaging_conversation_started_7d,2
2025-06,120224400085580641,physio may 1 - H4 v1 - price,Physiotherapy | Broad | $20,120224400085540641,Physiotherapy Main | Sales Objective - Copy,0.96,5281,139,link_click,114
2025-06,120224400085190641,physio may 1 - H3 - price - Copy,Top 3 creatives | $25 | Original Audience | 2024 Sep 6,120224400085780641,🌟Physiotherapy | $25 | Original Audience | 2024 Sep 6 - Copy,87.48,116452,1283,onsite_conversion.messaging_conversation_started_7d,77
2025-06,120224400086670641,us april 2,Ultrasound | april 2025 | $5,120224400085590641,Imaging Services | $8 | 2024 Sep 3 - Copy,187.03,257680,4043,onsite_conversion.messaging_conversation_started_7d,206
2025-06,120224400086760641,Dr Visit ali juma edit - full,Dr Visit | CC+Customers LAL | $10,120224400085400641,Dr Visit Main | $35 - Copy,4.91,4992,82,onsite_conversion.messaging_conversation_started_7d,3
2025-06,120224400085670641,Nursing May 1 - H5 - Copy,Nursing | Sales + call center LAL | $10,120224400085640641,Nursing | $35 - Copy,0.62,653,20,onsite_conversion.messaging_conversation_started_7d,2
2025-06,120224400085010641,‎قرح الفراش احمد حسين ونواف‎,Wound Care | TESTING | A+,120224400085620641,Wound Care | 2024/11/5 - Copy,87.21,66529,1657,onsite_conversion.messaging_conversation_started_7d,42
2025-06,120224400085690641,Nursing May 1 - H1 - Copy,Nursing | Sales + call center LAL | $10,120224400085640641,Nursing | $35 - Copy,2.62,2786,59,onsite_conversion.messaging_conversation_started_7d,1
2025-06,120224400085830641,Nursing May 1 - H1 - Copy,LAL VV 1% - $10 | Nursing Feb 2 - Hook 1,120224400085640641,Nursing | $35 - Copy,20.81,24737,451,onsite_conversion.messaging_conversation_started_7d,12
2025-06,120224400085490641,physio may 1 - H5 v2 - price,Physiotherapy | Broad | $20,120224400085540641,Physiotherapy Main | Sales Objective - Copy,52.86,173155,6318,link_click,6118
2025-06,120224400085000641,physio may 1 - H6 v2 - price - Copy,Top creatives | $5 | LAL | 2024 Sep 9,120224400085610641,🌟Physiotherapy | $10 | LAL | 2024 Sep 6 - Copy,15.05,25302,425,onsite_conversion.messaging_conversation_started_7d,16
2025-06,120224400085650641,Nursing May 1 - H3 - Copy,LAL VV 1% - $10 | Nursing Feb 2 - Hook 1,120224400085640641,Nursing | $35 - Copy,9.06,13043,232,onsite_conversion.messaging_conversation_started_7d,10
2025-06,120224400085040641,BedSore Old Granny video 2,Wound Care | Sales LAL,120224400085620641,Wound Care | 2024/11/5 - Copy,45.22,28582,685,onsite_conversion.messaging_conversation_started_7d,15
2025-06,120224400085180641,physio may 1 - H1 - price - Copy,Top 3 creatives | $25 | Original Audience | 2024 Sep 6,120224400085780641,🌟Physiotherapy | $25 | Original Audience | 2024 Sep 6 - Copy,139.06,124983,1982,onsite_conversion.messaging_conversation_started_7d,113
2025-06,120224400086260641,Physiotherapy March 1 - Hook 2,Original Audince,120224400085600641,Physiotherapy | $6 | Testing - Copy,2.11,2154,27,onsite_conversion.messaging_conversation_started_7d,1
2025-06,120224400085660641,Nursing May 1 - H6 - Copy,Nursing | Sales + call center LAL | $10,120224400085640641,Nursing | $35 - Copy,2.47,4294,82,onsite_conversion.messaging_conversation_started_7d,3
2025-06,120224400085520641,physio may 1 - H3 - price,Physiotherapy | Broad | $20,120224400085540641,Physiotherapy Main | Sales Objective - Copy,13.84,33990,1533,link_click,1475
2025-06,120224400085800641,Nursing May 1 - H2,Nursing | Broad | $15,120224400085640641,Nursing | $35 - Copy,88.95,127744,2546,onsite_conversion.messaging_conversation_started_7d,96
2025-06,120224400085850641,Nursing May 1 - H4 - Copy,LAL VV 1% - $10 | Nursing Feb 2 - Hook 1,120224400085640641,Nursing | $35 - Copy,12.13,14161,226,onsite_conversion.messaging_conversation_started_7d,9
2025-06,120224400086740641,Echo,Echo,120224400085590641,Imaging Services | $8 | 2024 Sep 3 - Copy,43.14,65736,1301,onsite_conversion.messaging_conversation_started_7d,57
2025-06,120224400085710641,Nursing May 1 - H4 - Copy,Nursing | Sales + call center LAL | $10,120224400085640641,Nursing | $35 - Copy,105.02,116843,2159,onsite_conversion.messaging_conversation_started_7d,95
2025-06,120224400085700641,Nursing May 1 - H5,Nursing | Broad | $15,120224400085640641,Nursing | $35 - Copy,22.72,28656,422,onsite_conversion.messaging_conversation_started_7d,8
2025-06,120224400086510641,Dr Visit ali juma edit - full - Copy,Dr Visit | Broad | $20,120224400085400641,Dr Visit Main | $35 - Copy,13.38,11970,178,onsite_conversion.messaging_conversation_started_7d,8
2025-06,120224400085790641,Nursing May 1 - H6,Nursing | Broad | $15,120224400085640641,Nursing | $35 - Copy,4.89,6298,112,onsite_conversion.messaging_conversation_started_7d,8
2025-06,120224400085840641,Nursing May 1 - H5 - Copy,LAL VV 1% - $10 | Nursing Feb 2 - Hook 1,120224400085640641,Nursing | $35 - Copy,11.29,12405,207,onsite_conversion.messaging_conversation_started_7d,12
2025-06,120224400085280641,Nursing May 1 - H3 - Copy,Nursing | Sales + call center LAL | $10,120224400085640641,Nursing | $35 - Copy,4.81,7241,99,onsite_conversion.messaging_conversation_started_7d,6
2025-06,120224400086060641,lab test apr 1,Lab Test | Creative Testing | 2024 Aug 14,120224400085510641,Lab Test | Original Audince | 2024 Aug 14 - Copy,144.04,111026,2359,onsite_conversion.messaging_conversation_started_7d,241
2025-06,120224400086650641,Dr Visit Static 1,Dr Visit VV %1+%2 LAL | $10 - STATIC,120224400085400641,Dr Visit Main | $35 - Copy,58.39,63215,1090,onsite_conversion.messaging_conversation_started_7d,49
2025-06,120224400085220641,physio may 1 - H4 v1 - price - Copy,Top 3 creatives | $25 | Original Audience | 2024 Sep 6,120224400085780641,🌟Physiotherapy | $25 | Original Audience | 2024 Sep 6 - Copy,6.73,4337,80,onsite_conversion.messaging_conversation_started_7d,2
2025-06,120224400086420641,Dr Visit - Ibraheem Reel,Dr Visit | Broad | $20,120224400085400641,Dr Visit Main | $35 - Copy,104.57,43577,1572,onsite_conversion.messaging_conversation_started_7d,86
2025-06,120224400086820641,Dr Visit Static 2,Dr Visit VV %1+%2 LAL | $10 - STATIC,120224400085400641,Dr Visit Main | $35 - Copy,13.59,12707,225,onsite_conversion.messaging_conversation_started_7d,9
2025-06,120223810610040641,UGC 1 - Actially,UGC 1 | $6,120222834173730641,Profile Traffic Campaign (Followers) | $12 | May 7,178.57,527713,10206,total_profile_visits,9748
2025-06,120226320692290641,Dr Visit ali juma edit - full - Copy 2,Dr Visit | Broad | $20,120226320691840641,Dr Visit - Respond.io - Copy,68.31,42059,1079,onsite_conversion.messaging_conversation_started_7d,41
2025-06,120226320692340641,Dr Visit - Ibraheem Reel,Dr Visit | Broad | $20,120226320691840641,Dr Visit - Respond.io - Copy,8.51,2749,141,onsite_conversion.messaging_conversation_started_7d,10
2025-06,120226320691780641,Physiotherapy March 1 - Hook 1,Original Audince,120226320691760641,Physiotherapy | $6 | Testing - Respond.io - Copy,5.58,8381,105,onsite_conversion.messaging_conversation_started_7d,2
2025-06,120226320691740641,Ibraheem physio 1,Original Audince,120226320691760641,Physiotherapy | $6 | Testing - Respond.io - Copy,30.79,46088,745,onsite_conversion.messaging_conversation_started_7d,59
2025-06,120226320692770641,Physiotherapy March 1 - Hook 2,Original Audince,120226320691760641,Physiotherapy | $6 | Testing - Respond.io - Copy,0.03,98,2,onsite_conversion.messaging_conversation_started_7d,
2025-06,120225660545790641,Dr Visit Static 1,Dr Visit VV %1+%2 LAL | $10 - STATIC,120225660544600641,Dr Visit - Respond.io,27.83,24999,514,onsite_conversion.messaging_conversation_started_7d,28
2025-06,120225660545980641,Dr Visit Static 2,Dr Visit VV %1+%2 LAL | $10 - STATIC,120225660544600641,Dr Visit - Respond.io,11.25,7809,194,onsite_conversion.messaging_conversation_started_7d,15
2025-07,120222834173700641,AirBag Nursing - Vertical - Copy,AirBag Videos. | $12,120222834173730641,Profile Traffic Campaign (Followers) | $12 | May 7,80.06,353109,4116,total_profile_visits,3698
2025-07,120222834173710641,AirBag Physiotherapy - Vertical - Copy,AirBag Videos. | $12,120222834173730641,Profile Traffic Campaign (Followers) | $12 | May 7,220.08,454737,11396,total_profile_visits,10479
2025-07,120222834173720641,AirBag Dr Visit - Vertical - Copy,AirBag Videos. | $12,120222834173730641,Profile Traffic Campaign (Followers) | $12 | May 7,71.27,221640,3638,total_profile_visits,3259
2025-07,120228121655740641,Dr Visit - 25Jul26 - Ai Hook,Dr Visit | Broad | $20,120227445417210641,Dr Visit - Respond.io 2025Jul13 - Copy,53.6,46974,612,onsite_conversion.messaging_conversation_started_7d,58
2025-07,120228121910430641,Mouge H1 V1.mp4 - Copy,Dr Visit VV %1+%2 LAL | $10,120227445417210641,Dr Visit - Respond.io 2025Jul13 - Copy,9.74,4388,115,onsite_conversion.messaging_conversation_started_7d,10
2025-07,120228121910440641,Mouge H1 V1.mp4 - Copy,Dr Visit | CC+Customers LAL | $10,120227445417210641,Dr Visit - Respond.io 2025Jul13 - Copy,6.02,2264,67,onsite_conversion.messaging_conversation_started_7d,7
2025-07,120228120432840641,Lab Test - 25jul - post 3,Lab Test | Static | $5 | 25Jul26,120227445417350641,Lab Test - Respond.io 2025Jul13 - Copy,21.22,9492,217,onsite_conversion.messaging_conversation_started_7d,14
2025-07,120228120272200641,Lab Test - 25jul - post 1,Lab Test | Static | $5 | 25Jul26,120227445417350641,Lab Test - Respond.io 2025Jul13 - Copy,4.74,2021,46,onsite_conversion.messaging_conversation_started_7d,3
2025-07,120228117955560641,Physiotherapy Jul - Design 2,Static | A+ | $10,120227445417230641,Physiotherapy | Respond.io 2025Jul13 - Copy,27.97,34425,620,onsite_conversion.messaging_conversation_started_7d,26
2025-07,120228117955550641,Physiotherapy Jul - Design 3,Static | A+ | $10,120227445417230641,Physiotherapy | Respond.io 2025Jul13 - Copy,4.67,3374,71,onsite_conversion.messaging_conversation_started_7d,7
2025-07,120228117955540641,Physiotherapy Jul - Design 4,Static | A+ | $10,120227445417230641,Physiotherapy | Respond.io 2025Jul13 - Copy,21.92,16044,311,onsite_conversion.messaging_conversation_started_7d,22
2025-07,120227765997350641,PET Scan - 25Jul1 - H4,PET Scan | 2025 Jul 20 | $10,120227445417350641,Lab Test - Respond.io 2025Jul13 - Copy,65.29,45091,1316,onsite_conversion.messaging_conversation_started_7d,58
2025-07,120227764906500641,PET Scan - 25Jul1 - H1,PET Scan | 2025 Jul 20 | $10,120227445417350641,Lab Test - Respond.io 2025Jul13 - Copy,13.77,11254,354,onsite_conversion.messaging_conversation_started_7d,15
2025-07,120227764906510641,PET Scan - 25Jul1 - H2,PET Scan | 2025 Jul 20 | $10,120227445417350641,Lab Test - Respond.io 2025Jul13 - Copy,3.52,3584,87,onsite_conversion.messaging_conversation_started_7d,1
2025-07,120227765997360641,PET Scan - 25Jul1 - H3,PET Scan | 2025 Jul 20 | $10,120227445417350641,Lab Test - Respond.io 2025Jul13 - Copy,29.92,19087,550,onsite_conversion.messaging_conversation_started_7d,22
2025-07,120227754337720641,Lab Test - 25Jul2 - General - H2,Lab Test | Creative Testing | 2024 Aug 14,120227445417350641,Lab Test - Respond.io 2025Jul13 - Copy,0.58,255,4,onsite_conversion.messaging_conversation_started_7d,1
2025-07,120227754318070641,Lab Test - 25Jul2 - General - H1,Lab Test | Creative Testing | 2024 Aug 14,120227445417350641,Lab Test - Respond.io 2025Jul13 - Copy,5.57,2268,68,onsite_conversion.messaging_conversation_started_7d,6
2025-07,120227754337710641,Lab Test - 25Jul2 - General - H3,Lab Test | Creative Testing | 2024 Aug 14,120227445417350641,Lab Test - Respond.io 2025Jul13 - Copy,4.29,1251,41,onsite_conversion.messaging_conversation_started_7d,3
2025-07,120227754277340641,X-Ray - 25Jul1 - H 2,X-Ray,120227445417220641,Imaging Services | $8 | Respond.io 2025Jul13 - Copy,5.71,6580,66,onsite_conversion.messaging_conversation_started_7d,2
2025-07,120227754265150641,X-Ray - 25Jul1 - H1,X-Ray,120227445417220641,Imaging Services | $8 | Respond.io 2025Jul13 - Copy,16.51,19045,235,onsite_conversion.messaging_conversation_started_7d,19
2025-07,120227754277330641,X-Ray - 25Jul1 - H 3,X-Ray,120227445417220641,Imaging Services | $8 | Respond.io 2025Jul13 - Copy,0.34,500,2,onsite_conversion.messaging_conversation_started_7d,
2025-07,120227600726510641,‎‎قرح الفراش احمد حسين ٢,Wound Care | TESTING | A+,120227445417320641,Wound Care - Respond.io 2025Jul13 - Copy,40.64,31247,532,onsite_conversion.messaging_conversation_started_7d,18
2025-07,120227600726520641,قرح الفراش - دكتور,Wound Care | TESTING | A+,120227445417320641,Wound Care - Respond.io 2025Jul13 - Copy,18.59,12856,320,onsite_conversion.messaging_conversation_started_7d,8
2025-07,120227601622560641,us jul,Ultrasound | april 2025 | $5,120227445417220641,Imaging Services | $8 | Respond.io 2025Jul13 - Copy,7.67,10284,194,onsite_conversion.messaging_conversation_started_7d,7
2025-07,120227601032470641,‎‎‎قرح الفراش احمد حسين ٢‎ - Copy,Wound Care | Sales LAL,120227445417320641,Wound Care - Respond.io 2025Jul13 - Copy,11.68,6043,109,onsite_conversion.messaging_conversation_started_7d,9
2025-07,120227601032460641,‎قرح الفراش - دكتور‎ - Copy,Wound Care | Sales LAL,120227445417320641,Wound Care - Respond.io 2025Jul13 - Copy,11.96,6339,184,onsite_conversion.messaging_conversation_started_7d,1
2025-07,120227445417400641,Mouge H1 V1.mp4,Dr Visit | Broad | $20,120227445417210641,Dr Visit - Respond.io 2025Jul13 - Copy,84.72,36278,1369,onsite_conversion.messaging_conversation_started_7d,62
2025-07,120227445417840641,Nursing May 1 - H2 - Copy,LAL VV 1% - $10 | Nursing Feb 2 - Hook 1,120227445417250641,Nursing | $35 - Respond.io 2025Jul13 - Copy,16.32,17846,400,onsite_conversion.messaging_conversation_started_7d,9
2025-07,120227445417870641,physio may 1 - H1 - price - Copy 2,Top 3 creatives | $25 | Original Audience | 2024 Sep 6,120227445417230641,Physiotherapy | Respond.io 2025Jul13 - Copy,64.66,58619,951,onsite_conversion.messaging_conversation_started_7d,46
2025-07,120225607730300641,Dr Visit TVc,Dr Visit TVc,120225607512910641,mini TVCs 2025,146.56,61208,5753,onsite_conversion.messaging_conversation_started_7d,211
2025-07,120227445417790641,Nursing May 1 - H4 - Copy 2,Nursing | Broad | $15,120227445417250641,Nursing | $35 - Respond.io 2025Jul13 - Copy,98.35,142905,1636,onsite_conversion.messaging_conversation_started_7d,64
2025-07,120227445417170641,physio may 1 - H6 v2 - price - Copy,Top creatives | $5 | LAL | Respond.io 2025Jul13,120227445417230641,Physiotherapy | Respond.io 2025Jul13 - Copy,3.49,4427,45,onsite_conversion.messaging_conversation_started_7d,1
2025-07,120227445417180641,physio may 1 - H3 - price - Copy 2,Top 3 creatives | $25 | Original Audience | 2024 Sep 6,120227445417230641,Physiotherapy | Respond.io 2025Jul13 - Copy,223.59,266007,2723,onsite_conversion.messaging_conversation_started_7d,150
2025-07,120227445417800641,Nursing May 1 - H1 - Copy,LAL VV 1% - $10 | Nursing Feb 2 - Hook 1,120227445417250641,Nursing | $35 - Respond.io 2025Jul13 - Copy,8.01,10113,136,onsite_conversion.messaging_conversation_started_7d,2
2025-07,120227445417340641,قرح الفراش احمد حسين ونواف,Wound Care | Sales LAL,120227445417320641,Wound Care - Respond.io 2025Jul13 - Copy,23.4,13804,362,onsite_conversion.messaging_conversation_started_7d,5
2025-07,120227445417650641,Dr Visit ali juma edit - full,Dr Visit VV %1+%2 LAL | $10,120227445417210641,Dr Visit - Respond.io 2025Jul13 - Copy,14.38,10541,127,onsite_conversion.messaging_conversation_started_7d,5
2025-07,120227445417300641,physio may 1 - H5 v2 - price - Copy 2,Top 3 creatives | $25 | Original Audience | 2024 Sep 6,120227445417230641,Physiotherapy | Respond.io 2025Jul13 - Copy,104.34,119642,2110,onsite_conversion.messaging_conversation_started_7d,75
2025-07,120227445417940641,physio may 1 - H2 - price - Copy 2,Top 3 creatives | $25 | Original Audience | 2024 Sep 6,120227445417230641,Physiotherapy | Respond.io 2025Jul13 - Copy,36.12,26742,442,onsite_conversion.messaging_conversation_started_7d,24
2025-07,120227445417680641,Dr Visit Static 3,Dr Visit VV %1+%2 LAL | $10 - STATIC,120227445417210641,Dr Visit - Respond.io 2025Jul13 - Copy,25.14,16796,292,onsite_conversion.messaging_conversation_started_7d,28
2025-07,120227523442480641,‎Nursing TVc‎,‎Nursing TVc‎ - Respong.io New Number,120225607512910641,mini TVCs 2025,162.99,96103,6492,onsite_conversion.messaging_conversation_started_7d,160
2025-07,120227445417330641,BedSore Old Granny video 2,Wound Care | Sales LAL,120227445417320641,Wound Care - Respond.io 2025Jul13 - Copy,16.77,8716,248,onsite_conversion.messaging_conversation_started_7d,3
2025-07,120227445417150641,Nursing May 1 - H2 - Copy 2,Nursing | Sales + call center LAL | $10,120227445417250641,Nursing | $35 - Respond.io 2025Jul13 - Copy,59.93,48897,952,onsite_conversion.messaging_conversation_started_7d,38
2025-07,120227445417850641,Nursing May 1 - H5 - Copy 2,Nursing | Sales + call center LAL | $10,120227445417250641,Nursing | $35 - Respond.io 2025Jul13 - Copy,13.29,11518,156,onsite_conversion.messaging_conversation_started_7d,13
2025-07,120227445417830641,physio may 1 - H4 v2 - price - Copy 2,Top 3 creatives | $25 | Original Audience | 2024 Sep 6,120227445417230641,Physiotherapy | Respond.io 2025Jul13 - Copy,2.11,1908,38,onsite_conversion.messaging_conversation_started_7d,1
2025-07,120227445417900641,Nursing May 1 - H2 - Copy 2,Nursing | Broad | $15,120227445417250641,Nursing | $35 - Respond.io 2025Jul13 - Copy,161.46,189373,3945,onsite_conversion.messaging_conversation_started_7d,100
2025-07,120227445417980641,Nursing May 1 - H4 - Copy 2,Nursing | Sales + call center LAL | $10,120227445417250641,Nursing | $35 - Respond.io 2025Jul13 - Copy,96.42,93566,1275,onsite_conversion.messaging_conversation_started_7d,74
2025-07,120227445417570641,Dr Visit with Offer,Dr Visit | Broad With OFFER | $6,120227445417210641,Dr Visit - Respond.io 2025Jul13 - Copy,115.89,76011,1444,onsite_conversion.messaging_conversation_started_7d,47
2025-07,120227445417270641,physio may 1 - H1 - price - Copy,Top creatives | $5 | LAL | Respond.io 2025Jul13,120227445417230641,Physiotherapy | Respond.io 2025Jul13 - Copy,18.76,18492,259,onsite_conversion.messaging_conversation_started_7d,11
2025-07,120227523442500641,Dr Visit TVc,Dr Visit TVc - Respong.io New Number,120225607512910641,mini TVCs 2025,63.2,23170,2217,onsite_conversion.messaging_conversation_started_7d,49
2025-07,120227445418050641,Nursing May 1 - H6 - Copy,LAL VV 1% - $10 | Nursing Feb 2 - Hook 1,120227445417250641,Nursing | $35 - Respond.io 2025Jul13 - Copy,16.9,16876,219,onsite_conversion.messaging_conversation_started_7d,11
2025-07,120227445417970641,Nursing May 1 - H6 - Copy 2,Nursing | Sales + call center LAL | $10,120227445417250641,Nursing | $35 - Respond.io 2025Jul13 - Copy,2.22,1458,24,onsite_conversion.messaging_conversation_started_7d,
2025-07,120227445417390641,Dr Visit ali juma edit - Maad Cut,Dr Visit | CC+Customers LAL | $10,120227445417210641,Dr Visit - Respond.io 2025Jul13 - Copy,140.45,72442,1529,onsite_conversion.messaging_conversation_started_7d,66
2025-07,120227445418030641,Echo,Echo,120227445417220641,Imaging Services | $8 | Respond.io 2025Jul13 - Copy,53.81,77787,1485,onsite_conversion.messaging_conversation_started_7d,68
2025-07,120227445418170641,Nursing May 1 - H1 - Copy 2,Nursing | Broad | $15,120227445417250641,Nursing | $35 - Respond.io 2025Jul13 - Copy,25.1,34951,524,onsite_conversion.messaging_conversation_started_7d,12
2025-07,120227445417780641,Nursing May 1 - H5 - Copy,LAL VV 1% - $10 | Nursing Feb 2 - Hook 1,120227445417250641,Nursing | $35 - Respond.io 2025Jul13 - Copy,16.4,18672,232,onsite_conversion.messaging_conversation_started_7d,15
2025-07,120227445418060641,Nursing May 1 - H3 - Copy,LAL VV 1% - $10 | Nursing Feb 2 - Hook 1,120227445417250641,Nursing | $35 - Respond.io 2025Jul13 - Copy,14.44,16465,166,onsite_conversion.messaging_conversation_started_7d,12
2025-07,120225607730310641,‎Physio TVc‎,‎Physio TVc‎,120225607512910641,mini TVCs 2025,145.94,200649,6667,onsite_conversion.messaging_conversation_started_7d,203
2025-07,120227445417580641,Dr Visit ali juma edit - full,Dr Visit | CC+Customers LAL | $10,120227445417210641,Dr Visit - Respond.io 2025Jul13 - Copy,5.49,4011,70,onsite_conversion.messaging_conversation_started_7d,3
2025-07,120227445417140641,Nursing May 1 - H3 - Copy 2,Nursing | Sales + call center LAL | $10,120227445417250641,Nursing | $35 - Respond.io 2025Jul13 - Copy,4.94,4321,58,onsite_conversion.messaging_conversation_started_7d,5
2025-07,120227445417960641,Nursing May 1 - H3 - Copy 2,Nursing | Broad | $15,120227445417250641,Nursing | $35 - Respond.io 2025Jul13 - Copy,25.96,30839,362,onsite_conversion.messaging_conversation_started_7d,24
2025-07,120227445418150641,physio may 1 - H5 v2 - price - Copy,Top creatives | $5 | LAL | Respond.io 2025Jul13,120227445417230641,Physiotherapy | Respond.io 2025Jul13 - Copy,25.92,38428,422,onsite_conversion.messaging_conversation_started_7d,21
2025-07,120227445417720641,Dr Visit ali juma edit - Maad Cut,Dr Visit VV %1+%2 LAL | $10,120227445417210641,Dr Visit - Respond.io 2025Jul13 - Copy,65.89,39093,799,onsite_conversion.messaging_conversation_started_7d,40
2025-07,120227445417930641,‎قرح الفراش احمد حسين ونواف‎,Wound Care | TESTING | A+,120227445417320641,Wound Care - Respond.io 2025Jul13 - Copy,35.83,28689,678,onsite_conversion.messaging_conversation_started_7d,15
2025-07,120227445417130641,physio may 1 - H4 v1 - price - Copy 2,Top 3 creatives | $25 | Original Audience | 2024 Sep 6,120227445417230641,Physiotherapy | Respond.io 2025Jul13 - Copy,5.86,5506,79,onsite_conversion.messaging_conversation_started_7d,2
2025-07,120227445417910641,Nursing May 1 - H6 - Copy 2,Nursing | Broad | $15,120227445417250641,Nursing | $35 - Respond.io 2025Jul13 - Copy,24.56,26570,344,onsite_conversion.messaging_conversation_started_7d,17
2025-07,120227445417490641,us april 2,Ultrasound | april 2025 | $5,120227445417220641,Imaging Services | $8 | Respond.io 2025Jul13 - Copy,226.25,338223,5857,onsite_conversion.messaging_conversation_started_7d,274
2025-07,120227445417730641,Mouge H2 V2.mp4,Dr Visit | Broad | $20,120227445417210641,Dr Visit - Respond.io 2025Jul13 - Copy,3.48,1992,52,onsite_conversion.messaging_conversation_started_7d,2
2025-07,120227445417820641,Nursing May 1 - H5 - Copy 2,Nursing | Broad | $15,120227445417250641,Nursing | $35 - Respond.io 2025Jul13 - Copy,24.07,29323,313,onsite_conversion.messaging_conversation_started_7d,13
2025-07,120227445417810641,physio may 1 - H4 v1 - price - Copy,Top creatives | $5 | LAL | Respond.io 2025Jul13,120227445417230641,Physiotherapy | Respond.io 2025Jul13 - Copy,2.04,2251,25,onsite_conversion.messaging_conversation_started_7d,2
2025-07,120227445417530641,X-Ray,X-Ray,120227445417220641,Imaging Services | $8 | Respond.io 2025Jul13 - Copy,78.96,71198,1725,onsite_conversion.messaging_conversation_started_7d,117
2025-07,120227445417160641,physio may 1 - H2 - price - Copy,Top creatives | $5 | LAL | Respond.io 2025Jul13,120227445417230641,Physiotherapy | Respond.io 2025Jul13 - Copy,7.46,6248,105,onsite_conversion.messaging_conversation_started_7d,10
2025-07,120227445417590641,Mouge H1 V2.mp4,Dr Visit | Broad | $20,120227445417210641,Dr Visit - Respond.io 2025Jul13 - Copy,11.2,7424,237,onsite_conversion.messaging_conversation_started_7d,10
2025-07,120225720390330641,‎Nursing TVc‎,‎Nursing TVc‎,120225607512910641,mini TVCs 2025,147.37,95399,5973,onsite_conversion.messaging_conversation_started_7d,244
2025-07,120227445417890641,Nursing May 1 - H4 - Copy,LAL VV 1% - $10 | Nursing Feb 2 - Hook 1,120227445417250641,Nursing | $35 - Respond.io 2025Jul13 - Copy,17.68,20655,285,onsite_conversion.messaging_conversation_started_7d,16
2025-07,120227445418100641,physio may 1 - H3 - price - Copy,Top creatives | $5 | LAL | Respond.io 2025Jul13,120227445417230641,Physiotherapy | Respond.io 2025Jul13 - Copy,94.17,185736,1489,onsite_conversion.messaging_conversation_started_7d,78
2025-07,120227445417750641,Mouge H3 V3.mp4,Dr Visit | Broad | $20,120227445417210641,Dr Visit - Respond.io 2025Jul13 - Copy,8.94,5376,133,onsite_conversion.messaging_conversation_started_7d,4
2025-07,120227445417450641,Dr Visit Static 4,Dr Visit VV %1+%2 LAL | $10 - STATIC,120227445417210641,Dr Visit - Respond.io 2025Jul13 - Copy,81.71,95845,2472,onsite_conversion.messaging_conversation_started_7d,34
2025-07,120227523442450641,‎Physio TVc‎,‎Physio TVc - Respong.io New Number,120225607512910641,mini TVCs 2025,162.97,159448,4722,onsite_conversion.messaging_conversation_started_7d,120
2025-07,120227445417190641,physio may 1 - H4 v2 - price - Copy,Top creatives | $5 | LAL | Respond.io 2025Jul13,120227445417230641,Physiotherapy | Respond.io 2025Jul13 - Copy,0.99,966,15,onsite_conversion.messaging_conversation_started_7d,
2025-07,120227445417290641,Ibraheem Reel,Wound Care | Sales LAL,120227445417320641,Wound Care - Respond.io 2025Jul13 - Copy,12.15,6424,172,onsite_conversion.messaging_conversation_started_7d,2
2025-07,120227445418120641,Nursing May 1 - H1 - Copy 2,Nursing | Sales + call center LAL | $10,120227445417250641,Nursing | $35 - Respond.io 2025Jul13 - Copy,3,2993,55,onsite_conversion.messaging_conversation_started_7d,2
2025-07,120227445417380641,Dr Visit Static 5,Dr Visit VV %1+%2 LAL | $10 - STATIC,120227445417210641,Dr Visit - Respond.io 2025Jul13 - Copy,9.49,6359,120,onsite_conversion.messaging_conversation_started_7d,7
2025-07,120227445417560641,Lab Test - Diabetic Package - H3,Lab Test - Diabetic Package,120227445417350641,Lab Test - Respond.io 2025Jul13 - Copy,1.49,886,19,onsite_conversion.messaging_conversation_started_7d,2
2025-07,120227445417360641,Lab Test - Diabetic Package - H1,Lab Test - Diabetic Package,120227445417350641,Lab Test - Respond.io 2025Jul13 - Copy,30.64,28874,851,onsite_conversion.messaging_conversation_started_7d,55
2025-07,120227445418000641,Lab Test - Diabetic Package - H2,Lab Test - Diabetic Package,120227445417350641,Lab Test - Respond.io 2025Jul13 - Copy,1.96,1247,22,onsite_conversion.messaging_conversation_started_7d,
2025-07,120227445417540641,Lab Test REEL 1,Lab Test | Creative Testing | 2024 Aug 14,120227445417350641,Lab Test - Respond.io 2025Jul13 - Copy,0.02,34,1,onsite_conversion.messaging_conversation_started_7d,
2025-07,120227412240670641,قرح الفراش احمد حسين ونواف,Wound Care | Sales LAL,120227412240720641,Wound Care - Respond.io 2025Jul13,1.44,1174,49,onsite_conversion.purchase,
2025-07,120227412240610641,Ibraheem Reel,Wound Care | Sales LAL,120227412240720641,Wound Care - Respond.io 2025Jul13,1.47,1110,42,onsite_conversion.purchase,
2025-07,120227412240970641,Mouge H3 V2.mp4,Dr Visit | Broad | $20,120227412239930641,Dr Visit - Respond.io 2025Jul13,0.04,131,0,onsite_conversion.purchase,
2025-07,120227412240490641,Nursing May 1 - H3 - Copy 2,Nursing | Broad | $15,120227412240000641,Nursing | $35 - Respond.io 2025Jul13,0.3,492,12,onsite_conversion.purchase,
2025-07,120227412240340641,Nursing May 1 - H6 - Copy 2,Nursing | Broad | $15,120227412240000641,Nursing | $35 - Respond.io 2025Jul13,0.53,836,14,onsite_conversion.purchase,
2025-07,120227412240960641,Mouge H1 V1.mp4,Dr Visit | Broad | $20,120227412239930641,Dr Visit - Respond.io 2025Jul13,0.16,171,9,onsite_conversion.purchase,
2025-07,120227412240530641,Dr Visit with Offer,Dr Visit | Broad With OFFER | $6,120227412239930641,Dr Visit - Respond.io 2025Jul13,4.92,4793,148,onsite_conversion.purchase,
2025-07,120227412240950641,Mouge H2 V3.mp4,Dr Visit | Broad | $20,120227412239930641,Dr Visit - Respond.io 2025Jul13,0.82,893,25,onsite_conversion.purchase,
2025-07,120227412240450641,Nursing May 1 - H4 - Copy 2,Nursing | Broad | $15,120227412240000641,Nursing | $35 - Respond.io 2025Jul13,6.67,10157,214,onsite_conversion.purchase,
2025-07,120227412240320641,Nursing May 1 - H2 - Copy 2,Nursing | Broad | $15,120227412240000641,Nursing | $35 - Respond.io 2025Jul13,8.85,18818,380,onsite_conversion.purchase,
2025-07,120227412240910641,Dr Visit ali juma edit - Maad Cut,Dr Visit | CC+Customers LAL | $10,120227412239930641,Dr Visit - Respond.io 2025Jul13,5.4,3613,83,onsite_conversion.purchase,
2025-07,120227412239990641,X-Ray,X-Ray,120227412239950641,Imaging Services | $8 | Respond.io 2025Jul13,3.46,5116,128,onsite_conversion.purchase,
2025-07,120227412240040641,physio may 1 - H3 - price - Copy,Top creatives | $5 | LAL | Respond.io 2025Jul13,120227412240020641,Physiotherapy | Respond.io 2025Jul13,1.46,2257,36,onsite_conversion.purchase,
2025-07,120227412240430641,Nursing May 1 - H5 - Copy 2,Nursing | Broad | $15,120227412240000641,Nursing | $35 - Respond.io 2025Jul13,0.03,42,0,onsite_conversion.purchase,
2025-07,120227412240200641,Lab Test - Diabetic Package - H3,Lab Test - Diabetic Package,120227412239960641,Lab Test - Respond.io 2025Jul13,0.26,218,4,onsite_conversion.purchase,
2025-07,120227412240590641,BedSore Old Granny video 2,Wound Care | Sales LAL,120227412240720641,Wound Care - Respond.io 2025Jul13,0.02,36,3,onsite_conversion.purchase,
2025-07,120227412240140641,physio may 1 - H6 v2 - price - Copy,Top creatives | $5 | LAL | Respond.io 2025Jul13,120227412240020641,Physiotherapy | Respond.io 2025Jul13,0.01,40,1,onsite_conversion.purchase,
2025-07,120227412240220641,Lab Test - Diabetic Package - H2,Lab Test - Diabetic Package,120227412239960641,Lab Test - Respond.io 2025Jul13,3.31,2475,52,onsite_conversion.purchase,
2025-07,120227412240190641,physio may 1 - H1 - price - Copy,Top creatives | $5 | LAL | Respond.io 2025Jul13,120227412240020641,Physiotherapy | Respond.io 2025Jul13,0.1,205,8,onsite_conversion.purchase,
2025-07,120227412240630641,‎قرح الفراش احمد حسين ونواف‎,Wound Care | TESTING | A+,120227412240720641,Wound Care - Respond.io 2025Jul13,2.56,3271,101,onsite_conversion.purchase,
2025-07,120227412240270641,lab test apr 1,Lab Test | Creative Testing | 2024 Aug 14,120227412239960641,Lab Test - Respond.io 2025Jul13,5.71,7061,118,onsite_conversion.purchase,
2025-07,120227412240120641,physio may 1 - H3 - price - Copy 2,Top 3 creatives | $25 | Original Audience | 2024 Sep 6,120227412240020641,Physiotherapy | Respond.io 2025Jul13,3.59,6185,96,onsite_conversion.purchase,
2025-07,120227412240090641,Lab Test - Diabetic Package - H1,Lab Test - Diabetic Package,120227412239960641,Lab Test - Respond.io 2025Jul13,1.55,1117,37,onsite_conversion.purchase,
2025-07,120227412240390641,Nursing May 1 - H2 - Copy 2,Nursing | Sales + call center LAL | $10,120227412240000641,Nursing | $35 - Respond.io 2025Jul13,0.48,791,16,onsite_conversion.purchase,
2025-07,120227412240410641,Nursing May 1 - H1 - Copy 2,Nursing | Sales + call center LAL | $10,120227412240000641,Nursing | $35 - Respond.io 2025Jul13,3.42,2938,67,onsite_conversion.purchase,
2025-07,120227412240380641,Nursing May 1 - H2 - Copy,LAL VV 1% - $10 | Nursing Feb 2 - Hook 1,120227412240000641,Nursing | $35 - Respond.io 2025Jul13,0.88,695,14,onsite_conversion.purchase,
2025-07,120227412240240641,Dr Visit Static 4,Dr Visit VV %1+%2 LAL | $10 - STATIC,120227412239930641,Dr Visit - Respond.io 2025Jul13,0.57,567,20,onsite_conversion.purchase,
2025-07,120227412240210641,physio may 1 - H1 - price - Copy 2,Top 3 creatives | $25 | Original Audience | 2024 Sep 6,120227412240020641,Physiotherapy | Respond.io 2025Jul13,0.53,1373,16,onsite_conversion.purchase,
2025-07,120227412239970641,us april 2,Ultrasound | april 2025 | $5,120227412239950641,Imaging Services | $8 | Respond.io 2025Jul13,10.61,19113,373,onsite_conversion.purchase,
2025-07,120227412240010641,Echo,Echo,120227412239950641,Imaging Services | $8 | Respond.io 2025Jul13,2.27,3016,82,onsite_conversion.purchase,
2025-07,120227412240460641,physio may 1 - H5 v2 - price - Copy 2,Top 3 creatives | $25 | Original Audience | 2024 Sep 6,120227412240020641,Physiotherapy | Respond.io 2025Jul13,12.5,21121,289,onsite_conversion.purchase,
2025-07,120227412240300641,Nursing May 1 - H6 - Copy 2,Nursing | Sales + call center LAL | $10,120227412240000641,Nursing | $35 - Respond.io 2025Jul13,4.74,4282,78,onsite_conversion.purchase,
2025-07,120227412240370641,Nursing May 1 - H1 - Copy,LAL VV 1% - $10 | Nursing Feb 2 - Hook 1,120227412240000641,Nursing | $35 - Respond.io 2025Jul13,2.46,3065,58,onsite_conversion.purchase,
2025-07,120227412240100641,physio may 1 - H2 - price - Copy 2,Top 3 creatives | $25 | Original Audience | 2024 Sep 6,120227412240020641,Physiotherapy | Respond.io 2025Jul13,3.67,4813,69,onsite_conversion.purchase,1
2025-07,120227412240350641,Nursing May 1 - H4 - Copy,LAL VV 1% - $10 | Nursing Feb 2 - Hook 1,120227412240000641,Nursing | $35 - Respond.io 2025Jul13,0.09,145,4,onsite_conversion.purchase,
2025-07,120227412240150641,physio may 1 - H6 v2 - price - Copy 2,Top 3 creatives | $25 | Original Audience | 2024 Sep 6,120227412240020641,Physiotherapy | Respond.io 2025Jul13,2.33,4015,51,onsite_conversion.purchase,
2025-07,120227412240860641,Dr Visit Static 3,Dr Visit VV %1+%2 LAL | $10 - STATIC,120227412239930641,Dr Visit - Respond.io 2025Jul13,2.85,2525,53,onsite_conversion.purchase,
2025-07,120227412240780641,Mouge H3 V3.mp4,Dr Visit | Broad | $20,120227412239930641,Dr Visit - Respond.io 2025Jul13,0.01,35,2,onsite_conversion.purchase,
2025-07,120227412240560641,Dr Visit ali juma edit - full,Dr Visit VV %1+%2 LAL | $10,120227412239930641,Dr Visit - Respond.io 2025Jul13,1.22,1016,8,onsite_conversion.purchase,
2025-07,120227412240680641,X-Ray - Copy,X-Ray,120227412239950641,Imaging Services | $8 | Respond.io 2025Jul13,2.05,3824,80,onsite_conversion.purchase,
2025-07,120227412240330641,Nursing May 1 - H1 - Copy 2,Nursing | Broad | $15,120227412240000641,Nursing | $35 - Respond.io 2025Jul13,1.34,2675,45,onsite_conversion.purchase,
2025-07,120227412240030641,physio may 1 - H5 v2 - price - Copy,Top creatives | $5 | LAL | Respond.io 2025Jul13,120227412240020641,Physiotherapy | Respond.io 2025Jul13,3.84,4599,106,onsite_conversion.purchase,
2025-07,120227412240070641,physio may 1 - H2 - price - Copy,Top creatives | $5 | LAL | Respond.io 2025Jul13,120227412240020641,Physiotherapy | Respond.io 2025Jul13,0.05,42,0,onsite_conversion.purchase,
2025-07,120227412241000641,Mouge H2 V1.mp4,Dr Visit | Broad | $20,120227412239930641,Dr Visit - Respond.io 2025Jul13,2.76,3601,96,onsite_conversion.purchase,
2025-07,120227412240550641,Mouge H1 V3.mp4,Dr Visit | Broad | $20,120227412239930641,Dr Visit - Respond.io 2025Jul13,6.82,7078,211,onsite_conversion.purchase,
2025-07,120227412240940641,Mouge H3 V1.mp4,Dr Visit | Broad | $20,120227412239930641,Dr Visit - Respond.io 2025Jul13,3.47,2844,77,onsite_conversion.purchase,
2025-07,120227412240770641,Dr Visit ali juma edit - Maad Cut,Dr Visit VV %1+%2 LAL | $10,120227412239930641,Dr Visit - Respond.io 2025Jul13,2.76,2745,54,onsite_conversion.purchase,
2025-07,120227412240570641,Dr Visit ali juma edit - full,Dr Visit | CC+Customers LAL | $10,120227412239930641,Dr Visit - Respond.io 2025Jul13,3.92,2570,54,onsite_conversion.purchase,
2025-07,120227412240060641,physio may 1 - H4 v2 - price - Copy,Top creatives | $5 | LAL | Respond.io 2025Jul13,120227412240020641,Physiotherapy | Respond.io 2025Jul13,3.64,4577,73,onsite_conversion.purchase,
2025-07,120227412240470641,physio may 1 - H4 v1 - price - Copy 2,Top 3 creatives | $25 | Original Audience | 2024 Sep 6,120227412240020641,Physiotherapy | Respond.io 2025Jul13,0.01,46,0,onsite_conversion.purchase,
2025-07,120227412240600641,Physiotherapy Jul - Design 2,Original Audince,120227412239980641,Physiotherapy | $6 | Testing - Respond.io 2025Jul13,3,2978,58,onsite_conversion.purchase,
2025-07,120227412240710641,Physiotherapy Jul - Design 1,Original Audince,120227412239980641,Physiotherapy | $6 | Testing - Respond.io 2025Jul13,1.56,1197,27,onsite_conversion.purchase,
2025-07,120227412240870641,Dr Visit Static 5,Dr Visit VV %1+%2 LAL | $10 - STATIC,120227412239930641,Dr Visit - Respond.io 2025Jul13,0.51,396,12,onsite_conversion.purchase,
2025-07,120227412240660641,Physiotherapy Jul - Design 5,Original Audince,120227412239980641,Physiotherapy | $6 | Testing - Respond.io 2025Jul13,0.21,169,4,onsite_conversion.purchase,
2025-07,120227303717600641,Echo,Echo,120227303716570641,Imaging Services | $8 | Respond.io 2025Jul10,6.04,9431,186,onsite_conversion.messaging_conversation_started_7d,6
2025-07,120227303717480641,Nursing May 1 - H4 - Copy 2,Nursing | Sales + call center LAL | $10,120227303717360641,Nursing | $35 - Respond.io 2025Jul10,1.1,1136,23,onsite_conversion.messaging_conversation_started_7d,2
2025-07,120227303716810641,Nursing May 1 - H6 - Copy,LAL VV 1% - $10 | Nursing Feb 2 - Hook 1,120227303717360641,Nursing | $35 - Respond.io 2025Jul10,0.81,860,16,onsite_conversion.messaging_conversation_started_7d,1
2025-07,120227303717370641,lab test apr 1,Lab Test | Creative Testing | 2024 Aug 14,120227303716710641,Lab Test - Respond.io 2025Jul10,20.32,18502,355,onsite_conversion.messaging_conversation_started_7d,31
2025-07,120227303716670641,physio may 1 - H5 v2 - price - Copy 2,Top 3 creatives | $25 | Original Audience | 2024 Sep 6,120227303716720641,Physiotherapy | Respond.io 2025Jul10,12.46,16022,200,onsite_conversion.messaging_conversation_started_7d,8
2025-07,120227303716650641,physio may 1 - H6 v2 - price - Copy 2,Top 3 creatives | $25 | Original Audience | 2024 Sep 6,120227303716720641,Physiotherapy | Respond.io 2025Jul10,5.77,6808,109,onsite_conversion.messaging_conversation_started_7d,6
2025-07,120227303717550641,Nursing May 1 - H4 - Copy 2,Nursing | Broad | $15,120227303717360641,Nursing | $35 - Respond.io 2025Jul10,3.38,4191,57,onsite_conversion.messaging_conversation_started_7d,4
2025-07,120227303717520641,Nursing May 1 - H5 - Copy 2,Nursing | Broad | $15,120227303717360641,Nursing | $35 - Respond.io 2025Jul10,1.49,1803,23,onsite_conversion.messaging_conversation_started_7d,2
2025-07,120227303717430641,Nursing May 1 - H3 - Copy 2,Nursing | Broad | $15,120227303717360641,Nursing | $35 - Respond.io 2025Jul10,6.79,7581,77,onsite_conversion.messaging_conversation_started_7d,4
2025-07,120227303716920641,Nursing May 1 - H4 - Copy,LAL VV 1% - $10 | Nursing Feb 2 - Hook 1,120227303717360641,Nursing | $35 - Respond.io 2025Jul10,1.82,2034,31,onsite_conversion.messaging_conversation_started_7d,
2025-07,120227303716640641,physio may 1 - H4 v2 - price - Copy 2,Top 3 creatives | $25 | Original Audience | 2024 Sep 6,120227303716720641,Physiotherapy | Respond.io 2025Jul10,0.03,39,0,onsite_conversion.messaging_conversation_started_7d,
2025-07,120227303717440641,Nursing May 1 - H5 - Copy,LAL VV 1% - $10 | Nursing Feb 2 - Hook 1,120227303717360641,Nursing | $35 - Respond.io 2025Jul10,2.85,2271,49,onsite_conversion.messaging_conversation_started_7d,2
2025-07,120227303717010641,Nursing May 1 - H2 - Copy,LAL VV 1% - $10 | Nursing Feb 2 - Hook 1,120227303717360641,Nursing | $35 - Respond.io 2025Jul10,1.83,2209,45,onsite_conversion.messaging_conversation_started_7d,5
2025-07,120227303717400641,Nursing May 1 - H6 - Copy 2,Nursing | Broad | $15,120227303717360641,Nursing | $35 - Respond.io 2025Jul10,5.67,6327,94,onsite_conversion.messaging_conversation_started_7d,5
2025-07,120227303716970641,Nursing May 1 - H3 - Copy 2,Nursing | Sales + call center LAL | $10,120227303717360641,Nursing | $35 - Respond.io 2025Jul10,3.09,2911,38,onsite_conversion.messaging_conversation_started_7d,
2025-07,120227303717310641,Dr Visit Static 4,Dr Visit VV %1+%2 LAL | $10 - STATIC,120227303716700641,Dr Visit - Respond.io 2025Jul10,7.24,10728,336,onsite_conversion.messaging_conversation_started_7d,9
2025-07,120227303717140641,Dr Visit with Offer,Dr Visit | Broad With OFFER | $6,120227303716700641,Dr Visit - Respond.io 2025Jul10,12.18,10513,256,onsite_conversion.messaging_conversation_started_7d,7
2025-07,120227303717080641,Dr Visit Static 5,Dr Visit VV %1+%2 LAL | $10 - STATIC,120227303716700641,Dr Visit - Respond.io 2025Jul10,2.95,2035,53,onsite_conversion.messaging_conversation_started_7d,4
2025-07,120227303717460641,Nursing May 1 - H5 - Copy 2,Nursing | Sales + call center LAL | $10,120227303717360641,Nursing | $35 - Respond.io 2025Jul10,7.67,6872,109,onsite_conversion.messaging_conversation_started_7d,6
2025-07,120227303716960641,Nursing May 1 - H2 - Copy 2,Nursing | Sales + call center LAL | $10,120227303717360641,Nursing | $35 - Respond.io 2025Jul10,6,5271,104,onsite_conversion.messaging_conversation_started_7d,4
2025-07,120227303716940641,Nursing May 1 - H3 - Copy,LAL VV 1% - $10 | Nursing Feb 2 - Hook 1,120227303717360641,Nursing | $35 - Respond.io 2025Jul10,1.67,1532,22,onsite_conversion.messaging_conversation_started_7d,1
2025-07,120227303717410641,Nursing May 1 - H6 - Copy 2,Nursing | Sales + call center LAL | $10,120227303717360641,Nursing | $35 - Respond.io 2025Jul10,0.01,23,0,onsite_conversion.messaging_conversation_started_7d,
2025-07,120227303717300641,Dr Visit Static 3,Dr Visit VV %1+%2 LAL | $10 - STATIC,120227303716700641,Dr Visit - Respond.io 2025Jul10,0.55,436,9,onsite_conversion.messaging_conversation_started_7d,
2025-07,120227303716900641,BedSore Old Granny video 2,Wound Care | Sales LAL,120227303716690641,Wound Care - Respond.io 2025Jul10,0.78,516,12,onsite_conversion.messaging_conversation_started_7d,
2025-07,120227303717380641,Nursing May 1 - H2 - Copy 2,Nursing | Broad | $15,120227303717360641,Nursing | $35 - Respond.io 2025Jul10,22.26,30744,542,onsite_conversion.messaging_conversation_started_7d,23
2025-07,120227303716950641,Nursing May 1 - H1 - Copy,LAL VV 1% - $10 | Nursing Feb 2 - Hook 1,120227303717360641,Nursing | $35 - Respond.io 2025Jul10,1.47,1511,22,onsite_conversion.messaging_conversation_started_7d,2
2025-07,120227303717240641,Mouge H1 V1.mp4,Dr Visit | Broad | $20,120227303716700641,Dr Visit - Respond.io 2025Jul10,11.03,9427,267,onsite_conversion.messaging_conversation_started_7d,12
2025-07,120227303716590641,physio may 1 - H2 - price - Copy 2,Top 3 creatives | $25 | Original Audience | 2024 Sep 6,120227303716720641,Physiotherapy | Respond.io 2025Jul10,0.69,452,10,onsite_conversion.messaging_conversation_started_7d,1
2025-07,120227303717270641,Dr Visit ali juma edit - Maad Cut,Dr Visit | CC+Customers LAL | $10,120227303716700641,Dr Visit - Respond.io 2025Jul10,15.25,12739,208,onsite_conversion.messaging_conversation_started_7d,5
2025-07,120227303717020641,us april 2,Ultrasound | april 2025 | $5,120227303716570641,Imaging Services | $8 | Respond.io 2025Jul10,26.87,40350,670,onsite_conversion.messaging_conversation_started_7d,49
2025-07,120227303855670641,physio may 1 - H2 - price - Copy,Top creatives | $5 | LAL | Respond.io 2025Jul10 - Copy,120227303716720641,Physiotherapy | Respond.io 2025Jul10,2.45,2702,32,onsite_conversion.messaging_conversation_started_7d,
2025-07,120227303717220641,Dr Visit ali juma edit - full,Dr Visit VV %1+%2 LAL | $10,120227303716700641,Dr Visit - Respond.io 2025Jul10,2.27,1554,28,onsite_conversion.messaging_conversation_started_7d,2
2025-07,120227303716790641,‎قرح الفراش احمد حسين ونواف‎,Wound Care | TESTING | A+,120227303716690641,Wound Care - Respond.io 2025Jul10,6.06,5357,126,onsite_conversion.messaging_conversation_started_7d,3
2025-07,120227303855680641,physio may 1 - H4 v1 - price - Copy,Top creatives | $5 | LAL | Respond.io 2025Jul10 - Copy,120227303716720641,Physiotherapy | Respond.io 2025Jul10,4.99,5601,72,onsite_conversion.messaging_conversation_started_7d,4
2025-07,120227303855690641,physio may 1 - H6 v2 - price - Copy,Top creatives | $5 | LAL | Respond.io 2025Jul10 - Copy,120227303716720641,Physiotherapy | Respond.io 2025Jul10,0.63,794,15,onsite_conversion.messaging_conversation_started_7d,
2025-07,120227303717150641,X-Ray - Copy,X-Ray,120227303716570641,Imaging Services | $8 | Respond.io 2025Jul10,6.08,6680,145,onsite_conversion.messaging_conversation_started_7d,12
2025-07,120227303716830641,Ibraheem Reel,Wound Care | Sales LAL,120227303716690641,Wound Care - Respond.io 2025Jul10,2.93,2097,43,onsite_conversion.messaging_conversation_started_7d,1
2025-07,120227303716600641,physio may 1 - H1 - price - Copy 2,Top 3 creatives | $25 | Original Audience | 2024 Sep 6,120227303716720641,Physiotherapy | Respond.io 2025Jul10,6.88,6221,134,onsite_conversion.messaging_conversation_started_7d,10
2025-07,120227303717060641,Dr Visit ali juma edit - full,Dr Visit | CC+Customers LAL | $10,120227303716700641,Dr Visit - Respond.io 2025Jul10,5.14,3060,47,onsite_conversion.messaging_conversation_started_7d,4
2025-07,120227303717250641,Mouge H2 V2.mp4,Dr Visit | Broad | $20,120227303716700641,Dr Visit - Respond.io 2025Jul10,0.18,265,1,onsite_conversion.messaging_conversation_started_7d,
2025-07,120227303716750641,Physiotherapy Jul - Design 2,Original Audince,120227303716680641,Physiotherapy | $6 | Testing - Respond.io 2025Jul10,2.35,3725,59,onsite_conversion.messaging_conversation_started_7d,1
2025-07,120227303717630641,Physiotherapy Jul - Design 1,Original Audince,120227303716680641,Physiotherapy | $6 | Testing - Respond.io 2025Jul10,2.63,2130,38,onsite_conversion.messaging_conversation_started_7d,3
2025-07,120227303716770641,Physiotherapy Jul - Design 3,Original Audince,120227303716680641,Physiotherapy | $6 | Testing - Respond.io 2025Jul10,4.4,4032,83,onsite_conversion.messaging_conversation_started_7d,3
2025-07,120227303717190641,Mouge H3 V1.mp4,Dr Visit | Broad | $20,120227303716700641,Dr Visit - Respond.io 2025Jul10,4.69,3768,74,onsite_conversion.messaging_conversation_started_7d,2
2025-07,120227303717230641,Dr Visit ali juma edit - Maad Cut,Dr Visit VV %1+%2 LAL | $10,120227303716700641,Dr Visit - Respond.io 2025Jul10,7.63,6506,115,onsite_conversion.messaging_conversation_started_7d,2
2025-07,120227303716840641,قرح الفراش احمد حسين ونواف,Wound Care | Sales LAL,120227303716690641,Wound Care - Respond.io 2025Jul10,3.53,2186,49,onsite_conversion.messaging_conversation_started_7d,
2025-07,120227303717160641,Mouge H2 V3.mp4,Dr Visit | Broad | $20,120227303716700641,Dr Visit - Respond.io 2025Jul10,4.32,4070,65,onsite_conversion.messaging_conversation_started_7d,3
2025-07,120227303717260641,Mouge H2 V1.mp4,Dr Visit | Broad | $20,120227303716700641,Dr Visit - Respond.io 2025Jul10,0.67,1001,14,onsite_conversion.messaging_conversation_started_7d,
2025-07,120227303717100641,Lab Test - Diabetic Package - H3,Lab Test - Diabetic Package,120227303716710641,Lab Test - Respond.io 2025Jul10,0.12,143,4,onsite_conversion.messaging_conversation_started_7d,
2025-07,120227303717110641,Lab Test - Diabetic Package - H2,Lab Test - Diabetic Package,120227303716710641,Lab Test - Respond.io 2025Jul10,4.35,2202,48,onsite_conversion.messaging_conversation_started_7d,8
2025-07,120227303716580641,physio may 1 - H3 - price - Copy 2,Top 3 creatives | $25 | Original Audience | 2024 Sep 6,120227303716720641,Physiotherapy | Respond.io 2025Jul10,25.92,39064,376,onsite_conversion.messaging_conversation_started_7d,23
2025-07,120227303717390641,Nursing May 1 - H1 - Copy 2,Nursing | Broad | $15,120227303717360641,Nursing | $35 - Respond.io 2025Jul10,1.57,1734,25,onsite_conversion.messaging_conversation_started_7d,
2025-07,120227303716800641,Physiotherapy Jul - Design 5,Original Audince,120227303716680641,Physiotherapy | $6 | Testing - Respond.io 2025Jul10,1.67,1733,32,onsite_conversion.messaging_conversation_started_7d,
2025-07,120227303716760641,Lab Test REEL 1,Lab Test | Creative Testing | 2024 Aug 14,120227303716710641,Lab Test - Respond.io 2025Jul10,0.2,98,2,onsite_conversion.messaging_conversation_started_7d,
2025-07,120227303855740641,physio may 1 - H1 - price - Copy,Top creatives | $5 | LAL | Respond.io 2025Jul10 - Copy,120227303716720641,Physiotherapy | Respond.io 2025Jul10,2.53,2991,38,onsite_conversion.messaging_conversation_started_7d,1
2025-07,120227303717560641,X-Ray,X-Ray,120227303716570641,Imaging Services | $8 | Respond.io 2025Jul10,7.32,7415,185,onsite_conversion.messaging_conversation_started_7d,16
2025-07,120227303855720641,physio may 1 - H3 - price - Copy,Top creatives | $5 | LAL | Respond.io 2025Jul10 - Copy,120227303716720641,Physiotherapy | Respond.io 2025Jul10,2.54,3447,49,onsite_conversion.messaging_conversation_started_7d,1
2025-07,120227303717130641,Mouge H3 V3.mp4,Dr Visit | Broad | $20,120227303716700641,Dr Visit - Respond.io 2025Jul10,0.27,421,3,onsite_conversion.messaging_conversation_started_7d,
2025-07,120227303717280641,Mouge H1 V3.mp4,Dr Visit | Broad | $20,120227303716700641,Dr Visit - Respond.io 2025Jul10,7.29,7308,208,onsite_conversion.messaging_conversation_started_7d,3
2025-07,120227303855730641,physio may 1 - H4 v2 - price - Copy,Top creatives | $5 | LAL | Respond.io 2025Jul10 - Copy,120227303716720641,Physiotherapy | Respond.io 2025Jul10,4.24,3938,66,onsite_conversion.messaging_conversation_started_7d,3
2025-07,120227303716870641,Nursing May 1 - H1 - Copy 2,Nursing | Sales + call center LAL | $10,120227303717360641,Nursing | $35 - Respond.io 2025Jul10,3.08,2880,49,onsite_conversion.messaging_conversation_started_7d,1
2025-07,120227303717210641,Mouge H3 V2.mp4,Dr Visit | Broad | $20,120227303716700641,Dr Visit - Respond.io 2025Jul10,0.91,659,18,onsite_conversion.messaging_conversation_started_7d,2
2025-07,120227303716780641,Physiotherapy Jul - Design 4,Original Audince,120227303716680641,Physiotherapy | $6 | Testing - Respond.io 2025Jul10,0.67,536,11,onsite_conversion.messaging_conversation_started_7d,
2025-07,120227303855700641,physio may 1 - H5 v2 - price - Copy,Top creatives | $5 | LAL | Respond.io 2025Jul10 - Copy,120227303716720641,Physiotherapy | Respond.io 2025Jul10,3.19,3007,43,onsite_conversion.messaging_conversation_started_7d,2
2025-07,120227303717090641,Lab Test - Diabetic Package - H1,Lab Test - Diabetic Package,120227303716710641,Lab Test - Respond.io 2025Jul10,15.01,10114,309,onsite_conversion.messaging_conversation_started_7d,39
2025-07,120227303717040641,Mouge H1 V2.mp4,Dr Visit | Broad | $20,120227303716700641,Dr Visit - Respond.io 2025Jul10,1.26,1182,19,onsite_conversion.messaging_conversation_started_7d,
2025-07,120227255035970641,Mouge H2 V2.mp4,Dr Visit | Broad | $20,120226320691840641,Dr Visit - Respond.io - Copy,2.36,2201,36,onsite_conversion.messaging_conversation_started_7d,1
2025-07,120227254955130641,Mouge H3 V2.mp4,Dr Visit | Broad | $20,120226320691840641,Dr Visit - Respond.io - Copy,0.31,328,3,onsite_conversion.messaging_conversation_started_7d,
2025-07,120227255035960641,Mouge H3 V1.mp4,Dr Visit | Broad | $20,120226320691840641,Dr Visit - Respond.io - Copy,0.88,933,10,onsite_conversion.messaging_conversation_started_7d,1
2025-07,120227255036020641,Mouge H3 V3.mp4,Dr Visit | Broad | $20,120226320691840641,Dr Visit - Respond.io - Copy,1.74,1441,27,onsite_conversion.messaging_conversation_started_7d,
2025-07,120227255036010641,Mouge H2 V3.mp4,Dr Visit | Broad | $20,120226320691840641,Dr Visit - Respond.io - Copy,2.74,2564,40,onsite_conversion.messaging_conversation_started_7d,1
2025-07,120227255035980641,Mouge H1 V2.mp4,Dr Visit | Broad | $20,120226320691840641,Dr Visit - Respond.io - Copy,0.52,430,12,onsite_conversion.messaging_conversation_started_7d,
2025-07,120227255035990641,Mouge H2 V1.mp4,Dr Visit | Broad | $20,120226320691840641,Dr Visit - Respond.io - Copy,4.18,4268,70,onsite_conversion.messaging_conversation_started_7d,2
2025-07,120227255036000641,Mouge H1 V1.mp4,Dr Visit | Broad | $20,120226320691840641,Dr Visit - Respond.io - Copy,3.36,2994,70,onsite_conversion.messaging_conversation_started_7d,3
2025-07,120227255036030641,Mouge H1 V3.mp4,Dr Visit | Broad | $20,120226320691840641,Dr Visit - Respond.io - Copy,0.64,616,16,onsite_conversion.messaging_conversation_started_7d,1
2025-07,120227200312350641,Lab Test - Diabetic Package - H3,Lab Test - Diabetic Package,120226320691860641,Lab Test - Respond.io - Copy,3.73,1920,27,onsite_conversion.messaging_conversation_started_7d,2
2025-07,120227200312340641,Lab Test - Diabetic Package - H2,Lab Test - Diabetic Package,120226320691860641,Lab Test - Respond.io - Copy,0.05,57,1,onsite_conversion.messaging_conversation_started_7d,
2025-07,120227200312330641,Lab Test - Diabetic Package - H1,Lab Test - Diabetic Package,120226320691860641,Lab Test - Respond.io - Copy,20.25,12000,324,onsite_conversion.messaging_conversation_started_7d,40
2025-07,120227060315090641,Afiea Ad,B2B baghdad,120227060315070641,B2B | Leads,31,25458,912,leadgen.other,2
2025-07,120227060909500641,Physiotherapy Jul - Design 4,Original Audince,120226320691760641,Physiotherapy | $6 | Testing - Respond.io - Copy,6.17,5191,134,onsite_conversion.messaging_conversation_started_7d,8
2025-07,120227060826710641,Physiotherapy Jul - Design 1,Original Audince,120226320691760641,Physiotherapy | $6 | Testing - Respond.io - Copy,4.19,4674,88,onsite_conversion.messaging_conversation_started_7d,3
2025-07,120227060909490641,Physiotherapy Jul - Design 3,Original Audince,120226320691760641,Physiotherapy | $6 | Testing - Respond.io - Copy,0.38,423,8,onsite_conversion.messaging_conversation_started_7d,1
2025-07,120227060909510641,Physiotherapy Jul - Design 5,Original Audince,120226320691760641,Physiotherapy | $6 | Testing - Respond.io - Copy,0.44,440,11,onsite_conversion.messaging_conversation_started_7d,
2025-07,120227060909520641,Physiotherapy Jul - Design 2,Original Audince,120226320691760641,Physiotherapy | $6 | Testing - Respond.io - Copy,13.51,19045,459,onsite_conversion.messaging_conversation_started_7d,30
2025-07,120226606298780641,Dr Visit with Offer,Dr Visit | Broad With OFFER | $6,120226320691840641,Dr Visit - Respond.io - Copy,59.99,55319,1035,onsite_conversion.messaging_conversation_started_7d,45
2025-07,120226321194380641,Nursing May 1 - H6 - Copy 2,Nursing | Sales + call center LAL | $10,120226320691810641,Nursing | $35 - Respond.io - Copy,23.11,26364,322,onsite_conversion.messaging_conversation_started_7d,14
2025-07,120226321198230641,Nursing May 1 - H5 - Copy 2,Nursing | Broad | $15,120226320691810641,Nursing | $35 - Respond.io - Copy,4.8,5587,88,onsite_conversion.messaging_conversation_started_7d,2
2025-07,120226320692870641,Nursing May 1 - H6 - Copy,LAL VV 1% - $10 | Nursing Feb 2 - Hook 1,120226320691810641,Nursing | $35 - Respond.io - Copy,1.66,1552,29,onsite_conversion.messaging_conversation_started_7d,4
2025-07,120226321198220641,Nursing May 1 - H6 - Copy 2,Nursing | Broad | $15,120226320691810641,Nursing | $35 - Respond.io - Copy,9.12,11501,168,onsite_conversion.messaging_conversation_started_7d,6
2025-07,120226320692780641,Nursing May 1 - H5 - Copy,LAL VV 1% - $10 | Nursing Feb 2 - Hook 1,120226320691810641,Nursing | $35 - Respond.io - Copy,20.7,28063,371,onsite_conversion.messaging_conversation_started_7d,16
2025-07,120226321194390641,Nursing May 1 - H5 - Copy 2,Nursing | Sales + call center LAL | $10,120226320691810641,Nursing | $35 - Respond.io - Copy,1.06,1400,22,onsite_conversion.messaging_conversation_started_7d,
2025-07,120226320692400641,Nursing May 1 - H4 - Copy,LAL VV 1% - $10 | Nursing Feb 2 - Hook 1,120226320691810641,Nursing | $35 - Respond.io - Copy,6.66,8127,78,onsite_conversion.messaging_conversation_started_7d,2
2025-07,120226321194410641,Nursing May 1 - H4 - Copy 2,Nursing | Sales + call center LAL | $10,120226320691810641,Nursing | $35 - Respond.io - Copy,4.63,5397,91,onsite_conversion.messaging_conversation_started_7d,9
2025-07,120226321198180641,Nursing May 1 - H3 - Copy 2,Nursing | Broad | $15,120226320691810641,Nursing | $35 - Respond.io - Copy,7.79,7581,96,onsite_conversion.messaging_conversation_started_7d,4
2025-07,120226320692710641,Nursing May 1 - H3 - Copy,LAL VV 1% - $10 | Nursing Feb 2 - Hook 1,120226320691810641,Nursing | $35 - Respond.io - Copy,2.57,3365,42,onsite_conversion.messaging_conversation_started_7d,2
2025-07,120226321198210641,Nursing May 1 - H4 - Copy 2,Nursing | Broad | $15,120226320691810641,Nursing | $35 - Respond.io - Copy,29.99,43236,671,onsite_conversion.messaging_conversation_started_7d,20
2025-07,120226321194370641,Nursing May 1 - H2 - Copy 2,Nursing | Sales + call center LAL | $10,120226320691810641,Nursing | $35 - Respond.io - Copy,53.79,66988,1455,onsite_conversion.messaging_conversation_started_7d,48
2025-07,120226321198200641,Nursing May 1 - H2 - Copy 2,Nursing | Broad | $15,120226320691810641,Nursing | $35 - Respond.io - Copy,146.22,217876,4111,onsite_conversion.messaging_conversation_started_7d,143
2025-07,120226320692880641,Nursing May 1 - H2 - Copy,LAL VV 1% - $10 | Nursing Feb 2 - Hook 1,120226320691810641,Nursing | $35 - Respond.io - Copy,17.57,26347,553,onsite_conversion.messaging_conversation_started_7d,14
2025-07,120226320692730641,Nursing May 1 - H1 - Copy,LAL VV 1% - $10 | Nursing Feb 2 - Hook 1,120226320691810641,Nursing | $35 - Respond.io - Copy,0.55,638,10,onsite_conversion.messaging_conversation_started_7d,
2025-07,120226321198190641,Nursing May 1 - H1 - Copy 2,Nursing | Broad | $15,120226320691810641,Nursing | $35 - Respond.io - Copy,1.89,2531,35,onsite_conversion.messaging_conversation_started_7d,
2025-07,120226321194420641,Nursing May 1 - H3 - Copy 2,Nursing | Sales + call center LAL | $10,120226320691810641,Nursing | $35 - Respond.io - Copy,10.8,13303,190,onsite_conversion.messaging_conversation_started_7d,6
2025-07,120226321194400641,Nursing May 1 - H1 - Copy 2,Nursing | Sales + call center LAL | $10,120226320691810641,Nursing | $35 - Respond.io - Copy,6.59,8173,122,onsite_conversion.messaging_conversation_started_7d,2
2025-07,120226321023310641,physio may 1 - H5 v2 - price - Copy 2,Top 3 creatives | $25 | Original Audience | 2024 Sep 6,120226320691880641,🌟Physiotherapy | $25 | Original Audience | 2024 Sep 6 - Respond.io - Copy,25,24815,432,onsite_conversion.messaging_conversation_started_7d,15
2025-07,120226321023280641,physio may 1 - H6 v2 - price - Copy 2,Top 3 creatives | $25 | Original Audience | 2024 Sep 6,120226320691880641,🌟Physiotherapy | $25 | Original Audience | 2024 Sep 6 - Respond.io - Copy,12.08,11541,178,onsite_conversion.messaging_conversation_started_7d,8
2025-07,120226321023250641,physio may 1 - H4 v2 - price - Copy 2,Top 3 creatives | $25 | Original Audience | 2024 Sep 6,120226320691880641,🌟Physiotherapy | $25 | Original Audience | 2024 Sep 6 - Respond.io - Copy,1.9,1655,50,onsite_conversion.messaging_conversation_started_7d,1
2025-07,120226321023260641,physio may 1 - H1 - price - Copy 2,Top 3 creatives | $25 | Original Audience | 2024 Sep 6,120226320691880641,🌟Physiotherapy | $25 | Original Audience | 2024 Sep 6 - Respond.io - Copy,35.9,27825,570,onsite_conversion.messaging_conversation_started_7d,28
2025-07,120226320692640641,physio may 1 - H1 - price - Copy,Top creatives | $5 | LAL | 2024 Sep 9,120226320691820641,🌟Physiotherapy | $10 | LAL | 2024 Sep 6 - Respond.io - Copy,6.14,7019,131,onsite_conversion.messaging_conversation_started_7d,3
2025-07,120226321023290641,physio may 1 - H4 v1 - price - Copy 2,Top 3 creatives | $25 | Original Audience | 2024 Sep 6,120226320691880641,🌟Physiotherapy | $25 | Original Audience | 2024 Sep 6 - Respond.io - Copy,2.61,2467,36,onsite_conversion.messaging_conversation_started_7d,2
2025-07,120226320692410641,physio may 1 - H6 v2 - price - Copy,Top creatives | $5 | LAL | 2024 Sep 9,120226320691820641,🌟Physiotherapy | $10 | LAL | 2024 Sep 6 - Respond.io - Copy,6.09,10143,117,onsite_conversion.messaging_conversation_started_7d,6
2025-07,120226320692800641,physio may 1 - H2 - price - Copy,Top creatives | $5 | LAL | 2024 Sep 9,120226320691820641,🌟Physiotherapy | $10 | LAL | 2024 Sep 6 - Respond.io - Copy,4.33,4000,51,onsite_conversion.messaging_conversation_started_7d,4
2025-07,120226321023270641,physio may 1 - H2 - price - Copy 2,Top 3 creatives | $25 | Original Audience | 2024 Sep 6,120226320691880641,🌟Physiotherapy | $25 | Original Audience | 2024 Sep 6 - Respond.io - Copy,12.45,9730,186,onsite_conversion.messaging_conversation_started_7d,10
2025-07,120226320692830641,physio may 1 - H3 - price - Copy,Top creatives | $5 | LAL | 2024 Sep 9,120226320691820641,🌟Physiotherapy | $10 | LAL | 2024 Sep 6 - Respond.io - Copy,51.97,127441,1080,onsite_conversion.messaging_conversation_started_7d,44
2025-07,120226320692840641,physio may 1 - H4 v1 - price - Copy,Top creatives | $5 | LAL | 2024 Sep 9,120226320691820641,🌟Physiotherapy | $10 | LAL | 2024 Sep 6 - Respond.io - Copy,3.71,4345,72,onsite_conversion.messaging_conversation_started_7d,2
2025-07,120226320692420641,physio may 1 - H5 v2 - price - Copy,Top creatives | $5 | LAL | 2024 Sep 9,120226320691820641,🌟Physiotherapy | $10 | LAL | 2024 Sep 6 - Respond.io - Copy,27.38,45917,533,onsite_conversion.messaging_conversation_started_7d,29
2025-07,120226320692790641,physio may 1 - H4 v2 - price - Copy,Top creatives | $5 | LAL | 2024 Sep 9,120226320691820641,🌟Physiotherapy | $10 | LAL | 2024 Sep 6 - Respond.io - Copy,0.15,138,4,onsite_conversion.messaging_conversation_started_7d,
2025-07,120226321023300641,physio may 1 - H3 - price - Copy 2,Top 3 creatives | $25 | Original Audience | 2024 Sep 6,120226320691880641,🌟Physiotherapy | $25 | Original Audience | 2024 Sep 6 - Respond.io - Copy,159.46,268225,2470,onsite_conversion.messaging_conversation_started_7d,128
2025-07,120226320691920641,BedSore Old Granny video 2,Wound Care | Sales LAL,120226320691790641,Wound Care - Respond.io - Copy,12.34,7114,219,onsite_conversion.messaging_conversation_started_7d,9
2025-07,120226320692080641,Echo,Echo,120226320691830641,Imaging Services | $8 | 2024 Sep 3 - Respond.io - Copy,29.97,41196,885,onsite_conversion.messaging_conversation_started_7d,62
2025-07,120226320692240641,Dr Visit Static 5,Dr Visit VV %1+%2 LAL | $10 - STATIC,120226320691840641,Dr Visit - Respond.io - Copy,0.76,425,13,onsite_conversion.messaging_conversation_started_7d,1
2025-07,120226320692280641,Dr Visit Static 4,Dr Visit VV %1+%2 LAL | $10 - STATIC,120226320691840641,Dr Visit - Respond.io - Copy,28.35,41172,1183,onsite_conversion.messaging_conversation_started_7d,20
2025-07,120226320692140641,Dr Visit Static 3,Dr Visit VV %1+%2 LAL | $10 - STATIC,120226320691840641,Dr Visit - Respond.io - Copy,20.48,20265,436,onsite_conversion.messaging_conversation_started_7d,8
2025-07,120226320691990641,Ibraheem Reel,Wound Care | Sales LAL,120226320691790641,Wound Care - Respond.io - Copy,27.83,17580,431,onsite_conversion.messaging_conversation_started_7d,16
2025-07,120226320692060641,X-Ray - Copy,X-Ray,120226320691830641,Imaging Services | $8 | 2024 Sep 3 - Respond.io - Copy,18.74,15109,442,onsite_conversion.messaging_conversation_started_7d,30
2025-07,120226320691890641,us april 2,Ultrasound | april 2025 | $5,120226320691830641,Imaging Services | $8 | 2024 Sep 3 - Respond.io - Copy,130.24,180752,3300,onsite_conversion.messaging_conversation_started_7d,188
2025-07,120226320691910641,‎قرح الفراش احمد حسين ونواف‎,Wound Care | TESTING | A+,120226320691790641,Wound Care - Respond.io - Copy,34.32,26050,642,onsite_conversion.messaging_conversation_started_7d,19
2025-07,120226320692320641,Dr Visit ali juma edit - Maad Cut,Dr Visit | CC+Customers LAL | $10,120226320691840641,Dr Visit - Respond.io - Copy,97.84,75751,1519,onsite_conversion.messaging_conversation_started_7d,52
2025-07,120226320692300641,Dr Visit ali juma edit - full - Copy,Dr Visit | Broad | $20,120226320691840641,Dr Visit - Respond.io - Copy,4.72,3110,61,onsite_conversion.messaging_conversation_started_7d,7
2025-07,120226320692220641,Dr Visit ali juma edit - Maad Cut,Dr Visit VV %1+%2 LAL | $10,120226320691840641,Dr Visit - Respond.io - Copy,26.31,19132,394,onsite_conversion.messaging_conversation_started_7d,22
2025-07,120226320692310641,Dr Visit ali juma edit - full,Dr Visit | CC+Customers LAL | $10,120226320691840641,Dr Visit - Respond.io - Copy,1.96,1717,34,onsite_conversion.messaging_conversation_started_7d,2
2025-07,120226320692000641,قرح الفراش احمد حسين ونواف,Wound Care | Sales LAL,120226320691790641,Wound Care - Respond.io - Copy,7.54,4758,129,onsite_conversion.messaging_conversation_started_7d,4
2025-07,120226320691970641,lab test apr 1,Lab Test | Creative Testing | 2024 Aug 14,120226320691860641,Lab Test - Respond.io - Copy,100.24,87297,1857,onsite_conversion.messaging_conversation_started_7d,178
2025-07,120226320692210641,Dr Visit ali juma edit - full,Dr Visit VV %1+%2 LAL | $10,120226320691840641,Dr Visit - Respond.io - Copy,24.7,18509,239,onsite_conversion.messaging_conversation_started_7d,13
2025-07,120226320692370641,Lab Test REEL 1,Lab Test | Creative Testing | 2024 Aug 14,120226320691860641,Lab Test - Respond.io - Copy,0.04,18,2,onsite_conversion.messaging_conversation_started_7d,
2025-07,120226320692030641,X-Ray,X-Ray,120226320691830641,Imaging Services | $8 | 2024 Sep 3 - Respond.io - Copy,47.67,39213,1013,onsite_conversion.messaging_conversation_started_7d,64
2025-07,120223810610040641,UGC 1 - Actially,UGC 1 | $6,120222834173730641,Profile Traffic Campaign (Followers) | $12 | May 7,185.79,517322,10265,total_profile_visits,9413
2025-07,120227445417460641,lab test apr 1,Lab Test | Creative Testing | 2024 Aug 14,120227445417350641,Lab Test - Respond.io 2025Jul13 - Copy,169.21,139928,2392,onsite_conversion.messaging_conversation_started_7d,239
2025-07,120227445417470641,Mouge H3 V2.mp4,Dr Visit | Broad | $20,120227445417210641,Dr Visit - Respond.io 2025Jul13 - Copy,3.85,2822,53,onsite_conversion.messaging_conversation_started_7d,
2025-07,120227445417480641,Mouge H3 V1.mp4,Dr Visit | Broad | $20,120227445417210641,Dr Visit - Respond.io 2025Jul13 - Copy,8.49,6198,95,onsite_conversion.messaging_conversation_started_7d,4
2025-07,120227445417770641,Mouge H2 V3.mp4,Dr Visit | Broad | $20,120227445417210641,Dr Visit - Respond.io 2025Jul13 - Copy,8.78,5051,125,onsite_conversion.messaging_conversation_started_7d,4
2025-07,120227445417700641,Mouge H1 V3.mp4,Dr Visit | Broad | $20,120227445417210641,Dr Visit - Respond.io 2025Jul13 - Copy,9.62,5435,168,onsite_conversion.messaging_conversation_started_7d,3
2025-07,120227445417430641,Mouge H2 V1.mp4,Dr Visit | Broad | $20,120227445417210641,Dr Visit - Respond.io 2025Jul13 - Copy,10.27,7172,161,onsite_conversion.messaging_conversation_started_7d,6
2025-07,120227445417990641,Physiotherapy Jul - Design 1,Original Audince,120227445417310641,Physiotherapy | $6 | Testing - Respond.io 2025Jul13 - Copy,23.67,19874,361,onsite_conversion.messaging_conversation_started_7d,14
2025-07,120227445418130641,Physiotherapy Jul - Design 2,Original Audince,120227445417310641,Physiotherapy | $6 | Testing - Respond.io 2025Jul13 - Copy,29.73,35541,796,onsite_conversion.messaging_conversation_started_7d,31
2025-07,120227445418160641,Physiotherapy Jul - Design 3,Original Audince,120227445417310641,Physiotherapy | $6 | Testing - Respond.io 2025Jul13 - Copy,1.77,1165,30,onsite_conversion.messaging_conversation_started_7d,2
2025-07,120227445418080641,Physiotherapy Jul - Design 5,Original Audince,120227445417310641,Physiotherapy | $6 | Testing - Respond.io 2025Jul13 - Copy,11.9,9535,206,onsite_conversion.messaging_conversation_started_7d,8
2025-07,120227445417550641,Physiotherapy Jul - Design 4,Original Audince,120227445417310641,Physiotherapy | $6 | Testing - Respond.io 2025Jul13 - Copy,8.21,5838,150,onsite_conversion.messaging_conversation_started_7d,15
2025-07,120227445417260641,physio may 1 - H6 v2 - price - Copy 2,Top 3 creatives | $25 | Original Audience | 2024 Sep 6,120227445417230641,Physiotherapy | Respond.io 2025Jul13 - Copy,14.13,15063,212,onsite_conversion.messaging_conversation_started_7d,5
2025-07,120227445417760641,X-Ray - Copy,X-Ray,120227445417220641,Imaging Services | $8 | Respond.io 2025Jul13 - Copy,17.15,18685,441,onsite_conversion.messaging_conversation_started_7d,12
2025-07,120226320692290641,Dr Visit ali juma edit - full - Copy 2,Dr Visit | Broad | $20,120226320691840641,Dr Visit - Respond.io - Copy,118.78,77444,1498,onsite_conversion.messaging_conversation_started_7d,80
2025-07,120226320692340641,Dr Visit - Ibraheem Reel,Dr Visit | Broad | $20,120226320691840641,Dr Visit - Respond.io - Copy,11.98,4531,216,onsite_conversion.messaging_conversation_started_7d,23
2025-07,120226320691780641,Physiotherapy March 1 - Hook 1,Original Audince,120226320691760641,Physiotherapy | $6 | Testing - Respond.io - Copy,0.53,790,13,onsite_conversion.messaging_conversation_started_7d,1
2025-07,120226320691740641,Ibraheem physio 1,Original Audince,120226320691760641,Physiotherapy | $6 | Testing - Respond.io - Copy,23.69,35687,541,onsite_conversion.messaging_conversation_started_7d,34
2025-07,120226320692770641,Physiotherapy March 1 - Hook 2,Original Audince,120226320691760641,Physiotherapy | $6 | Testing - Respond.io - Copy,10.94,12348,181,onsite_conversion.messaging_conversation_started_7d,6
2025-08,120222834173700641,AirBag Nursing - Vertical - Copy,AirBag Videos. | $12,120222834173730641,Profile Traffic Campaign (Followers) | $12 | May 7,30.05,101313,1417,total_profile_visits,1350
2025-08,120222834173710641,AirBag Physiotherapy - Vertical - Copy,AirBag Videos. | $12,120222834173730641,Profile Traffic Campaign (Followers) | $12 | May 7,125.16,214755,6248,total_profile_visits,6128
2025-08,120222834173720641,AirBag Dr Visit - Vertical - Copy,AirBag Videos. | $12,120222834173730641,Profile Traffic Campaign (Followers) | $12 | May 7,26.44,58366,1301,total_profile_visits,1270
2025-08,120229898994090641,Mega Physio Aug18 - H4,Physio - SCALING - 2025Aug15,120229306970220641,Physiotherapy - 2025Aug15,237.84,168953,3123,onsite_conversion.messaging_conversation_started_7d,180
2025-08,120229898994080641,Mega Physio Aug18 - H6,Physio - SCALING - 2025Aug15,120229306970220641,Physiotherapy - 2025Aug15,14.57,7026,152,onsite_conversion.messaging_conversation_started_7d,5
2025-08,120229843415220641,Nawaf Physio Recruiting,Physio Recruiting Messages A+,120229843415210641,Recruiting Messages,74.19,77044,969,onsite_conversion.messaging_conversation_started_7d,108
2025-08,120229775957560641,Nawaf Physio Recruiting,Physio Recruiting,120229775957540641,Recruiting,3.21,2739,19,leadgen.other,1
2025-08,120229831920740641,Nawaf Physio Recruiting,Physio Recruiting - Copy,120229775957540641,Recruiting,1.69,1988,25,leadgen.other,1
2025-08,120229424264370641,Nursing - Aug - Cutdown 1 - Price,Nursing - TESTING - 2025Aug17,120229325762870641,Nursing - 2025Aug15,8.93,7431,123,onsite_conversion.messaging_conversation_started_7d,2
2025-08,120229424064200641,Nursing - Aug - Cutdown 2 - Price,Nursing - TESTING - 2025Aug17,120229325762870641,Nursing - 2025Aug15,111.86,115249,2590,onsite_conversion.messaging_conversation_started_7d,95
2025-08,120229376301170641,Mouge H1 V1 - Price,Dr Visit - SCALING - 2025Aug15,120229326433050641,Dr Visit - 2025Aug15,20.04,16791,361,onsite_conversion.messaging_conversation_started_7d,9
2025-08,120229376309970641,Dr Visit - Talking Head - Price,Dr Visit - SCALING - 2025Aug15,120229326433050641,Dr Visit - 2025Aug15,192.6,171447,3734,onsite_conversion.messaging_conversation_started_7d,118
2025-08,120229376309980641,Dr Visit - Direct - 25Aug3 - Price,Dr Visit - SCALING - 2025Aug15,120229326433050641,Dr Visit - 2025Aug15,6.73,4938,73,onsite_conversion.messaging_conversation_started_7d,3
2025-08,120229327496990641,Dr Visit Static 3 - Copy,Dr Visit - SCALING - 2025Aug15,120229326433050641,Dr Visit - 2025Aug15,24.84,17198,313,onsite_conversion.messaging_conversation_started_7d,33
2025-08,120228702033690641,Dr Visit - Feedback 2 - 25Aug3,Dr Visit | Ad Set 3 | Pur Rt | Static Numbers + Testimonials | 5$ Max,120228579427710641,Dr Visit - CBO - 2025Aug1,3.81,2712,46,onsite_conversion.messaging_conversation_started_7d,1
2025-08,120228728687940641,Physio - Feedback 2 - 25Aug3,Physio | Ad Set 3 | Pur Rt | Static Numbers + Testimonials | 5$ Max,120228579427750641,Physiotherapy - CBO - 2025Aug1,3.76,2720,41,onsite_conversion.messaging_conversation_started_7d,2
2025-08,120228728865690641,Nursing - Feedback 2 - 25Aug3,Nursing | Ad Set 3 | Pur Rt | Static Numbers + Testimonials | 5$ Max,120228579427740641,Nursing - CBO - 2025Aug1,3.93,3361,43,onsite_conversion.messaging_conversation_started_7d,2
2025-08,120228703143740641,Physio - Storytelling - 25Aug3,Physio | Ad Set 1 | Broad | Maad Style + UGC + Storytelling | 20$ Max,120228579427750641,Physiotherapy - CBO - 2025Aug1,26.97,22258,534,onsite_conversion.messaging_conversation_started_7d,28
2025-08,120228700924950641,Dr Visit - Direct - 25Aug3,Dr Visit | Ad Set 1 | Broad | Maad Style + UGC + Storytelling | 20$ Max,120228579427710641,Dr Visit - CBO - 2025Aug1,41.4,48880,652,onsite_conversion.messaging_conversation_started_7d,36
2025-08,120228728078920641,Nursing - Storytelling - 25Aug3,Nursing | Ad Set 1 | Broad | Maad Style + UGC + Storytelling | 20$ Max,120228579427740641,Nursing - CBO - 2025Aug1,6.77,6155,72,onsite_conversion.messaging_conversation_started_7d,4
2025-08,120228728008810641,Nursing - UGC - 25Aug3,Nursing | Ad Set 1 | Broad | Maad Style + UGC + Storytelling | 20$ Max,120228579427740641,Nursing - CBO - 2025Aug1,138.23,161089,3658,onsite_conversion.messaging_conversation_started_7d,75
2025-08,120228700963360641,Dr Visit - Stirytelling - 25Aug3,Dr Visit | Ad Set 1 | Broad | Maad Style + UGC + Storytelling | 20$ Max,120228579427710641,Dr Visit - CBO - 2025Aug1,26.06,17426,546,onsite_conversion.messaging_conversation_started_7d,14
2025-08,120228703217660641,Physio - Direct 2 (Ai Hook)- 25Aug3 - Copy,Physio | Ad Set 1 | Broad | Maad Style + UGC + Storytelling | 20$ Max,120228579427750641,Physiotherapy - CBO - 2025Aug1,15.99,14058,235,onsite_conversion.messaging_conversation_started_7d,11
2025-08,120228701398550641,Dr Visit - Talking Head - 25Aug3,Dr Visit | Ad Set 2 | Broad | Talking Head | Max $9,120228579427710641,Dr Visit - CBO - 2025Aug1,112.43,141894,3259,onsite_conversion.messaging_conversation_started_7d,166
2025-08,120228728158630641,Nursing - Direct 1 (Ai Hook) - 25Aug3 - Copy,Nursing | Ad Set 1 | Broad | Maad Style + UGC + Storytelling | 20$ Max,120228579427740641,Nursing - CBO - 2025Aug1,11.34,12959,155,onsite_conversion.messaging_conversation_started_7d,4
2025-08,120228703157740641,Physio - UGC - 25Aug3,Physio | Ad Set 1 | Broad | Maad Style + UGC + Storytelling | 20$ Max,120228579427750641,Physiotherapy - CBO - 2025Aug1,9.29,8244,125,onsite_conversion.messaging_conversation_started_7d,7
2025-08,120228728078930641,Nursing - Direct 1 (Human Hook) - 25Aug3,Nursing | Ad Set 1 | Broad | Maad Style + UGC + Storytelling | 20$ Max,120228579427740641,Nursing - CBO - 2025Aug1,63.61,70676,844,onsite_conversion.messaging_conversation_started_7d,38
2025-08,120228579428210641,Dr Visit - 25Jul26 - Ai Hook,Dr Visit | Ad Set 1 | Broad | Maad Style + UGC + Storytelling | 20$ Max,120228579427710641,Dr Visit - CBO - 2025Aug1,50.74,51620,736,onsite_conversion.messaging_conversation_started_7d,37
2025-08,120228728334500641,Nursing - Talking Head - 25Aug3,Nursing | Ad Set 2 | Broad | Talking Head | Max $9,120228579427740641,Nursing - CBO - 2025Aug1,77.18,75323,1148,onsite_conversion.messaging_conversation_started_7d,38
2025-08,120228703168230641,Physio - Direct 1 (Human Hook)- 25Aug3,Physio | Ad Set 1 | Broad | Maad Style + UGC + Storytelling | 20$ Max,120228579427750641,Physiotherapy - CBO - 2025Aug1,13.17,10609,176,onsite_conversion.messaging_conversation_started_7d,12
2025-08,120228579427520641,Physiotherapy Jul - Design 2,Static | A+ | $10,120228579427750641,Physiotherapy - CBO - 2025Aug1,50.17,72031,1090,onsite_conversion.messaging_conversation_started_7d,47
2025-08,120228579427350641,Dr Visit Static 3,Dr Visit VV %1+%2 LAL | $10 - STATIC,120228579427710641,Dr Visit - CBO - 2025Aug1,1.73,880,28,onsite_conversion.messaging_conversation_started_7d,
2025-08,120228579427480641,Physiotherapy Jul - Design 4,Static | A+ | $10,120228579427750641,Physiotherapy - CBO - 2025Aug1,31.3,29908,463,onsite_conversion.messaging_conversation_started_7d,42
2025-08,120228702057380641,Dr Visit - Feedback 3 - 25Aug3,Dr Visit | Ad Set 3 | Pur Rt | Static Numbers + Testimonials | 5$ Max,120228579427710641,Dr Visit - CBO - 2025Aug1,20.74,13439,297,onsite_conversion.messaging_conversation_started_7d,14
2025-08,120228579427850641,BedSore Old Granny video 2,Wound Care | Sales LAL,120228579427760641,Wound Care - CBO - 2025Aug1,8.22,2861,129,onsite_conversion.messaging_conversation_started_7d,1
2025-08,120228579427640641,Lab Test - 25Jul2 - General - H1,Lab Test | Creative Testing | 2024 Aug 14,120228579427770641,Lab Test - CBO - 2025Aug1,70,38984,698,onsite_conversion.messaging_conversation_started_7d,70
2025-08,120228579427690641,Lab Test REEL 1,Lab Test | Creative Testing | 2024 Aug 14,120228579427770641,Lab Test - CBO - 2025Aug1,0.38,239,6,onsite_conversion.messaging_conversation_started_7d,1
2025-08,120228579427120641,physio may 1 - H6 v2 - price - Copy,Top creatives | $5 | LAL | Respond.io 2025Jul13,120228579427750641,Physiotherapy - CBO - 2025Aug1,3.2,2206,38,onsite_conversion.messaging_conversation_started_7d,1
2025-08,120228728688670641,Physio - Feedback 3 - 25Aug3,Physio | Ad Set 3 | Pur Rt | Static Numbers + Testimonials | 5$ Max,120228579427750641,Physiotherapy - CBO - 2025Aug1,60.88,82331,2395,onsite_conversion.messaging_conversation_started_7d,72
2025-08,120228579427160641,physio may 1 - H3 - price - Copy 2,Physio | Ad Set 1 | Broad | Maad Style + UGC + Storytelling | 20$ Max,120228579427750641,Physiotherapy - CBO - 2025Aug1,33.46,41832,508,onsite_conversion.messaging_conversation_started_7d,37
2025-08,120228700991610641,Dr Visit - UGC - 25Aug3,Dr Visit | Ad Set 1 | Broad | Maad Style + UGC + Storytelling | 20$ Max,120228579427710641,Dr Visit - CBO - 2025Aug1,104.61,60862,2605,onsite_conversion.messaging_conversation_started_7d,83
2025-08,120228701660260641,Dr Visit - Number of visits - 25Aug3,Dr Visit | Ad Set 3 | Pur Rt | Static Numbers + Testimonials | 5$ Max,120228579427710641,Dr Visit - CBO - 2025Aug1,1.97,978,10,onsite_conversion.messaging_conversation_started_7d,1
2025-08,120228703736360641,Physio - Feedback 1 - 25Aug3,Physio | Ad Set 3 | Pur Rt | Static Numbers + Testimonials | 5$ Max,120228579427750641,Physiotherapy - CBO - 2025Aug1,48.63,62533,1780,onsite_conversion.messaging_conversation_started_7d,50
2025-08,120228703736370641,Physio - Numbers - 25Aug3,Physio | Ad Set 3 | Pur Rt | Static Numbers + Testimonials | 5$ Max,120228579427750641,Physiotherapy - CBO - 2025Aug1,9.14,10983,208,onsite_conversion.messaging_conversation_started_7d,6
2025-08,120228579427970641,‎قرح الفراش احمد حسين ونواف‎,Wound Care | TESTING | A+,120228579427760641,Wound Care - CBO - 2025Aug1,149.51,96864,2302,onsite_conversion.messaging_conversation_started_7d,72
2025-08,120228701897840641,Dr Visit - Feedback 1 - 25Aug3,Dr Visit | Ad Set 3 | Pur Rt | Static Numbers + Testimonials | 5$ Max,120228579427710641,Dr Visit - CBO - 2025Aug1,5.7,3049,96,onsite_conversion.messaging_conversation_started_7d,2
2025-08,120228579427940641,‎‎‎قرح الفراش احمد حسين ٢‎ - Copy,Wound Care | Sales LAL,120228579427760641,Wound Care - CBO - 2025Aug1,1.07,511,7,onsite_conversion.messaging_conversation_started_7d,
2025-08,120228579427130641,physio may 1 - H3 - price - Copy,Top creatives | $5 | LAL | Respond.io 2025Jul13,120228579427750641,Physiotherapy - CBO - 2025Aug1,1.01,1063,15,onsite_conversion.messaging_conversation_started_7d,
2025-08,120228702129820641,Dr Visit - Repackaged - 25Aug3,Dr Visit | Ad Set 4 | Broad | Carousell + Repackaged,120228579427710641,Dr Visit - CBO - 2025Aug1,56.91,44949,842,onsite_conversion.messaging_conversation_started_7d,52
2025-08,120228579427280641,us april 2,Ultrasound,120228579427670641,Imaging Services - ABO - 2025Aug1,381.83,448555,7807,onsite_conversion.messaging_conversation_started_7d,372
2025-08,120228579427990641,‎‎قرح الفراش احمد حسين ٢,Wound Care | TESTING | A+,120228579427760641,Wound Care - CBO - 2025Aug1,99,57804,1104,onsite_conversion.messaging_conversation_started_7d,35
2025-08,120228579427440641,us jul,Ultrasound,120228579427670641,Imaging Services - ABO - 2025Aug1,14.92,15966,242,onsite_conversion.messaging_conversation_started_7d,9
2025-08,120228728416680641,Nursing - Carousell - 25Aug3,Nursing | Ad Set 4 | Broad | Carousell + Repackaged,120228579427740641,Nursing - CBO - 2025Aug1,63.08,48113,661,onsite_conversion.messaging_conversation_started_7d,48
2025-08,120228579428000641,قرح الفراش - دكتور,Wound Care | TESTING | A+,120228579427760641,Wound Care - CBO - 2025Aug1,28.01,12382,323,onsite_conversion.messaging_conversation_started_7d,10
2025-08,120228728476510641,Nursing - Repackaged - 25Aug3,Nursing | Ad Set 4 | Broad | Carousell + Repackaged,120228579427740641,Nursing - CBO - 2025Aug1,40.56,32519,497,onsite_conversion.messaging_conversation_started_7d,49
2025-08,120228579427080641,physio may 1 - H2 - price - Copy,Top creatives | $5 | LAL | Respond.io 2025Jul13,120228579427750641,Physiotherapy - CBO - 2025Aug1,0.06,43,0,onsite_conversion.messaging_conversation_started_7d,
2025-08,120228703673290641,Physio - Repackaged - 25Aug3,Phyiso | Ad Set 4 | Broad | Carousell + Repackaged,120228579427750641,Physiotherapy - CBO - 2025Aug1,29.82,22319,391,onsite_conversion.messaging_conversation_started_7d,31
2025-08,120228703484570641,Physio - Carousell  - 25Aug3,Phyiso | Ad Set 4 | Broad | Carousell + Repackaged,120228579427750641,Physiotherapy - CBO - 2025Aug1,20.26,11130,215,onsite_conversion.messaging_conversation_started_7d,15
2025-08,120228579427780641,قرح الفراش احمد حسين ونواف,Wound Care | Sales LAL,120228579427760641,Wound Care - CBO - 2025Aug1,1.23,730,23,onsite_conversion.messaging_conversation_started_7d,
2025-08,120228728866650641,Nursing - Feedback 3 - 25Aug3,Nursing | Ad Set 3 | Pur Rt | Static Numbers + Testimonials | 5$ Max,120228579427740641,Nursing - CBO - 2025Aug1,3.83,1875,45,onsite_conversion.messaging_conversation_started_7d,1
2025-08,120228702129810641,Dr Visit - Carousell  - 25Aug3,Dr Visit | Ad Set 4 | Broad | Carousell + Repackaged,120228579427710641,Dr Visit - CBO - 2025Aug1,38.68,25730,645,onsite_conversion.messaging_conversation_started_7d,32
2025-08,120228579427600641,Lab Test - 25jul - post 1,Lab Test | Static | $5 | 25Jul26,120228579427770641,Lab Test - CBO - 2025Aug1,2.58,1572,42,onsite_conversion.messaging_conversation_started_7d,1
2025-08,120228728847460641,Nursing - Feedback 1 - 25Aug3,Nursing | Ad Set 3 | Pur Rt | Static Numbers + Testimonials | 5$ Max,120228579427740641,Nursing - CBO - 2025Aug1,13.26,12343,195,onsite_conversion.messaging_conversation_started_7d,4
2025-08,120228579427530641,Lab Test - 25Jul2 - General - H2,Lab Test | Creative Testing | 2024 Aug 14,120228579427770641,Lab Test - CBO - 2025Aug1,395.52,200040,3616,onsite_conversion.messaging_conversation_started_7d,353
2025-08,120228703299200641,Physio - Talking Head - 25Aug3,Phyiso | Ad Set 2 | Broad | Talking Head | Max $9,120228579427750641,Physiotherapy - CBO - 2025Aug1,189.72,276737,4741,onsite_conversion.messaging_conversation_started_7d,302
2025-08,120228579427360641,X-Ray,X-Ray,120228579427670641,Imaging Services - ABO - 2025Aug1,285.46,206824,4746,onsite_conversion.messaging_conversation_started_7d,263
2025-08,120228728581240641,Nursing - Numbers - 25Aug3,Nursing | Ad Set 3 | Pur Rt | Static Numbers + Testimonials | 5$ Max,120228579427740641,Nursing - CBO - 2025Aug1,14.07,8042,126,onsite_conversion.messaging_conversation_started_7d,4
2025-08,120228579427610641,Lab Test - 25jul - post 3,Lab Test | Static | $5 | 25Jul26,120228579427770641,Lab Test - CBO - 2025Aug1,4.79,2241,32,onsite_conversion.messaging_conversation_started_7d,4
2025-08,120228579427900641,Ibraheem Reel,Wound Care | Sales LAL,120228579427760641,Wound Care - CBO - 2025Aug1,13.95,5777,194,onsite_conversion.messaging_conversation_started_7d,6
2025-08,120228579427880641,‎قرح الفراش - دكتور‎ - Copy,Wound Care | Sales LAL,120228579427760641,Wound Care - CBO - 2025Aug1,2.38,1007,22,onsite_conversion.messaging_conversation_started_7d,
2025-08,120228579427040641,physio may 1 - H5 v2 - price - Copy 2,Physio | Ad Set 1 | Broad | Maad Style + UGC + Storytelling | 20$ Max,120228579427750641,Physiotherapy - CBO - 2025Aug1,20.34,17910,294,onsite_conversion.messaging_conversation_started_7d,17
2025-08,120228579427380641,Echo,Echo,120228579427670641,Imaging Services - ABO - 2025Aug1,91.36,99302,2058,onsite_conversion.messaging_conversation_started_7d,99
2025-08,120228579427150641,physio may 1 - H5 v2 - price - Copy,Top creatives | $5 | LAL | Respond.io 2025Jul13,120228579427750641,Physiotherapy - CBO - 2025Aug1,0.01,40,0,onsite_conversion.messaging_conversation_started_7d,
2025-08,120228579427180641,Nursing May 1 - H5 - Copy 2,Nursing | Sales + call center LAL | $10,120228579427740641,Nursing - CBO - 2025Aug1,1.03,821,14,onsite_conversion.messaging_conversation_started_7d,
2025-08,120228579427230641,Nursing May 1 - H4 - Copy 2,Nursing | Sales + call center LAL | $10,120228579427740641,Nursing - CBO - 2025Aug1,0.06,64,3,onsite_conversion.messaging_conversation_started_7d,
2025-08,120228579427270641,Nursing May 1 - H2 - Copy,LAL VV 1% - $10 | Nursing Feb 2 - Hook 1,120228579427740641,Nursing - CBO - 2025Aug1,1.06,648,17,onsite_conversion.messaging_conversation_started_7d,
2025-08,120228579427260641,Nursing May 1 - H4 - Copy,LAL VV 1% - $10 | Nursing Feb 2 - Hook 1,120228579427740641,Nursing - CBO - 2025Aug1,9.99,8089,106,onsite_conversion.messaging_conversation_started_7d,4
2025-08,120228579427030641,Nursing May 1 - H3 - Copy 2,Nursing | Sales + call center LAL | $10,120228579427740641,Nursing - CBO - 2025Aug1,0.01,30,0,onsite_conversion.messaging_conversation_started_7d,
2025-08,120228579427190641,Nursing May 1 - H2 - Copy 2,Nursing | Sales + call center LAL | $10,120228579427740641,Nursing - CBO - 2025Aug1,0.31,209,12,onsite_conversion.messaging_conversation_started_7d,
2025-08,120228579428240641,Dr Visit ali juma edit - full,Dr Visit | CC+Customers LAL | $10,120228579427710641,Dr Visit - CBO - 2025Aug1,1.26,646,12,onsite_conversion.messaging_conversation_started_7d,
2025-08,120228579428220641,Dr Visit ali juma edit - Maad Cut,Dr Visit | CC+Customers LAL | $10,120228579427710641,Dr Visit - CBO - 2025Aug1,0.14,63,1,onsite_conversion.messaging_conversation_started_7d,
2025-08,120228579428230641,Mouge H1 V1.mp4 - Copy,Dr Visit | CC+Customers LAL | $10,120228579427710641,Dr Visit - CBO - 2025Aug1,10.63,3880,192,onsite_conversion.messaging_conversation_started_7d,5
2025-08,120228579427410641,Nursing May 1 - H1 - Copy,LAL VV 1% - $10 | Nursing Feb 2 - Hook 1,120228579427740641,Nursing - CBO - 2025Aug1,0.1,163,2,onsite_conversion.messaging_conversation_started_7d,1
2025-08,120228579427220641,Nursing May 1 - H1 - Copy 2,Nursing | Sales + call center LAL | $10,120228579427740641,Nursing - CBO - 2025Aug1,0.01,29,0,onsite_conversion.messaging_conversation_started_7d,
2025-08,120228579428260641,Mouge H1 V1.mp4 - Copy,Dr Visit VV %1+%2 LAL | $10,120228579427710641,Dr Visit - CBO - 2025Aug1,9.04,3833,161,onsite_conversion.messaging_conversation_started_7d,8
2025-08,120228121655740641,Dr Visit - 25Jul26 - Ai Hook,Dr Visit | Broad | $20,120227445417210641,Dr Visit - Respond.io 2025Jul13 - Copy,6.13,5774,84,onsite_conversion.messaging_conversation_started_7d,11
2025-08,120228121910430641,Mouge H1 V1.mp4 - Copy,Dr Visit VV %1+%2 LAL | $10,120227445417210641,Dr Visit - Respond.io 2025Jul13 - Copy,2.1,1052,54,onsite_conversion.messaging_conversation_started_7d,7
2025-08,120228121910440641,Mouge H1 V1.mp4 - Copy,Dr Visit | CC+Customers LAL | $10,120227445417210641,Dr Visit - Respond.io 2025Jul13 - Copy,2.66,951,43,onsite_conversion.messaging_conversation_started_7d,1
2025-08,120228120272200641,Lab Test - 25jul - post 1,Lab Test | Static | $5 | 25Jul26,120227445417350641,Lab Test - Respond.io 2025Jul13 - Copy,2.52,1096,19,onsite_conversion.messaging_conversation_started_7d,2
2025-08,120228117955560641,Physiotherapy Jul - Design 2,Static | A+ | $10,120227445417230641,Physiotherapy | Respond.io 2025Jul13 - Copy,2.43,3610,58,onsite_conversion.messaging_conversation_started_7d,4
2025-08,120228117955550641,Physiotherapy Jul - Design 3,Static | A+ | $10,120227445417230641,Physiotherapy | Respond.io 2025Jul13 - Copy,0.32,164,5,onsite_conversion.messaging_conversation_started_7d,1
2025-08,120228117955540641,Physiotherapy Jul - Design 4,Static | A+ | $10,120227445417230641,Physiotherapy | Respond.io 2025Jul13 - Copy,0.94,778,18,onsite_conversion.messaging_conversation_started_7d,5
2025-08,120227754337720641,Lab Test - 25Jul2 - General - H2,Lab Test | Creative Testing | 2024 Aug 14,120227445417350641,Lab Test - Respond.io 2025Jul13 - Copy,0.06,19,2,onsite_conversion.messaging_conversation_started_7d,
2025-08,120227754318070641,Lab Test - 25Jul2 - General - H1,Lab Test | Creative Testing | 2024 Aug 14,120227445417350641,Lab Test - Respond.io 2025Jul13 - Copy,0.02,7,0,onsite_conversion.messaging_conversation_started_7d,
2025-08,120227754337710641,Lab Test - 25Jul2 - General - H3,Lab Test | Creative Testing | 2024 Aug 14,120227445417350641,Lab Test - Respond.io 2025Jul13 - Copy,0.25,64,2,onsite_conversion.messaging_conversation_started_7d,
2025-08,120227754265150641,X-Ray - 25Jul1 - H1,X-Ray,120227445417220641,Imaging Services | $8 | Respond.io 2025Jul13 - Copy,0.14,121,1,onsite_conversion.messaging_conversation_started_7d,
2025-08,120227600726510641,‎‎قرح الفراش احمد حسين ٢,Wound Care | TESTING | A+,120227445417320641,Wound Care - Respond.io 2025Jul13 - Copy,1.29,761,10,onsite_conversion.messaging_conversation_started_7d,
2025-08,120227601622560641,us jul,Ultrasound | april 2025 | $5,120227445417220641,Imaging Services | $8 | Respond.io 2025Jul13 - Copy,0.23,213,3,onsite_conversion.messaging_conversation_started_7d,
2025-08,120227601032460641,‎قرح الفراش - دكتور‎ - Copy,Wound Care | Sales LAL,120227445417320641,Wound Care - Respond.io 2025Jul13 - Copy,1.3,384,27,onsite_conversion.messaging_conversation_started_7d,1
2025-08,120227445417400641,Mouge H1 V1.mp4,Dr Visit | Broad | $20,120227445417210641,Dr Visit - Respond.io 2025Jul13 - Copy,0.11,52,6,onsite_conversion.messaging_conversation_started_7d,
2025-08,120227445417870641,physio may 1 - H1 - price - Copy 2,Top 3 creatives | $25 | Original Audience | 2024 Sep 6,120227445417230641,Physiotherapy | Respond.io 2025Jul13 - Copy,1.2,877,16,onsite_conversion.messaging_conversation_started_7d,1
2025-08,120227445417790641,Nursing May 1 - H4 - Copy 2,Nursing | Broad | $15,120227445417250641,Nursing | $35 - Respond.io 2025Jul13 - Copy,5.04,6026,70,onsite_conversion.messaging_conversation_started_7d,3
2025-08,120227445417180641,physio may 1 - H3 - price - Copy 2,Top 3 creatives | $25 | Original Audience | 2024 Sep 6,120227445417230641,Physiotherapy | Respond.io 2025Jul13 - Copy,6.07,5764,62,onsite_conversion.messaging_conversation_started_7d,5
2025-08,120227445417300641,physio may 1 - H5 v2 - price - Copy 2,Top 3 creatives | $25 | Original Audience | 2024 Sep 6,120227445417230641,Physiotherapy | Respond.io 2025Jul13 - Copy,2.01,1419,45,onsite_conversion.messaging_conversation_started_7d,2
2025-08,120227445417940641,physio may 1 - H2 - price - Copy 2,Top 3 creatives | $25 | Original Audience | 2024 Sep 6,120227445417230641,Physiotherapy | Respond.io 2025Jul13 - Copy,1.47,1067,22,onsite_conversion.messaging_conversation_started_7d,
2025-08,120227445417680641,Dr Visit Static 3,Dr Visit VV %1+%2 LAL | $10 - STATIC,120227445417210641,Dr Visit - Respond.io 2025Jul13 - Copy,0.57,391,7,onsite_conversion.messaging_conversation_started_7d,
2025-08,120227523442480641,‎Nursing TVc‎,‎Nursing TVc‎ - Respong.io New Number,120225607512910641,mini TVCs 2025,310.54,200271,10944,onsite_conversion.messaging_conversation_started_7d,221
2025-08,120227445417330641,BedSore Old Granny video 2,Wound Care | Sales LAL,120227445417320641,Wound Care - Respond.io 2025Jul13 - Copy,0.02,17,0,onsite_conversion.messaging_conversation_started_7d,
2025-08,120227445417150641,Nursing May 1 - H2 - Copy 2,Nursing | Sales + call center LAL | $10,120227445417250641,Nursing | $35 - Respond.io 2025Jul13 - Copy,0.31,231,3,onsite_conversion.messaging_conversation_started_7d,
2025-08,120227445417850641,Nursing May 1 - H5 - Copy 2,Nursing | Sales + call center LAL | $10,120227445417250641,Nursing | $35 - Respond.io 2025Jul13 - Copy,0.22,141,2,onsite_conversion.messaging_conversation_started_7d,1
2025-08,120227445417830641,physio may 1 - H4 v2 - price - Copy 2,Top 3 creatives | $25 | Original Audience | 2024 Sep 6,120227445417230641,Physiotherapy | Respond.io 2025Jul13 - Copy,0.04,29,2,onsite_conversion.messaging_conversation_started_7d,
2025-08,120227445417900641,Nursing May 1 - H2 - Copy 2,Nursing | Broad | $15,120227445417250641,Nursing | $35 - Respond.io 2025Jul13 - Copy,1.71,1740,49,onsite_conversion.messaging_conversation_started_7d,
2025-08,120227445417980641,Nursing May 1 - H4 - Copy 2,Nursing | Sales + call center LAL | $10,120227445417250641,Nursing | $35 - Respond.io 2025Jul13 - Copy,3.68,3157,43,onsite_conversion.messaging_conversation_started_7d,
2025-08,120227445417270641,physio may 1 - H1 - price - Copy,Top creatives | $5 | LAL | Respond.io 2025Jul13,120227445417230641,Physiotherapy | Respond.io 2025Jul13 - Copy,1.51,1202,20,onsite_conversion.messaging_conversation_started_7d,1
2025-08,120227445418050641,Nursing May 1 - H6 - Copy,LAL VV 1% - $10 | Nursing Feb 2 - Hook 1,120227445417250641,Nursing | $35 - Respond.io 2025Jul13 - Copy,1.41,1239,10,onsite_conversion.messaging_conversation_started_7d,1
2025-08,120227445418030641,Echo,Echo,120227445417220641,Imaging Services | $8 | Respond.io 2025Jul13 - Copy,1.16,1267,36,onsite_conversion.messaging_conversation_started_7d,1
2025-08,120227445418170641,Nursing May 1 - H1 - Copy 2,Nursing | Broad | $15,120227445417250641,Nursing | $35 - Respond.io 2025Jul13 - Copy,0.37,354,3,onsite_conversion.messaging_conversation_started_7d,
2025-08,120227445417140641,Nursing May 1 - H3 - Copy 2,Nursing | Sales + call center LAL | $10,120227445417250641,Nursing | $35 - Respond.io 2025Jul13 - Copy,0.06,39,2,onsite_conversion.messaging_conversation_started_7d,1
2025-08,120227445417960641,Nursing May 1 - H3 - Copy 2,Nursing | Broad | $15,120227445417250641,Nursing | $35 - Respond.io 2025Jul13 - Copy,0.67,647,12,onsite_conversion.messaging_conversation_started_7d,1
2025-08,120227445418150641,physio may 1 - H5 v2 - price - Copy,Top creatives | $5 | LAL | Respond.io 2025Jul13,120227445417230641,Physiotherapy | Respond.io 2025Jul13 - Copy,0.54,955,4,onsite_conversion.messaging_conversation_started_7d,
2025-08,120227445417930641,‎قرح الفراش احمد حسين ونواف‎,Wound Care | TESTING | A+,120227445417320641,Wound Care - Respond.io 2025Jul13 - Copy,1.61,938,22,onsite_conversion.messaging_conversation_started_7d,2
2025-08,120227445417130641,physio may 1 - H4 v1 - price - Copy 2,Top 3 creatives | $25 | Original Audience | 2024 Sep 6,120227445417230641,Physiotherapy | Respond.io 2025Jul13 - Copy,0.21,177,3,onsite_conversion.messaging_conversation_started_7d,
2025-08,120227445417910641,Nursing May 1 - H6 - Copy 2,Nursing | Broad | $15,120227445417250641,Nursing | $35 - Respond.io 2025Jul13 - Copy,0.57,483,6,onsite_conversion.messaging_conversation_started_7d,
2025-08,120227445417490641,us april 2,Ultrasound | april 2025 | $5,120227445417220641,Imaging Services | $8 | Respond.io 2025Jul13 - Copy,5.47,5977,120,onsite_conversion.messaging_conversation_started_7d,5
2025-08,120227445417820641,Nursing May 1 - H5 - Copy 2,Nursing | Broad | $15,120227445417250641,Nursing | $35 - Respond.io 2025Jul13 - Copy,0.21,186,2,onsite_conversion.messaging_conversation_started_7d,1
2025-08,120227445417530641,X-Ray,X-Ray,120227445417220641,Imaging Services | $8 | Respond.io 2025Jul13 - Copy,3.04,1810,53,onsite_conversion.messaging_conversation_started_7d,5
2025-08,120227445417590641,Mouge H1 V2.mp4,Dr Visit | Broad | $20,120227445417210641,Dr Visit - Respond.io 2025Jul13 - Copy,0.04,17,0,onsite_conversion.messaging_conversation_started_7d,
2025-08,120227445417890641,Nursing May 1 - H4 - Copy,LAL VV 1% - $10 | Nursing Feb 2 - Hook 1,120227445417250641,Nursing | $35 - Respond.io 2025Jul13 - Copy,0.59,753,6,onsite_conversion.messaging_conversation_started_7d,1
2025-08,120227445417750641,Mouge H3 V3.mp4,Dr Visit | Broad | $20,120227445417210641,Dr Visit - Respond.io 2025Jul13 - Copy,0.01,5,0,onsite_conversion.messaging_conversation_started_7d,
2025-08,120227445417450641,Dr Visit Static 4,Dr Visit VV %1+%2 LAL | $10 - STATIC,120227445417210641,Dr Visit - Respond.io 2025Jul13 - Copy,2.58,2738,57,onsite_conversion.messaging_conversation_started_7d,1
2025-08,120227523442450641,‎Physio TVc‎,‎Physio TVc - Respong.io New Number,120225607512910641,mini TVCs 2025,310.35,176765,5532,onsite_conversion.messaging_conversation_started_7d,177
2025-08,120227445417380641,Dr Visit Static 5,Dr Visit VV %1+%2 LAL | $10 - STATIC,120227445417210641,Dr Visit - Respond.io 2025Jul13 - Copy,0.45,305,6,onsite_conversion.messaging_conversation_started_7d,
2025-08,120223810610040641,UGC 1 - Actially,UGC 1 | $6,120222834173730641,Profile Traffic Campaign (Followers) | $12 | May 7,158.73,359083,8478,total_profile_visits,8248
2025-08,120227445417460641,lab test apr 1,Lab Test | Creative Testing | 2024 Aug 14,120227445417350641,Lab Test - Respond.io 2025Jul13 - Copy,3.57,1666,38,onsite_conversion.messaging_conversation_started_7d,1
2025-08,120229845902130641,Mega Physio Aug18 - H1,Physio - TESTING - 2025Aug15,120229306970220641,Physiotherapy - 2025Aug15,18.68,10038,198,onsite_conversion.messaging_conversation_started_7d,11
2025-08,120229845916720641,Mega Physio Aug18 - H5,Physio - TESTING - 2025Aug15,120229306970220641,Physiotherapy - 2025Aug15,25.19,13105,278,onsite_conversion.messaging_conversation_started_7d,11
2025-08,120229845916750641,Mega Physio Aug18 - H2,Physio - TESTING - 2025Aug15,120229306970220641,Physiotherapy - 2025Aug15,20.46,9454,220,onsite_conversion.messaging_conversation_started_7d,15
2025-08,120229845916740641,Mega Physio Aug18 - H3,Physio - TESTING - 2025Aug15,120229306970220641,Physiotherapy - 2025Aug15,20.12,12514,282,onsite_conversion.messaging_conversation_started_7d,19
2025-08,120229424264360641,Nursing - Aug - H3 - Price,Nursing - TESTING - 2025Aug17,120229325762870641,Nursing - 2025Aug15,12.67,10144,127,onsite_conversion.messaging_conversation_started_7d,1
2025-08,120229424264340641,Nursing - Aug - H1 - Price,Nursing - TESTING - 2025Aug17,120229325762870641,Nursing - 2025Aug15,5.62,4389,62,onsite_conversion.messaging_conversation_started_7d,3
2025-08,120229424264350641,Nursing - Aug - H2 - Price,Nursing - TESTING - 2025Aug17,120229325762870641,Nursing - 2025Aug15,5.52,4181,40,onsite_conversion.messaging_conversation_started_7d,1
2025-08,120229376525300641,Nursing May 1 - H2 - Price,Nursing - SCALING - 2025Aug15,120229325762870641,Nursing - 2025Aug15,71.53,58953,524,onsite_conversion.messaging_conversation_started_7d,17
2025-08,120229376525290641,Nursing May 1 - H5 - Price,Nursing - SCALING - 2025Aug15,120229325762870641,Nursing - 2025Aug15,83.46,62797,612,onsite_conversion.messaging_conversation_started_7d,22
2025-08,120229376525310641,Nursing May 1 - H1 - Price,Nursing - SCALING - 2025Aug15,120229325762870641,Nursing - 2025Aug15,211.36,158574,1692,onsite_conversion.messaging_conversation_started_7d,65
2025-08,120229326176900641,Nursing - Repackaged - 25Aug3 - Copy,Nursing - SCALING - 2025Aug15,120229325762870641,Nursing - 2025Aug15,85.33,55903,503,onsite_conversion.messaging_conversation_started_7d,27
2025-08,120229845916710641,Mega Physio Aug18 - H6,Physio - TESTING - 2025Aug15,120229306970220641,Physiotherapy - 2025Aug15,0.73,399,7,onsite_conversion.messaging_conversation_started_7d,1
2025-08,120229845916730641,Mega Physio Aug18 - H4,Physio - TESTING - 2025Aug15,120229306970220641,Physiotherapy - 2025Aug15,4.73,3125,77,onsite_conversion.messaging_conversation_started_7d,7
2025-08,120229376834490641,Physiotherapy Jul - Design 4 - Price,Physio - SCALING - 2025Aug15,120229306970220641,Physiotherapy - 2025Aug15,9.99,6459,124,onsite_conversion.messaging_conversation_started_7d,13
2025-08,120229307299750641,Physio - Talking Head - 25Aug3 - price,Physio - SCALING - 2025Aug15,120229306970220641,Physiotherapy - 2025Aug15,119.06,99204,1715,onsite_conversion.messaging_conversation_started_7d,120
2025-08,120229307324980641,physio may 1 - H3 - price - Copy 2,Physio - SCALING - 2025Aug15,120229306970220641,Physiotherapy - 2025Aug15,27.93,29217,496,onsite_conversion.messaging_conversation_started_7d,35
2025-08,120229520812230641,Physio Aug17 - H1,Physio - TESTING - 2025Aug15,120229306970220641,Physiotherapy - 2025Aug15,24.79,17883,305,onsite_conversion.messaging_conversation_started_7d,23
2025-08,120229520812210641,Physio Aug17 - Cutdown 1,Physio - TESTING - 2025Aug15,120229306970220641,Physiotherapy - 2025Aug15,4.2,2791,51,onsite_conversion.messaging_conversation_started_7d,3
2025-08,120229519553130641,Physio Aug17 - H2,Physio - TESTING - 2025Aug15,120229306970220641,Physiotherapy - 2025Aug15,12.79,6549,138,onsite_conversion.messaging_conversation_started_7d,9
2025-08,120229376869370641,Physiotherapy Jul - Design 2 - Price,Physio - SCALING - 2025Aug15,120229306970220641,Physiotherapy - 2025Aug15,7.22,7629,148,onsite_conversion.messaging_conversation_started_7d,3
2025-08,120229377058680641,Physio - Feedback 3 - Price,Physio - SCALING - 2025Aug15,120229306970220641,Physiotherapy - 2025Aug15,53.22,64125,1522,onsite_conversion.messaging_conversation_started_7d,33
2025-08,120229520812220641,Physio Aug17 - Cutdown 2,Physio - TESTING - 2025Aug15,120229306970220641,Physiotherapy - 2025Aug15,18.56,10800,136,onsite_conversion.messaging_conversation_started_7d,3
2025-08,120228579427650641,Lab Test - 25Jul2 - General - H3,Lab Test | Creative Testing | 2024 Aug 14,120228579427770641,Lab Test - CBO - 2025Aug1,15.94,6922,160,onsite_conversion.messaging_conversation_started_7d,15
2025-08,120228579427730641,lab test apr 1,Lab Test | Creative Testing | 2024 Aug 14,120228579427770641,Lab Test - CBO - 2025Aug1,272.88,220714,3201,onsite_conversion.messaging_conversation_started_7d,305
2025-08,120229326176910641,Nursing May 1 - H1 - Copy 3,Nursing - SCALING - 2025Aug15,120229325762870641,Nursing - 2025Aug15,13.53,13612,132,onsite_conversion.messaging_conversation_started_7d,5
2025-08,120229326176920641,Nursing - Feedback 3 - 25Aug3 - Copy,Nursing - SCALING - 2025Aug15,120229325762870641,Nursing - 2025Aug15,15.44,14982,120,onsite_conversion.messaging_conversation_started_7d,3
2025-08,120228579427420641,X-Ray - 25Jul1 - H 3,X-Ray,120228579427670641,Imaging Services - ABO - 2025Aug1,3.28,3169,47,onsite_conversion.messaging_conversation_started_7d,1
2025-08,120229307299740641,Physio - Feedback 3 - 25Aug3 - Copy,Physio - SCALING - 2025Aug15,120229306970220641,Physiotherapy - 2025Aug15,6.1,6896,249,onsite_conversion.messaging_conversation_started_7d,14
2025-08,120229307299770641,Physiotherapy Jul - Design 4 - Copy,Physio - SCALING - 2025Aug15,120229306970220641,Physiotherapy - 2025Aug15,4.26,4500,72,onsite_conversion.messaging_conversation_started_7d,5
2025-08,120229307299760641,Physiotherapy Jul - Design 2 - Copy,Physio - SCALING - 2025Aug15,120229306970220641,Physiotherapy - 2025Aug15,2.36,3837,51,onsite_conversion.messaging_conversation_started_7d,4
2025-08,120229327362410641,Dr Visit - Talking Head - 25Aug3 - Copy,Dr Visit - SCALING - 2025Aug15,120229326433050641,Dr Visit - 2025Aug15,17.81,28964,527,onsite_conversion.messaging_conversation_started_7d,17
2025-08,120229327497000641,Mouge H1 V1.mp4 - Copy,Dr Visit - SCALING - 2025Aug15,120229326433050641,Dr Visit - 2025Aug15,5.44,3547,96,onsite_conversion.messaging_conversation_started_7d,6
2025-08,120229327362420641,Dr Visit - Carousell  - 25Aug3 - Copy,Dr Visit - SCALING - 2025Aug15,120229326433050641,Dr Visit - 2025Aug15,1.17,609,13,onsite_conversion.messaging_conversation_started_7d,2
2025-08,120229327362400641,Dr Visit - Direct - 25Aug3 - Copy,Dr Visit - SCALING - 2025Aug15,120229326433050641,Dr Visit - 2025Aug15,3.16,3681,37,onsite_conversion.messaging_conversation_started_7d,4
2025-08,120228579428180641,Mouge H1 V1.mp4,Dr Visit | Ad Set 1 | Broad | Maad Style + UGC + Storytelling | 20$ Max,120228579427710641,Dr Visit - CBO - 2025Aug1,13.9,5147,243,onsite_conversion.messaging_conversation_started_7d,12
2025-08,120228579427050641,physio may 1 - H4 v2 - price - Copy 2,Physio | Ad Set 1 | Broad | Maad Style + UGC + Storytelling | 20$ Max,120228579427750641,Physiotherapy - CBO - 2025Aug1,0.04,69,0,onsite_conversion.messaging_conversation_started_7d,
2025-08,120228579427250641,Nursing May 1 - H5 - Copy 2,Nursing | Ad Set 1 | Broad | Maad Style + UGC + Storytelling | 20$ Max,120228579427740641,Nursing - CBO - 2025Aug1,18.62,19477,276,onsite_conversion.messaging_conversation_started_7d,7
2025-08,120228579427840641,Nursing May 1 - H4 - Copy 2,Nursing | Ad Set 1 | Broad | Maad Style + UGC + Storytelling | 20$ Max,120228579427740641,Nursing - CBO - 2025Aug1,24.17,22754,305,onsite_conversion.messaging_conversation_started_7d,15
2025-08,120228579427790641,Nursing May 1 - H2 - Copy 2,Nursing | Ad Set 1 | Broad | Maad Style + UGC + Storytelling | 20$ Max,120228579427740641,Nursing - CBO - 2025Aug1,7.63,6624,113,onsite_conversion.messaging_conversation_started_7d,7
2025-08,120228579428170641,Mouge H1 V2.mp4,Dr Visit | Ad Set 1 | Broad | Maad Style + UGC + Storytelling | 20$ Max,120228579427710641,Dr Visit - CBO - 2025Aug1,1.36,805,27,onsite_conversion.messaging_conversation_started_7d,1
2025-08,120228579427860641,Nursing May 1 - H3 - Copy 2,Nursing | Ad Set 1 | Broad | Maad Style + UGC + Storytelling | 20$ Max,120228579427740641,Nursing - CBO - 2025Aug1,3.24,2002,25,onsite_conversion.messaging_conversation_started_7d,5
2025-08,120228579427390641,X-Ray - 25Jul1 - H1,X-Ray,120228579427670641,Imaging Services - ABO - 2025Aug1,7.64,5388,80,onsite_conversion.messaging_conversation_started_7d,2
2025-08,120228579427430641,X-Ray - 25Jul1 - H 2,X-Ray,120228579427670641,Imaging Services - ABO - 2025Aug1,8.46,7520,85,onsite_conversion.messaging_conversation_started_7d,2
2025-08,120228579427800641,Nursing May 1 - H6 - Copy 2,Nursing | Ad Set 1 | Broad | Maad Style + UGC + Storytelling | 20$ Max,120228579427740641,Nursing - CBO - 2025Aug1,1.13,775,12,onsite_conversion.messaging_conversation_started_7d,2
2025-08,120228579427870641,Nursing May 1 - H1 - Copy 2,Nursing | Ad Set 1 | Broad | Maad Style + UGC + Storytelling | 20$ Max,120228579427740641,Nursing - CBO - 2025Aug1,3.55,3602,40,onsite_conversion.messaging_conversation_started_7d,2
2025-08,120228579427490641,Physiotherapy Jul - Design 3,Static | A+ | $10,120228579427750641,Physiotherapy - CBO - 2025Aug1,3.42,2480,51,onsite_conversion.messaging_conversation_started_7d,2
2025-08,120228579428200641,Mouge H3 V3.mp4,Dr Visit | Ad Set 1 | Broad | Maad Style + UGC + Storytelling | 20$ Max,120228579427710641,Dr Visit - CBO - 2025Aug1,0.35,208,7,onsite_conversion.messaging_conversation_started_7d,
2025-08,120228579428190641,Mouge H2 V2.mp4,Dr Visit | Ad Set 1 | Broad | Maad Style + UGC + Storytelling | 20$ Max,120228579427710641,Dr Visit - CBO - 2025Aug1,4.12,2622,66,onsite_conversion.messaging_conversation_started_7d,1
2025-08,120228579428270641,Dr Visit ali juma edit - Maad Cut,Dr Visit VV %1+%2 LAL | $10,120228579427710641,Dr Visit - CBO - 2025Aug1,0.01,26,0,onsite_conversion.messaging_conversation_started_7d,
2025-08,120228579428250641,Dr Visit ali juma edit - full,Dr Visit VV %1+%2 LAL | $10,120228579427710641,Dr Visit - CBO - 2025Aug1,0.39,300,7,onsite_conversion.messaging_conversation_started_7d,
2025-09,120222834173700641,AirBag Nursing - Vertical - Copy,AirBag Videos. | $12,120222834173730641,Profile Traffic Campaign (Followers) | $12 | May 7,23.42,70931,1032,total_profile_visits,986
2025-09,120222834173710641,AirBag Physiotherapy - Vertical - Copy,AirBag Videos. | $12,120222834173730641,Profile Traffic Campaign (Followers) | $12 | May 7,52.25,80178,2410,total_profile_visits,2301
2025-09,120222834173720641,AirBag Dr Visit - Vertical - Copy,AirBag Videos. | $12,120222834173730641,Profile Traffic Campaign (Followers) | $12 | May 7,74.45,112169,3047,total_profile_visits,2923
2025-09,120231867078340641,short Ad - Physio,TESTING | Physio | +30,120230908749470641,SALES | Physiotherapy | 25.9.11 | CBO $40,10.12,9483,665,onsite_conversion.purchase,
2025-09,120231866973930641,Babies DrVisit - H2,TESTING | FB Only | $15,120230752385950641,SALES | DrVisit | FB Only,2.09,2172,133,onsite_conversion.purchase,
2025-09,120231866943540641,Babies DrVisit - H1,TESTING | FB Only | $15,120230752385950641,SALES | DrVisit | FB Only,19.07,12567,703,onsite_conversion.purchase,
2025-09,120231496225140641,Dr Visit Design Sep 6 - 2,LAL | Designs | FB Only | $15,120230752385950641,SALES | DrVisit | FB Only,0.64,347,3,onsite_conversion.purchase,
2025-09,120231496225130641,Dr Visit Design Sep 6 - 1,LAL | Designs | FB Only | $15,120230752385950641,SALES | DrVisit | FB Only,20.41,8154,317,onsite_conversion.purchase,
2025-09,120231496225110641,Dr Visit Design Sep 6 - 5,LAL | Designs | FB Only | $15,120230752385950641,SALES | DrVisit | FB Only,82.59,35830,1333,onsite_conversion.purchase,5
2025-09,120231190844810641,Doppler - 23Sep13 H2,Doppler,120228579427670641,Imaging Services - ABO - 2025Aug1,137.02,140384,3551,onsite_conversion.purchase,6
2025-09,120231190844820641,Doppler - 23Sep13 H3,Doppler,120228579427670641,Imaging Services - ABO - 2025Aug1,64.09,66685,2013,onsite_conversion.purchase,1
2025-09,120231147019460641,Doppler - 23Sep13 H1,Doppler,120228579427670641,Imaging Services - ABO - 2025Aug1,16.42,12756,392,onsite_conversion.purchase,1
2025-09,120231144637660641,Complexes Maadh Script,Complexes,120231141591010641,Sales | General,207.53,137810,3196,onsite_conversion.messaging_conversation_started_7d,157
2025-09,120230754167300641,Dr Visit talking head,Videos | FB Only | $15,120230752385950641,SALES | DrVisit | FB Only,170.42,244326,9988,onsite_conversion.purchase,4
2025-09,120230909461220641,Mega Physio Aug18 - H4,Physio | +30 | 25.9.11,120230908749470641,SALES | Physiotherapy | 25.9.11 | CBO $40,663.27,973825,18375,onsite_conversion.purchase,33
2025-09,120230908749460641,Mega Physio Aug18 - H5,Physio | +30 | 25.9.11,120230908749470641,SALES | Physiotherapy | 25.9.11 | CBO $40,182.85,218537,4558,onsite_conversion.purchase,10
2025-09,120230754629920641,Mega Dr Visit Aug 23- H2,Videos | FB Only | $15,120230752385950641,SALES | DrVisit | FB Only,137.8,140847,5379,onsite_conversion.purchase,5
2025-09,120230754693720641,Dr Visit Design Sep 6 - 5,Designs | FB Only | $15 - Copy,120230752385950641,SALES | DrVisit | FB Only,196.11,153759,3963,onsite_conversion.purchase,5
2025-09,120230754693680641,Dr Visit Design Sep 6 - 2,Designs | FB Only | $15 - Copy,120230752385950641,SALES | DrVisit | FB Only,41.48,46433,970,onsite_conversion.purchase,6
2025-09,120230724175170641,Mega Physio Aug18 - H5 - Copy,Physio - SCALING - 2025Aug15,120229306970220641,Physiotherapy - 2025Aug15,16.77,15979,193,onsite_conversion.messaging_conversation_started_7d,9
2025-09,120230724120060641,Mega Dr Visit Aug 23- H2 - Copy,DrVisit - SCALING - 2025Sep3 | $35,120230441426230641,DrVisit - 2025Sep3,4.54,1913,39,onsite_conversion.messaging_conversation_started_7d,4
2025-09,120230714232240641,Physio Offer,Physio Offer,120230714232220641,Physio Offer 20$/day,94.29,37118,800,onsite_conversion.messaging_conversation_started_7d,51
2025-09,120230695629140641,Nursing Design Sep 6 - 2,Nursing - TESTING - 2025Aug17,120229325762870641,Nursing - 2025Aug15,14.1,10715,94,onsite_conversion.messaging_conversation_started_7d,5
2025-09,120230695629160641,Nursing Design Sep 6 - 4,Nursing - TESTING - 2025Aug17,120229325762870641,Nursing - 2025Aug15,18.08,13121,138,onsite_conversion.messaging_conversation_started_7d,2
2025-09,120230695629170641,Nursing Design Sep 6 - 5,Nursing - TESTING - 2025Aug17,120229325762870641,Nursing - 2025Aug15,6.09,4632,56,onsite_conversion.messaging_conversation_started_7d,1
2025-09,120230695629150641,Nursing Design Sep 6 - 3,Nursing - TESTING - 2025Aug17,120229325762870641,Nursing - 2025Aug15,3.16,2242,36,onsite_conversion.messaging_conversation_started_7d,2
2025-09,120230682161160641,Mega Dr Visit Aug 23- H6,DrVisit - SCALING - 2025Sep3 | $35,120230441426230641,DrVisit - 2025Sep3,10.88,5136,74,onsite_conversion.messaging_conversation_started_7d,5
2025-09,120230681583100641,Mega nursing Aug 31 -H4,Nursing - SCALING - 2025Aug15,120229325762870641,Nursing - 2025Aug15,75.2,58175,595,onsite_conversion.messaging_conversation_started_7d,23
2025-09,120230681583110641,Mega nursing Aug 31 -H7,Nursing - SCALING - 2025Aug15,120229325762870641,Nursing - 2025Aug15,545.16,491341,6579,onsite_conversion.messaging_conversation_started_7d,311
2025-09,120230681583090641,Mega nursing Aug 31 -H2,Nursing - SCALING - 2025Aug15,120229325762870641,Nursing - 2025Aug15,30.56,21300,242,onsite_conversion.messaging_conversation_started_7d,16
2025-09,120230681652470641,Mega nursing Aug 31 -H5,Nursing - SCALING - 2025Aug15,120229325762870641,Nursing - 2025Aug15,19.96,13318,148,onsite_conversion.messaging_conversation_started_7d,6
2025-09,120230681583400641,Mega nursing Aug 31 -H6,Nursing - SCALING - 2025Aug15,120229325762870641,Nursing - 2025Aug15,56.28,39674,406,onsite_conversion.messaging_conversation_started_7d,20
2025-09,120230681728640641,Mahmoud Physio Talking Head - H2,Physio - TESTING - 2025Aug15,120229306970220641,Physiotherapy - 2025Aug15,0.91,557,11,onsite_conversion.messaging_conversation_started_7d,
2025-09,120230681728620641,Mahmoud Physio Talking Head - H1,Physio - TESTING - 2025Aug15,120229306970220641,Physiotherapy - 2025Aug15,1.01,494,11,onsite_conversion.messaging_conversation_started_7d,
2025-09,120230681728630641,Mahmoud Physio Talking Head - H3,Physio - TESTING - 2025Aug15,120229306970220641,Physiotherapy - 2025Aug15,42.59,29663,615,onsite_conversion.messaging_conversation_started_7d,32
2025-09,120230441499010641,"comment reply, Dr Visit",DrVisit - SCALING - 2025Sep3 | $35,120230441426230641,DrVisit - 2025Sep3,187.06,139287,2991,onsite_conversion.messaging_conversation_started_7d,105
2025-09,120229898994090641,Mega Physio Aug18 - H4,Physio - SCALING - 2025Aug15,120229306970220641,Physiotherapy - 2025Aug15,403.41,387885,5586,onsite_conversion.messaging_conversation_started_7d,308
2025-09,120229898994080641,Mega Physio Aug18 - H6,Physio - SCALING - 2025Aug15,120229306970220641,Physiotherapy - 2025Aug15,15.76,8301,137,onsite_conversion.messaging_conversation_started_7d,13
2025-09,120229843415220641,Nawaf Physio Recruiting,Physio Recruiting Messages A+,120229843415210641,Recruiting Messages,27.92,32296,293,onsite_conversion.messaging_conversation_started_7d,26
2025-09,120229424264370641,Nursing - Aug - Cutdown 1 - Price,Nursing - TESTING - 2025Aug17,120229325762870641,Nursing - 2025Aug15,15.6,13583,217,onsite_conversion.messaging_conversation_started_7d,9
2025-09,120229424064200641,Nursing - Aug - Cutdown 2 - Price,Nursing - TESTING - 2025Aug17,120229325762870641,Nursing - 2025Aug15,234.13,230689,4756,onsite_conversion.messaging_conversation_started_7d,148
2025-09,120228579427850641,BedSore Old Granny video 2,Wound Care | Sales LAL,120228579427760641,Wound Care - CBO - 2025Aug1,7.39,2384,71,onsite_conversion.messaging_conversation_started_7d,2
2025-09,120228579427640641,Lab Test - 25Jul2 - General - H1,Lab Test | Creative Testing | 2024 Aug 14,120228579427770641,Lab Test - CBO - 2025Aug1,225.6,97523,1764,onsite_conversion.messaging_conversation_started_7d,157
2025-09,120228579427690641,Lab Test REEL 1,Lab Test | Creative Testing | 2024 Aug 14,120228579427770641,Lab Test - CBO - 2025Aug1,0.75,316,7,onsite_conversion.messaging_conversation_started_7d,1
2025-09,120228579427970641,‎قرح الفراش احمد حسين ونواف‎,Wound Care | TESTING | A+,120228579427760641,Wound Care - CBO - 2025Aug1,93.18,59935,1159,onsite_conversion.messaging_conversation_started_7d,25
2025-09,120228579427940641,‎‎‎قرح الفراش احمد حسين ٢‎ - Copy,Wound Care | Sales LAL,120228579427760641,Wound Care - CBO - 2025Aug1,2.17,1070,25,onsite_conversion.messaging_conversation_started_7d,2
2025-09,120228579427280641,us april 2,Ultrasound,120228579427670641,Imaging Services - ABO - 2025Aug1,366.88,379945,6204,onsite_conversion.messaging_conversation_started_7d,274
2025-09,120228579427990641,‎‎قرح الفراش احمد حسين ٢,Wound Care | TESTING | A+,120228579427760641,Wound Care - CBO - 2025Aug1,126.87,77513,1179,onsite_conversion.messaging_conversation_started_7d,37
2025-09,120228579427440641,us jul,Ultrasound,120228579427670641,Imaging Services - ABO - 2025Aug1,24.71,21357,360,onsite_conversion.messaging_conversation_started_7d,16
2025-09,120228579428000641,قرح الفراش - دكتور,Wound Care | TESTING | A+,120228579427760641,Wound Care - CBO - 2025Aug1,40.15,22134,387,onsite_conversion.messaging_conversation_started_7d,9
2025-09,120228579427780641,قرح الفراش احمد حسين ونواف,Wound Care | Sales LAL,120228579427760641,Wound Care - CBO - 2025Aug1,2.67,1305,46,onsite_conversion.messaging_conversation_started_7d,1
2025-09,120228579427600641,Lab Test - 25jul - post 1,Lab Test | Static | $5 | 25Jul26,120228579427770641,Lab Test - CBO - 2025Aug1,2.96,784,30,onsite_conversion.messaging_conversation_started_7d,
2025-09,120228579427530641,Lab Test - 25Jul2 - General - H2,Lab Test | Creative Testing | 2024 Aug 14,120228579427770641,Lab Test - CBO - 2025Aug1,521.72,208314,3421,onsite_conversion.messaging_conversation_started_7d,338
2025-09,120228579427360641,X-Ray,X-Ray,120228579427670641,Imaging Services - ABO - 2025Aug1,287.71,198283,4055,onsite_conversion.messaging_conversation_started_7d,225
2025-09,120228579427610641,Lab Test - 25jul - post 3,Lab Test | Static | $5 | 25Jul26,120228579427770641,Lab Test - CBO - 2025Aug1,3.11,548,20,onsite_conversion.messaging_conversation_started_7d,1
2025-09,120228579427900641,Ibraheem Reel,Wound Care | Sales LAL,120228579427760641,Wound Care - CBO - 2025Aug1,23.77,8865,228,onsite_conversion.messaging_conversation_started_7d,3
2025-09,120228579427880641,‎قرح الفراش - دكتور‎ - Copy,Wound Care | Sales LAL,120228579427760641,Wound Care - CBO - 2025Aug1,5.01,1890,42,onsite_conversion.messaging_conversation_started_7d,1
2025-09,120228579427380641,Echo,Echo,120228579427670641,Imaging Services - ABO - 2025Aug1,90.26,83002,1655,onsite_conversion.messaging_conversation_started_7d,94
2025-09,120227523442480641,‎Nursing TVc‎,‎Nursing TVc‎ - Respong.io New Number,120225607512910641,mini TVCs 2025,107.88,62678,3171,onsite_conversion.messaging_conversation_started_7d,64
2025-09,120227523442450641,‎Physio TVc‎,‎Physio TVc - Respong.io New Number,120225607512910641,mini TVCs 2025,70.44,38236,1180,onsite_conversion.messaging_conversation_started_7d,25
2025-09,120230754693690641,Dr Visit Design Sep 6 - 1,Designs | FB Only | $15 - Copy,120230752385950641,SALES | DrVisit | FB Only,146.53,186990,3859,onsite_conversion.purchase,5
2025-09,120223810610040641,UGC 1 - Actially,UGC 1 | $6,120222834173730641,Profile Traffic Campaign (Followers) | $12 | May 7,150.06,293690,6543,total_profile_visits,6385
2025-09,120231486914260641,Mega Dr Visit Aug 23- H7,TESTING | FB Only | $15,120230752385950641,SALES | DrVisit | FB Only,13.51,9009,366,onsite_conversion.purchase,
2025-09,120231487180610641,Mega Dr Visit Aug 23- H9,TESTING | FB Only | $15,120230752385950641,SALES | DrVisit | FB Only,5.93,3499,120,onsite_conversion.purchase,
2025-09,120231487180600641,Mega Dr Visit Aug 23- H8,TESTING | FB Only | $15,120230752385950641,SALES | DrVisit | FB Only,5.01,2783,149,onsite_conversion.purchase,
2025-09,120231487180590641,Mega Dr Visit Aug 23- H11,TESTING | FB Only | $15,120230752385950641,SALES | DrVisit | FB Only,4.28,2817,93,onsite_conversion.purchase,
2025-09,120231487180620641,Mega Dr Visit Aug 23- H10,TESTING | FB Only | $15,120230752385950641,SALES | DrVisit | FB Only,0.89,502,20,onsite_conversion.purchase,
2025-09,120230754693700641,Dr Visit Design Sep 6 - 3,Designs | FB Only | $15 - Copy,120230752385950641,SALES | DrVisit | FB Only,3.99,5359,139,onsite_conversion.purchase,
2025-09,120230754693730641,Dr Visit Design Sep 6 - 4,Designs | FB Only | $15 - Copy,120230752385950641,SALES | DrVisit | FB Only,56.17,107601,2905,onsite_conversion.purchase,
2025-09,120230682175960641,Dr Visit Design Sep 6 -5,DrVisit - TESTING - 2025Sep3 | $15,120230441426230641,DrVisit - 2025Sep3,1.57,1089,25,onsite_conversion.messaging_conversation_started_7d,3
2025-09,120230682176000641,Dr Visit Design Sep 6 - 4,DrVisit - TESTING - 2025Sep3 | $15,120230441426230641,DrVisit - 2025Sep3,8.21,5115,86,onsite_conversion.messaging_conversation_started_7d,4
2025-09,120230682175970641,Dr Visit Design Sep 6 - 1,DrVisit - TESTING - 2025Sep3 | $15,120230441426230641,DrVisit - 2025Sep3,171.64,131506,2185,onsite_conversion.messaging_conversation_started_7d,125
2025-09,120230682175980641,Dr Visit Design Sep 6 - 2,DrVisit - TESTING - 2025Sep3 | $15,120230441426230641,DrVisit - 2025Sep3,1.49,948,17,onsite_conversion.messaging_conversation_started_7d,4
2025-09,120230682175990641,Dr Visit Design Sep 6 - 3,DrVisit - TESTING - 2025Sep3 | $15,120230441426230641,DrVisit - 2025Sep3,3.84,2439,35,onsite_conversion.messaging_conversation_started_7d,1
2025-09,120230441898220641,Mega Dr Visit Aug 23- H2,DrVisit - TESTING - 2025Sep3 | $15,120230441426230641,DrVisit - 2025Sep3,91.46,59919,1120,onsite_conversion.messaging_conversation_started_7d,47
2025-09,120230754592990641,Mega Dr Visit Aug 23- H6,Videos | FB Only | $15,120230752385950641,SALES | DrVisit | FB Only,29.32,36416,824,onsite_conversion.purchase,
2025-09,120231141590990641,Complexes Taha Script,Complexes,120231141591010641,Sales | General,25.46,14862,253,onsite_conversion.messaging_conversation_started_7d,9
2025-09,120230695629130641,Nursing Design Sep 6 - 1,Nursing - TESTING - 2025Aug17,120229325762870641,Nursing - 2025Aug15,8.94,4671,62,onsite_conversion.messaging_conversation_started_7d,3
2025-09,120230681583120641,Mega nursing Aug 31 -H3,Nursing - SCALING - 2025Aug15,120229325762870641,Nursing - 2025Aug15,8.68,6959,78,onsite_conversion.messaging_conversation_started_7d,5
2025-09,120230441898200641,Mega Dr Visit Aug 23- H1,DrVisit - TESTING - 2025Sep3 | $15,120230441426230641,DrVisit - 2025Sep3,0.75,718,9,onsite_conversion.messaging_conversation_started_7d,1
2025-09,120230441898210641,Mega Dr Visit Aug 23- H4,DrVisit - TESTING - 2025Sep3 | $15,120230441426230641,DrVisit - 2025Sep3,1.65,1823,38,onsite_conversion.messaging_conversation_started_7d,
2025-09,120230441898190641,Mega Dr Visit Aug 23- H6,DrVisit - TESTING - 2025Sep3 | $15,120230441426230641,DrVisit - 2025Sep3,5.62,5126,71,onsite_conversion.messaging_conversation_started_7d,7
2025-09,120230441709670641,Mega Dr Visit Aug 23- H3,DrVisit - TESTING - 2025Sep3 | $15,120230441426230641,DrVisit - 2025Sep3,5.05,5372,67,onsite_conversion.messaging_conversation_started_7d,3
2025-09,120230441898180641,Mega Dr Visit Aug 23- H5,DrVisit - TESTING - 2025Sep3 | $15,120230441426230641,DrVisit - 2025Sep3,1.83,1924,24,onsite_conversion.messaging_conversation_started_7d,1
2025-09,120229845902130641,Mega Physio Aug18 - H1,Physio - TESTING - 2025Aug15,120229306970220641,Physiotherapy - 2025Aug15,8.83,4964,68,onsite_conversion.messaging_conversation_started_7d,4
2025-09,120230497141560641,Mega nursing Aug 31 - H1,Nursing - SCALING - 2025Aug15,120229325762870641,Nursing - 2025Aug15,75.91,57099,538,onsite_conversion.messaging_conversation_started_7d,21
2025-09,120229845916720641,Mega Physio Aug18 - H5,Physio - TESTING - 2025Aug15,120229306970220641,Physiotherapy - 2025Aug15,3.59,2442,36,onsite_conversion.messaging_conversation_started_7d,1
2025-09,120229845916750641,Mega Physio Aug18 - H2,Physio - TESTING - 2025Aug15,120229306970220641,Physiotherapy - 2025Aug15,29.01,15844,291,onsite_conversion.messaging_conversation_started_7d,15
2025-09,120229845916740641,Mega Physio Aug18 - H3,Physio - TESTING - 2025Aug15,120229306970220641,Physiotherapy - 2025Aug15,15.98,9963,168,onsite_conversion.messaging_conversation_started_7d,10
2025-09,120229424264360641,Nursing - Aug - H3 - Price,Nursing - TESTING - 2025Aug17,120229325762870641,Nursing - 2025Aug15,0.06,57,1,onsite_conversion.messaging_conversation_started_7d,
2025-09,120229424264340641,Nursing - Aug - H1 - Price,Nursing - TESTING - 2025Aug17,120229325762870641,Nursing - 2025Aug15,0.04,14,0,onsite_conversion.messaging_conversation_started_7d,
2025-09,120229424264350641,Nursing - Aug - H2 - Price,Nursing - TESTING - 2025Aug17,120229325762870641,Nursing - 2025Aug15,0.56,325,1,onsite_conversion.messaging_conversation_started_7d,
2025-09,120229376525300641,Nursing May 1 - H2 - Price,Nursing - SCALING - 2025Aug15,120229325762870641,Nursing - 2025Aug15,14.74,10911,110,onsite_conversion.messaging_conversation_started_7d,2
2025-09,120229376525290641,Nursing May 1 - H5 - Price,Nursing - SCALING - 2025Aug15,120229325762870641,Nursing - 2025Aug15,5.75,4637,58,onsite_conversion.messaging_conversation_started_7d,2
2025-09,120229376525310641,Nursing May 1 - H1 - Price,Nursing - SCALING - 2025Aug15,120229325762870641,Nursing - 2025Aug15,53.87,39493,454,onsite_conversion.messaging_conversation_started_7d,21
2025-09,120229326176900641,Nursing - Repackaged - 25Aug3 - Copy,Nursing - SCALING - 2025Aug15,120229325762870641,Nursing - 2025Aug15,19.41,12733,98,onsite_conversion.messaging_conversation_started_7d,9
2025-09,120231756103720641,Echo يوم القلب العالمي,Echo - يوم القلب العالمي,120228579427670641,Imaging Services - ABO - 2025Aug1,45,48509,700,onsite_conversion.messaging_conversation_started_7d,33
2025-10,120233714239650641,US006,US + Doppler | 25.10.9 | $28,120232492438500641,Purchase | Andromeda | 25.10.9,0.04,212,4,onsite_conversion.purchase,
2025-10,120222834173700641,AirBag Nursing - Vertical - Copy,AirBag Videos. | $12,120222834173730641,Profile Traffic Campaign (Followers) | $12 | May 7,47.29,132951,1879,total_profile_visits,1872
2025-10,120222834173710641,AirBag Physiotherapy - Vertical - Copy,AirBag Videos. | $12,120222834173730641,Profile Traffic Campaign (Followers) | $12 | May 7,93.04,110119,4225,total_profile_visits,4148
2025-10,120233713340340641,DRV017,Dr Visit | 25.10.9 | $56.25,120232492438500641,Purchase | Andromeda | 25.10.9,1.08,1773,20,onsite_conversion.purchase,
2025-10,120232493372800641,Lab Test - 25Jul2 - General - H2 - Copy,Lab Test | 25.10.9 | $31.25,120232492438500641,Purchase | Andromeda | 25.10.9,396.14,541292,6391,onsite_conversion.purchase,10
2025-10,120222834173720641,AirBag Dr Visit - Vertical - Copy,AirBag Videos. | $12,120222834173730641,Profile Traffic Campaign (Followers) | $12 | May 7,14.22,20172,581,total_profile_visits,565
2025-10,120232492589210641,Dr Visit - Ibraheem Reel - Copy 2,Dr Visit | 25.10.9 | $56.25,120232492438500641,Purchase | Andromeda | 25.10.9,9.47,9925,332,onsite_conversion.purchase,1
2025-10,120232493504230641,Doppler - 23Sep13 H2 - Copy,US + Doppler | 25.10.9 | $28,120232492438500641,Purchase | Andromeda | 25.10.9,271.22,533434,11717,onsite_conversion.purchase,4
2025-10,120233300273200641,DRV004,Dr Visit | 25.10.9 | $56.25,120232492438500641,Purchase | Andromeda | 25.10.9,4.64,5498,55,onsite_conversion.purchase,
2025-10,120232493423270641,physio may 1 - H5 v2 - price - Copy 3,Physiotherapy | 25.10.9 | $56.25,120232492438500641,Purchase | Andromeda | 25.10.9,39.57,65043,2594,onsite_conversion.purchase,1
2025-10,120232492994050641,Nursing Design Sep 6 - 2 - Copy,Nursing | 25.10.9 | $50,120232492438500641,Purchase | Andromeda | 25.10.9,35,33440,523,onsite_conversion.purchase,5
2025-10,120233714239620641,US001,US + Doppler | 25.10.9 | $28,120232492438500641,Purchase | Andromeda | 25.10.9,0.14,693,15,onsite_conversion.purchase,
2025-10,120232492994040641,Nursing Design Sep 6 - 3 - Copy,Nursing | 25.10.9 | $50,120232492438500641,Purchase | Andromeda | 25.10.9,111.12,173322,2509,onsite_conversion.purchase,7
2025-10,120233714239670641,US009,US + Doppler | 25.10.9 | $28,120232492438500641,Purchase | Andromeda | 25.10.9,1.09,1428,22,onsite_conversion.purchase,
2025-10,120232493504240641,us april 2 - Copy,US + Doppler | 25.10.9 | $28,120232492438500641,Purchase | Andromeda | 25.10.9,220.56,642967,15665,onsite_conversion.purchase,1
2025-10,120233965026720641,OLC004,Online Consultation | 25.10.31 | $15,120232492438500641,Purchase | Andromeda | 25.10.9,0.27,460,7,onsite_conversion.purchase,
2025-10,120233965026730641,OLC005,Online Consultation | 25.10.31 | $15,120232492438500641,Purchase | Andromeda | 25.10.9,0.32,687,3,onsite_conversion.purchase,
2025-10,120233965331700641,OLC010,Online Consultation | 25.10.31 | $15,120232492438500641,Purchase | Andromeda | 25.10.9,0.64,1340,13,onsite_conversion.purchase,
2025-10,120233964538810641,OLC001,Online Consultation | 25.10.31 | $15,120232492438500641,Purchase | Andromeda | 25.10.9,0.31,753,10,onsite_conversion.purchase,
2025-10,120233965026760641,OLC003,Online Consultation | 25.10.31 | $15,120232492438500641,Purchase | Andromeda | 25.10.9,0.01,35,1,onsite_conversion.purchase,
2025-10,120232493344350641,Echo - Copy,Echo | 25.10.9 | $3,120232492438500641,Purchase | Andromeda | 25.10.9,65.86,99155,3876,onsite_conversion.purchase,3
2025-10,120233440968530641,arab therapy - Video 1 - Maadh slow,Bsr Bag Erb +22,120233369396810641,Arab Therapy Leads,16.25,17154,443,leadgen.other,10
2025-10,120233436235260641,arab therapy - static 3 - Copy,Bsr Bag Erb +22,120233369396810641,Arab Therapy Leads,3.35,2962,69,leadgen.other,3
2025-10,120233436235300641,arab therapy - static 2 - Copy,Bsr Bag Erb +22,120233369396810641,Arab Therapy Leads,2.36,1625,32,leadgen.other,3
2025-10,120233436235280641,arab therapy - static 1 - Copy,Bsr Bag Erb +22,120233369396810641,Arab Therapy Leads,34.75,35198,615,leadgen.other,22
2025-10,120233443552200641,arab therapy - Video 2 - qand,Bsr Bag Erb +22,120233369396810641,Arab Therapy Leads,25.26,26838,683,leadgen.other,22
2025-10,120233238658530641,Dr Visit - Carousell  - 25Aug3 - Copy 3,Dr Visit 2,120232492438500641,Purchase | Andromeda | 25.10.9,17.59,8560,137,onsite_conversion.messaging_conversation_started_7d,7
2025-10,120233238658550641,Babies DrVisit - H2 - Copy 3,Dr Visit 2,120232492438500641,Purchase | Andromeda | 25.10.9,30.31,23468,255,onsite_conversion.messaging_conversation_started_7d,20
2025-10,120233238658540641,Dr Visit - Ibraheem Reel - Copy 3,Dr Visit 2,120232492438500641,Purchase | Andromeda | 25.10.9,4.05,1439,35,onsite_conversion.messaging_conversation_started_7d,2
2025-10,120233177290430641,arab therapy - Video 2 - Qand,Arab Therapy Baghdad | 25.10.20 | $10,120232492438500641,Purchase | Andromeda | 25.10.9,2.4,2185,117,onsite_conversion.purchase,
2025-10,120233177290420641,arab therapy - Video 1 - Maadh slow,Arab Therapy Baghdad | 25.10.20 | $10,120232492438500641,Purchase | Andromeda | 25.10.9,16,34210,5112,onsite_conversion.purchase,
2025-10,120233177046120641,arab therapy - static 1,Arab Therapy Baghdad | 25.10.20 | $10,120232492438500641,Purchase | Andromeda | 25.10.9,5.06,5151,229,onsite_conversion.purchase,
2025-10,120233177290400641,arab therapy - static 2,Arab Therapy Baghdad | 25.10.20 | $10,120232492438500641,Purchase | Andromeda | 25.10.9,0.58,711,23,onsite_conversion.purchase,
2025-10,120233177290410641,arab therapy - static 3,Arab Therapy Baghdad | 25.10.20 | $10,120232492438500641,Purchase | Andromeda | 25.10.9,1.34,1336,43,onsite_conversion.purchase,
2025-10,120232739412300641,static 5,Bags,120232737782800641,Bag Sales | Rozenama,24.84,13391,409,offsite_conversion.fb_pixel_purchase,
2025-10,120232739544010641,static 8,Bags,120232737782800641,Bag Sales | Rozenama,81.99,48111,1155,offsite_conversion.fb_pixel_purchase,5
2025-10,120232739544000641,static 7,Bags,120232737782800641,Bag Sales | Rozenama,11.57,5587,145,offsite_conversion.fb_pixel_purchase,
2025-10,120232739543990641,static 6,Bags,120232737782800641,Bag Sales | Rozenama,1,545,11,offsite_conversion.fb_pixel_purchase,
2025-10,120232739412280641,static 3,Bags,120232737782800641,Bag Sales | Rozenama,4.28,2245,46,offsite_conversion.fb_pixel_purchase,
2025-10,120232739316110641,اعلان الجنطة العام,Bags,120232737782800641,Bag Sales | Rozenama,43.74,19531,463,offsite_conversion.fb_pixel_purchase,1
2025-10,120232739316100641,اعلان الجنطة الكبيرة,Bags,120232737782800641,Bag Sales | Rozenama,10.95,5208,586,offsite_conversion.fb_pixel_purchase,2
2025-10,120232739316090641,اعلان الجنطة المتوسطة + الكبيرة,Bags,120232737782800641,Bag Sales | Rozenama,340.69,184732,7017,offsite_conversion.fb_pixel_purchase,19
2025-10,120232739412290641,static 4,Bags,120232737782800641,Bag Sales | Rozenama,9.96,5516,138,offsite_conversion.fb_pixel_purchase,
2025-10,120232739412270641,static 2,Bags,120232737782800641,Bag Sales | Rozenama,12.34,5397,146,offsite_conversion.fb_pixel_purchase,
2025-10,120232739344390641,static 1,Bags,120232737782800641,Bag Sales | Rozenama,4.87,2098,56,offsite_conversion.fb_pixel_purchase,
2025-10,120232737782810641,اعلان الجنطة الصغيرة,Bags,120232737782800641,Bag Sales | Rozenama,19.75,8983,362,offsite_conversion.fb_pixel_purchase,1
2025-10,120232493112340641,BedSore Old Granny video 2 - Copy,BedSore + Wound Care | 25.10.9 | $10,120232492438500641,Purchase | Andromeda | 25.10.9,10.38,10765,344,onsite_conversion.purchase,
2025-10,120232493112310641,‎‎قرح الفراش احمد حسين ونواف‎‎ - Copy,BedSore + Wound Care | 25.10.9 | $10,120232492438500641,Purchase | Andromeda | 25.10.9,24.23,36737,1337,onsite_conversion.purchase,
2025-10,120232493112290641,‎قرح الفراش - دكتور‎ - Copy,BedSore + Wound Care | 25.10.9 | $10,120232492438500641,Purchase | Andromeda | 25.10.9,1.31,1526,44,onsite_conversion.purchase,
2025-10,120232493112300641,‎‎‎قرح الفراش احمد حسين ٢‎ - Copy 2,BedSore + Wound Care | 25.10.9 | $10,120232492438500641,Purchase | Andromeda | 25.10.9,3.12,6641,67,onsite_conversion.purchase,
2025-10,120232493112320641,Ibraheem Reel - Copy,BedSore + Wound Care | 25.10.9 | $10,120232492438500641,Purchase | Andromeda | 25.10.9,0.2,587,4,onsite_conversion.purchase,
2025-10,120232493112330641,‎‎‎قرح الفراش احمد حسين ٢‎ - Copy,BedSore + Wound Care | 25.10.9 | $10,120232492438500641,Purchase | Andromeda | 25.10.9,0.79,1794,14,onsite_conversion.purchase,
2025-10,120232319409680641,Dr Visit Design Sep 6 - 5 - Copy,DrVisit | Andrommeda 25.10.7,120230752385950641,SALES | DrVisit | FB Only,36.41,13739,744,onsite_conversion.messaging_conversation_started_7d,58
2025-10,120232320691790641,Dr Visit - Number of visits - 25Aug3 - Copy,DrVisit | Andrommeda 25.10.7,120230752385950641,SALES | DrVisit | FB Only,2.09,1272,41,onsite_conversion.messaging_conversation_started_7d,1
2025-10,120232320691830641,Dr Visit - Repackaged - 25Aug3 - Copy,DrVisit | Andrommeda 25.10.7,120230752385950641,SALES | DrVisit | FB Only,11.82,6173,184,onsite_conversion.messaging_conversation_started_7d,26
2025-10,120232319409700641,Dr Visit Design Sep 6 - 1 - Copy,DrVisit | Andrommeda 25.10.7,120230752385950641,SALES | DrVisit | FB Only,2.16,1377,33,onsite_conversion.messaging_conversation_started_7d,4
2025-10,120232319409690641,Dr Visit Design Sep 6 - 2 - Copy,DrVisit | Andrommeda 25.10.7,120230752385950641,SALES | DrVisit | FB Only,0.07,53,4,onsite_conversion.messaging_conversation_started_7d,1
2025-10,120232319409670641,Babies DrVisit - H1 - Copy,DrVisit | Andrommeda 25.10.7,120230752385950641,SALES | DrVisit | FB Only,14.07,7767,183,onsite_conversion.messaging_conversation_started_7d,22
2025-10,120232319409710641,Dr Visit talking head - Copy,DrVisit | Andrommeda 25.10.7,120230752385950641,SALES | DrVisit | FB Only,10.62,7360,227,onsite_conversion.messaging_conversation_started_7d,18
2025-10,120232320691850641,Dr Visit - Carousell  - 25Aug3 - Copy,DrVisit | Andrommeda 25.10.7,120230752385950641,SALES | DrVisit | FB Only,0.84,584,18,onsite_conversion.messaging_conversation_started_7d,1
2025-10,120232319409720641,Mega Dr Visit Aug 23- H2 - Copy,DrVisit | Andrommeda 25.10.7,120230752385950641,SALES | DrVisit | FB Only,6.38,5632,175,onsite_conversion.messaging_conversation_started_7d,10
2025-10,120232320691840641,Dr Visit - Feedback 1 - 25Aug3 - Copy,DrVisit | Andrommeda 25.10.7,120230752385950641,SALES | DrVisit | FB Only,14.11,12686,325,onsite_conversion.messaging_conversation_started_7d,25
2025-10,120232319409730641,Babies DrVisit - H2 - Copy,DrVisit | Andrommeda 25.10.7,120230752385950641,SALES | DrVisit | FB Only,0.49,411,11,onsite_conversion.messaging_conversation_started_7d,1
2025-10,120232320691800641,Dr Visit - Ibraheem Reel - Copy,DrVisit | Andrommeda 25.10.7,120230752385950641,SALES | DrVisit | FB Only,1.01,210,6,onsite_conversion.messaging_conversation_started_7d,1
2025-10,120232320691820641,Dr Visit - 25Jul26 - Ai Hook - Copy,DrVisit | Andrommeda 25.10.7,120230752385950641,SALES | DrVisit | FB Only,18.63,19299,290,onsite_conversion.messaging_conversation_started_7d,37
2025-10,120232320691810641,Dr Visit - UGC - 25Aug3 - Copy,DrVisit | Andrommeda 25.10.7,120230752385950641,SALES | DrVisit | FB Only,10.62,5926,184,onsite_conversion.messaging_conversation_started_7d,10
2025-10,120232202914310641,منير (بعد ماكو),General Ads,120231141591010641,Sales | General,274.98,292996,8057,onsite_conversion.messaging_conversation_started_7d,574
2025-10,120232200033740641,Babies DrVisit - H1 - Copy,Videos | FB Only | $15,120230752385950641,SALES | DrVisit | FB Only,3.9,2870,156,onsite_conversion.purchase,
2025-10,120231867078340641,short Ad - Physio,TESTING | Physio | +30,120230908749470641,SALES | Physiotherapy | 25.9.11 | CBO $40,89.43,115858,3468,onsite_conversion.purchase,4
2025-10,120231866973930641,Babies DrVisit - H2,TESTING | FB Only | $15,120230752385950641,SALES | DrVisit | FB Only,15.72,14542,2309,onsite_conversion.purchase,1
2025-10,120231866943540641,Babies DrVisit - H1,TESTING | FB Only | $15,120230752385950641,SALES | DrVisit | FB Only,106.78,99951,5738,onsite_conversion.purchase,4
2025-10,120231496225130641,Dr Visit Design Sep 6 - 1,LAL | Designs | FB Only | $15,120230752385950641,SALES | DrVisit | FB Only,5.17,3051,88,onsite_conversion.purchase,
2025-10,120231496225110641,Dr Visit Design Sep 6 - 5,LAL | Designs | FB Only | $15,120230752385950641,SALES | DrVisit | FB Only,59.2,29023,963,onsite_conversion.purchase,1
2025-10,120231190844810641,Doppler - 23Sep13 H2,Doppler,120228579427670641,Imaging Services - ABO - 2025Aug1,91.15,70108,1809,onsite_conversion.purchase,7
2025-10,120231190844820641,Doppler - 23Sep13 H3,Doppler,120228579427670641,Imaging Services - ABO - 2025Aug1,34.51,48234,1028,onsite_conversion.purchase,
2025-10,120231147019460641,Doppler - 23Sep13 H1,Doppler,120228579427670641,Imaging Services - ABO - 2025Aug1,10.44,8175,219,onsite_conversion.purchase,
2025-10,120231144637660641,Complexes Maadh Script,Complexes,120231141591010641,Sales | General,341.52,195769,4180,onsite_conversion.messaging_conversation_started_7d,161
2025-10,120230754167300641,Dr Visit talking head,Videos | FB Only | $15,120230752385950641,SALES | DrVisit | FB Only,56.17,74159,1796,onsite_conversion.purchase,1
2025-10,120230909461220641,Mega Physio Aug18 - H4,Physio | +30 | 25.9.11,120230908749470641,SALES | Physiotherapy | 25.9.11 | CBO $40,261.45,329616,5062,onsite_conversion.purchase,13
2025-10,120230908749460641,Mega Physio Aug18 - H5,Physio | +30 | 25.9.11,120230908749470641,SALES | Physiotherapy | 25.9.11 | CBO $40,55.11,62151,1098,onsite_conversion.purchase,
2025-10,120230754629920641,Mega Dr Visit Aug 23- H2,Videos | FB Only | $15,120230752385950641,SALES | DrVisit | FB Only,35.59,43971,1493,onsite_conversion.purchase,2
2025-10,120230754693720641,Dr Visit Design Sep 6 - 5,Designs | FB Only | $15 - Copy,120230752385950641,SALES | DrVisit | FB Only,110.81,93909,2413,onsite_conversion.purchase,3
2025-10,120230754693680641,Dr Visit Design Sep 6 - 2,Designs | FB Only | $15 - Copy,120230752385950641,SALES | DrVisit | FB Only,17.18,39480,508,onsite_conversion.purchase,
2025-10,120230695629140641,Nursing Design Sep 6 - 2,Nursing - TESTING - 2025Aug17,120229325762870641,Nursing - 2025Aug15,7.45,6106,73,onsite_conversion.messaging_conversation_started_7d,9
2025-10,120230695629160641,Nursing Design Sep 6 - 4,Nursing - TESTING - 2025Aug17,120229325762870641,Nursing - 2025Aug15,13.65,7085,78,onsite_conversion.messaging_conversation_started_7d,9
2025-10,120230695629170641,Nursing Design Sep 6 - 5,Nursing - TESTING - 2025Aug17,120229325762870641,Nursing - 2025Aug15,22.44,16544,212,onsite_conversion.messaging_conversation_started_7d,18
2025-10,120230695629150641,Nursing Design Sep 6 - 3,Nursing - TESTING - 2025Aug17,120229325762870641,Nursing - 2025Aug15,12.84,10406,143,onsite_conversion.messaging_conversation_started_7d,5
2025-10,120230681583100641,Mega nursing Aug 31 -H4,Nursing - SCALING - 2025Aug15,120229325762870641,Nursing - 2025Aug15,16.97,13445,182,onsite_conversion.messaging_conversation_started_7d,5
2025-10,120230681583110641,Mega nursing Aug 31 -H7,Nursing - SCALING - 2025Aug15,120229325762870641,Nursing - 2025Aug15,208.42,192863,3400,onsite_conversion.messaging_conversation_started_7d,161
2025-10,120230681583090641,Mega nursing Aug 31 -H2,Nursing - SCALING - 2025Aug15,120229325762870641,Nursing - 2025Aug15,11.58,8417,84,onsite_conversion.messaging_conversation_started_7d,7
2025-10,120230681652470641,Mega nursing Aug 31 -H5,Nursing - SCALING - 2025Aug15,120229325762870641,Nursing - 2025Aug15,12.42,10135,135,onsite_conversion.messaging_conversation_started_7d,2
2025-10,120230681583400641,Mega nursing Aug 31 -H6,Nursing - SCALING - 2025Aug15,120229325762870641,Nursing - 2025Aug15,16.95,9440,148,onsite_conversion.messaging_conversation_started_7d,6
2025-10,120229424264370641,Nursing - Aug - Cutdown 1 - Price,Nursing - TESTING - 2025Aug17,120229325762870641,Nursing - 2025Aug15,6.67,5684,68,onsite_conversion.messaging_conversation_started_7d,1
2025-10,120229424064200641,Nursing - Aug - Cutdown 2 - Price,Nursing - TESTING - 2025Aug17,120229325762870641,Nursing - 2025Aug15,26.08,23941,455,onsite_conversion.messaging_conversation_started_7d,17
2025-10,120228579427850641,BedSore Old Granny video 2,Wound Care | Sales LAL,120228579427760641,Wound Care - CBO - 2025Aug1,0.53,288,8,onsite_conversion.messaging_conversation_started_7d,
2025-10,120228579427640641,Lab Test - 25Jul2 - General - H1,Lab Test | Creative Testing | 2024 Aug 14,120228579427770641,Lab Test - CBO - 2025Aug1,79.2,33079,614,onsite_conversion.messaging_conversation_started_7d,68
2025-10,120228579427690641,Lab Test REEL 1,Lab Test | Creative Testing | 2024 Aug 14,120228579427770641,Lab Test - CBO - 2025Aug1,0.57,192,4,onsite_conversion.messaging_conversation_started_7d,
2025-10,120228579427970641,‎قرح الفراش احمد حسين ونواف‎,Wound Care | TESTING | A+,120228579427760641,Wound Care - CBO - 2025Aug1,57.37,39668,846,onsite_conversion.messaging_conversation_started_7d,15
2025-10,120228579427940641,‎‎‎قرح الفراش احمد حسين ٢‎ - Copy,Wound Care | Sales LAL,120228579427760641,Wound Care - CBO - 2025Aug1,4.11,1864,37,onsite_conversion.messaging_conversation_started_7d,
2025-10,120228579427280641,us april 2,Ultrasound,120228579427670641,Imaging Services - ABO - 2025Aug1,103.91,86261,1368,onsite_conversion.messaging_conversation_started_7d,93
2025-10,120228579427990641,‎‎قرح الفراش احمد حسين ٢,Wound Care | TESTING | A+,120228579427760641,Wound Care - CBO - 2025Aug1,5.09,3463,40,onsite_conversion.messaging_conversation_started_7d,3
2025-10,120228579427440641,us jul,Ultrasound,120228579427670641,Imaging Services - ABO - 2025Aug1,11.27,7367,125,onsite_conversion.messaging_conversation_started_7d,6
2025-10,120228579428000641,قرح الفراش - دكتور,Wound Care | TESTING | A+,120228579427760641,Wound Care - CBO - 2025Aug1,17.63,7532,164,onsite_conversion.messaging_conversation_started_7d,5
2025-10,120228579427780641,قرح الفراش احمد حسين ونواف,Wound Care | Sales LAL,120228579427760641,Wound Care - CBO - 2025Aug1,0.12,83,2,onsite_conversion.messaging_conversation_started_7d,
2025-10,120228579427600641,Lab Test - 25jul - post 1,Lab Test | Static | $5 | 25Jul26,120228579427770641,Lab Test - CBO - 2025Aug1,0.36,99,2,onsite_conversion.messaging_conversation_started_7d,
2025-10,120228579427530641,Lab Test - 25Jul2 - General - H2,Lab Test | Creative Testing | 2024 Aug 14,120228579427770641,Lab Test - CBO - 2025Aug1,141.15,52135,920,onsite_conversion.messaging_conversation_started_7d,104
2025-10,120228579427900641,Ibraheem Reel,Wound Care | Sales LAL,120228579427760641,Wound Care - CBO - 2025Aug1,2.31,634,23,onsite_conversion.messaging_conversation_started_7d,1
2025-10,120228579427880641,‎قرح الفراش - دكتور‎ - Copy,Wound Care | Sales LAL,120228579427760641,Wound Care - CBO - 2025Aug1,2.58,1028,15,onsite_conversion.messaging_conversation_started_7d,1
2025-10,120228579427380641,Echo,Echo,120228579427670641,Imaging Services - ABO - 2025Aug1,26.45,20825,439,onsite_conversion.messaging_conversation_started_7d,31
2025-10,120232492994060641,Nursing - Feedback 3 - 25Aug3 - Copy,Nursing | 25.10.9 | $50,120232492438500641,Purchase | Andromeda | 25.10.9,44.28,53769,1605,onsite_conversion.purchase,
2025-10,120232492589110641,Dr Visit - UGC - 25Aug3 - Copy 2,Dr Visit | 25.10.9 | $56.25,120232492438500641,Purchase | Andromeda | 25.10.9,70.29,88038,6062,onsite_conversion.purchase,2
2025-10,120232493423230641,🌟Physio - Numbers - 25Aug3 - Copy,Physiotherapy | 25.10.9 | $56.25,120232492438500641,Purchase | Andromeda | 25.10.9,14.92,18922,304,onsite_conversion.purchase,2
2025-10,120232493423190641,🌟Physiotherapy Jul - Design 4 - Copy,Physiotherapy | 25.10.9 | $56.25,120232492438500641,Purchase | Andromeda | 25.10.9,81.66,125670,2084,onsite_conversion.purchase,2
2025-10,120232493423170641,🌟physio may 1 - H3 - price - Copy 3,Physiotherapy | 25.10.9 | $56.25,120232492438500641,Purchase | Andromeda | 25.10.9,78.07,130866,2462,onsite_conversion.purchase,3
2025-10,120232493423180641,🌟Physio - Talking Head - 25Aug3 - Copy,Physiotherapy | 25.10.9 | $56.25,120232492438500641,Purchase | Andromeda | 25.10.9,305.79,654190,12470,onsite_conversion.purchase,4
2025-10,120232492994020641,Nursing - Repackaged - 25Aug3 - Copy 2,Nursing | 25.10.9 | $50,120232492438500641,Purchase | Andromeda | 25.10.9,10.74,10634,168,onsite_conversion.purchase,
2025-10,120232492589160641,Dr Visit Design Sep 6 - 1 - Copy 2,Dr Visit | 25.10.9 | $56.25,120232492438500641,Purchase | Andromeda | 25.10.9,368.93,586556,11178,onsite_conversion.purchase,10
2025-10,120232493423210641,Physiotherapy Jul - Design 2 - Copy,Physiotherapy | 25.10.9 | $56.25,120232492438500641,Purchase | Andromeda | 25.10.9,11.55,23548,325,onsite_conversion.purchase,
2025-10,120232492589180641,Dr Visit Design Sep 6 - 2 - Copy 2,Dr Visit | 25.10.9 | $56.25,120232492438500641,Purchase | Andromeda | 25.10.9,0.55,937,16,onsite_conversion.purchase,
2025-10,120223810610040641,UGC 1 - Actially,UGC 1 | $6,120222834173730641,Profile Traffic Campaign (Followers) | $12 | May 7,154.61,229883,6685,total_profile_visits,6564
2025-10,120232492589220641,Babies DrVisit - H2 - Copy 2,Dr Visit | 25.10.9 | $56.25,120232492438500641,Purchase | Andromeda | 25.10.9,3.03,2988,185,onsite_conversion.purchase,1
2025-10,120232492589200641,Dr Visit talking head - Copy 2,Dr Visit | 25.10.9 | $56.25,120232492438500641,Purchase | Andromeda | 25.10.9,75.86,166637,5907,onsite_conversion.purchase,3
2025-10,120232492994090641,Nursing - Talking Head - 25Aug3 - Copy,Nursing | 25.10.9 | $50,120232492438500641,Purchase | Andromeda | 25.10.9,20.34,22294,648,onsite_conversion.purchase,1
2025-10,120232492994100641,Nursing - Aug - Cutdown 1 - Price - Copy,Nursing | 25.10.9 | $50,120232492438500641,Purchase | Andromeda | 25.10.9,26.5,52517,2368,onsite_conversion.purchase,
2025-10,120232492994070641,Nursing - Feedback 2 - 25Aug3 - Copy,Nursing | 25.10.9 | $50,120232492438500641,Purchase | Andromeda | 25.10.9,130.25,209962,6152,onsite_conversion.purchase,1
2025-10,120232492589250641,Dr Visit - Feedback 1 - 25Aug3 - Copy 2,Dr Visit | 25.10.9 | $56.25,120232492438500641,Purchase | Andromeda | 25.10.9,32.09,51656,1707,onsite_conversion.purchase,1
2025-10,120232492589190641,Babies DrVisit - H1 - Copy 2,Dr Visit | 25.10.9 | $56.25,120232492438500641,Purchase | Andromeda | 25.10.9,305.71,525244,19144,onsite_conversion.purchase,1
2025-10,120232492994000641,Nursing May 1 - H1 - Price - Copy,Nursing | 25.10.9 | $50,120232492438500641,Purchase | Andromeda | 25.10.9,47.63,96399,3276,onsite_conversion.purchase,4
2025-10,120232492589170641,Dr Visit - 25Jul26 - Ai Hook - Copy 2,Dr Visit | 25.10.9 | $56.25,120232492438500641,Purchase | Andromeda | 25.10.9,8.79,7329,152,onsite_conversion.purchase,
2025-10,120232493423160641,Mega Physio Aug18 - H5 - Copy,Physiotherapy | 25.10.9 | $56.25,120232492438500641,Purchase | Andromeda | 25.10.9,276.37,280824,4694,onsite_conversion.purchase,4
2025-10,120233919889540641,PT014,Physiotherapy | 25.10.9 | $56.25,120232492438500641,Purchase | Andromeda | 25.10.9,0.56,667,27,onsite_conversion.purchase,
2025-10,120232493423220641,Physio - Feedback 3 - 25Aug3 - Copy,Physiotherapy | 25.10.9 | $56.25,120232492438500641,Purchase | Andromeda | 25.10.9,143.1,140935,4754,onsite_conversion.purchase,5
2025-10,120232493423200641,Physio - Feedback 1 - 25Aug3 - Copy,Physiotherapy | 25.10.9 | $56.25,120232492438500641,Purchase | Andromeda | 25.10.9,49.44,53303,1802,onsite_conversion.purchase,2
2025-10,120232492589150641,Dr Visit - Feedback 3 - 25Aug3 - Copy 2,Dr Visit | 25.10.9 | $56.25,120232492438500641,Purchase | Andromeda | 25.10.9,19.01,16319,445,onsite_conversion.purchase,
2025-10,120232493372810641,Lab Test - 25jul - post 1 - Copy,Lab Test | 25.10.9 | $31.25,120232492438500641,Purchase | Andromeda | 25.10.9,77.38,83016,1204,onsite_conversion.purchase,7
2025-10,120232492994030641,Nursing - Direct 1 (Human Hook) - 25Aug3 - Copy,Nursing | 25.10.9 | $50,120232492438500641,Purchase | Andromeda | 25.10.9,12.97,16961,562,onsite_conversion.purchase,
2025-10,120232492589240641,Mega Dr Visit Aug 23- H2 - Copy 2,Dr Visit | 25.10.9 | $56.25,120232492438500641,Purchase | Andromeda | 25.10.9,47.95,119970,4826,onsite_conversion.purchase,
2025-10,120232493372820641,lab test apr 1 - Copy,Lab Test | 25.10.9 | $31.25,120232492438500641,Purchase | Andromeda | 25.10.9,127.22,188162,2895,onsite_conversion.purchase,2
2025-10,120232492994110641,Nursing Design Sep 6 - 4 - Copy,Nursing | 25.10.9 | $50,120232492438500641,Purchase | Andromeda | 25.10.9,18.82,21914,389,onsite_conversion.purchase,2
2025-10,120232492993990641,Nursing May 1 - H5 - Price - Copy,Nursing | 25.10.9 | $50,120232492438500641,Purchase | Andromeda | 25.10.9,21.72,35311,1613,onsite_conversion.purchase,
2025-10,120232493423240641,Physio - Repackaged - 25Aug3 - Copy,Physiotherapy | 25.10.9 | $56.25,120232492438500641,Purchase | Andromeda | 25.10.9,10.07,10039,124,onsite_conversion.purchase,
2025-10,120232492589130641,Dr Visit - Number of visits - 25Aug3 - Copy 2,Dr Visit | 25.10.9 | $56.25,120232492438500641,Purchase | Andromeda | 25.10.9,56.33,53186,654,onsite_conversion.purchase,1
2025-10,120232492994080641,Nursing - Numbers - 25Aug3 - Copy,Nursing | 25.10.9 | $50,120232492438500641,Purchase | Andromeda | 25.10.9,51.51,53634,852,onsite_conversion.purchase,1
2025-10,120233714239640641,US003,US + Doppler | 25.10.9 | $28,120232492438500641,Purchase | Andromeda | 25.10.9,98.86,151275,36557,onsite_conversion.purchase,
2025-10,120232493423250641,short Ad - Physio - Copy,Physiotherapy | 25.10.9 | $56.25,120232492438500641,Purchase | Andromeda | 25.10.9,190.21,306532,4873,onsite_conversion.purchase,13
2025-10,120232492589120641,Dr Visit Design Sep 6 - 5 - Copy 2,Dr Visit | 25.10.9 | $56.25,120232492438500641,Purchase | Andromeda | 25.10.9,68.81,124870,3301,onsite_conversion.purchase,2
2025-10,120233300292020641,DRV008,Dr Visit | 25.10.9 | $56.25,120232492438500641,Purchase | Andromeda | 25.10.9,8.77,9082,146,onsite_conversion.purchase,
2025-10,120232493423260641,Physiotherapy Jul - Design 2 - Copy,Physiotherapy | 25.10.9 | $56.25,120232492438500641,Purchase | Andromeda | 25.10.9,0.13,387,15,onsite_conversion.purchase,
2025-10,120233711853360641,DRV006 - Try 2,Dr Visit | 25.10.9 | $56.25,120232492438500641,Purchase | Andromeda | 25.10.9,2.59,2712,36,onsite_conversion.purchase,
2025-10,120233300292040641,DRV006,Dr Visit | 25.10.9 | $56.25,120232492438500641,Purchase | Andromeda | 25.10.9,10.1,12809,218,onsite_conversion.purchase,
2025-10,120232492589140641,Dr Visit - Repackaged - 25Aug3 - Copy 2,Dr Visit | 25.10.9 | $56.25,120232492438500641,Purchase | Andromeda | 25.10.9,83.39,120890,1440,onsite_conversion.purchase,1
2025-10,120233300292030641,DRV007,Dr Visit | 25.10.9 | $56.25,120232492438500641,Purchase | Andromeda | 25.10.9,0.44,885,11,onsite_conversion.purchase,
2025-10,120232493504220641,us jul - Copy,US + Doppler | 25.10.9 | $28,120232492438500641,Purchase | Andromeda | 25.10.9,20.7,23698,960,onsite_conversion.purchase,
2025-10,120233300292010641,DRV005,Dr Visit | 25.10.9 | $56.25,120232492438500641,Purchase | Andromeda | 25.10.9,8.47,10248,145,onsite_conversion.purchase,
2025-10,120232492589230641,Dr Visit - Carousell  - 25Aug3 - Copy 2,Dr Visit | 25.10.9 | $56.25,120232492438500641,Purchase | Andromeda | 25.10.9,15.87,19955,498,onsite_conversion.purchase,1
2025-10,120232493372790641,Lab Test - 25jul - post 3 - Copy,Lab Test | 25.10.9 | $31.25,120232492438500641,Purchase | Andromeda | 25.10.9,31.88,27364,403,onsite_conversion.purchase,
2025-10,120233715267220641,Physio - Repackaged - 25Aug3 - Try 2,Physiotherapy | 25.10.9 | $56.25,120232492438500641,Purchase | Andromeda | 25.10.9,0.09,134,4,onsite_conversion.purchase,
2025-10,120233713340330641,DRV016,Dr Visit | 25.10.9 | $56.25,120232492438500641,Purchase | Andromeda | 25.10.9,0.04,238,4,onsite_conversion.purchase,
2025-10,120232492993980641,Nursing - Aug - Cutdown 2 - Price - Copy,Nursing | 25.10.9 | $50,120232492438500641,Purchase | Andromeda | 25.10.9,456.96,632516,27037,onsite_conversion.purchase,11
2025-10,120232492994010641,Nursing Design Sep 6 - 5 - Copy,Nursing | 25.10.9 | $50,120232492438500641,Purchase | Andromeda | 25.10.9,49.67,111169,1669,onsite_conversion.purchase,2
2025-10,120232492993970641,Nursing - Feedback 1 - 25Aug3 - Copy,Nursing | 25.10.9 | $50,120232492438500641,Purchase | Andromeda | 25.10.9,30.11,51431,1472,onsite_conversion.purchase,
2025-10,120233965026740641,OLC006,Online Consultation | 25.10.31 | $15,120232492438500641,Purchase | Andromeda | 25.10.9,16.7,22858,4689,onsite_conversion.purchase,
2025-11,120235145657500641,🌟PT001,Physiotherapy | 25.10.9 | $56.25,120232492438500641,Purchase | Andromeda | 25.10.9,0.49,123,7,onsite_conversion.purchase,
2025-11,120233714239650641,US006,US + Doppler | 25.10.9 | $28,120232492438500641,Purchase | Andromeda | 25.10.9,8.17,10517,149,onsite_conversion.purchase,
2025-11,120235147304470641,US018,US + Doppler | 25.10.9 | $28,120232492438500641,Purchase | Andromeda | 25.10.9,1.37,797,9,onsite_conversion.purchase,
2025-11,120235147304430641,US014,US + Doppler | 25.10.9 | $28,120232492438500641,Purchase | Andromeda | 25.10.9,0.98,488,15,onsite_conversion.purchase,
2025-11,120222834173700641,AirBag Nursing - Vertical - Copy,AirBag Videos. | $12,120222834173730641,Profile Traffic Campaign (Followers) | $12 | May 7,4.55,12545,209,total_profile_visits,186
2025-11,120222834173710641,AirBag Physiotherapy - Vertical - Copy,AirBag Videos. | $12,120222834173730641,Profile Traffic Campaign (Followers) | $12 | May 7,133.74,160005,5713,total_profile_visits,5536
2025-11,120235214667350641,Dr UGC,UGC 1 | $6,120222834173730641,Profile Traffic Campaign (Followers) | $12 | May 7,47.9,92113,1830,total_profile_visits,1779
2025-11,120233713340340641,DRV017,Dr Visit | 25.10.9 | $56.25,120232492438500641,Purchase | Andromeda | 25.10.9,2.41,2899,49,onsite_conversion.purchase,
2025-11,120235213755500641,لا تخلي الانترنت يشخص حالتك,UGC 1 | $6,120222834173730641,Profile Traffic Campaign (Followers) | $12 | May 7,2.17,6835,81,total_profile_visits,80
2025-11,120233714239630641,US002,US + Doppler | 25.10.9 | $28,120232492438500641,Purchase | Andromeda | 25.10.9,263.02,588836,8091,onsite_conversion.purchase,3
2025-11,120235147406880641,US007,US + Doppler | 25.10.9 | $28,120232492438500641,Purchase | Andromeda | 25.10.9,0.63,296,12,onsite_conversion.purchase,
2025-11,120235147304410641,US012,US + Doppler | 25.10.9 | $28,120232492438500641,Purchase | Andromeda | 25.10.9,3.87,2804,56,onsite_conversion.purchase,
2025-11,120232493372800641,Lab Test - 25Jul2 - General - H2 - Copy,Lab Test | 25.10.9 | $31.25,120232492438500641,Purchase | Andromeda | 25.10.9,196.77,142404,2350,onsite_conversion.purchase,4
2025-11,120235147304390641,US021,US + Doppler | 25.10.9 | $28,120232492438500641,Purchase | Andromeda | 25.10.9,0.78,537,13,onsite_conversion.purchase,
2025-11,120235147304440641,US015,US + Doppler | 25.10.9 | $28,120232492438500641,Purchase | Andromeda | 25.10.9,0.67,489,12,onsite_conversion.purchase,
2025-11,120235147406870641,US005,US + Doppler | 25.10.9 | $28,120232492438500641,Purchase | Andromeda | 25.10.9,0.39,322,11,onsite_conversion.purchase,
2025-11,120222834173720641,AirBag Dr Visit - Vertical - Copy,AirBag Videos. | $12,120222834173730641,Profile Traffic Campaign (Followers) | $12 | May 7,12.07,19276,501,total_profile_visits,467
2025-11,120232492589210641,Dr Visit - Ibraheem Reel - Copy 2,Dr Visit | 25.10.9 | $56.25,120232492438500641,Purchase | Andromeda | 25.10.9,2.56,1492,107,onsite_conversion.purchase,
2025-11,120235147406860641,US004,US + Doppler | 25.10.9 | $28,120232492438500641,Purchase | Andromeda | 25.10.9,4.66,4112,55,onsite_conversion.purchase,
2025-11,120233714239660641,US008,US + Doppler | 25.10.9 | $28,120232492438500641,Purchase | Andromeda | 25.10.9,4.2,6442,116,onsite_conversion.purchase,
2025-11,120232493504230641,Doppler - 23Sep13 H2 - Copy,US + Doppler | 25.10.9 | $28,120232492438500641,Purchase | Andromeda | 25.10.9,294.34,321909,8386,onsite_conversion.purchase,4
2025-11,120235147304460641,US017,US + Doppler | 25.10.9 | $28,120232492438500641,Purchase | Andromeda | 25.10.9,2.06,1184,39,onsite_conversion.purchase,
2025-11,120233712830340641,DRV015,Dr Visit | 25.10.9 | $56.25,120232492438500641,Purchase | Andromeda | 25.10.9,2.57,2923,55,onsite_conversion.purchase,
2025-11,120233300273200641,DRV004,Dr Visit | 25.10.9 | $56.25,120232492438500641,Purchase | Andromeda | 25.10.9,1.08,1231,27,onsite_conversion.purchase,
2025-11,120232493423270641,physio may 1 - H5 v2 - price - Copy 3,Physiotherapy | 25.10.9 | $56.25,120232492438500641,Purchase | Andromeda | 25.10.9,7.97,12949,849,onsite_conversion.purchase,
2025-11,120232492994050641,Nursing Design Sep 6 - 2 - Copy,Nursing | 25.10.9 | $50,120232492438500641,Purchase | Andromeda | 25.10.9,27.88,23697,342,onsite_conversion.purchase,2
2025-11,120235147304500641,US010,US + Doppler | 25.10.9 | $28,120232492438500641,Purchase | Andromeda | 25.10.9,0.19,87,6,onsite_conversion.purchase,
2025-11,120235147304490641,US020,US + Doppler | 25.10.9 | $28,120232492438500641,Purchase | Andromeda | 25.10.9,0.77,391,12,onsite_conversion.purchase,
2025-11,120233714239620641,US001,US + Doppler | 25.10.9 | $28,120232492438500641,Purchase | Andromeda | 25.10.9,3.26,5158,93,onsite_conversion.purchase,1
2025-11,120232492994040641,Nursing Design Sep 6 - 3 - Copy,Nursing | 25.10.9 | $50,120232492438500641,Purchase | Andromeda | 25.10.9,19.73,24372,485,onsite_conversion.purchase,
2025-11,120233714239670641,US009,US + Doppler | 25.10.9 | $28,120232492438500641,Purchase | Andromeda | 25.10.9,30.13,34402,560,onsite_conversion.purchase,
2025-11,120234968237730641,LT003,Lab Test | 25.10.9 | $31.25,120232492438500641,Purchase | Andromeda | 25.10.9,2.18,548,21,onsite_conversion.purchase,
2025-11,120235147304400641,US011,US + Doppler | 25.10.9 | $28,120232492438500641,Purchase | Andromeda | 25.10.9,0.22,155,6,onsite_conversion.purchase,
2025-11,120232493504240641,us april 2 - Copy,US + Doppler | 25.10.9 | $28,120232492438500641,Purchase | Andromeda | 25.10.9,121.95,102106,2795,onsite_conversion.purchase,3
2025-11,120235147304450641,US016,US + Doppler | 25.10.9 | $28,120232492438500641,Purchase | Andromeda | 25.10.9,0.7,294,9,onsite_conversion.purchase,
2025-11,120233965026750641,OLC002,Online Consultation | 25.10.31 | $15,120232492438500641,Purchase | Andromeda | 25.10.9,1.44,2657,42,onsite_conversion.purchase,
2025-11,120233965026720641,OLC004,Online Consultation | 25.10.31 | $15,120232492438500641,Purchase | Andromeda | 25.10.9,6.16,6188,92,onsite_conversion.purchase,
2025-11,120233965026730641,OLC005,Online Consultation | 25.10.31 | $15,120232492438500641,Purchase | Andromeda | 25.10.9,2.7,4113,58,onsite_conversion.purchase,
2025-11,120233965331700641,OLC010,Online Consultation | 25.10.31 | $15,120232492438500641,Purchase | Andromeda | 25.10.9,5.08,13170,148,onsite_conversion.purchase,
2025-11,120233964538810641,OLC001,Online Consultation | 25.10.31 | $15,120232492438500641,Purchase | Andromeda | 25.10.9,380.27,411446,5122,onsite_conversion.purchase,10
2025-11,120233965026760641,OLC003,Online Consultation | 25.10.31 | $15,120232492438500641,Purchase | Andromeda | 25.10.9,6.34,7121,103,onsite_conversion.purchase,
2025-11,120235130268520641,DMB007,Bags | جنطة السكري,120232737782800641,Bag Sales | Rozenama,0.41,164,3,offsite_conversion.fb_pixel_purchase,
2025-11,120235085678140641,static 2 - Copy 2,Big 4,120235078931080641,Bags Sales - msg,0.07,69,2,onsite_conversion.messaging_conversation_started_7d,
2025-11,120235130268530641,DMB006,Bags | جنطة السكري,120232737782800641,Bag Sales | Rozenama,67.68,30812,557,offsite_conversion.fb_pixel_purchase,
2025-11,120235130268580641,DMB012,Bags | جنطة السكري,120232737782800641,Bag Sales | Rozenama,5.47,2000,49,offsite_conversion.fb_pixel_purchase,
2025-11,120235130268550641,DMB004,Bags | جنطة السكري,120232737782800641,Bag Sales | Rozenama,4,1658,30,offsite_conversion.fb_pixel_purchase,
2025-11,120235130268600641,DMB009,Bags | جنطة السكري,120232737782800641,Bag Sales | Rozenama,0.87,378,7,offsite_conversion.fb_pixel_purchase,
2025-11,120235130268540641,DMB005,Bags | جنطة السكري,120232737782800641,Bag Sales | Rozenama,0.43,120,3,offsite_conversion.fb_pixel_purchase,
2025-11,120235130268510641,DMB008,Bags | جنطة السكري,120232737782800641,Bag Sales | Rozenama,0.59,284,6,offsite_conversion.fb_pixel_purchase,
2025-11,120235130207500641,DMB003,Bags | جنطة السكري,120232737782800641,Bag Sales | Rozenama,0.31,96,8,offsite_conversion.fb_pixel_purchase,
2025-11,120235130268560641,DMB010,Bags | جنطة السكري,120232737782800641,Bag Sales | Rozenama,20.5,6517,152,offsite_conversion.fb_pixel_purchase,
2025-11,120235130268570641,DMB011,Bags | جنطة السكري,120232737782800641,Bag Sales | Rozenama,0.21,114,5,offsite_conversion.fb_pixel_purchase,
2025-11,120235085678150641,static 6 - Copy 2,Big 4,120235078931080641,Bags Sales - msg,0.06,41,0,onsite_conversion.messaging_conversation_started_7d,
2025-11,120235085678180641,static 5 - Copy 2,Big 4,120235078931080641,Bags Sales - msg,0.07,41,1,onsite_conversion.messaging_conversation_started_7d,
2025-11,120235085678130641,static 1 - Copy 2,Big 4,120235078931080641,Bags Sales - msg,0.13,65,5,onsite_conversion.messaging_conversation_started_7d,2
2025-11,120235085678190641,static 8 - Copy 2,Big 4,120235078931080641,Bags Sales - msg,2.83,1486,84,onsite_conversion.messaging_conversation_started_7d,14
2025-11,120235085678210641,static 7 - Copy 2,Big 4,120235078931080641,Bags Sales - msg,0.1,68,1,onsite_conversion.messaging_conversation_started_7d,
2025-11,120235085678200641,‎اعلان الجنطة المتوسطة + الكبيرة‎ - Copy 2,Big 4,120235078931080641,Bags Sales - msg,14.63,9984,330,onsite_conversion.messaging_conversation_started_7d,66
2025-11,120235085678110641,‎اعلان الجنطة الكبيرة‎ - Copy 2,Big 4,120235078931080641,Bags Sales - msg,0.11,92,2,onsite_conversion.messaging_conversation_started_7d,
2025-11,120235085678100641,‎اعلان الجنطة الصغيرة‎ - Copy 2,Big 4,120235078931080641,Bags Sales - msg,0.05,52,0,onsite_conversion.messaging_conversation_started_7d,
2025-11,120235085678120641,‎اعلان الجنطة العام‎ - Copy 2,Big 4,120235078931080641,Bags Sales - msg,0.18,107,1,onsite_conversion.messaging_conversation_started_7d,
2025-11,120235085678160641,static 4 - Copy 2,Big 4,120235078931080641,Bags Sales - msg,0.28,165,5,onsite_conversion.messaging_conversation_started_7d,
2025-11,120235085678170641,static 3 - Copy 2,Big 4,120235078931080641,Bags Sales - msg,0.18,92,2,onsite_conversion.messaging_conversation_started_7d,
2025-11,120235078747330641,‎اعلان الجنطة الصغيرة‎ - Copy,Big 4,120235078370530641,Bags Sales,0.02,31,3,onsite_conversion.purchase,
2025-11,120235078747430641,‎اعلان الجنطة الكبيرة‎ - Copy,Big 4,120235078370530641,Bags Sales,0.02,20,0,onsite_conversion.purchase,
2025-11,120235078747410641,‎اعلان الجنطة المتوسطة + الكبيرة‎ - Copy,Big 4,120235078370530641,Bags Sales,0.3,195,9,onsite_conversion.purchase,
2025-11,120235078747390641,static 3 - Copy,Big 4,120235078370530641,Bags Sales,0.01,26,3,onsite_conversion.purchase,
2025-11,120235078747440641,‎اعلان الجنطة العام‎ - Copy,Big 4,120235078370530641,Bags Sales,0.17,129,5,onsite_conversion.purchase,
2025-11,120234966947980641,arab therapy - Video 2 - qand,Broad Bag Bas Erb,120234966687040641,Arab Therapy | 2025.11.16 | $20,3.1,1428,87,offsite_conversion.fb_pixel_purchase,
2025-11,120234967110140641,arab therapy - static 2,Broad Bag Bas Erb,120234966687040641,Arab Therapy | 2025.11.16 | $20,1.02,831,24,offsite_conversion.fb_pixel_purchase,
2025-11,120234967002120641,arab therapy - Video 1 - maad,Broad Bag Bas Erb,120234966687040641,Arab Therapy | 2025.11.16 | $20,61.58,30159,2340,offsite_conversion.fb_pixel_purchase,
2025-11,120234967029790641,arab therapy - static 1,Broad Bag Bas Erb,120234966687040641,Arab Therapy | 2025.11.16 | $20,7.94,4981,151,offsite_conversion.fb_pixel_purchase,
2025-11,120234967183290641,arab therapy - static 3,Broad Bag Bas Erb,120234966687040641,Arab Therapy | 2025.11.16 | $20,1.1,768,30,offsite_conversion.fb_pixel_purchase,
2025-11,120234826752360641,DMB001,Bags | جنطة السكري,120232737782800641,Bag Sales | Rozenama,99.28,39282,1199,offsite_conversion.fb_pixel_purchase,3
2025-11,120234827158210641,DMB002,Bags | جنطة السكري,120232737782800641,Bag Sales | Rozenama,13.45,4710,155,offsite_conversion.fb_pixel_purchase,
2025-11,120234256568030641,PCO008,Prostate Cancer | 25.11.5 | $15,120232492438500641,Purchase | Andromeda | 25.10.9,1.73,2871,43,onsite_conversion.purchase,
2025-11,120234256568020641,PCO009,Prostate Cancer | 25.11.5 | $15,120232492438500641,Purchase | Andromeda | 25.10.9,4.35,8432,260,onsite_conversion.purchase,
2025-11,120234256568010641,PCO010,Prostate Cancer | 25.11.5 | $15,120232492438500641,Purchase | Andromeda | 25.10.9,8.24,10804,407,onsite_conversion.purchase,
2025-11,120234256410860641,PCO003,Prostate Cancer | 25.11.5 | $15,120232492438500641,Purchase | Andromeda | 25.10.9,0.68,2176,32,onsite_conversion.purchase,
2025-11,120234256568000641,PCO011,Prostate Cancer | 25.11.5 | $15,120232492438500641,Purchase | Andromeda | 25.10.9,76.64,246135,7228,onsite_conversion.purchase,1
2025-11,120234256410850641,PCO004,Prostate Cancer | 25.11.5 | $15,120232492438500641,Purchase | Andromeda | 25.10.9,1.17,5879,43,onsite_conversion.purchase,
2025-11,120234256410840641,PCO005,Prostate Cancer | 25.11.5 | $15,120232492438500641,Purchase | Andromeda | 25.10.9,0.68,2331,28,onsite_conversion.purchase,
2025-11,120234256410830641,PCO006,Prostate Cancer | 25.11.5 | $15,120232492438500641,Purchase | Andromeda | 25.10.9,17.41,31924,761,onsite_conversion.purchase,
2025-11,120234256410820641,PCO007,Prostate Cancer | 25.11.5 | $15,120232492438500641,Purchase | Andromeda | 25.10.9,7.94,12082,220,onsite_conversion.purchase,
2025-11,120234256309120641,PCO002,Prostate Cancer | 25.11.5 | $15,120232492438500641,Purchase | Andromeda | 25.10.9,4.76,16636,281,onsite_conversion.purchase,
2025-11,120234254815700641,PCO001,Prostate Cancer | 25.11.5 | $15,120232492438500641,Purchase | Andromeda | 25.10.9,1.2,2768,49,onsite_conversion.purchase,
2025-11,120232493344350641,Echo - Copy,Echo | 25.10.9 | $3,120232492438500641,Purchase | Andromeda | 25.10.9,71.11,101039,2849,onsite_conversion.purchase,
2025-11,120234186798460641,اعلان الجنطة الصغيرة,Bags - Copy,120232737782800641,Bag Sales | Rozenama,6.95,4131,675,offsite_conversion.fb_pixel_purchase,
2025-11,120234186798570641,اعلان الجنطة العام,Bags - Copy,120232737782800641,Bag Sales | Rozenama,30.96,18267,3062,offsite_conversion.fb_pixel_purchase,
2025-11,120234186798490641,static 4,Bags - Copy,120232737782800641,Bag Sales | Rozenama,3.65,1598,75,offsite_conversion.fb_pixel_purchase,
2025-11,120234186798580641,اعلان الجنطة الكبيرة,Bags - Copy,120232737782800641,Bag Sales | Rozenama,2.7,1228,161,offsite_conversion.fb_pixel_purchase,
2025-11,120234186798560641,static 2,Bags - Copy,120232737782800641,Bag Sales | Rozenama,1.85,585,14,offsite_conversion.fb_pixel_purchase,
2025-11,120234186798520641,static 3,Bags - Copy,120232737782800641,Bag Sales | Rozenama,2.65,998,19,offsite_conversion.fb_pixel_purchase,
2025-11,120234186798470641,static 8,Bags - Copy,120232737782800641,Bag Sales | Rozenama,10.48,5093,103,offsite_conversion.fb_pixel_purchase,
2025-11,120234186798550641,اعلان الجنطة المتوسطة + الكبيرة,Bags - Copy,120232737782800641,Bag Sales | Rozenama,306.51,167394,15150,offsite_conversion.fb_pixel_purchase,7
2025-11,120234186798500641,static 6,Bags - Copy,120232737782800641,Bag Sales | Rozenama,4.59,1504,32,offsite_conversion.fb_pixel_purchase,
2025-11,120234186798480641,static 5,Bags - Copy,120232737782800641,Bag Sales | Rozenama,4.97,1809,32,offsite_conversion.fb_pixel_purchase,
2025-11,120234186798530641,static 1,Bags - Copy,120232737782800641,Bag Sales | Rozenama,5.1,1873,52,offsite_conversion.fb_pixel_purchase,
2025-11,120234186798540641,static 7,Bags - Copy,120232737782800641,Bag Sales | Rozenama,2.67,1007,21,offsite_conversion.fb_pixel_purchase,
2025-11,120232739412300641,static 5,Bags,120232737782800641,Bag Sales | Rozenama,2.51,1005,68,offsite_conversion.fb_pixel_purchase,
2025-11,120232739544010641,static 8,Bags,120232737782800641,Bag Sales | Rozenama,9.52,5918,236,offsite_conversion.fb_pixel_purchase,
2025-11,120232739544000641,static 7,Bags,120232737782800641,Bag Sales | Rozenama,1.19,600,40,offsite_conversion.fb_pixel_purchase,
2025-11,120232739543990641,static 6,Bags,120232737782800641,Bag Sales | Rozenama,0.14,64,2,offsite_conversion.fb_pixel_purchase,
2025-11,120232739412280641,static 3,Bags,120232737782800641,Bag Sales | Rozenama,0.27,92,1,offsite_conversion.fb_pixel_purchase,
2025-11,120232739316110641,اعلان الجنطة العام,Bags,120232737782800641,Bag Sales | Rozenama,2.86,1649,211,offsite_conversion.fb_pixel_purchase,
2025-11,120232739316100641,اعلان الجنطة الكبيرة,Bags,120232737782800641,Bag Sales | Rozenama,6.5,4661,1021,offsite_conversion.fb_pixel_purchase,
2025-11,120232739316090641,اعلان الجنطة المتوسطة + الكبيرة,Bags,120232737782800641,Bag Sales | Rozenama,73.99,37321,2748,offsite_conversion.fb_pixel_purchase,
2025-11,120232739412290641,static 4,Bags,120232737782800641,Bag Sales | Rozenama,0.36,140,5,offsite_conversion.fb_pixel_purchase,
2025-11,120232739412270641,static 2,Bags,120232737782800641,Bag Sales | Rozenama,2.12,1307,100,offsite_conversion.fb_pixel_purchase,
2025-11,120232739344390641,static 1,Bags,120232737782800641,Bag Sales | Rozenama,0.12,90,3,offsite_conversion.fb_pixel_purchase,
2025-11,120232737782810641,اعلان الجنطة الصغيرة,Bags,120232737782800641,Bag Sales | Rozenama,0.11,59,9,offsite_conversion.fb_pixel_purchase,
2025-11,120232492994060641,Nursing - Feedback 3 - 25Aug3 - Copy,Nursing | 25.10.9 | $50,120232492438500641,Purchase | Andromeda | 25.10.9,5.11,4068,102,onsite_conversion.purchase,
2025-11,120234968112620641,LT002,Lab Test | 25.10.9 | $31.25,120232492438500641,Purchase | Andromeda | 25.10.9,2.25,1216,20,onsite_conversion.purchase,
2025-11,120232492589110641,Dr Visit - UGC - 25Aug3 - Copy 2,Dr Visit | 25.10.9 | $56.25,120232492438500641,Purchase | Andromeda | 25.10.9,120.81,47138,2098,onsite_conversion.purchase,4
2025-11,120232493423230641,🌟Physio - Numbers - 25Aug3 - Copy,Physiotherapy | 25.10.9 | $56.25,120232492438500641,Purchase | Andromeda | 25.10.9,46.01,24582,489,onsite_conversion.purchase,3
2025-11,120232493423190641,🌟Physiotherapy Jul - Design 4 - Copy,Physiotherapy | 25.10.9 | $56.25,120232492438500641,Purchase | Andromeda | 25.10.9,22.06,36249,660,onsite_conversion.purchase,
2025-11,120232493423170641,🌟physio may 1 - H3 - price - Copy 3,Physiotherapy | 25.10.9 | $56.25,120232492438500641,Purchase | Andromeda | 25.10.9,15.24,21018,726,onsite_conversion.purchase,
2025-11,120232493423180641,🌟Physio - Talking Head - 25Aug3 - Copy,Physiotherapy | 25.10.9 | $56.25,120232492438500641,Purchase | Andromeda | 25.10.9,414.92,355346,7956,onsite_conversion.purchase,13
2025-11,120235145657530641,PT005,Physiotherapy | 25.10.9 | $56.25,120232492438500641,Purchase | Andromeda | 25.10.9,1.52,515,20,onsite_conversion.purchase,
2025-11,120235145657480641,PT013,Physiotherapy | 25.10.9 | $56.25,120232492438500641,Purchase | Andromeda | 25.10.9,0.7,518,8,onsite_conversion.purchase,
2025-11,120232492994020641,Nursing - Repackaged - 25Aug3 - Copy 2,Nursing | 25.10.9 | $50,120232492438500641,Purchase | Andromeda | 25.10.9,8.21,7935,111,onsite_conversion.purchase,
2025-11,120232492589160641,Dr Visit Design Sep 6 - 1 - Copy 2,Dr Visit | 25.10.9 | $56.25,120232492438500641,Purchase | Andromeda | 25.10.9,1138.84,1268257,22158,onsite_conversion.purchase,43
2025-11,120235145657460641,PT011,Physiotherapy | 25.10.9 | $56.25,120232492438500641,Purchase | Andromeda | 25.10.9,4.34,2558,40,onsite_conversion.purchase,
2025-11,120232493423210641,Physiotherapy Jul - Design 2 - Copy,Physiotherapy | 25.10.9 | $56.25,120232492438500641,Purchase | Andromeda | 25.10.9,4.4,4244,160,onsite_conversion.purchase,1
2025-11,120234968250750641,LT005,Lab Test | 25.10.9 | $31.25,120232492438500641,Purchase | Andromeda | 25.10.9,1.04,204,7,onsite_conversion.purchase,
2025-11,120223810610040641,UGC 1 - Actially,UGC 1 | $6,120222834173730641,Profile Traffic Campaign (Followers) | $12 | May 7,100.3,163912,4528,total_profile_visits,4173
2025-11,120234968165610641,LT012,Lab Test | 25.10.9 | $31.25,120232492438500641,Purchase | Andromeda | 25.10.9,1.74,755,11,onsite_conversion.purchase,
2025-11,120232492589220641,Babies DrVisit - H2 - Copy 2,Dr Visit | 25.10.9 | $56.25,120232492438500641,Purchase | Andromeda | 25.10.9,6.48,4686,70,onsite_conversion.purchase,
2025-11,120232492589200641,Dr Visit talking head - Copy 2,Dr Visit | 25.10.9 | $56.25,120232492438500641,Purchase | Andromeda | 25.10.9,663.33,577371,16838,onsite_conversion.purchase,20
2025-11,120232492994090641,Nursing - Talking Head - 25Aug3 - Copy,Nursing | 25.10.9 | $50,120232492438500641,Purchase | Andromeda | 25.10.9,106.92,86447,1652,onsite_conversion.purchase,
2025-11,120232492994100641,Nursing - Aug - Cutdown 1 - Price - Copy,Nursing | 25.10.9 | $50,120232492438500641,Purchase | Andromeda | 25.10.9,10.31,7505,353,onsite_conversion.purchase,
2025-11,120232492994070641,Nursing - Feedback 2 - 25Aug3 - Copy,Nursing | 25.10.9 | $50,120232492438500641,Purchase | Andromeda | 25.10.9,101.29,107894,5256,onsite_conversion.purchase,
2025-11,120232492589250641,Dr Visit - Feedback 1 - 25Aug3 - Copy 2,Dr Visit | 25.10.9 | $56.25,120232492438500641,Purchase | Andromeda | 25.10.9,15.26,11012,451,onsite_conversion.purchase,
2025-11,120232492589190641,Babies DrVisit - H1 - Copy 2,Dr Visit | 25.10.9 | $56.25,120232492438500641,Purchase | Andromeda | 25.10.9,184.36,258013,9478,onsite_conversion.purchase,
2025-11,120232492994000641,Nursing May 1 - H1 - Price - Copy,Nursing | 25.10.9 | $50,120232492438500641,Purchase | Andromeda | 25.10.9,48.23,41000,1457,onsite_conversion.purchase,
2025-11,120234968165600641,LT007,Lab Test | 25.10.9 | $31.25,120232492438500641,Purchase | Andromeda | 25.10.9,0.91,319,13,onsite_conversion.purchase,
2025-11,120232493423160641,Mega Physio Aug18 - H5 - Copy,Physiotherapy | 25.10.9 | $56.25,120232492438500641,Purchase | Andromeda | 25.10.9,389.73,358171,7321,onsite_conversion.purchase,14
2025-11,120234968165620641,LT011,Lab Test | 25.10.9 | $31.25,120232492438500641,Purchase | Andromeda | 25.10.9,1.87,927,14,onsite_conversion.purchase,
2025-11,120233919889540641,PT014,Physiotherapy | 25.10.9 | $56.25,120232492438500641,Purchase | Andromeda | 25.10.9,103.58,127334,3457,onsite_conversion.purchase,1
2025-11,120232493423220641,Physio - Feedback 3 - 25Aug3 - Copy,Physiotherapy | 25.10.9 | $56.25,120232492438500641,Purchase | Andromeda | 25.10.9,151.39,114413,3515,onsite_conversion.purchase,6
2025-11,120234968250780641,LT009,Lab Test | 25.10.9 | $31.25,120232492438500641,Purchase | Andromeda | 25.10.9,0.22,120,3,onsite_conversion.purchase,
2025-11,120232493423200641,Physio - Feedback 1 - 25Aug3 - Copy,Physiotherapy | 25.10.9 | $56.25,120232492438500641,Purchase | Andromeda | 25.10.9,21.57,23311,854,onsite_conversion.purchase,3
2025-11,120232492589150641,Dr Visit - Feedback 3 - 25Aug3 - Copy 2,Dr Visit | 25.10.9 | $56.25,120232492438500641,Purchase | Andromeda | 25.10.9,22.85,11772,308,onsite_conversion.purchase,
2025-11,120232493372810641,Lab Test - 25jul - post 1 - Copy,Lab Test | 25.10.9 | $31.25,120232492438500641,Purchase | Andromeda | 25.10.9,22.33,14050,304,onsite_conversion.purchase,1
2025-11,120232492994030641,Nursing - Direct 1 (Human Hook) - 25Aug3 - Copy,Nursing | 25.10.9 | $50,120232492438500641,Purchase | Andromeda | 25.10.9,8.84,11281,308,onsite_conversion.purchase,
2025-11,120235147304480641,US019,US + Doppler | 25.10.9 | $28,120232492438500641,Purchase | Andromeda | 25.10.9,62.06,38491,758,onsite_conversion.purchase,
2025-11,120232493372820641,lab test apr 1 - Copy,Lab Test | 25.10.9 | $31.25,120232492438500641,Purchase | Andromeda | 25.10.9,703.97,514684,7891,onsite_conversion.purchase,20
2025-11,120232492994110641,Nursing Design Sep 6 - 4 - Copy,Nursing | 25.10.9 | $50,120232492438500641,Purchase | Andromeda | 25.10.9,3.65,2858,62,onsite_conversion.purchase,
2025-11,120235145657510641,PT002,Physiotherapy | 25.10.9 | $56.25,120232492438500641,Purchase | Andromeda | 25.10.9,0.82,203,7,onsite_conversion.purchase,
2025-11,120234968250740641,LT004,Lab Test | 25.10.9 | $31.25,120232492438500641,Purchase | Andromeda | 25.10.9,0.81,120,6,onsite_conversion.purchase,
2025-11,120232492993990641,Nursing May 1 - H5 - Price - Copy,Nursing | 25.10.9 | $50,120232492438500641,Purchase | Andromeda | 25.10.9,13.98,12117,660,onsite_conversion.purchase,
2025-11,120232492589130641,Dr Visit - Number of visits - 25Aug3 - Copy 2,Dr Visit | 25.10.9 | $56.25,120232492438500641,Purchase | Andromeda | 25.10.9,7.62,8702,117,onsite_conversion.purchase,
2025-11,120232492994080641,Nursing - Numbers - 25Aug3 - Copy,Nursing | 25.10.9 | $50,120232492438500641,Purchase | Andromeda | 25.10.9,402.06,452236,9685,onsite_conversion.purchase,12
2025-11,120233714239640641,US003,US + Doppler | 25.10.9 | $28,120232492438500641,Purchase | Andromeda | 25.10.9,33.62,62949,14952,onsite_conversion.purchase,
2025-11,120235147304420641,US013,US + Doppler | 25.10.9 | $28,120232492438500641,Purchase | Andromeda | 25.10.9,0.95,632,22,onsite_conversion.purchase,
2025-11,120235145657420641,PT004,Physiotherapy | 25.10.9 | $56.25,120232492438500641,Purchase | Andromeda | 25.10.9,0.05,27,1,onsite_conversion.purchase,
2025-11,120232493423250641,short Ad - Physio - Copy,Physiotherapy | 25.10.9 | $56.25,120232492438500641,Purchase | Andromeda | 25.10.9,1093.9,1562865,20043,onsite_conversion.purchase,36
2025-11,120235147619900641,US022,US + Doppler | 25.10.9 | $28,120232492438500641,Purchase | Andromeda | 25.10.9,1.96,1470,32,onsite_conversion.purchase,
2025-11,120234968250790641,LT010,Lab Test | 25.10.9 | $31.25,120232492438500641,Purchase | Andromeda | 25.10.9,0.27,102,4,onsite_conversion.purchase,
2025-11,120232492589120641,Dr Visit Design Sep 6 - 5 - Copy 2,Dr Visit | 25.10.9 | $56.25,120232492438500641,Purchase | Andromeda | 25.10.9,66.89,56098,1598,onsite_conversion.purchase,2
2025-11,120233300292020641,DRV008,Dr Visit | 25.10.9 | $56.25,120232492438500641,Purchase | Andromeda | 25.10.9,1.69,1175,25,onsite_conversion.purchase,
2025-11,120235145657470641,PT012,Physiotherapy | 25.10.9 | $56.25,120232492438500641,Purchase | Andromeda | 25.10.9,0.2,148,3,onsite_conversion.purchase,
2025-11,120233711787720641,DRV005 - Try 2,Dr Visit | 25.10.9 | $56.25,120232492438500641,Purchase | Andromeda | 25.10.9,19.86,11325,164,onsite_conversion.purchase,1
2025-11,120233711853360641,DRV006 - Try 2,Dr Visit | 25.10.9 | $56.25,120232492438500641,Purchase | Andromeda | 25.10.9,14.88,15962,286,onsite_conversion.purchase,1
2025-11,120235145657430641,PT006,Physiotherapy | 25.10.9 | $56.25,120232492438500641,Purchase | Andromeda | 25.10.9,0.37,130,2,onsite_conversion.purchase,
2025-11,120234968189680641,LT001,Lab Test | 25.10.9 | $31.25,120232492438500641,Purchase | Andromeda | 25.10.9,1.53,235,9,onsite_conversion.purchase,
2025-11,120235145657440641,PT008,Physiotherapy | 25.10.9 | $56.25,120232492438500641,Purchase | Andromeda | 25.10.9,0.49,174,13,onsite_conversion.purchase,
2025-11,120235145657540641,PT007,Physiotherapy | 25.10.9 | $56.25,120232492438500641,Purchase | Andromeda | 25.10.9,0.43,110,7,onsite_conversion.purchase,
2025-11,120232493504220641,us jul - Copy,US + Doppler | 25.10.9 | $28,120232492438500641,Purchase | Andromeda | 25.10.9,3.38,3149,144,onsite_conversion.purchase,
2025-11,120232492589230641,Dr Visit - Carousell  - 25Aug3 - Copy 2,Dr Visit | 25.10.9 | $56.25,120232492438500641,Purchase | Andromeda | 25.10.9,7.73,6761,136,onsite_conversion.purchase,
2025-11,120235145657550641,PT009,Physiotherapy | 25.10.9 | $56.25,120232492438500641,Purchase | Andromeda | 25.10.9,0.23,143,8,onsite_conversion.purchase,
2025-11,120232493372790641,Lab Test - 25jul - post 3 - Copy,Lab Test | 25.10.9 | $31.25,120232492438500641,Purchase | Andromeda | 25.10.9,0.58,266,7,onsite_conversion.purchase,
2025-11,120233715267220641,Physio - Repackaged - 25Aug3 - Try 2,Physiotherapy | 25.10.9 | $56.25,120232492438500641,Purchase | Andromeda | 25.10.9,0.73,1026,29,onsite_conversion.purchase,
2025-11,120235145657520641,PT003,Physiotherapy | 25.10.9 | $56.25,120232492438500641,Purchase | Andromeda | 25.10.9,0.09,111,4,onsite_conversion.purchase,
2025-11,120233713340330641,DRV016,Dr Visit | 25.10.9 | $56.25,120232492438500641,Purchase | Andromeda | 25.10.9,0.7,1047,13,onsite_conversion.purchase,
2025-11,120234968250770641,LT008,Lab Test | 25.10.9 | $31.25,120232492438500641,Purchase | Andromeda | 25.10.9,0.25,63,1,onsite_conversion.purchase,
2025-11,120232492993980641,Nursing - Aug - Cutdown 2 - Price - Copy,Nursing | 25.10.9 | $50,120232492438500641,Purchase | Andromeda | 25.10.9,1025.03,787265,26781,onsite_conversion.purchase,36
2025-11,120234968250760641,LT006,Lab Test | 25.10.9 | $31.25,120232492438500641,Purchase | Andromeda | 25.10.9,1.31,179,7,onsite_conversion.purchase,1
2025-11,120232492994010641,Nursing Design Sep 6 - 5 - Copy,Nursing | 25.10.9 | $50,120232492438500641,Purchase | Andromeda | 25.10.9,4.98,8003,170,onsite_conversion.purchase,
2025-11,120232492993970641,Nursing - Feedback 1 - 25Aug3 - Copy,Nursing | 25.10.9 | $50,120232492438500641,Purchase | Andromeda | 25.10.9,13.19,11609,302,onsite_conversion.purchase,
2025-11,120233965026740641,OLC006,Online Consultation | 25.10.31 | $15,120232492438500641,Purchase | Andromeda | 25.10.9,10.27,20828,3605,onsite_conversion.purchase,
2025-12,120235145657500641,🌟PT001,Physiotherapy | 25.10.9 | $56.25,120232492438500641,Purchase | Andromeda | 25.10.9,1.95,558,21,onsite_conversion.purchase,
2025-12,120236657923680641,Dr Visit,Baghdad 22-58 Android,120236657895780641,Android App Installs,11.62,25170,884,mobile_app_install,
2025-12,120236657918600641,Physio,Baghdad 22-58 Android,120236657895780641,Android App Installs,6.17,14337,405,mobile_app_install,
2025-12,120236657888690641,nursing,Baghdad 22-58 iOS,120236657763920641,iOS App Installs,35.81,99905,3382,mobile_app_install,
2025-12,120236657914270641,Nursing,Baghdad 22-58 Android,120236657895780641,Android App Installs,29.64,86626,1165,mobile_app_install,
2025-12,120236657885870641,physio,Baghdad 22-58 iOS,120236657763920641,iOS App Installs,1.2,1711,23,mobile_app_install,
2025-12,120236657763940641,Dr Visit,Baghdad 22-58 iOS,120236657763920641,iOS App Installs,10.36,10157,84,mobile_app_install,
2025-12,120233714239650641,US006,US + Doppler | 25.10.9 | $28,120232492438500641,Purchase | Andromeda | 25.10.9,2.28,980,31,onsite_conversion.purchase,
2025-12,120235147304470641,US018,US + Doppler | 25.10.9 | $28,120232492438500641,Purchase | Andromeda | 25.10.9,1.32,733,18,onsite_conversion.purchase,
2025-12,120235147304430641,US014,US + Doppler | 25.10.9 | $28,120232492438500641,Purchase | Andromeda | 25.10.9,3.06,1285,29,onsite_conversion.purchase,
2025-12,120222834173700641,AirBag Nursing - Vertical - Copy,AirBag Videos. | $12,120222834173730641,Profile Traffic Campaign (Followers) | $12 | May 7,8.83,25894,406,total_profile_visits,390
2025-12,120222834173710641,AirBag Physiotherapy - Vertical - Copy,AirBag Videos. | $12,120222834173730641,Profile Traffic Campaign (Followers) | $12 | May 7,137.23,164338,5846,total_profile_visits,5696
2025-12,120235214667350641,Dr UGC,UGC 1 | $6,120222834173730641,Profile Traffic Campaign (Followers) | $12 | May 7,37.76,93707,1644,total_profile_visits,1550
2025-12,120233713340340641,DRV017,Dr Visit | 25.10.9 | $56.25,120232492438500641,Purchase | Andromeda | 25.10.9,14.12,5873,130,onsite_conversion.purchase,
2025-12,120235213755500641,لا تخلي الانترنت يشخص حالتك,UGC 1 | $6,120222834173730641,Profile Traffic Campaign (Followers) | $12 | May 7,116.94,249709,4497,total_profile_visits,4426
2025-12,120233714239630641,US002,US + Doppler | 25.10.9 | $28,120232492438500641,Purchase | Andromeda | 25.10.9,166.42,77850,1698,onsite_conversion.purchase,3
2025-12,120235147406880641,US007,US + Doppler | 25.10.9 | $28,120232492438500641,Purchase | Andromeda | 25.10.9,2.61,1042,58,onsite_conversion.purchase,
2025-12,120235147304410641,US012,US + Doppler | 25.10.9 | $28,120232492438500641,Purchase | Andromeda | 25.10.9,36.06,16538,279,onsite_conversion.purchase,
2025-12,120232493372800641,Lab Test - 25Jul2 - General - H2 - Copy,Lab Test | 25.10.9 | $31.25,120232492438500641,Purchase | Andromeda | 25.10.9,168.93,57928,1393,onsite_conversion.purchase,10
2025-12,120235147304390641,US021,US + Doppler | 25.10.9 | $28,120232492438500641,Purchase | Andromeda | 25.10.9,1.06,488,12,onsite_conversion.purchase,
2025-12,120235147304440641,US015,US + Doppler | 25.10.9 | $28,120232492438500641,Purchase | Andromeda | 25.10.9,1.69,821,18,onsite_conversion.purchase,
2025-12,120235147406870641,US005,US + Doppler | 25.10.9 | $28,120232492438500641,Purchase | Andromeda | 25.10.9,0.64,410,16,onsite_conversion.purchase,
2025-12,120222834173720641,AirBag Dr Visit - Vertical - Copy,AirBag Videos. | $12,120222834173730641,Profile Traffic Campaign (Followers) | $12 | May 7,8.8,20373,365,total_profile_visits,336
2025-12,120236430766070641,NS010,Nursing | 25.10.9 | $50,120232492438500641,Purchase | Andromeda | 25.10.9,43.57,16151,290,onsite_conversion.purchase,5
2025-12,120232492589210641,Dr Visit - Ibraheem Reel - Copy 2,Dr Visit | 25.10.9 | $56.25,120232492438500641,Purchase | Andromeda | 25.10.9,25.83,5302,482,onsite_conversion.purchase,
2025-12,120236429187020641,NS006,Nursing | 25.10.9 | $50,120232492438500641,Purchase | Andromeda | 25.10.9,57.47,23914,369,onsite_conversion.purchase,1
2025-12,120235147406860641,US004,US + Doppler | 25.10.9 | $28,120232492438500641,Purchase | Andromeda | 25.10.9,3.96,1874,62,onsite_conversion.purchase,
2025-12,120233714239660641,US008,US + Doppler | 25.10.9 | $28,120232492438500641,Purchase | Andromeda | 25.10.9,3.51,1677,32,onsite_conversion.purchase,
2025-12,120232493504230641,Doppler - 23Sep13 H2 - Copy,US + Doppler | 25.10.9 | $28,120232492438500641,Purchase | Andromeda | 25.10.9,246.52,93945,2638,onsite_conversion.purchase,2
2025-12,120235147304460641,US017,US + Doppler | 25.10.9 | $28,120232492438500641,Purchase | Andromeda | 25.10.9,4.68,1677,29,onsite_conversion.purchase,
2025-12,120233712830340641,DRV015,Dr Visit | 25.10.9 | $56.25,120232492438500641,Purchase | Andromeda | 25.10.9,14.44,6737,133,onsite_conversion.purchase,
2025-12,120233300273200641,DRV004,Dr Visit | 25.10.9 | $56.25,120232492438500641,Purchase | Andromeda | 25.10.9,11.35,7009,97,onsite_conversion.purchase,1
2025-12,120232493423270641,physio may 1 - H5 v2 - price - Copy 3,Physiotherapy | 25.10.9 | $56.25,120232492438500641,Purchase | Andromeda | 25.10.9,50.23,28619,409,onsite_conversion.purchase,5
2025-12,120232492994050641,Nursing Design Sep 6 - 2 - Copy,Nursing | 25.10.9 | $50,120232492438500641,Purchase | Andromeda | 25.10.9,23.45,9687,148,onsite_conversion.purchase,1
2025-12,120235147304500641,US010,US + Doppler | 25.10.9 | $28,120232492438500641,Purchase | Andromeda | 25.10.9,0.84,329,16,onsite_conversion.purchase,
2025-12,120235147304490641,US020,US + Doppler | 25.10.9 | $28,120232492438500641,Purchase | Andromeda | 25.10.9,1.61,821,20,onsite_conversion.purchase,
2025-12,120233714239620641,US001,US + Doppler | 25.10.9 | $28,120232492438500641,Purchase | Andromeda | 25.10.9,2.03,1033,15,onsite_conversion.purchase,
2025-12,120232492994040641,Nursing Design Sep 6 - 3 - Copy,Nursing | 25.10.9 | $50,120232492438500641,Purchase | Andromeda | 25.10.9,119.33,37155,611,onsite_conversion.purchase,4
2025-12,120233714239670641,US009,US + Doppler | 25.10.9 | $28,120232492438500641,Purchase | Andromeda | 25.10.9,12.51,5511,121,onsite_conversion.purchase,
2025-12,120234968237730641,LT003,Lab Test | 25.10.9 | $31.25,120232492438500641,Purchase | Andromeda | 25.10.9,4.82,1132,31,onsite_conversion.purchase,1
2025-12,120235147304400641,US011,US + Doppler | 25.10.9 | $28,120232492438500641,Purchase | Andromeda | 25.10.9,0.43,223,9,onsite_conversion.purchase,
2025-12,120232493504240641,us april 2 - Copy,US + Doppler | 25.10.9 | $28,120232492438500641,Purchase | Andromeda | 25.10.9,224.84,118441,2821,onsite_conversion.purchase,4
2025-12,120235147304450641,US016,US + Doppler | 25.10.9 | $28,120232492438500641,Purchase | Andromeda | 25.10.9,2,842,17,onsite_conversion.purchase,
2025-12,120236848053170641,GA016 - static,General | 25.12.16  | $30,120232492438500641,Purchase | Andromeda | 25.10.9,46.79,27717,461,onsite_conversion.purchase,
2025-12,120236848152480641,GA018 - static,General | 25.12.16  | $30,120232492438500641,Purchase | Andromeda | 25.10.9,11.63,6779,171,onsite_conversion.purchase,
2025-12,120236847534720641,GA012 - video,General | 25.12.16  | $30,120232492438500641,Purchase | Andromeda | 25.10.9,38.69,18423,2417,onsite_conversion.purchase,
2025-12,120236848133620641,GA017 - static,General | 25.12.16  | $30,120232492438500641,Purchase | Andromeda | 25.10.9,17.57,11753,238,onsite_conversion.purchase,
2025-12,120233965026750641,OLC002,Online Consultation | 25.10.31 | $15,120232492438500641,Purchase | Andromeda | 25.10.9,1,425,15,onsite_conversion.purchase,
2025-12,120233965026720641,OLC004,Online Consultation | 25.10.31 | $15,120232492438500641,Purchase | Andromeda | 25.10.9,6.23,2935,73,onsite_conversion.purchase,
2025-12,120233965026730641,OLC005,Online Consultation | 25.10.31 | $15,120232492438500641,Purchase | Andromeda | 25.10.9,1.65,849,18,onsite_conversion.purchase,
2025-12,120233965331700641,OLC010,Online Consultation | 25.10.31 | $15,120232492438500641,Purchase | Andromeda | 25.10.9,1.48,655,16,onsite_conversion.purchase,
2025-12,120233964538810641,OLC001,Online Consultation | 25.10.31 | $15,120232492438500641,Purchase | Andromeda | 25.10.9,285.85,121784,2152,onsite_conversion.purchase,2
2025-12,120233965026760641,OLC003,Online Consultation | 25.10.31 | $15,120232492438500641,Purchase | Andromeda | 25.10.9,2.61,1260,34,onsite_conversion.purchase,
2025-12,120236362595790641,BO007,Bags - Businesses,120232737782800641,Bag Sales | Rozenama,0.7,269,26,offsite_conversion.fb_pixel_purchase,
2025-12,120236362570010641,BO005,Bags - Businesses,120232737782800641,Bag Sales | Rozenama,1.08,605,30,offsite_conversion.fb_pixel_purchase,
2025-12,120236362551340641,BO004,Bags - Businesses,120232737782800641,Bag Sales | Rozenama,0.31,199,23,offsite_conversion.fb_pixel_purchase,
2025-12,120236362504900641,BO002,Bags - Businesses,120232737782800641,Bag Sales | Rozenama,24.12,11024,322,offsite_conversion.fb_pixel_purchase,
2025-12,120236362522870641,BO003,Bags - Businesses,120232737782800641,Bag Sales | Rozenama,61.68,31973,796,offsite_conversion.fb_pixel_purchase,2
2025-12,120236362623550641,BO010,Bags - Businesses,120232737782800641,Bag Sales | Rozenama,0.97,480,23,offsite_conversion.fb_pixel_purchase,
2025-12,120236362585460641,BO006,Bags - Businesses,120232737782800641,Bag Sales | Rozenama,17.29,6695,218,offsite_conversion.fb_pixel_purchase,
2025-12,120236362613340641,BO009,Bags - Businesses,120232737782800641,Bag Sales | Rozenama,2.82,1198,88,offsite_conversion.fb_pixel_purchase,
2025-12,120236362178320641,BO001,Bags - Businesses,120232737782800641,Bag Sales | Rozenama,0.29,221,6,offsite_conversion.fb_pixel_purchase,
2025-12,120236362601500641,BO008,Bags - Businesses,120232737782800641,Bag Sales | Rozenama,0.95,439,11,offsite_conversion.fb_pixel_purchase,
2025-12,120232739412300641,static 5,Bags,120232737782800641,Bag Sales | Rozenama,0.23,46,1,offsite_conversion.fb_pixel_purchase,
2025-12,120232739544010641,static 8,Bags,120232737782800641,Bag Sales | Rozenama,0.5,199,4,offsite_conversion.fb_pixel_purchase,
2025-12,120232739544000641,static 7,Bags,120232737782800641,Bag Sales | Rozenama,0.14,31,0,offsite_conversion.fb_pixel_purchase,
2025-12,120232739543990641,static 6,Bags,120232737782800641,Bag Sales | Rozenama,0.1,24,2,offsite_conversion.fb_pixel_purchase,
2025-12,120232739412280641,static 3,Bags,120232737782800641,Bag Sales | Rozenama,0.03,10,0,offsite_conversion.fb_pixel_purchase,
2025-12,120232739316110641,اعلان الجنطة العام,Bags,120232737782800641,Bag Sales | Rozenama,0.09,48,0,offsite_conversion.fb_pixel_purchase,
2025-12,120232739316100641,اعلان الجنطة الكبيرة,Bags,120232737782800641,Bag Sales | Rozenama,0.69,282,4,offsite_conversion.fb_pixel_purchase,
2025-12,120232739316090641,اعلان الجنطة المتوسطة + الكبيرة,Bags,120232737782800641,Bag Sales | Rozenama,62.3,20563,480,offsite_conversion.fb_pixel_purchase,2
2025-12,120232739412290641,static 4,Bags,120232737782800641,Bag Sales | Rozenama,0.3,73,1,offsite_conversion.fb_pixel_purchase,
2025-12,120232739412270641,static 2,Bags,120232737782800641,Bag Sales | Rozenama,0.15,51,3,offsite_conversion.fb_pixel_purchase,
2025-12,120232739344390641,static 1,Bags,120232737782800641,Bag Sales | Rozenama,0.08,13,0,offsite_conversion.fb_pixel_purchase,
2025-12,120232737782810641,اعلان الجنطة الصغيرة,Bags,120232737782800641,Bag Sales | Rozenama,0.04,23,0,offsite_conversion.fb_pixel_purchase,
2025-12,120232492994060641,Nursing - Feedback 3 - 25Aug3 - Copy,Nursing | 25.10.9 | $50,120232492438500641,Purchase | Andromeda | 25.10.9,195.18,104528,5568,onsite_conversion.purchase,2
2025-12,120234968112620641,LT002,Lab Test | 25.10.9 | $31.25,120232492438500641,Purchase | Andromeda | 25.10.9,10.68,4877,74,onsite_conversion.purchase,2
2025-12,120232492589110641,Dr Visit - UGC - 25Aug3 - Copy 2,Dr Visit | 25.10.9 | $56.25,120232492438500641,Purchase | Andromeda | 25.10.9,271.54,73720,2735,onsite_conversion.purchase,13
2025-12,120232493423230641,🌟Physio - Numbers - 25Aug3 - Copy,Physiotherapy | 25.10.9 | $56.25,120232492438500641,Purchase | Andromeda | 25.10.9,166.75,68563,1731,onsite_conversion.purchase,3
2025-12,120232493423190641,🌟Physiotherapy Jul - Design 4 - Copy,Physiotherapy | 25.10.9 | $56.25,120232492438500641,Purchase | Andromeda | 25.10.9,9.05,3846,77,onsite_conversion.purchase,
2025-12,120232493423170641,🌟physio may 1 - H3 - price - Copy 3,Physiotherapy | 25.10.9 | $56.25,120232492438500641,Purchase | Andromeda | 25.10.9,35.45,15789,510,onsite_conversion.purchase,3
2025-12,120232493423180641,🌟Physio - Talking Head - 25Aug3 - Copy,Physiotherapy | 25.10.9 | $56.25,120232492438500641,Purchase | Andromeda | 25.10.9,527.66,240008,5693,onsite_conversion.purchase,19
2025-12,120235145657530641,PT005,Physiotherapy | 25.10.9 | $56.25,120232492438500641,Purchase | Andromeda | 25.10.9,10.71,3620,91,onsite_conversion.purchase,1
2025-12,120235145657480641,PT013,Physiotherapy | 25.10.9 | $56.25,120232492438500641,Purchase | Andromeda | 25.10.9,0.74,500,15,onsite_conversion.purchase,
2025-12,120232492994020641,Nursing - Repackaged - 25Aug3 - Copy 2,Nursing | 25.10.9 | $50,120232492438500641,Purchase | Andromeda | 25.10.9,20.67,8185,123,onsite_conversion.purchase,
2025-12,120236429038150641,NS004,Nursing | 25.10.9 | $50,120232492438500641,Purchase | Andromeda | 25.10.9,15.89,7560,134,onsite_conversion.purchase,
2025-12,120232492589160641,Dr Visit Design Sep 6 - 1 - Copy 2,Dr Visit | 25.10.9 | $56.25,120232492438500641,Purchase | Andromeda | 25.10.9,1440,723547,12359,onsite_conversion.purchase,32
2025-12,120235145657460641,PT011,Physiotherapy | 25.10.9 | $56.25,120232492438500641,Purchase | Andromeda | 25.10.9,22.46,19292,221,onsite_conversion.purchase,2
2025-12,120232493423210641,Physiotherapy Jul - Design 2 - Copy,Physiotherapy | 25.10.9 | $56.25,120232492438500641,Purchase | Andromeda | 25.10.9,6.78,2874,119,onsite_conversion.purchase,
2025-12,120236430781770641,NS011 - video,Nursing | 25.10.9 | $50,120232492438500641,Purchase | Andromeda | 25.10.9,39.88,12678,972,onsite_conversion.purchase,
2025-12,120234968250750641,LT005,Lab Test | 25.10.9 | $31.25,120232492438500641,Purchase | Andromeda | 25.10.9,3.06,527,10,onsite_conversion.purchase,
2025-12,120234968165610641,LT012,Lab Test | 25.10.9 | $31.25,120232492438500641,Purchase | Andromeda | 25.10.9,7.97,3386,79,onsite_conversion.purchase,
2025-12,120232492589220641,Babies DrVisit - H2 - Copy 2,Dr Visit | 25.10.9 | $56.25,120232492438500641,Purchase | Andromeda | 25.10.9,133.06,52297,714,onsite_conversion.purchase,
2025-12,120232492589200641,Dr Visit talking head - Copy 2,Dr Visit | 25.10.9 | $56.25,120232492438500641,Purchase | Andromeda | 25.10.9,153.58,61363,985,onsite_conversion.purchase,1
2025-12,120232492994090641,Nursing - Talking Head - 25Aug3 - Copy,Nursing | 25.10.9 | $50,120232492438500641,Purchase | Andromeda | 25.10.9,28.58,12870,204,onsite_conversion.purchase,
2025-12,120236430879890641,NS015 - video,Nursing | 25.10.9 | $50,120232492438500641,Purchase | Andromeda | 25.10.9,87.2,37322,1116,onsite_conversion.purchase,
2025-12,120236430835150641,NS012 - video,Nursing | 25.10.9 | $50,120232492438500641,Purchase | Andromeda | 25.10.9,33.76,10476,601,onsite_conversion.purchase,1
2025-12,120236430863260641,NS013 - video,Nursing | 25.10.9 | $50,120232492438500641,Purchase | Andromeda | 25.10.9,73.52,27323,746,onsite_conversion.purchase,
2025-12,120232492994100641,Nursing - Aug - Cutdown 1 - Price - Copy,Nursing | 25.10.9 | $50,120232492438500641,Purchase | Andromeda | 25.10.9,55.94,22846,756,onsite_conversion.purchase,1
2025-12,120232492994070641,Nursing - Feedback 2 - 25Aug3 - Copy,Nursing | 25.10.9 | $50,120232492438500641,Purchase | Andromeda | 25.10.9,61.17,27800,430,onsite_conversion.purchase,
2025-12,120232492589250641,Dr Visit - Feedback 1 - 25Aug3 - Copy 2,Dr Visit | 25.10.9 | $56.25,120232492438500641,Purchase | Andromeda | 25.10.9,29.55,11087,189,onsite_conversion.purchase,
2025-12,120232492994000641,Nursing May 1 - H1 - Price - Copy,Nursing | 25.10.9 | $50,120232492438500641,Purchase | Andromeda | 25.10.9,25.36,7331,168,onsite_conversion.purchase,
2025-12,120234968165600641,LT007,Lab Test | 25.10.9 | $31.25,120232492438500641,Purchase | Andromeda | 25.10.9,1.79,631,43,onsite_conversion.purchase,
2025-12,120232493423160641,Mega Physio Aug18 - H5 - Copy,Physiotherapy | 25.10.9 | $56.25,120232492438500641,Purchase | Andromeda | 25.10.9,234.33,133126,1930,onsite_conversion.purchase,5
2025-12,120234968165620641,LT011,Lab Test | 25.10.9 | $31.25,120232492438500641,Purchase | Andromeda | 25.10.9,2.37,1132,74,onsite_conversion.purchase,
2025-12,120233919889540641,PT014,Physiotherapy | 25.10.9 | $56.25,120232492438500641,Purchase | Andromeda | 25.10.9,76.68,62559,795,onsite_conversion.purchase,1
2025-12,120232493423220641,Physio - Feedback 3 - 25Aug3 - Copy,Physiotherapy | 25.10.9 | $56.25,120232492438500641,Purchase | Andromeda | 25.10.9,26.84,14501,277,onsite_conversion.purchase,1
2025-12,120234968250780641,LT009,Lab Test | 25.10.9 | $31.25,120232492438500641,Purchase | Andromeda | 25.10.9,0.37,148,5,onsite_conversion.purchase,
2025-12,120232493423200641,Physio - Feedback 1 - 25Aug3 - Copy,Physiotherapy | 25.10.9 | $56.25,120232492438500641,Purchase | Andromeda | 25.10.9,38.77,15597,386,onsite_conversion.purchase,
2025-12,120232492589150641,Dr Visit - Feedback 3 - 25Aug3 - Copy 2,Dr Visit | 25.10.9 | $56.25,120232492438500641,Purchase | Andromeda | 25.10.9,45.61,14918,380,onsite_conversion.purchase,1
2025-12,120232493372810641,Lab Test - 25jul - post 1 - Copy,Lab Test | 25.10.9 | $31.25,120232492438500641,Purchase | Andromeda | 25.10.9,3.82,788,28,onsite_conversion.purchase,1
2025-12,120232492994030641,Nursing - Direct 1 (Human Hook) - 25Aug3 - Copy,Nursing | 25.10.9 | $50,120232492438500641,Purchase | Andromeda | 25.10.9,38.3,21057,256,onsite_conversion.purchase,2
2025-12,120236429101350641,NS005,Nursing | 25.10.9 | $50,120232492438500641,Purchase | Andromeda | 25.10.9,11.76,5754,147,onsite_conversion.purchase,
2025-12,120232493372820641,lab test apr 1 - Copy,Lab Test | 25.10.9 | $31.25,120232492438500641,Purchase | Andromeda | 25.10.9,652.98,247590,4067,onsite_conversion.purchase,18
2025-12,120236428961360641,NS003,Nursing | 25.10.9 | $50,120232492438500641,Purchase | Andromeda | 25.10.9,9.37,3839,81,onsite_conversion.purchase,
2025-12,120232492994110641,Nursing Design Sep 6 - 4 - Copy,Nursing | 25.10.9 | $50,120232492438500641,Purchase | Andromeda | 25.10.9,3.69,1671,37,onsite_conversion.purchase,1
2025-12,120235145657510641,PT002,Physiotherapy | 25.10.9 | $56.25,120232492438500641,Purchase | Andromeda | 25.10.9,3.02,1075,29,onsite_conversion.purchase,
2025-12,120234968250740641,LT004,Lab Test | 25.10.9 | $31.25,120232492438500641,Purchase | Andromeda | 25.10.9,0.85,186,11,onsite_conversion.purchase,
2025-12,120236430870090641,NS014 - video,Nursing | 25.10.9 | $50,120232492438500641,Purchase | Andromeda | 25.10.9,172.73,81672,6613,onsite_conversion.purchase,
2025-12,120232492993990641,Nursing May 1 - H5 - Price - Copy,Nursing | 25.10.9 | $50,120232492438500641,Purchase | Andromeda | 25.10.9,28.57,8654,189,onsite_conversion.purchase,1
2025-12,120232492589130641,Dr Visit - Number of visits - 25Aug3 - Copy 2,Dr Visit | 25.10.9 | $56.25,120232492438500641,Purchase | Andromeda | 25.10.9,19.55,6452,102,onsite_conversion.purchase,
2025-12,120232492994080641,Nursing - Numbers - 25Aug3 - Copy,Nursing | 25.10.9 | $50,120232492438500641,Purchase | Andromeda | 25.10.9,77.94,22513,406,onsite_conversion.purchase,5
2025-12,120235147304420641,US013,US + Doppler | 25.10.9 | $28,120232492438500641,Purchase | Andromeda | 25.10.9,2.14,1109,18,onsite_conversion.purchase,
2025-12,120235145657420641,PT004,Physiotherapy | 25.10.9 | $56.25,120232492438500641,Purchase | Andromeda | 25.10.9,0.04,66,4,onsite_conversion.purchase,
2025-12,120232493423250641,short Ad - Physio - Copy,Physiotherapy | 25.10.9 | $56.25,120232492438500641,Purchase | Andromeda | 25.10.9,1298.71,951411,10304,onsite_conversion.purchase,36
2025-12,120235147619900641,US022,US + Doppler | 25.10.9 | $28,120232492438500641,Purchase | Andromeda | 25.10.9,1.73,647,30,onsite_conversion.purchase,
2025-12,120234968250790641,LT010,Lab Test | 25.10.9 | $31.25,120232492438500641,Purchase | Andromeda | 25.10.9,1.84,476,20,onsite_conversion.purchase,
2025-12,120232492589120641,Dr Visit Design Sep 6 - 5 - Copy 2,Dr Visit | 25.10.9 | $56.25,120232492438500641,Purchase | Andromeda | 25.10.9,263.47,92985,1352,onsite_conversion.purchase,7
2025-12,120233300292020641,DRV008,Dr Visit | 25.10.9 | $56.25,120232492438500641,Purchase | Andromeda | 25.10.9,12.14,5339,84,onsite_conversion.purchase,
2025-12,120235145657470641,PT012,Physiotherapy | 25.10.9 | $56.25,120232492438500641,Purchase | Andromeda | 25.10.9,3.92,1680,76,onsite_conversion.purchase,
2025-12,120233711787720641,DRV005 - Try 2,Dr Visit | 25.10.9 | $56.25,120232492438500641,Purchase | Andromeda | 25.10.9,19.25,7007,110,onsite_conversion.purchase,1
2025-12,120233711853360641,DRV006 - Try 2,Dr Visit | 25.10.9 | $56.25,120232492438500641,Purchase | Andromeda | 25.10.9,45.6,14171,179,onsite_conversion.purchase,
2025-12,120235145657430641,PT006,Physiotherapy | 25.10.9 | $56.25,120232492438500641,Purchase | Andromeda | 25.10.9,0.57,159,5,onsite_conversion.purchase,
2025-12,120236428942960641,NS002,Nursing | 25.10.9 | $50,120232492438500641,Purchase | Andromeda | 25.10.9,32.41,12487,226,onsite_conversion.purchase,
2025-12,120234968189680641,LT001,Lab Test | 25.10.9 | $31.25,120232492438500641,Purchase | Andromeda | 25.10.9,2.07,418,20,onsite_conversion.purchase,
2025-12,120235145657440641,PT008,Physiotherapy | 25.10.9 | $56.25,120232492438500641,Purchase | Andromeda | 25.10.9,0.95,335,5,onsite_conversion.purchase,
2025-12,120235145657540641,PT007,Physiotherapy | 25.10.9 | $56.25,120232492438500641,Purchase | Andromeda | 25.10.9,1.52,341,10,onsite_conversion.purchase,
2025-12,120232493504220641,us jul - Copy,US + Doppler | 25.10.9 | $28,120232492438500641,Purchase | Andromeda | 25.10.9,21.56,5911,300,onsite_conversion.purchase,
2025-12,120232492589230641,Dr Visit - Carousell  - 25Aug3 - Copy 2,Dr Visit | 25.10.9 | $56.25,120232492438500641,Purchase | Andromeda | 25.10.9,14.51,7172,125,onsite_conversion.purchase,
2025-12,120236429216820641,NS007,Nursing | 25.10.9 | $50,120232492438500641,Purchase | Andromeda | 25.10.9,15.03,9368,176,onsite_conversion.purchase,
2025-12,120235145657550641,PT009,Physiotherapy | 25.10.9 | $56.25,120232492438500641,Purchase | Andromeda | 25.10.9,0.49,195,3,onsite_conversion.purchase,
2025-12,120236430736900641,NS008,Nursing | 25.10.9 | $50,120232492438500641,Purchase | Andromeda | 25.10.9,11.98,4543,128,onsite_conversion.purchase,1
2025-12,120236428237080641,NS001,Nursing | 25.10.9 | $50,120232492438500641,Purchase | Andromeda | 25.10.9,39.57,13843,252,onsite_conversion.purchase,1
2025-12,120232493372790641,Lab Test - 25jul - post 3 - Copy,Lab Test | 25.10.9 | $31.25,120232492438500641,Purchase | Andromeda | 25.10.9,0.19,39,4,onsite_conversion.purchase,
2025-12,120233715267220641,Physio - Repackaged - 25Aug3 - Try 2,Physiotherapy | 25.10.9 | $56.25,120232492438500641,Purchase | Andromeda | 25.10.9,0.22,75,2,onsite_conversion.purchase,
2025-12,120235145657520641,PT003,Physiotherapy | 25.10.9 | $56.25,120232492438500641,Purchase | Andromeda | 25.10.9,0.41,266,4,onsite_conversion.purchase,
2025-12,120233713340330641,DRV016,Dr Visit | 25.10.9 | $56.25,120232492438500641,Purchase | Andromeda | 25.10.9,0.82,295,18,onsite_conversion.purchase,
2025-12,120234968250770641,LT008,Lab Test | 25.10.9 | $31.25,120232492438500641,Purchase | Andromeda | 25.10.9,0.22,58,5,onsite_conversion.purchase,
2025-12,120232492993980641,Nursing - Aug - Cutdown 2 - Price - Copy,Nursing | 25.10.9 | $50,120232492438500641,Purchase | Andromeda | 25.10.9,477.03,194495,3967,onsite_conversion.purchase,13
2025-12,120234968250760641,LT006,Lab Test | 25.10.9 | $31.25,120232492438500641,Purchase | Andromeda | 25.10.9,1.28,309,11,onsite_conversion.purchase,
2025-12,120232492994010641,Nursing Design Sep 6 - 5 - Copy,Nursing | 25.10.9 | $50,120232492438500641,Purchase | Andromeda | 25.10.9,6.35,3373,85,onsite_conversion.purchase,
2025-12,120232492993970641,Nursing - Feedback 1 - 25Aug3 - Copy,Nursing | 25.10.9 | $50,120232492438500641,Purchase | Andromeda | 25.10.9,44.92,19098,285,onsite_conversion.purchase,
2025-12,120236430752490641,NS009,Nursing | 25.10.9 | $50,120232492438500641,Purchase | Andromeda | 25.10.9,12.42,6043,102,onsite_conversion.purchase,
2025-12,120236847505150641,GA003 - video,General | 25.12.16  | $30,120232492438500641,Purchase | Andromeda | 25.10.9,33.06,18271,1431,onsite_conversion.purchase,
2025-12,120236847528040641,GA010 - video,General | 25.12.16  | $30,120232492438500641,Purchase | Andromeda | 25.10.9,172.09,64810,2418,onsite_conversion.purchase,3
2025-12,120236769343330641,GA001 - video,General | 25.12.16  | $30,120232492438500641,Purchase | Andromeda | 25.10.9,55.43,23346,1510,onsite_conversion.purchase,
2025-12,120236847484260641,GA002 - video,General | 25.12.16  | $30,120232492438500641,Purchase | Andromeda | 25.10.9,7.68,4284,84,onsite_conversion.purchase,
2025-12,120236847521170641,GA006 - video,General | 25.12.16  | $30,120232492438500641,Purchase | Andromeda | 25.10.9,38.33,27621,303,onsite_conversion.purchase,1
2025-12,120236362805260641,BO012,Bags - Businesses,120232737782800641,Bag Sales | Rozenama,21.69,6428,215,offsite_conversion.fb_pixel_purchase,
2025-12,120236362635380641,BO011,Bags - Businesses,120232737782800641,Bag Sales | Rozenama,50.8,14727,315,offsite_conversion.fb_pixel_purchase,
2026-01,120235145657500641,🌟PT001,Physiotherapy | 25.10.9 | $56.25,120232492438500641,Purchase | Andromeda | 25.10.9,4.56,1504,50,onsite_conversion.purchase,
2026-01,120233714239650641,US006,US + Doppler | 25.10.9 | $28,120232492438500641,Purchase | Andromeda | 25.10.9,2.6,917,26,onsite_conversion.purchase,
2026-01,120235147304470641,US018,US + Doppler | 25.10.9 | $28,120232492438500641,Purchase | Andromeda | 25.10.9,2.32,1321,54,onsite_conversion.purchase,
2026-01,120235147304430641,US014,US + Doppler | 25.10.9 | $28,120232492438500641,Purchase | Andromeda | 25.10.9,1.7,724,18,onsite_conversion.purchase,
2026-01,120238698221210641,NS079,Nursing_Pack4_Static_Other_26Jan30,120238675409770641,Nursing | $61 | CBO TOFU | Engagement Msgs,9.31,6811,73,onsite_conversion.purchase,
2026-01,120238698225370641,NS081,Nursing_Pack4_Static_Other_26Jan30,120238675409770641,Nursing | $61 | CBO TOFU | Engagement Msgs,1.17,2101,23,onsite_conversion.purchase,
2026-01,120238697757110641,NS011,Nursing_Pack1_Videos_Problem Solution_26Jan30,120238675409770641,Nursing | $61 | CBO TOFU | Engagement Msgs,3.59,3349,42,onsite_conversion.purchase,
2026-01,120238698212540641,NS077,Nursing_Pack4_Static_Other_26Jan30,120238675409770641,Nursing | $61 | CBO TOFU | Engagement Msgs,2.87,3786,37,onsite_conversion.purchase,
2026-01,120238698149980641,NS068,Nursing_Pack2_Static_Direct Offer_26Jan30,120238675409770641,Nursing | $61 | CBO TOFU | Engagement Msgs,3.38,5085,49,onsite_conversion.purchase,
2026-01,120238698014650641,NS066,Nursing_Pack2_Static_Direct Offer_26Jan30,120238675409770641,Nursing | $61 | CBO TOFU | Engagement Msgs,3.06,4273,38,onsite_conversion.purchase,
2026-01,120238697757100641,NS040,Nursing_Pack1_Videos_Problem Solution_26Jan30,120238675409770641,Nursing | $61 | CBO TOFU | Engagement Msgs,34.29,29578,476,onsite_conversion.purchase,1
2026-01,120238698218770641,NS078,Nursing_Pack4_Static_Other_26Jan30,120238675409770641,Nursing | $61 | CBO TOFU | Engagement Msgs,8.5,7358,103,onsite_conversion.purchase,
2026-01,120238698167150641,NS058,Nursing_Pack3_Video_Emotional Story_26Jan30,120238675409770641,Nursing | $61 | CBO TOFU | Engagement Msgs,24.61,19573,279,onsite_conversion.purchase,
2026-01,120238697909230641,NS056,Nursing_Pack2_Static_Direct Offer_26Jan30,120238675409770641,Nursing | $61 | CBO TOFU | Engagement Msgs,4.56,4427,40,onsite_conversion.purchase,1
2026-01,120238698223500641,NS080,Nursing_Pack4_Static_Other_26Jan30,120238675409770641,Nursing | $61 | CBO TOFU | Engagement Msgs,3.02,3538,36,onsite_conversion.purchase,
2026-01,120238698004500641,NS064,Nursing_Pack2_Static_Direct Offer_26Jan30,120238675409770641,Nursing | $61 | CBO TOFU | Engagement Msgs,6.67,7618,91,onsite_conversion.purchase,
2026-01,120222834173700641,AirBag Nursing - Vertical - Copy,AirBag Videos. | $12,120222834173730641,Profile Traffic Campaign (Followers) | $12 | May 7,10.98,38054,572,total_profile_visits,548
2026-01,120222834173710641,AirBag Physiotherapy - Vertical - Copy,AirBag Videos. | $12,120222834173730641,Profile Traffic Campaign (Followers) | $12 | May 7,128.03,205785,6228,total_profile_visits,6009
2026-01,120235214667350641,Dr UGC,UGC 1 | $6,120222834173730641,Profile Traffic Campaign (Followers) | $12 | May 7,108.97,389754,5147,total_profile_visits,4903
2026-01,120233713340340641,DRV017,Dr Visit | 25.10.9 | $56.25,120232492438500641,Purchase | Andromeda | 25.10.9,84.84,41386,727,onsite_conversion.purchase,2
2026-01,120235213755500641,لا تخلي الانترنت يشخص حالتك,UGC 1 | $6,120222834173730641,Profile Traffic Campaign (Followers) | $12 | May 7,45.97,112567,2019,total_profile_visits,1959
2026-01,120233714239630641,US002,US + Doppler | 25.10.9 | $28,120232492438500641,Purchase | Andromeda | 25.10.9,95.14,52722,1222,onsite_conversion.purchase,
2026-01,120235147406880641,US007,US + Doppler | 25.10.9 | $28,120232492438500641,Purchase | Andromeda | 25.10.9,3.62,1503,162,onsite_conversion.purchase,
2026-01,120235147304410641,US012,US + Doppler | 25.10.9 | $28,120232492438500641,Purchase | Andromeda | 25.10.9,19.09,8820,319,onsite_conversion.purchase,
2026-01,120232493372800641,Lab Test - 25Jul2 - General - H2 - Copy,Lab Test | 25.10.9 | $31.25,120232492438500641,Purchase | Andromeda | 25.10.9,327.85,96081,2526,onsite_conversion.purchase,3
2026-01,120235147304390641,US021,US + Doppler | 25.10.9 | $28,120232492438500641,Purchase | Andromeda | 25.10.9,4.05,1003,166,onsite_conversion.purchase,
2026-01,120235147304440641,US015,US + Doppler | 25.10.9 | $28,120232492438500641,Purchase | Andromeda | 25.10.9,1.18,743,21,onsite_conversion.purchase,
2026-01,120235147406870641,US005,US + Doppler | 25.10.9 | $28,120232492438500641,Purchase | Andromeda | 25.10.9,1.41,515,42,onsite_conversion.purchase,
2026-01,120222834173720641,AirBag Dr Visit - Vertical - Copy,AirBag Videos. | $12,120222834173730641,Profile Traffic Campaign (Followers) | $12 | May 7,15.72,47499,765,total_profile_visits,683
2026-01,120236430766070641,NS010,Nursing | 25.10.9 | $50,120232492438500641,Purchase | Andromeda | 25.10.9,93.54,49501,909,onsite_conversion.purchase,3
2026-01,120232492589210641,Dr Visit - Ibraheem Reel - Copy 2,Dr Visit | 25.10.9 | $56.25,120232492438500641,Purchase | Andromeda | 25.10.9,33.61,9935,1376,onsite_conversion.purchase,1
2026-01,120236429187020641,NS006,Nursing | 25.10.9 | $50,120232492438500641,Purchase | Andromeda | 25.10.9,535.52,307228,4967,onsite_conversion.purchase,21
2026-01,120235147406860641,US004,US + Doppler | 25.10.9 | $28,120232492438500641,Purchase | Andromeda | 25.10.9,2.53,1089,101,onsite_conversion.purchase,
2026-01,120233714239660641,US008,US + Doppler | 25.10.9 | $28,120232492438500641,Purchase | Andromeda | 25.10.9,2.47,1073,24,onsite_conversion.purchase,
2026-01,120232493504230641,Doppler - 23Sep13 H2 - Copy,US + Doppler | 25.10.9 | $28,120232492438500641,Purchase | Andromeda | 25.10.9,71.66,33696,1211,onsite_conversion.purchase,1
2026-01,120235147304460641,US017,US + Doppler | 25.10.9 | $28,120232492438500641,Purchase | Andromeda | 25.10.9,1.4,683,22,onsite_conversion.purchase,
2026-01,120233712830340641,DRV015,Dr Visit | 25.10.9 | $56.25,120232492438500641,Purchase | Andromeda | 25.10.9,46.22,25856,435,onsite_conversion.purchase,
2026-01,120233300273200641,DRV004,Dr Visit | 25.10.9 | $56.25,120232492438500641,Purchase | Andromeda | 25.10.9,65.07,46447,625,onsite_conversion.purchase,1
2026-01,120232493423270641,physio may 1 - H5 v2 - price - Copy 3,Physiotherapy | 25.10.9 | $56.25,120232492438500641,Purchase | Andromeda | 25.10.9,152.54,77594,1468,onsite_conversion.purchase,8
2026-01,120232492994050641,Nursing Design Sep 6 - 2 - Copy,Nursing | 25.10.9 | $50,120232492438500641,Purchase | Andromeda | 25.10.9,62.46,39093,653,onsite_conversion.purchase,6
2026-01,120235147304500641,US010,US + Doppler | 25.10.9 | $28,120232492438500641,Purchase | Andromeda | 25.10.9,0.52,306,8,onsite_conversion.purchase,
2026-01,120235147304490641,US020,US + Doppler | 25.10.9 | $28,120232492438500641,Purchase | Andromeda | 25.10.9,0.62,403,19,onsite_conversion.purchase,
2026-01,120233714239620641,US001,US + Doppler | 25.10.9 | $28,120232492438500641,Purchase | Andromeda | 25.10.9,0.71,387,16,onsite_conversion.purchase,
2026-01,120232492994040641,Nursing Design Sep 6 - 3 - Copy,Nursing | 25.10.9 | $50,120232492438500641,Purchase | Andromeda | 25.10.9,310.76,128104,2615,onsite_conversion.purchase,8
2026-01,120233714239670641,US009,US + Doppler | 25.10.9 | $28,120232492438500641,Purchase | Andromeda | 25.10.9,8.87,4413,93,onsite_conversion.purchase,
2026-01,120234968237730641,LT003,Lab Test | 25.10.9 | $31.25,120232492438500641,Purchase | Andromeda | 25.10.9,39.7,9382,257,onsite_conversion.purchase,8
2026-01,120235147304400641,US011,US + Doppler | 25.10.9 | $28,120232492438500641,Purchase | Andromeda | 25.10.9,0.21,172,7,onsite_conversion.purchase,
2026-01,120238561214110641,DRV091,Dr Visit,120238560005370641,Messages Campaign | Jan 2026,0.51,556,9,onsite_conversion.messaging_conversation_started_7d,
2026-01,120232493504240641,us april 2 - Copy,US + Doppler | 25.10.9 | $28,120232492438500641,Purchase | Andromeda | 25.10.9,222.69,171003,5692,onsite_conversion.purchase,5
2026-01,120235147304450641,US016,US + Doppler | 25.10.9 | $28,120232492438500641,Purchase | Andromeda | 25.10.9,2.83,1358,40,onsite_conversion.purchase,
2026-01,120238561155370641,DRV029,Dr Visit,120238560005370641,Messages Campaign | Jan 2026,68.8,88199,1261,onsite_conversion.messaging_conversation_started_7d,97
2026-01,120238560806820641,NS037,Nursing,120238560005370641,Messages Campaign | Jan 2026,15.88,19540,313,onsite_conversion.messaging_conversation_started_7d,14
2026-01,120238023859420641,DRV013,Self-recorded Videos,120238023250780641,Dr Visit | Andromed CPAS,35.85,17902,1319,onsite_conversion.purchase,1
2026-01,120238023840960641,DRV012,Self-recorded Videos,120238023250780641,Dr Visit | Andromed CPAS,1.32,576,32,onsite_conversion.purchase,
2026-01,120238023864430641,DRV044,Self-recorded Videos,120238023250780641,Dr Visit | Andromed CPAS,1.5,489,30,onsite_conversion.purchase,
2026-01,120238023860820641,DRV014,Self-recorded Videos,120238023250780641,Dr Visit | Andromed CPAS,8.21,3042,166,onsite_conversion.purchase,
2026-01,120238023665940641,DRV002,Problem → Solution,120238023250780641,Dr Visit | Andromed CPAS,32.24,12554,2034,onsite_conversion.purchase,1
2026-01,120238023962090641,DRV070,Other / New,120238023250780641,Dr Visit | Andromed CPAS,26.38,14913,417,onsite_conversion.purchase,
2026-01,120238023786830641,DRV076,Direct Offer,120238023250780641,Dr Visit | Andromed CPAS,3.12,1719,69,onsite_conversion.purchase,
2026-01,120238023796230641,DRV085,Direct Offer,120238023250780641,Dr Visit | Andromed CPAS,1.14,340,31,onsite_conversion.purchase,
2026-01,120238023564280641,DRV056,Case Study / Proof,120238023250780641,Dr Visit | Andromed CPAS,11.31,2793,778,onsite_conversion.purchase,
2026-01,120238023950380641,DRV053,Other / New,120238023250780641,Dr Visit | Andromed CPAS,3.83,2033,88,onsite_conversion.purchase,
2026-01,120238023812030641,DRV089,Direct Offer,120238023250780641,Dr Visit | Andromed CPAS,0.41,219,19,onsite_conversion.purchase,
2026-01,120238023783270641,DRV075,Direct Offer,120238023250780641,Dr Visit | Andromed CPAS,8.74,5180,111,onsite_conversion.purchase,1
2026-01,120238023794990641,DRV084,Direct Offer,120238023250780641,Dr Visit | Andromed CPAS,1,370,7,onsite_conversion.purchase,
2026-01,120238023694800641,DRV023,Customer Testimonial,120238023250780641,Dr Visit | Andromed CPAS,1.39,1009,35,onsite_conversion.purchase,
2026-01,120238023667790641,DRV043,Problem → Solution,120238023250780641,Dr Visit | Andromed CPAS,2.67,1167,69,onsite_conversion.purchase,
2026-01,120238023804090641,DRV087,Direct Offer,120238023250780641,Dr Visit | Andromed CPAS,0.85,460,20,onsite_conversion.purchase,
2026-01,120238023767930641,DRV073,Direct Offer,120238023250780641,Dr Visit | Andromed CPAS,1.53,855,30,onsite_conversion.purchase,
2026-01,120238023799050641,DRV086,Direct Offer,120238023250780641,Dr Visit | Andromed CPAS,0.39,214,12,onsite_conversion.purchase,
2026-01,120238023701290641,DRV049,Customer Testimonial,120238023250780641,Dr Visit | Andromed CPAS,7.57,2899,66,onsite_conversion.purchase,
2026-01,120238023792600641,DRV083,Direct Offer,120238023250780641,Dr Visit | Andromed CPAS,0.69,357,15,onsite_conversion.purchase,
2026-01,120238023669670641,DRV018,Problem → Solution,120238023250780641,Dr Visit | Andromed CPAS,0.95,418,30,onsite_conversion.purchase,
2026-01,120238023836140641,DRV011,Problem Aware,120238023250780641,Dr Visit | Andromed CPAS,1.43,613,20,onsite_conversion.purchase,
2026-01,120238023830660641,DRV009,Problem Aware,120238023250780641,Dr Visit | Andromed CPAS,9.17,3918,143,onsite_conversion.purchase,
2026-01,120238023250800641,DRV024,Case Study / Proof,120238023250780641,Dr Visit | Andromed CPAS,4.34,2238,69,onsite_conversion.purchase,
2026-01,120238023743250641,DRV005,US vs THEM,120238023250780641,Dr Visit | Andromed CPAS,1.9,824,27,onsite_conversion.purchase,
2026-01,120238023833020641,DRV010,Problem Aware,120238023250780641,Dr Visit | Andromed CPAS,31.81,13956,340,onsite_conversion.purchase,1
2026-01,120238023743260641,DRV006,US vs THEM,120238023250780641,Dr Visit | Andromed CPAS,7.75,3895,55,onsite_conversion.purchase,
2026-01,120238023816330641,DRV008,Problem Aware,120238023250780641,Dr Visit | Andromed CPAS,4.17,1895,48,onsite_conversion.purchase,
2026-01,120238023743240641,DRV004,US vs THEM,120238023250780641,Dr Visit | Andromed CPAS,7.57,3958,75,onsite_conversion.purchase,
2026-01,120238023743220641,DRV007,US vs THEM,120238023250780641,Dr Visit | Andromed CPAS,4.82,1916,48,onsite_conversion.purchase,
2026-01,120236848053170641,GA016 - static,General | 25.12.16  | $30,120232492438500641,Purchase | Andromeda | 25.10.9,44,26674,391,onsite_conversion.purchase,3
2026-01,120236848152480641,GA018 - static,General | 25.12.16  | $30,120232492438500641,Purchase | Andromeda | 25.10.9,10.23,8105,129,onsite_conversion.purchase,
2026-01,120236847534720641,GA012 - video,General | 25.12.16  | $30,120232492438500641,Purchase | Andromeda | 25.10.9,100.21,52621,2123,onsite_conversion.purchase,1
2026-01,120236848133620641,GA017 - static,General | 25.12.16  | $30,120232492438500641,Purchase | Andromeda | 25.10.9,18.12,16703,218,onsite_conversion.purchase,
2026-01,120232492994060641,Nursing - Feedback 3 - 25Aug3 - Copy,Nursing | 25.10.9 | $50,120232492438500641,Purchase | Andromeda | 25.10.9,632.92,381622,20388,onsite_conversion.purchase,4
2026-01,120234968112620641,LT002,Lab Test | 25.10.9 | $31.25,120232492438500641,Purchase | Andromeda | 25.10.9,236.66,94089,1741,onsite_conversion.purchase,6
2026-01,120238698199060641,NS015,Nursing_Pack3_Video_Emotional Story_26Jan30,120238675409770641,Nursing | $61 | CBO TOFU | Engagement Msgs,2.41,2455,43,onsite_conversion.purchase,
2026-01,120232492589110641,Dr Visit - UGC - 25Aug3 - Copy 2,Dr Visit | 25.10.9 | $56.25,120232492438500641,Purchase | Andromeda | 25.10.9,876.74,398640,14457,onsite_conversion.purchase,20
2026-01,120238560967430641,DRV028,Dr Visit,120238560005370641,Messages Campaign | Jan 2026,14.45,17837,257,onsite_conversion.messaging_conversation_started_7d,17
2026-01,120232493423230641,🌟Physio - Numbers - 25Aug3 - Copy,Physiotherapy | 25.10.9 | $56.25,120232492438500641,Purchase | Andromeda | 25.10.9,107.09,49421,1305,onsite_conversion.purchase,1
2026-01,120232493423190641,🌟Physiotherapy Jul - Design 4 - Copy,Physiotherapy | 25.10.9 | $56.25,120232492438500641,Purchase | Andromeda | 25.10.9,175.1,89674,1796,onsite_conversion.purchase,4
2026-01,120232493423170641,🌟physio may 1 - H3 - price - Copy 3,Physiotherapy | 25.10.9 | $56.25,120232492438500641,Purchase | Andromeda | 25.10.9,162.68,79714,2159,onsite_conversion.purchase,5
2026-01,120232493423180641,🌟Physio - Talking Head - 25Aug3 - Copy,Physiotherapy | 25.10.9 | $56.25,120232492438500641,Purchase | Andromeda | 25.10.9,1301.83,638446,13473,onsite_conversion.purchase,31
2026-01,120235145657530641,PT005,Physiotherapy | 25.10.9 | $56.25,120232492438500641,Purchase | Andromeda | 25.10.9,12.04,4709,108,onsite_conversion.purchase,2
2026-01,120235145657480641,PT013,Physiotherapy | 25.10.9 | $56.25,120232492438500641,Purchase | Andromeda | 25.10.9,3.49,2279,107,onsite_conversion.purchase,
2026-01,120232492994020641,Nursing - Repackaged - 25Aug3 - Copy 2,Nursing | 25.10.9 | $50,120232492438500641,Purchase | Andromeda | 25.10.9,42.85,37563,489,onsite_conversion.purchase,
2026-01,120236429038150641,NS004,Nursing | 25.10.9 | $50,120232492438500641,Purchase | Andromeda | 25.10.9,36.76,28794,412,onsite_conversion.purchase,1
2026-01,120232492589160641,Dr Visit Design Sep 6 - 1 - Copy 2,Dr Visit | 25.10.9 | $56.25,120232492438500641,Purchase | Andromeda | 25.10.9,1394.23,760671,13601,onsite_conversion.purchase,31
2026-01,120235145657460641,PT011,Physiotherapy | 25.10.9 | $56.25,120232492438500641,Purchase | Andromeda | 25.10.9,39.94,37110,760,onsite_conversion.purchase,
2026-01,120232493423210641,Physiotherapy Jul - Design 2 - Copy,Physiotherapy | 25.10.9 | $56.25,120232492438500641,Purchase | Andromeda | 25.10.9,74.56,35190,973,onsite_conversion.purchase,3
2026-01,120238560005390641,NS016,Nursing,120238560005370641,Messages Campaign | Jan 2026,0.52,847,10,onsite_conversion.messaging_conversation_started_7d,1
2026-01,120238560846670641,NS038,Nursing,120238560005370641,Messages Campaign | Jan 2026,53.59,81541,1410,onsite_conversion.messaging_conversation_started_7d,71
2026-01,120238697909220641,NS018,Nursing_Pack2_Static_Direct Offer_26Jan30,120238675409770641,Nursing | $61 | CBO TOFU | Engagement Msgs,7.6,6479,83,onsite_conversion.purchase,
2026-01,120233919889540641,PT014,Physiotherapy | 25.10.9 | $56.25,120232492438500641,Purchase | Andromeda | 25.10.9,6.34,5065,63,onsite_conversion.purchase,
2026-01,120232493372820641,lab test apr 1 - Copy,Lab Test | 25.10.9 | $31.25,120232492438500641,Purchase | Andromeda | 25.10.9,136.42,46854,942,onsite_conversion.purchase,2
2026-01,120235145657510641,PT002,Physiotherapy | 25.10.9 | $56.25,120232492438500641,Purchase | Andromeda | 25.10.9,1.44,618,16,onsite_conversion.purchase,
2026-01,120235147304420641,US013,US + Doppler | 25.10.9 | $28,120232492438500641,Purchase | Andromeda | 25.10.9,4.95,1081,272,onsite_conversion.purchase,
2026-01,120235145657420641,PT004,Physiotherapy | 25.10.9 | $56.25,120232492438500641,Purchase | Andromeda | 25.10.9,0.05,37,1,onsite_conversion.purchase,
2026-01,120232493423250641,short Ad - Physio - Copy,Physiotherapy | 25.10.9 | $56.25,120232492438500641,Purchase | Andromeda | 25.10.9,451.45,353995,3867,onsite_conversion.purchase,7
2026-01,120235147619900641,US022,US + Doppler | 25.10.9 | $28,120232492438500641,Purchase | Andromeda | 25.10.9,5.14,1002,330,onsite_conversion.purchase,
2026-01,120235145657470641,PT012,Physiotherapy | 25.10.9 | $56.25,120232492438500641,Purchase | Andromeda | 25.10.9,1.46,723,19,onsite_conversion.purchase,
2026-01,120235145657430641,PT006,Physiotherapy | 25.10.9 | $56.25,120232492438500641,Purchase | Andromeda | 25.10.9,0.11,67,7,onsite_conversion.purchase,
2026-01,120235145657440641,PT008,Physiotherapy | 25.10.9 | $56.25,120232492438500641,Purchase | Andromeda | 25.10.9,0.55,209,9,onsite_conversion.purchase,
2026-01,120235145657540641,PT007,Physiotherapy | 25.10.9 | $56.25,120232492438500641,Purchase | Andromeda | 25.10.9,0.96,269,11,onsite_conversion.purchase,
2026-01,120232493504220641,us jul - Copy,US + Doppler | 25.10.9 | $28,120232492438500641,Purchase | Andromeda | 25.10.9,6.61,2557,416,onsite_conversion.purchase,
2026-01,120236429216820641,NS007,Nursing | 25.10.9 | $50,120232492438500641,Purchase | Andromeda | 25.10.9,17.69,17939,216,onsite_conversion.purchase,
2026-01,120235145657550641,PT009,Physiotherapy | 25.10.9 | $56.25,120232492438500641,Purchase | Andromeda | 25.10.9,0.07,30,2,onsite_conversion.purchase,
2026-01,120233715267220641,Physio - Repackaged - 25Aug3 - Try 2,Physiotherapy | 25.10.9 | $56.25,120232492438500641,Purchase | Andromeda | 25.10.9,0.25,117,3,onsite_conversion.purchase,
2026-01,120235145657520641,PT003,Physiotherapy | 25.10.9 | $56.25,120232492438500641,Purchase | Andromeda | 25.10.9,0.12,133,4,onsite_conversion.purchase,
2026-01,120238023937630641,DRV050,Other / New,120238023250780641,Dr Visit | Andromed CPAS,2.78,1826,68,onsite_conversion.purchase,
2026-01,120238023697500641,DRV034,Customer Testimonial,120238023250780641,Dr Visit | Andromed CPAS,2.25,1157,35,onsite_conversion.purchase,
2026-01,120238023552080641,DRV035,Case Study / Proof,120238023250780641,Dr Visit | Andromed CPAS,1.65,530,20,onsite_conversion.purchase,
2026-01,120238023555630641,DRV042,Case Study / Proof,120238023250780641,Dr Visit | Andromed CPAS,6.74,1622,198,onsite_conversion.purchase,
2026-01,120238023956730641,DRV060,Other / New,120238023250780641,Dr Visit | Andromed CPAS,6.84,3410,103,onsite_conversion.purchase,
2026-01,120238023869010641,DRV016,Other / New,120238023250780641,Dr Visit | Andromed CPAS,3.52,2769,75,onsite_conversion.purchase,
2026-01,120238023667100641,DRV001,Problem → Solution,120238023250780641,Dr Visit | Andromed CPAS,8.19,3586,249,onsite_conversion.purchase,
2026-01,120238023687990641,DRV068,Customer Testimonial,120238023250780641,Dr Visit | Andromed CPAS,13.37,4781,525,onsite_conversion.purchase,
2026-01,120238023780670641,DRV074,Direct Offer,120238023250780641,Dr Visit | Andromed CPAS,3.58,1546,74,onsite_conversion.purchase,
2026-01,120238023716590641,DRV021,Direct Offer,120238023250780641,Dr Visit | Andromed CPAS,10.2,4689,153,onsite_conversion.purchase,
2026-01,120238023808700641,DRV088,Direct Offer,120238023250780641,Dr Visit | Andromed CPAS,15.28,6814,230,onsite_conversion.purchase,
2026-01,120238023909010641,DRV017,Other / New,120238023250780641,Dr Visit | Andromed CPAS,3.17,1359,27,onsite_conversion.purchase,
2026-01,120238023743230641,DRV078,US vs THEM,120238023250780641,Dr Visit | Andromed CPAS,47.73,18951,1322,onsite_conversion.purchase,1
2026-01,120238023671620641,DRV067,Customer Testimonial,120238023250780641,Dr Visit | Andromed CPAS,38.49,25249,881,onsite_conversion.purchase,
2026-01,120238023692810641,DRV069,Customer Testimonial,120238023250780641,Dr Visit | Andromed CPAS,7.01,2700,436,onsite_conversion.purchase,
2026-01,120238023629810641,DRV,Problem → Solution,120238023250780641,Dr Visit | Andromed CPAS,25.37,14107,4404,onsite_conversion.purchase,
2026-01,120238023624410641,DRV048,Case Study / Proof,120238023250780641,Dr Visit | Andromed CPAS,7.41,2873,345,onsite_conversion.purchase,
2026-01,120238023598590641,DRV052,Case Study / Proof,120238023250780641,Dr Visit | Andromed CPAS,32.71,15997,2797,onsite_conversion.purchase,
2026-02,120239466062370641,GA037 - H1,Taha Founder Videos | 26.2.19 | $20,120232492438500641,Purchase | Andromeda | 25.10.9,121.91,50778,2604,onsite_conversion.purchase,
2026-02,120235145657500641,🌟PT001,Physiotherapy | 25.10.9 | $56.25,120232492438500641,Purchase | Andromeda | 25.10.9,29.42,17363,296,onsite_conversion.purchase,3
2026-02,120236657923680641,Dr Visit,Baghdad 22-58 Android,120236657895780641,Android App Installs,5.41,68558,760,mobile_app_install,
2026-02,120236657918600641,Physio,Baghdad 22-58 Android,120236657895780641,Android App Installs,15.14,122494,2047,mobile_app_install,
2026-02,120236657888690641,nursing,Baghdad 22-58 iOS,120236657763920641,iOS App Installs,26.44,56682,1436,mobile_app_install,
2026-02,120236657914270641,Nursing,Baghdad 22-58 Android,120236657895780641,Android App Installs,27.44,278835,3634,mobile_app_install,2
2026-02,120236657885870641,physio,Baghdad 22-58 iOS,120236657763920641,iOS App Installs,0.79,1302,21,mobile_app_install,
2026-02,120236657763940641,Dr Visit,Baghdad 22-58 iOS,120236657763920641,iOS App Installs,23.67,31797,420,mobile_app_install,
2026-02,120239107083390641,Pt087,Physiotherapy 2 | 26.02.10 | $19,120232492438500641,Purchase | Andromeda | 25.10.9,14.34,10556,558,onsite_conversion.purchase,
2026-02,120239107123900641,Pt088,Physiotherapy 2 | 26.02.10 | $19,120232492438500641,Purchase | Andromeda | 25.10.9,56.91,44157,2192,onsite_conversion.purchase,3
2026-02,120239107135010641,Pt089,Physiotherapy 2 | 26.02.10 | $19,120232492438500641,Purchase | Andromeda | 25.10.9,226.19,276981,5717,onsite_conversion.purchase,7
2026-02,120239105460530641,DRV111,Dr Visit | 25.10.9 | $56.25,120232492438500641,Purchase | Andromeda | 25.10.9,438.89,351317,7250,onsite_conversion.purchase,7
2026-02,120233714239650641,US006,US + Doppler | 25.10.9 | $28,120232492438500641,Purchase | Andromeda | 25.10.9,2.3,1278,26,onsite_conversion.purchase,
2026-02,120235147304470641,US018,US + Doppler | 25.10.9 | $28,120232492438500641,Purchase | Andromeda | 25.10.9,1.01,870,16,onsite_conversion.purchase,
2026-02,120235147304430641,US014,US + Doppler | 25.10.9 | $28,120232492438500641,Purchase | Andromeda | 25.10.9,1.56,671,12,onsite_conversion.purchase,
2026-02,120238698221210641,NS079,Nursing_Pack4_Static_Other_26Jan30,120238675409770641,Nursing | $61 | CBO TOFU | Engagement Msgs,19.2,20361,213,onsite_conversion.purchase,1
2026-02,120238698225370641,NS081,Nursing_Pack4_Static_Other_26Jan30,120238675409770641,Nursing | $61 | CBO TOFU | Engagement Msgs,0.52,843,9,onsite_conversion.purchase,
2026-02,120238697757110641,NS011,Nursing_Pack1_Videos_Problem Solution_26Jan30,120238675409770641,Nursing | $61 | CBO TOFU | Engagement Msgs,44.1,41390,606,onsite_conversion.purchase,1
2026-02,120238698212540641,NS077,Nursing_Pack4_Static_Other_26Jan30,120238675409770641,Nursing | $61 | CBO TOFU | Engagement Msgs,6.47,8605,78,onsite_conversion.purchase,
2026-02,120238698149980641,NS068,Nursing_Pack2_Static_Direct Offer_26Jan30,120238675409770641,Nursing | $61 | CBO TOFU | Engagement Msgs,12.49,19335,383,onsite_conversion.purchase,
2026-02,120238698014650641,NS066,Nursing_Pack2_Static_Direct Offer_26Jan30,120238675409770641,Nursing | $61 | CBO TOFU | Engagement Msgs,15.03,21507,185,onsite_conversion.purchase,
2026-02,120238697757100641,NS040,Nursing_Pack1_Videos_Problem Solution_26Jan30,120238675409770641,Nursing | $61 | CBO TOFU | Engagement Msgs,53.3,51803,1617,onsite_conversion.purchase,
2026-02,120238698218770641,NS078,Nursing_Pack4_Static_Other_26Jan30,120238675409770641,Nursing | $61 | CBO TOFU | Engagement Msgs,5.43,7064,81,onsite_conversion.purchase,
2026-02,120238698167150641,NS058,Nursing_Pack3_Video_Emotional Story_26Jan30,120238675409770641,Nursing | $61 | CBO TOFU | Engagement Msgs,63.72,63478,1492,onsite_conversion.purchase,1
2026-02,120238697909230641,NS056,Nursing_Pack2_Static_Direct Offer_26Jan30,120238675409770641,Nursing | $61 | CBO TOFU | Engagement Msgs,16.66,18029,157,onsite_conversion.purchase,
2026-02,120238698223500641,NS080,Nursing_Pack4_Static_Other_26Jan30,120238675409770641,Nursing | $61 | CBO TOFU | Engagement Msgs,32.76,35155,373,onsite_conversion.purchase,1
2026-02,120238698004500641,NS064,Nursing_Pack2_Static_Direct Offer_26Jan30,120238675409770641,Nursing | $61 | CBO TOFU | Engagement Msgs,13.82,18396,216,onsite_conversion.purchase,
2026-02,120222834173700641,AirBag Nursing - Vertical - Copy,AirBag Videos. | $12,120222834173730641,Profile Traffic Campaign (Followers) | $12 | May 7,10.74,31260,533,total_profile_visits,523
2026-02,120222834173710641,AirBag Physiotherapy - Vertical - Copy,AirBag Videos. | $12,120222834173730641,Profile Traffic Campaign (Followers) | $12 | May 7,106.8,149025,5008,total_profile_visits,4849
2026-02,120235214667350641,Dr UGC,UGC 1 | $6,120222834173730641,Profile Traffic Campaign (Followers) | $12 | May 7,97.43,299884,4024,total_profile_visits,4004
2026-02,120233713340340641,DRV017,Dr Visit | 25.10.9 | $56.25,120232492438500641,Purchase | Andromeda | 25.10.9,55.99,43571,643,onsite_conversion.purchase,2
2026-02,120235213755500641,لا تخلي الانترنت يشخص حالتك,UGC 1 | $6,120222834173730641,Profile Traffic Campaign (Followers) | $12 | May 7,42.55,81804,1761,total_profile_visits,1712
2026-02,120233714239630641,US002,US + Doppler | 25.10.9 | $28,120232492438500641,Purchase | Andromeda | 25.10.9,9.04,6826,206,onsite_conversion.purchase,
2026-02,120235147406880641,US007,US + Doppler | 25.10.9 | $28,120232492438500641,Purchase | Andromeda | 25.10.9,2.27,2150,126,onsite_conversion.purchase,
2026-02,120235147304410641,US012,US + Doppler | 25.10.9 | $28,120232492438500641,Purchase | Andromeda | 25.10.9,5.26,2906,102,onsite_conversion.purchase,
2026-02,120232493372800641,Lab Test - 25Jul2 - General - H2 - Copy,Lab Test | 25.10.9 | $31.25,120232492438500641,Purchase | Andromeda | 25.10.9,327.11,157313,3937,onsite_conversion.purchase,3
2026-02,120235147304390641,US021,US + Doppler | 25.10.9 | $28,120232492438500641,Purchase | Andromeda | 25.10.9,0.45,390,24,onsite_conversion.purchase,
2026-02,120235147304440641,US015,US + Doppler | 25.10.9 | $28,120232492438500641,Purchase | Andromeda | 25.10.9,0.18,241,6,onsite_conversion.purchase,
2026-02,120235147406870641,US005,US + Doppler | 25.10.9 | $28,120232492438500641,Purchase | Andromeda | 25.10.9,0.35,306,29,onsite_conversion.purchase,
2026-02,120222834173720641,AirBag Dr Visit - Vertical - Copy,AirBag Videos. | $12,120222834173730641,Profile Traffic Campaign (Followers) | $12 | May 7,22.21,39464,1131,total_profile_visits,1079
2026-02,120236430766070641,NS010,Nursing | 25.10.9 | $50,120232492438500641,Purchase | Andromeda | 25.10.9,93.61,115479,1697,onsite_conversion.purchase,4
2026-02,120232492589210641,Dr Visit - Ibraheem Reel - Copy 2,Dr Visit | 25.10.9 | $56.25,120232492438500641,Purchase | Andromeda | 25.10.9,30.07,20114,1273,onsite_conversion.purchase,
2026-02,120236429187020641,NS006,Nursing | 25.10.9 | $50,120232492438500641,Purchase | Andromeda | 25.10.9,576.59,690260,8702,onsite_conversion.purchase,14
2026-02,120235147406860641,US004,US + Doppler | 25.10.9 | $28,120232492438500641,Purchase | Andromeda | 25.10.9,0.63,566,37,onsite_conversion.purchase,
2026-02,120233714239660641,US008,US + Doppler | 25.10.9 | $28,120232492438500641,Purchase | Andromeda | 25.10.9,0.28,257,5,onsite_conversion.purchase,
2026-02,120232493504230641,Doppler - 23Sep13 H2 - Copy,US + Doppler | 25.10.9 | $28,120232492438500641,Purchase | Andromeda | 25.10.9,28.45,25203,1187,onsite_conversion.purchase,
2026-02,120235147304460641,US017,US + Doppler | 25.10.9 | $28,120232492438500641,Purchase | Andromeda | 25.10.9,0.6,329,13,onsite_conversion.purchase,
2026-02,120233712830340641,DRV015,Dr Visit | 25.10.9 | $56.25,120232492438500641,Purchase | Andromeda | 25.10.9,12.79,10862,165,onsite_conversion.purchase,
2026-02,120233300273200641,DRV004,Dr Visit | 25.10.9 | $56.25,120232492438500641,Purchase | Andromeda | 25.10.9,95.98,111552,1190,onsite_conversion.purchase,3
2026-02,120232493423270641,physio may 1 - H5 v2 - price - Copy 3,Physiotherapy | 25.10.9 | $56.25,120232492438500641,Purchase | Andromeda | 25.10.9,193.8,195657,6055,onsite_conversion.purchase,3
2026-02,120232492994050641,Nursing Design Sep 6 - 2 - Copy,Nursing | 25.10.9 | $50,120232492438500641,Purchase | Andromeda | 25.10.9,27.23,38835,534,onsite_conversion.purchase,
2026-02,120235147304500641,US010,US + Doppler | 25.10.9 | $28,120232492438500641,Purchase | Andromeda | 25.10.9,0.13,139,6,onsite_conversion.purchase,
2026-02,120235147304490641,US020,US + Doppler | 25.10.9 | $28,120232492438500641,Purchase | Andromeda | 25.10.9,1.73,766,20,onsite_conversion.purchase,1
2026-02,120233714239620641,US001,US + Doppler | 25.10.9 | $28,120232492438500641,Purchase | Andromeda | 25.10.9,0.25,218,6,onsite_conversion.purchase,
2026-02,120232492994040641,Nursing Design Sep 6 - 3 - Copy,Nursing | 25.10.9 | $50,120232492438500641,Purchase | Andromeda | 25.10.9,196.02,236091,4479,onsite_conversion.purchase,3
2026-02,120233714239670641,US009,US + Doppler | 25.10.9 | $28,120232492438500641,Purchase | Andromeda | 25.10.9,18.27,11300,211,onsite_conversion.purchase,1
2026-02,120234968237730641,LT003,Lab Test | 25.10.9 | $31.25,120232492438500641,Purchase | Andromeda | 25.10.9,87.87,42868,723,onsite_conversion.purchase,6
2026-02,120235147304400641,US011,US + Doppler | 25.10.9 | $28,120232492438500641,Purchase | Andromeda | 25.10.9,0.02,67,5,onsite_conversion.purchase,
2026-02,120238561214110641,DRV091,Dr Visit,120238560005370641,Messages Campaign | Jan 2026,0.63,454,4,onsite_conversion.messaging_conversation_started_7d,
2026-02,120232493504240641,us april 2 - Copy,US + Doppler | 25.10.9 | $28,120232492438500641,Purchase | Andromeda | 25.10.9,173.19,245145,10386,onsite_conversion.purchase,2
2026-02,120235147304450641,US016,US + Doppler | 25.10.9 | $28,120232492438500641,Purchase | Andromeda | 25.10.9,2.07,1027,21,onsite_conversion.purchase,1
2026-02,120238561155370641,DRV029,Dr Visit,120238560005370641,Messages Campaign | Jan 2026,402.09,436238,6424,onsite_conversion.messaging_conversation_started_7d,358
2026-02,120238560806820641,NS037,Nursing,120238560005370641,Messages Campaign | Jan 2026,457.59,467553,5673,onsite_conversion.messaging_conversation_started_7d,333
2026-02,120232492994060641,Nursing - Feedback 3 - 25Aug3 - Copy,Nursing | 25.10.9 | $50,120232492438500641,Purchase | Andromeda | 25.10.9,521.95,573693,27040,onsite_conversion.purchase,6
2026-02,120234968112620641,LT002,Lab Test | 25.10.9 | $31.25,120232492438500641,Purchase | Andromeda | 25.10.9,256.78,119953,3023,onsite_conversion.purchase,3
2026-02,120238698199060641,NS015,Nursing_Pack3_Video_Emotional Story_26Jan30,120238675409770641,Nursing | $61 | CBO TOFU | Engagement Msgs,5.49,5031,178,onsite_conversion.purchase,
2026-02,120239466403890641,GA037 - H3,Taha Founder Videos | 26.2.19 | $20,120232492438500641,Purchase | Andromeda | 25.10.9,32.27,16657,661,onsite_conversion.purchase,
2026-02,120239466400510641,GA037 - H2,Taha Founder Videos | 26.2.19 | $20,120232492438500641,Purchase | Andromeda | 25.10.9,33.05,15774,818,onsite_conversion.purchase,
2026-02,120239107021630641,PT091,Physiotherapy 2 | 26.02.10 | $19,120232492438500641,Purchase | Andromeda | 25.10.9,2.76,2088,45,onsite_conversion.purchase,
2026-02,120232492589110641,Dr Visit - UGC - 25Aug3 - Copy 2,Dr Visit | 25.10.9 | $56.25,120232492438500641,Purchase | Andromeda | 25.10.9,1279.54,1123007,43984,onsite_conversion.purchase,28
2026-02,120238560967430641,DRV028,Dr Visit,120238560005370641,Messages Campaign | Jan 2026,254.96,211522,4222,onsite_conversion.messaging_conversation_started_7d,259
2026-02,120239107071840641,PT092,Physiotherapy 2 | 26.02.10 | $19,120232492438500641,Purchase | Andromeda | 25.10.9,7.98,6017,100,onsite_conversion.purchase,
2026-02,120232493423230641,🌟Physio - Numbers - 25Aug3 - Copy,Physiotherapy | 25.10.9 | $56.25,120232492438500641,Purchase | Andromeda | 25.10.9,263.07,162041,3457,onsite_conversion.purchase,4
2026-02,120232493423190641,🌟Physiotherapy Jul - Design 4 - Copy,Physiotherapy | 25.10.9 | $56.25,120232492438500641,Purchase | Andromeda | 25.10.9,259.66,177947,2910,onsite_conversion.purchase,8
2026-02,120232493423170641,🌟physio may 1 - H3 - price - Copy 3,Physiotherapy | 25.10.9 | $56.25,120232492438500641,Purchase | Andromeda | 25.10.9,175.42,121308,3554,onsite_conversion.purchase,2
2026-02,120232493423180641,🌟Physio - Talking Head - 25Aug3 - Copy,Physiotherapy | 25.10.9 | $56.25,120232492438500641,Purchase | Andromeda | 25.10.9,1220.07,1304483,29552,onsite_conversion.purchase,26
2026-02,120235145657530641,PT005,Physiotherapy | 25.10.9 | $56.25,120232492438500641,Purchase | Andromeda | 25.10.9,18.31,12776,242,onsite_conversion.purchase,
2026-02,120235145657480641,PT013,Physiotherapy | 25.10.9 | $56.25,120232492438500641,Purchase | Andromeda | 25.10.9,19.81,16236,761,onsite_conversion.purchase,
2026-02,120232492994020641,Nursing - Repackaged - 25Aug3 - Copy 2,Nursing | 25.10.9 | $50,120232492438500641,Purchase | Andromeda | 25.10.9,39.97,68981,804,onsite_conversion.purchase,
2026-02,120236429038150641,NS004,Nursing | 25.10.9 | $50,120232492438500641,Purchase | Andromeda | 25.10.9,118.09,124626,1767,onsite_conversion.purchase,1
2026-02,120239106251980641,PT090,Physiotherapy 2 | 26.02.10 | $19,120232492438500641,Purchase | Andromeda | 25.10.9,41.37,78354,931,onsite_conversion.purchase,2
2026-02,120232492589160641,Dr Visit Design Sep 6 - 1 - Copy 2,Dr Visit | 25.10.9 | $56.25,120232492438500641,Purchase | Andromeda | 25.10.9,521,451358,7593,onsite_conversion.purchase,17
2026-02,120235145657460641,PT011,Physiotherapy | 25.10.9 | $56.25,120232492438500641,Purchase | Andromeda | 25.10.9,17.36,16705,275,onsite_conversion.purchase,
2026-02,120232493423210641,Physiotherapy Jul - Design 2 - Copy,Physiotherapy | 25.10.9 | $56.25,120232492438500641,Purchase | Andromeda | 25.10.9,71.08,33495,669,onsite_conversion.purchase,1
2026-02,120238560005390641,NS016,Nursing,120238560005370641,Messages Campaign | Jan 2026,0.1,83,1,onsite_conversion.messaging_conversation_started_7d,
2026-02,120238560846670641,NS038,Nursing,120238560005370641,Messages Campaign | Jan 2026,4.59,5187,78,onsite_conversion.messaging_conversation_started_7d,6
2026-02,120239750196810641,ahmed hussain nursing,dr visit,120239705080970641,Ramadan 2026 Sales Campaign,48.63,27533,262,onsite_conversion.messaging_conversation_started_7d,11
2026-02,120239705080950641,ahmed hussain nursing,nursing,120239705080970641,Ramadan 2026 Sales Campaign,34.94,23420,169,onsite_conversion.messaging_conversation_started_7d,7
2026-02,120239750245360641,physio حجي حميد,physio حجي حميد,120239705080970641,Ramadan 2026 Sales Campaign,83.37,37427,446,onsite_conversion.messaging_conversation_started_7d,37
2026-03,120239466062370641,GA037 - H1,Taha Founder Videos | 26.2.19 | $20,120232492438500641,Purchase | Andromeda | 25.10.9,517.11,268766,11352,onsite_conversion.purchase,3
2026-03,120235145657500641,🌟PT001,Physiotherapy | 25.10.9 | $56.25,120232492438500641,Purchase | Andromeda | 25.10.9,24.16,11136,195,onsite_conversion.purchase,
2026-03,120240745095510641,PT077,Physiotherapy | 25.10.9 | $56.25,120232492438500641,Purchase | Andromeda | 25.10.9,11.27,6369,484,onsite_conversion.purchase,
2026-03,120240744110620641,PT074,Physiotherapy | 25.10.9 | $56.25,120232492438500641,Purchase | Andromeda | 25.10.9,278.53,227052,4080,onsite_conversion.purchase,6
2026-03,120240745095530641,PT075,Physiotherapy | 25.10.9 | $56.25,120232492438500641,Purchase | Andromeda | 25.10.9,64.8,51220,948,onsite_conversion.purchase,3
2026-03,120240745095520641,PT076,Physiotherapy | 25.10.9 | $56.25,120232492438500641,Purchase | Andromeda | 25.10.9,64.84,56767,2780,onsite_conversion.purchase,2
2026-03,120236657923680641,Dr Visit,Baghdad 22-58 Android,120236657895780641,Android App Installs,48.42,531300,8939,mobile_app_install,1
2026-03,120236657918600641,Physio,Baghdad 22-58 Android,120236657895780641,Android App Installs,21.36,147493,1308,mobile_app_install,
2026-03,120236657888690641,nursing,Baghdad 22-58 iOS,120236657763920641,iOS App Installs,67.2,205207,4842,mobile_app_install,
2026-03,120236657914270641,Nursing,Baghdad 22-58 Android,120236657895780641,Android App Installs,78.66,783159,11013,mobile_app_install,2
2026-03,120236657885870641,physio,Baghdad 22-58 iOS,120236657763920641,iOS App Installs,36.41,65726,1140,mobile_app_install,
2026-03,120236657763940641,Dr Visit,Baghdad 22-58 iOS,120236657763920641,iOS App Installs,43.88,68912,1386,mobile_app_install,
2026-03,120239107083390641,Pt087,Physiotherapy 2 | 26.02.10 | $19,120232492438500641,Purchase | Andromeda | 25.10.9,25.84,18340,356,onsite_conversion.purchase,
2026-03,120239107123900641,Pt088,Physiotherapy 2 | 26.02.10 | $19,120232492438500641,Purchase | Andromeda | 25.10.9,63.33,43675,936,onsite_conversion.purchase,
2026-03,120239107135010641,Pt089,Physiotherapy 2 | 26.02.10 | $19,120232492438500641,Purchase | Andromeda | 25.10.9,1118.09,1185006,13699,onsite_conversion.purchase,23
2026-03,120239105460530641,DRV111,Dr Visit | 25.10.9 | $56.25,120232492438500641,Purchase | Andromeda | 25.10.9,1091.12,1009943,16836,onsite_conversion.purchase,16
2026-03,120222834173700641,AirBag Nursing - Vertical - Copy,AirBag Videos. | $12,120222834173730641,Profile Traffic Campaign (Followers) | $12 | May 7,12.45,51587,713,total_profile_visits,581
2026-03,120222834173710641,AirBag Physiotherapy - Vertical - Copy,AirBag Videos. | $12,120222834173730641,Profile Traffic Campaign (Followers) | $12 | May 7,108.64,199999,5458,total_profile_visits,4835
2026-03,120235214667350641,Dr UGC,UGC 1 | $6,120222834173730641,Profile Traffic Campaign (Followers) | $12 | May 7,127.25,508740,6008,total_profile_visits,5551
2026-03,120233713340340641,DRV017,Dr Visit | 25.10.9 | $56.25,120232492438500641,Purchase | Andromeda | 25.10.9,16.79,12587,179,onsite_conversion.purchase,
2026-03,120235213755500641,لا تخلي الانترنت يشخص حالتك,UGC 1 | $6,120222834173730641,Profile Traffic Campaign (Followers) | $12 | May 7,28.29,60183,1288,total_profile_visits,1127
2026-03,120232493372800641,Lab Test - 25Jul2 - General - H2 - Copy,Lab Test | 25.10.9 | $31.25,120232492438500641,Purchase | Andromeda | 25.10.9,175.64,134232,1905,onsite_conversion.purchase,4
2026-03,120222834173720641,AirBag Dr Visit - Vertical - Copy,AirBag Videos. | $12,120222834173730641,Profile Traffic Campaign (Followers) | $12 | May 7,33.96,69107,1798,total_profile_visits,1613
2026-03,120236430766070641,NS010,Nursing | 25.10.9 | $50,120232492438500641,Purchase | Andromeda | 25.10.9,127.69,129254,1314,onsite_conversion.purchase,4
2026-03,120232492589210641,Dr Visit - Ibraheem Reel - Copy 2,Dr Visit | 25.10.9 | $56.25,120232492438500641,Purchase | Andromeda | 25.10.9,7.74,3141,83,onsite_conversion.purchase,
2026-03,120236429187020641,NS006,Nursing | 25.10.9 | $50,120232492438500641,Purchase | Andromeda | 25.10.9,676.38,631937,7389,onsite_conversion.purchase,15
2026-03,120233712830340641,DRV015,Dr Visit | 25.10.9 | $56.25,120232492438500641,Purchase | Andromeda | 25.10.9,7.97,8379,97,onsite_conversion.purchase,
2026-03,120233300273200641,DRV004,Dr Visit | 25.10.9 | $56.25,120232492438500641,Purchase | Andromeda | 25.10.9,166.35,160906,1896,onsite_conversion.purchase,4
2026-03,120232493423270641,physio may 1 - H5 v2 - price - Copy 3,Physiotherapy | 25.10.9 | $56.25,120232492438500641,Purchase | Andromeda | 25.10.9,338.88,308115,5806,onsite_conversion.purchase,6
2026-03,120232492994050641,Nursing Design Sep 6 - 2 - Copy,Nursing | 25.10.9 | $50,120232492438500641,Purchase | Andromeda | 25.10.9,45.32,83139,764,onsite_conversion.purchase,1
2026-03,120232492994040641,Nursing Design Sep 6 - 3 - Copy,Nursing | 25.10.9 | $50,120232492438500641,Purchase | Andromeda | 25.10.9,92.35,94179,1308,onsite_conversion.purchase,2
2026-03,120234968237730641,LT003,Lab Test | 25.10.9 | $31.25,120232492438500641,Purchase | Andromeda | 25.10.9,145.95,52359,1133,onsite_conversion.purchase,7
2026-03,120238561214110641,DRV091,Dr Visit,120238560005370641,Messages Campaign | Jan 2026,1.06,871,8,onsite_conversion.messaging_conversation_started_7d,1
2026-03,120238561155370641,DRV029,Dr Visit,120238560005370641,Messages Campaign | Jan 2026,531.52,571597,8499,onsite_conversion.messaging_conversation_started_7d,449
2026-03,120238560806820641,NS037,Nursing,120238560005370641,Messages Campaign | Jan 2026,507.12,632755,6759,onsite_conversion.messaging_conversation_started_7d,344
2026-03,120234968112620641,LT002,Lab Test | 25.10.9 | $31.25,120232492438500641,Purchase | Andromeda | 25.10.9,424.69,250420,4996,onsite_conversion.purchase,6
2026-03,120240436905270641,NS072,Nursing | 25.10.9 | $50,120232492438500641,Purchase | Andromeda | 25.10.9,138.45,62925,2292,onsite_conversion.purchase,
2026-03,120239466403890641,GA037 - H3,Taha Founder Videos | 26.2.19 | $20,120232492438500641,Purchase | Andromeda | 25.10.9,14.86,10395,181,onsite_conversion.purchase,
2026-03,120239466400510641,GA037 - H2,Taha Founder Videos | 26.2.19 | $20,120232492438500641,Purchase | Andromeda | 25.10.9,90.39,64710,1372,onsite_conversion.purchase,
2026-03,120240436905280641,NS087,Nursing | 25.10.9 | $50,120232492438500641,Purchase | Andromeda | 25.10.9,660.89,536093,23590,onsite_conversion.purchase,8
2026-03,120239107021630641,PT091,Physiotherapy 2 | 26.02.10 | $19,120232492438500641,Purchase | Andromeda | 25.10.9,31.18,32887,473,onsite_conversion.purchase,1
2026-03,120240828519960641,PT035,physio $10,120238560005370641,Messages Campaign | Jan 2026,88.24,85532,1211,onsite_conversion.messaging_conversation_started_7d,94
2026-03,120240828514960641,PT078 ❌(High CPL) - Copy,physio $10,120238560005370641,Messages Campaign | Jan 2026,68.11,72193,1334,onsite_conversion.messaging_conversation_started_7d,40
2026-03,120232492589110641,Dr Visit - UGC - 25Aug3 - Copy 2,Dr Visit | 25.10.9 | $56.25,120232492438500641,Purchase | Andromeda | 25.10.9,1636.91,1063912,31346,onsite_conversion.purchase,30
2026-03,120238560967430641,DRV028,Dr Visit,120238560005370641,Messages Campaign | Jan 2026,174.77,144791,2835,onsite_conversion.messaging_conversation_started_7d,168
2026-03,120240745095500641,PT078 ❌(High CPL),Physiotherapy | 25.10.9 | $56.25,120232492438500641,Purchase | Andromeda | 25.10.9,40.05,26303,428,onsite_conversion.purchase,
2026-03,120239107071840641,PT092,Physiotherapy 2 | 26.02.10 | $19,120232492438500641,Purchase | Andromeda | 25.10.9,0.91,459,7,onsite_conversion.purchase,
2026-03,120232493423230641,🌟Physio - Numbers - 25Aug3 - Copy,Physiotherapy | 25.10.9 | $56.25,120232492438500641,Purchase | Andromeda | 25.10.9,54.51,21894,521,onsite_conversion.purchase,1
2026-03,120232493423190641,🌟Physiotherapy Jul - Design 4 - Copy,Physiotherapy | 25.10.9 | $56.25,120232492438500641,Purchase | Andromeda | 25.10.9,110.24,76230,1069,onsite_conversion.purchase,2
2026-03,120232493423170641,🌟physio may 1 - H3 - price - Copy 3,Physiotherapy | 25.10.9 | $56.25,120232492438500641,Purchase | Andromeda | 25.10.9,70.3,48135,823,onsite_conversion.purchase,1
2026-03,120232493423180641,🌟Physio - Talking Head - 25Aug3 - Copy,Physiotherapy | 25.10.9 | $56.25,120232492438500641,Purchase | Andromeda | 25.10.9,797.33,669174,10583,onsite_conversion.purchase,13
2026-03,120235145657530641,PT005,Physiotherapy | 25.10.9 | $56.25,120232492438500641,Purchase | Andromeda | 25.10.9,21.97,11176,197,onsite_conversion.purchase,
2026-03,120235145657480641,PT013,Physiotherapy | 25.10.9 | $56.25,120232492438500641,Purchase | Andromeda | 25.10.9,4.93,4115,42,onsite_conversion.purchase,
2026-03,120232492994020641,Nursing - Repackaged - 25Aug3 - Copy 2,Nursing | 25.10.9 | $50,120232492438500641,Purchase | Andromeda | 25.10.9,5.09,3107,36,onsite_conversion.purchase,
2026-03,120236429038150641,NS004,Nursing | 25.10.9 | $50,120232492438500641,Purchase | Andromeda | 25.10.9,119.68,93609,1080,onsite_conversion.purchase,3
2026-03,120239106251980641,PT090,Physiotherapy 2 | 26.02.10 | $19,120232492438500641,Purchase | Andromeda | 25.10.9,0.8,1202,16,onsite_conversion.purchase,
2026-03,120240043385580641,RA007,physio حجي حميد,120239705080970641,Ramadan 2026 Sales Campaign,3.87,2516,26,onsite_conversion.messaging_conversation_started_7d,2
2026-03,120240043399160641,RA008,physio حجي حميد,120239705080970641,Ramadan 2026 Sales Campaign,519.87,491774,6505,onsite_conversion.messaging_conversation_started_7d,401
2026-03,120240043376340641,RA011,dr visit,120239705080970641,Ramadan 2026 Sales Campaign,49.69,29583,417,onsite_conversion.messaging_conversation_started_7d,22
2026-03,120240043368730641,RA010,dr visit,120239705080970641,Ramadan 2026 Sales Campaign,10.32,5782,60,onsite_conversion.messaging_conversation_started_7d,2
2026-03,120240041227700641,RA009,dr visit,120239705080970641,Ramadan 2026 Sales Campaign,83.24,63248,770,onsite_conversion.messaging_conversation_started_7d,62
2026-03,120240040619220641,RA006,nursing,120239705080970641,Ramadan 2026 Sales Campaign,4.66,3238,25,onsite_conversion.messaging_conversation_started_7d,3
2026-03,120240040581530641,RA004,nursing,120239705080970641,Ramadan 2026 Sales Campaign,2.47,2006,17,onsite_conversion.messaging_conversation_started_7d,
2026-03,120240040609450641,RA005,nursing,120239705080970641,Ramadan 2026 Sales Campaign,131.05,85324,715,onsite_conversion.messaging_conversation_started_7d,77
2026-03,120239750196810641,ahmed hussain nursing,dr visit,120239705080970641,Ramadan 2026 Sales Campaign,33.59,15435,153,onsite_conversion.messaging_conversation_started_7d,7
2026-03,120239705080950641,ahmed hussain nursing,nursing,120239705080970641,Ramadan 2026 Sales Campaign,36.5,26186,258,onsite_conversion.messaging_conversation_started_7d,9
2026-03,120239750245360641,physio حجي حميد,physio حجي حميد,120239705080970641,Ramadan 2026 Sales Campaign,124.72,57096,813,onsite_conversion.messaging_conversation_started_7d,56
2026-04,120242489127000641,UGC 4,UGC | baghdad iOS,120242398107390641,iOS installs | AF | 2026/4/17,178.98,470464,9429,mobile_app_install,503
2026-04,120242488994880641,UGC 2,UGC | baghdad iOS,120242398107390641,iOS installs | AF | 2026/4/17,19.66,59256,1281,mobile_app_install,73
2026-04,120242489126980641,UGC 6,UGC | baghdad iOS,120242398107390641,iOS installs | AF | 2026/4/17,20.81,56156,1272,mobile_app_install,76
2026-04,120242489126970641,UGC 5,UGC | baghdad iOS,120242398107390641,iOS installs | AF | 2026/4/17,13.3,39483,1010,mobile_app_install,39
2026-04,120242489126990641,UGC 3,UGC | baghdad iOS,120242398107390641,iOS installs | AF | 2026/4/17,62.7,170672,3067,mobile_app_install,149
2026-04,120242489515010641,UGC 6,UGC.Iraq | $25,120222834173730641,Profile Traffic Campaign (Followers) | $12 | May 7,4.38,14151,352,profile_visit_view,336
2026-04,120242489515000641,UGC 5,UGC.Iraq | $25,120222834173730641,Profile Traffic Campaign (Followers) | $12 | May 7,2.5,8041,58,profile_visit_view,63
2026-04,120242489300910641,UGC 1,UGC.Iraq | $25,120222834173730641,Profile Traffic Campaign (Followers) | $12 | May 7,0.11,272,11,profile_visit_view,6
2026-04,120242452468570641,PT049 - Case Study,Physiotherapy \\ Testing \\ Case Study / Proof \\ Pack 3 - Copy,120242225844470641,TESTING | Msg Vol | All Services,24.84,15306,237,onsite_conversion.messaging_conversation_started_7d,21
2026-04,120242452468560641,PT070 - Problem Solution,Physiotherapy \\ Testing \\ Problem Solution \\ Pack 1 - Copy,120242225844470641,TESTING | Msg Vol | All Services,7.66,4493,89,onsite_conversion.messaging_conversation_started_7d,8
2026-04,120243232541440641,NS025 - Copy,NS025 | Nursing,120242571085330641,Nursing | Msg Vol | WINNERS CBO - Copy,0.01,18,0,onsite_conversion.messaging_conversation_started_7d,
2026-04,120243232602300641,DRV099 - Copy,DRV099 | DrVisit,120242543666780641,DrVisit | Msg Vol | WINNERS CBO,0.17,140,4,onsite_conversion.messaging_conversation_started_7d,
2026-04,120243170382100641,PT058,PT058 | Physio,120242543867550641,Physiotherapy | Msg Vol | WINNERS CBO,0.18,210,3,onsite_conversion.messaging_conversation_started_7d,
2026-04,120243023722260641,UGC008,nursing | UGC008 | Nursing,120242571085330641,Nursing | Msg Vol | WINNERS CBO - Copy,0.65,418,9,onsite_conversion.messaging_conversation_started_7d,
2026-04,120242838571740641,PT015,PT015 | Physio,120242543867550641,Physiotherapy | Msg Vol | WINNERS CBO,238.32,382078,3358,onsite_conversion.messaging_conversation_started_7d,194
2026-04,120242544046800641,Physio - Feedback 3 - 25Aug3 - Copy 3,Physio - Feedback 3 - 25Aug3 | Physio,120242543867550641,Physiotherapy | Msg Vol | WINNERS CBO,180.39,136881,3010,onsite_conversion.messaging_conversation_started_7d,224
2026-04,120242544069810641,Physio - Feedback 1 - 25Aug3 - Copy 3,Physio - Feedback 1 | Physio,120242543867550641,Physiotherapy | Msg Vol | WINNERS CBO,91.6,77494,1663,onsite_conversion.messaging_conversation_started_7d,85
2026-04,120242544093680641,PT005 - Copy 2,PT005 | Physio,120242543867550641,Physiotherapy | Msg Vol | WINNERS CBO,32.71,24174,362,onsite_conversion.messaging_conversation_started_7d,37
2026-04,120242544007670641,Physiotherapy Jul - Design 2 - Copy 3,Physiotherapy Jul - Design 2 | Physio,120242543867550641,Physiotherapy | Msg Vol | WINNERS CBO,95.16,87194,1468,onsite_conversion.messaging_conversation_started_7d,110
2026-04,120242543990320641,PT078 ❌(High CPL) - Copy 3,PT078 | Physio,120242543867550641,Physiotherapy | Msg Vol | WINNERS CBO,4.56,3665,52,onsite_conversion.messaging_conversation_started_7d,1
2026-04,120242544025890641,🌟PT001 - Copy,PT001 | Physio,120242543867550641,Physiotherapy | Msg Vol | WINNERS CBO,21.51,11611,226,onsite_conversion.messaging_conversation_started_7d,24
2026-04,120242544019370641,PT076 - Copy 2,PT076 | Physio,120242543867550641,Physiotherapy | Msg Vol | WINNERS CBO,46.46,44803,649,onsite_conversion.messaging_conversation_started_7d,64
2026-04,120242675830740641,NS069,NS069 | Nursing,120242571085330641,Nursing | Msg Vol | WINNERS CBO - Copy,52.12,36254,422,onsite_conversion.messaging_conversation_started_7d,43
2026-04,120242571239990641,Nursing Design Sep 6 - 2 - Copy 4,Nursing Design Sep 6 - 2 | Nursing,120242571085330641,Nursing | Msg Vol | WINNERS CBO - Copy,10.44,6331,53,onsite_conversion.messaging_conversation_started_7d,1
2026-04,120242571802290641,Nursing Design Sep 6 - 4 - Copy 4,Nursing Design Sep 6 - 4 | Nursing,120242571085330641,Nursing | Msg Vol | WINNERS CBO - Copy,9.12,5189,53,onsite_conversion.messaging_conversation_started_7d,7
2026-04,120242571747590641,NS006 - Copy 3,NS006 | Nursing,120242571085330641,Nursing | Msg Vol | WINNERS CBO - Copy,42.23,34781,494,onsite_conversion.messaging_conversation_started_7d,44
2026-04,120242571280540641,Nursing - Feedback 1 - 25Aug3 - Copy 4,Nursing - Feedback 1 - 25Aug3 | Nursing,120242571085330641,Nursing | Msg Vol | WINNERS CBO - Copy,54.6,51345,706,onsite_conversion.messaging_conversation_started_7d,34
2026-04,120242571719690641,NS010 - Copy 3,NS010 | Nursing,120242571085330641,Nursing | Msg Vol | WINNERS CBO - Copy,5.82,4189,68,onsite_conversion.messaging_conversation_started_7d,8
2026-04,120242571769130641,Nursing - Direct 1 (Human Hook) - 25Aug3 - Copy 4,Nursing - Direct 1 (Human Hook) - 25Aug3 | Nursing,120242571085330641,Nursing | Msg Vol | WINNERS CBO - Copy,180.63,156558,1383,onsite_conversion.messaging_conversation_started_7d,94
2026-04,120242571297870641,NS037 - Copy 3,NS037 | Nursing,120242571085330641,Nursing | Msg Vol | WINNERS CBO - Copy,234.08,240664,2018,onsite_conversion.messaging_conversation_started_7d,154
2026-04,120242543827910641,Dr Visit talking head - Copy 4,Dr Visit Talking Head | DrVisit,120242543666780641,DrVisit | Msg Vol | WINNERS CBO,129.44,77832,1408,onsite_conversion.messaging_conversation_started_7d,89
2026-04,120242545973510641,Lab Test - 25Jul2 - General - H2 - Copy 3,Lab Test - 25Jul2 - General - H2,120242545277010641,Lab Test | Msg Vol | WINNERS CBO,109.65,62521,1048,onsite_conversion.messaging_conversation_started_7d,145
2026-04,120242544394720641,Nursing - Feedback 1 - 25Aug3 - Copy 3,Nursing - Feedback 1 - 25Aug3,120242544210890641,Nursing | Msg Vol | WINNERS CBO,9.41,6748,366,onsite_conversion.purchase,
2026-04,120242543718870641,Dr Visit - Number of visits - 25Aug3 - Copy 2,Dr Visit - Number of visits - 25Aug3 | DrVisit,120242543666780641,DrVisit | Msg Vol | WINNERS CBO,16.92,11926,164,onsite_conversion.messaging_conversation_started_7d,11
2026-04,120242545994890641,LT003 - Copy 2,LT003,120242545277010641,Lab Test | Msg Vol | WINNERS CBO,6.31,1424,70,onsite_conversion.messaging_conversation_started_7d,13
2026-04,120242543768010641,DRV004 - Copy 2,DRV004 | DrVisit,120242543666780641,DrVisit | Msg Vol | WINNERS CBO,93.95,59770,786,onsite_conversion.messaging_conversation_started_7d,87
2026-04,120242543732640641,DRV029 - Copy 2,DRV029 | DrVisit,120242543666780641,DrVisit | Msg Vol | WINNERS CBO,149.96,124150,1563,onsite_conversion.messaging_conversation_started_7d,105
2026-04,120242543789920641,Dr Visit Design Sep 6 - 5 - Copy 4,Dr Visit Design Sep 6 - 5 | DrVisit,120242543666780641,DrVisit | Msg Vol | WINNERS CBO,113.4,69871,1287,onsite_conversion.messaging_conversation_started_7d,117
2026-04,120242544734060641,Nursing Design Sep 6 - 2 - Copy 3,Nursing Design Sep 6 - 2,120242544210890641,Nursing | Msg Vol | WINNERS CBO,0.49,614,11,onsite_conversion.purchase,
2026-04,120242544448030641,Nursing - Direct 1 (Human Hook) - 25Aug3 - Copy 3,Nursing - Direct 1 (Human Hook) - 25Aug3,120242544210890641,Nursing | Msg Vol | WINNERS CBO,3.12,2226,51,onsite_conversion.purchase,
2026-04,120242544131810641,PT074 - Copy 2,PT074 | Physio,120242543867550641,Physiotherapy | Msg Vol | WINNERS CBO,8.18,6359,69,onsite_conversion.messaging_conversation_started_7d,3
2026-04,120242544788560641,NS006 - Copy 2,NS006,120242544210890641,Nursing | Msg Vol | WINNERS CBO,3.67,3965,50,onsite_conversion.purchase,
2026-04,120242545960940641,Lab Test - 25jul - post 1 - Copy 3,Lab Test - 25jul - post 1,120242545277010641,Lab Test | Msg Vol | WINNERS CBO,15.45,6682,198,onsite_conversion.messaging_conversation_started_7d,7
2026-04,120242544306820641,NS037 - Copy 2,NS037,120242544210890641,Nursing | Msg Vol | WINNERS CBO,6.25,5752,189,onsite_conversion.purchase,
2026-04,120242544938280641,NS010 - Copy 2,NS010,120242544210890641,Nursing | Msg Vol | WINNERS CBO,0.58,666,9,onsite_conversion.purchase,
2026-04,120242544356380641,Nursing Design Sep 6 - 4 - Copy 3,Nursing Design Sep 6 - 4,120242544210890641,Nursing | Msg Vol | WINNERS CBO,0.66,827,18,onsite_conversion.purchase,
2026-04,120242452758340641,UGC002,UGC | baghdad Android,120242398643690641,Android Installs | AF | 2026/4/17,13.18,25543,116,mobile_app_install,29
2026-04,120242486147100641,UGC004,UGC | baghdad Android,120242398643690641,Android Installs | AF | 2026/4/17,219.57,715951,6925,mobile_app_install,1742
2026-04,120242486147090641,UGC005,UGC | baghdad Android,120242398643690641,Android Installs | AF | 2026/4/17,9.46,23961,236,mobile_app_install,68
2026-04,120242486147080641,UGC003,UGC | baghdad Android,120242398643690641,Android Installs | AF | 2026/4/17,5.77,14831,138,mobile_app_install,43
2026-04,120242062982930641,Dr Visit - Ibraheem Reel - Copy 3,Dr Visit - Ibraheem Reel,120242062962530641,DrVisit | WINNERS CBO,1.29,662,64,onsite_conversion.purchase,
2026-04,120242398790310641,Physiotherapy App,baghdad Android,120242398643690641,Android Installs | AF | 2026/4/17,7.12,12627,106,mobile_app_install,18
2026-04,120242398643710641,Nursing App,baghdad Android,120242398643690641,Android Installs | AF | 2026/4/17,4.21,8656,76,mobile_app_install,20
2026-04,120242398817270641,Dr Visit App,baghdad Android,120242398643690641,Android Installs | AF | 2026/4/17,10.25,14588,122,mobile_app_install,17
2026-04,120242398107380641,drVisit app,baghdad iOS,120242398107390641,iOS installs | AF | 2026/4/17,3.65,6226,57,mobile_app_install,2
2026-04,120242398540350641,Nursing app,baghdad iOS,120242398107390641,iOS installs | AF | 2026/4/17,1.33,2325,62,mobile_app_install,3
2026-04,120242398509680641,Physiotherapy app,baghdad iOS,120242398107390641,iOS installs | AF | 2026/4/17,14.17,24663,284,mobile_app_install,9
2026-04,120242063321370641,Nursing - Direct 1 (Human Hook) - 25Aug3 - Copy 2,Nursing - Direct 1 (Human Hook) - 25Aug3,120242062940210641,Nursing | WINNERS CBO,55,44381,2759,onsite_conversion.purchase,
2026-04,120242063333600641,Nursing - Feedback 1 - 25Aug3 - Copy 2,Nursing - Feedback 1 - 25Aug3,120242062940210641,Nursing | WINNERS CBO,184.91,230259,9724,onsite_conversion.purchase,1
2026-04,120242063013080641,Dr Visit talking head - Copy 3,Dr Visit Talking Head,120242062962530641,DrVisit | WINNERS CBO,205.52,221122,6155,onsite_conversion.purchase,2
2026-04,120242063190670641,Dr Visit - UGC - 25Aug3 - Copy,Dr Visit - UGC - 25Aug3,120242062962530641,DrVisit | WINNERS CBO,50.02,39951,1015,onsite_conversion.purchase,
2026-04,120242063159000641,Dr Visit - Number of visits - 25Aug3 - Copy,Dr Visit - Number of visits - 25Aug3,120242062962530641,DrVisit | WINNERS CBO,30.86,20662,279,onsite_conversion.purchase,
2026-04,120242063288110641,NS010 - Copy,NS010,120242062940210641,Nursing | WINNERS CBO,2.81,3004,58,onsite_conversion.purchase,
2026-04,120242063086360641,DRV029 - Copy,DRV029,120242062962530641,DrVisit | WINNERS CBO,84.05,97386,1789,onsite_conversion.purchase,2
2026-04,120242061520580641,PT005 - Copy,PT005 | Physio,120242051468850641,Physiotherapy | WINNERS CBO,3.05,2737,42,onsite_conversion.purchase,1
2026-04,120242063387190641,PT078 ❌(High CPL) - Copy 2,PT078 | Physio,120242051468850641,Physiotherapy | WINNERS CBO,50.41,55753,4511,onsite_conversion.purchase,
2026-04,120242061721800641,Physiotherapy Jul - Design 2 - Copy 2,Physiotherapy Jul - Design 2 | Physio,120242051468850641,Physiotherapy | WINNERS CBO,112.14,102501,1573,onsite_conversion.purchase,3
2026-04,120242063472690641,Lab Test - 25jul - post 1 - Copy 2,Lab Test - 25jul - post 1,120242062962520641,Lab Test | WINNERS CBO,23.91,24835,298,onsite_conversion.purchase,
2026-04,120242063025340641,Dr Visit Design Sep 6 - 5 - Copy 3,Dr Visit Design Sep 6 - 5,120242062962530641,DrVisit | WINNERS CBO,9.58,10845,135,onsite_conversion.purchase,
2026-04,120242063353290641,Nursing Design Sep 6 - 4 - Copy 2,Nursing Design Sep 6 - 4,120242062940210641,Nursing | WINNERS CBO,6.53,7807,300,onsite_conversion.purchase,
2026-04,120242063362090641,NS037 - Copy,NS037,120242062940210641,Nursing | WINNERS CBO,115.83,152673,5618,onsite_conversion.purchase,2
2026-04,120242063449920641,Lab Test - 25Jul2 - General - H2 - Copy 2,Lab Test - 25Jul2 - General - H2,120242062962520641,Lab Test | WINNERS CBO,103.5,69129,1338,onsite_conversion.purchase,
2026-04,120242063307520641,Nursing Design Sep 6 - 2 - Copy 2,Nursing Design Sep 6 - 2,120242062940210641,Nursing | WINNERS CBO,1.79,2239,59,onsite_conversion.purchase,
2026-04,120242061761610641,Physio - Feedback 1 - 25Aug3 - Copy 2,Physio - Feedback 1 | Physio,120242051468850641,Physiotherapy | WINNERS CBO,103.13,92892,2840,onsite_conversion.purchase,2
2026-04,120242063049970641,Dr Visit - Carousell  - 25Aug3 - Copy 3,Dr Visit - Carousell  - 25Aug3,120242062962530641,DrVisit | WINNERS CBO,15.16,15394,323,onsite_conversion.purchase,1
2026-04,120242063295580641,NS006 - Copy,NS006,120242062940210641,Nursing | WINNERS CBO,32.84,48624,553,onsite_conversion.purchase,1
2026-04,120242062971830641,DRV004 - Copy,DRV004,120242062962530641,DrVisit | WINNERS CBO,12.97,7933,89,onsite_conversion.purchase,
2026-04,120242061325360641,PT076 - Copy,PT076 | Physio,120242051468850641,Physiotherapy | WINNERS CBO,22.11,20061,570,onsite_conversion.purchase,1
2026-04,120242061641180641,Physio - Feedback 3 - 25Aug3 - Copy 2,Physio - Feedback 3 - 25Aug3 | Physio,120242051468850641,Physiotherapy | WINNERS CBO,56.21,50894,1573,onsite_conversion.purchase,
2026-04,120242061258680641,🌟PT001,PT001 | Physio,120242051468850641,Physiotherapy | WINNERS CBO,37.76,37369,399,onsite_conversion.purchase,3
2026-04,120242061482170641,PT074 - Copy,PT074 | Physio,120242051468850641,Physiotherapy | WINNERS CBO,126.22,119732,1897,onsite_conversion.purchase,3
2026-04,120242063438330641,LT003 - Copy,LT003,120242062962520641,Lab Test | WINNERS CBO,16.66,7889,150,onsite_conversion.purchase,
2026-04,120241986204900641,DRV045,DrVisit \\ Testing \\ Problem Solution \\ Pack 2,120241966264500641,TESTING ABO | All Services,34,23634,455,onsite_conversion.purchase,
2026-04,120241986204890641,DRV099,DrVisit \\ Testing \\ Problem Solution \\ Pack 2,120241966264500641,TESTING ABO | All Services,34.87,41652,663,onsite_conversion.purchase,1
2026-04,120241966565190641,DRV030,DrVisit \\ Testing \\ Problem Solution \\ Pack 2,120241966264500641,TESTING ABO | All Services,4.15,6083,111,onsite_conversion.purchase,
2026-04,120241990311930641,NS091,Nursing \\ Testing \\ Problem Solution \\ Pack 1,120241966264500641,TESTING ABO | All Services,3.25,3941,126,onsite_conversion.purchase,
2026-04,120241991691330641,NS069,Nursing \\ Testing \\ Direct Offer \\ Pack 2,120241966264500641,TESTING ABO | All Services,74.32,124719,2083,onsite_conversion.purchase,1
2026-04,120241992007560641,NS036,Nursing \\ Testing \\ Data / Stat Drop \\ Pack 3,120241966264500641,TESTING ABO | All Services,2.7,3494,121,onsite_conversion.purchase,
2026-04,120241994394930641,LT043,Lab Test \\ Testing \\ Problem Solution \\ Pack 1,120241966264500641,TESTING ABO | All Services,0.11,116,4,onsite_conversion.purchase,
2026-04,120241989544930641,PT045,Physiotherapy \\ Testing \\ Case Study / Proof \\ Pack 3,120241966264500641,TESTING ABO | All Services,71.46,76095,1457,onsite_conversion.purchase,2
2026-04,120241992368200641,LT075,Lab Test \\ Testing \\ Problem Solution \\ Pack 1,120241966264500641,TESTING ABO | All Services,35.75,45117,517,onsite_conversion.purchase,
2026-04,120241992079610641,NS028,Nursing \\ Testing \\ Data / Stat Drop \\ Pack 3,120241966264500641,TESTING ABO | All Services,6.17,8654,212,onsite_conversion.purchase,
2026-04,120241992079620641,NS025,Nursing \\ Testing \\ Data / Stat Drop \\ Pack 3,120241966264500641,TESTING ABO | All Services,23.46,50747,952,onsite_conversion.purchase,
2026-04,120241994384300641,LT071,Lab Test \\ Testing \\ Problem Solution \\ Pack 1,120241966264500641,TESTING ABO | All Services,45.63,24439,778,onsite_conversion.purchase,1
2026-04,120241991804500641,NS085,Nursing \\ Testing \\ Data / Stat Drop \\ Pack 3,120241966264500641,TESTING ABO | All Services,32.87,25644,1432,onsite_conversion.purchase,
2026-04,120241966524580641,DRV032,DrVisit \\ Testing \\ Myth Busting \\ Pack 1,120241966264500641,TESTING ABO | All Services,0.41,331,16,onsite_conversion.purchase,
2026-04,120241989520440641,PT049,Physiotherapy \\ Testing \\ Case Study / Proof \\ Pack 3,120241966264500641,TESTING ABO | All Services,1.88,2411,39,onsite_conversion.purchase,
2026-04,120241988393220641,PT061,Physiotherapy \\ Testing \\ Emotional Story \\ Pack 2,120241966264500641,TESTING ABO | All Services,31.97,30308,730,onsite_conversion.purchase,2
2026-04,120241989215610641,PT036,Physiotherapy \\ Testing \\ Case Study / Proof \\ Pack 3,120241966264500641,TESTING ABO | All Services,0.21,94,2,onsite_conversion.purchase,
2026-04,120241966524570641,DRV047,DrVisit \\ Testing \\ Myth Busting \\ Pack 1,120241966264500641,TESTING ABO | All Services,7.32,8075,109,onsite_conversion.purchase,1
2026-04,120241989173970641,PT015,Physiotherapy \\ Testing \\ Emotional Story \\ Pack 2,120241966264500641,TESTING ABO | All Services,49.76,48531,1846,onsite_conversion.purchase,1
2026-04,120241988736500641,PT058,Physiotherapy \\ Testing \\ Problem Solution \\ Pack 1,120241966264500641,TESTING ABO | All Services,24.92,35746,396,onsite_conversion.purchase,1
2026-04,120241986349250641,DRV028,DrVisit \\ Testing \\ Emotional Story \\ Pack 3,120241966264500641,TESTING ABO | All Services,7.15,5908,129,onsite_conversion.purchase,
2026-04,120241989944890641,NS040,Nursing \\ Testing \\ Problem Solution \\ Pack 1,120241966264500641,TESTING ABO | All Services,61.9,70296,4786,onsite_conversion.purchase,1
2026-04,120241986884620641,DRV064,DrVisit \\ Testing \\ Emotional Story \\ Pack 3,120241966264500641,TESTING ABO | All Services,69.56,70136,2776,onsite_conversion.purchase,1
2026-04,120241966524560641,DRV092,DrVisit \\ Testing \\ Myth Busting \\ Pack 1,120241966264500641,TESTING ABO | All Services,60.81,37500,1445,onsite_conversion.purchase,
2026-04,120241966264520641,DRV020,DrVisit \\ Testing \\ Myth Busting \\ Pack 1,120241966264500641,TESTING ABO | All Services,12.27,14822,220,onsite_conversion.purchase,1
2026-04,120241988097470641,PT035,Physiotherapy \\ Testing \\ Problem Solution \\ Pack 1,120241966264500641,TESTING ABO | All Services,2.66,2060,84,onsite_conversion.purchase,
2026-04,120239466062370641,GA037 - H1,Taha Founder Videos | 26.2.19 | $20,120232492438500641,Purchase | Andromeda | 25.10.9,193.22,110443,4322,onsite_conversion.purchase,8
2026-04,120235145657500641,🌟PT001,Physiotherapy | 25.10.9 | $56.25,120232492438500641,Purchase | Andromeda | 25.10.9,15.17,7524,103,onsite_conversion.purchase,1
2026-04,120240745095510641,PT077,Physiotherapy | 25.10.9 | $56.25,120232492438500641,Purchase | Andromeda | 25.10.9,0.82,408,6,onsite_conversion.purchase,
2026-04,120240744110620641,PT074,Physiotherapy | 25.10.9 | $56.25,120232492438500641,Purchase | Andromeda | 25.10.9,164.64,135483,2765,onsite_conversion.purchase,6
2026-04,120240745095530641,PT075,Physiotherapy | 25.10.9 | $56.25,120232492438500641,Purchase | Andromeda | 25.10.9,19.86,16225,323,onsite_conversion.purchase,2
2026-04,120240745095520641,PT076,Physiotherapy | 25.10.9 | $56.25,120232492438500641,Purchase | Andromeda | 25.10.9,17.19,11823,276,onsite_conversion.purchase,1
2026-04,120239107083390641,Pt087,Physiotherapy 2 | 26.02.10 | $19,120232492438500641,Purchase | Andromeda | 25.10.9,0.69,508,4,onsite_conversion.purchase,
2026-04,120239107123900641,Pt088,Physiotherapy 2 | 26.02.10 | $19,120232492438500641,Purchase | Andromeda | 25.10.9,1.78,1334,29,onsite_conversion.purchase,
2026-04,120239107135010641,Pt089,Physiotherapy 2 | 26.02.10 | $19,120232492438500641,Purchase | Andromeda | 25.10.9,56.83,63883,634,onsite_conversion.purchase,2
2026-04,120239105460530641,DRV111,Dr Visit | 25.10.9 | $56.25,120232492438500641,Purchase | Andromeda | 25.10.9,480.9,417822,7860,onsite_conversion.purchase,8
2026-04,120222834173700641,AirBag Nursing - Vertical - Copy,AirBag Videos. | $12,120222834173730641,Profile Traffic Campaign (Followers) | $12 | May 7,16.16,63713,898,total_profile_visits,772
2026-04,120222834173710641,AirBag Physiotherapy - Vertical - Copy,AirBag Videos. | $12,120222834173730641,Profile Traffic Campaign (Followers) | $12 | May 7,48.55,70739,2440,total_profile_visits,2389
2026-04,120235214667350641,Dr UGC,UGC 1 | $6,120222834173730641,Profile Traffic Campaign (Followers) | $12 | May 7,65.15,203387,2914,total_profile_visits,2837
2026-04,120233713340340641,DRV017,Dr Visit | 25.10.9 | $56.25,120232492438500641,Purchase | Andromeda | 25.10.9,17.37,9007,137,onsite_conversion.purchase,
2026-04,120235213755500641,لا تخلي الانترنت يشخص حالتك,UGC 1 | $6,120222834173730641,Profile Traffic Campaign (Followers) | $12 | May 7,21.82,36690,996,total_profile_visits,972
2026-04,120232493372800641,Lab Test - 25Jul2 - General - H2 - Copy,Lab Test | 25.10.9 | $31.25,120232492438500641,Purchase | Andromeda | 25.10.9,81.46,42034,875,onsite_conversion.purchase,6
2026-04,120222834173720641,AirBag Dr Visit - Vertical - Copy,AirBag Videos. | $12,120222834173730641,Profile Traffic Campaign (Followers) | $12 | May 7,22.62,38574,1164,total_profile_visits,1084
2026-04,120236430766070641,NS010,Nursing | 25.10.9 | $50,120232492438500641,Purchase | Andromeda | 25.10.9,9.25,8667,72,onsite_conversion.purchase,
2026-04,120232492589210641,Dr Visit - Ibraheem Reel - Copy 2,Dr Visit | 25.10.9 | $56.25,120232492438500641,Purchase | Andromeda | 25.10.9,8.37,3716,102,onsite_conversion.purchase,
2026-04,120236429187020641,NS006,Nursing | 25.10.9 | $50,120232492438500641,Purchase | Andromeda | 25.10.9,120.7,139017,1678,onsite_conversion.purchase,4
2026-04,120233712830340641,DRV015,Dr Visit | 25.10.9 | $56.25,120232492438500641,Purchase | Andromeda | 25.10.9,3.98,3126,32,onsite_conversion.purchase,
2026-04,120233300273200641,DRV004,Dr Visit | 25.10.9 | $56.25,120232492438500641,Purchase | Andromeda | 25.10.9,12.5,10500,130,onsite_conversion.purchase,
2026-04,120232493423270641,physio may 1 - H5 v2 - price - Copy 3,Physiotherapy | 25.10.9 | $56.25,120232492438500641,Purchase | Andromeda | 25.10.9,274.36,247984,3821,onsite_conversion.purchase,9
2026-04,120232492994050641,Nursing Design Sep 6 - 2 - Copy,Nursing | 25.10.9 | $50,120232492438500641,Purchase | Andromeda | 25.10.9,3.29,5259,42,onsite_conversion.purchase,
2026-04,120232492994040641,Nursing Design Sep 6 - 3 - Copy,Nursing | 25.10.9 | $50,120232492438500641,Purchase | Andromeda | 25.10.9,160.51,131655,2294,onsite_conversion.purchase,5
2026-04,120234968237730641,LT003,Lab Test | 25.10.9 | $31.25,120232492438500641,Purchase | Andromeda | 25.10.9,8.28,2732,77,onsite_conversion.purchase,
2026-04,120238561214110641,DRV091,Dr Visit,120238560005370641,Messages Campaign | Jan 2026,2.81,2001,31,onsite_conversion.messaging_conversation_started_7d,2
2026-04,120238561155370641,DRV029,Dr Visit,120238560005370641,Messages Campaign | Jan 2026,217.72,225098,2853,onsite_conversion.messaging_conversation_started_7d,178
2026-04,120238560806820641,NS037,Nursing,120238560005370641,Messages Campaign | Jan 2026,203.22,235387,1880,onsite_conversion.messaging_conversation_started_7d,118
2026-04,120242543816500641,Dr Visit - Ibraheem Reel - Copy 4,Dr Visit - Ibraheem Reel | DrVisit,120242543666780641,DrVisit | Msg Vol | WINNERS CBO,15.02,4944,161,onsite_conversion.messaging_conversation_started_7d,6
2026-04,120242489514970641,UGC 2,UGC.Iraq | $25,120222834173730641,Profile Traffic Campaign (Followers) | $12 | May 7,0.05,296,2,profile_visit_view,2
2026-04,120242489514990641,UGC 4,UGC.Iraq | $25,120222834173730641,Profile Traffic Campaign (Followers) | $12 | May 7,302.38,709309,21607,profile_visit_view,15535
2026-04,120242486147110641,UGC006,UGC | baghdad Android,120242398643690641,Android Installs | AF | 2026/4/17,91.21,244432,2679,mobile_app_install,625
2026-04,120242452468860641,NS091 - Problem Solution,Nursing \\ Testing \\ Problem Solution \\ Pack 1 - Copy,120242225844470641,TESTING | Msg Vol | All Services,3.7,3329,25,onsite_conversion.messaging_conversation_started_7d,
2026-04,120242452468820641,LT075,Lab Test \\ Testing \\ Problem Solution \\ Pack 1 - Copy,120242225844470641,TESTING | Msg Vol | All Services,18.45,5557,132,onsite_conversion.messaging_conversation_started_7d,16
2026-04,120234968112620641,LT002,Lab Test | 25.10.9 | $31.25,120232492438500641,Purchase | Andromeda | 25.10.9,142.74,68364,1754,onsite_conversion.purchase,3
2026-04,120240436905270641,NS072,Nursing | 25.10.9 | $50,120232492438500641,Purchase | Andromeda | 25.10.9,117.06,96033,3212,onsite_conversion.purchase,1
2026-04,120242452468880641,NS076 - Problem Solution,Nursing \\ Testing \\ Problem Solution \\ Pack 1 - Copy,120242225844470641,TESTING | Msg Vol | All Services,0.86,911,5,onsite_conversion.messaging_conversation_started_7d,
2026-04,120242452468550641,PT035,Physiotherapy \\ Testing \\ Problem Solution \\ Pack 1 - Copy,120242225844470641,TESTING | Msg Vol | All Services,70.6,44349,612,onsite_conversion.messaging_conversation_started_7d,53
2026-04,120242452468810641,NS028,Nursing \\ Testing \\ Data / Stat Drop \\ Pack 3 - Copy,120242225844470641,TESTING | Msg Vol | All Services,5.17,3896,48,onsite_conversion.messaging_conversation_started_7d,6
2026-04,120242452468540641,PT058,Physiotherapy \\ Testing \\ Problem Solution \\ Pack 1 - Copy,120242225844470641,TESTING | Msg Vol | All Services,70.26,55699,887,onsite_conversion.messaging_conversation_started_7d,40
2026-04,120242452468530641,PT085 - Problem Solution,Physiotherapy \\ Testing \\ Problem Solution \\ Pack 1 - Copy,120242225844470641,TESTING | Msg Vol | All Services,8.69,7199,118,onsite_conversion.messaging_conversation_started_7d,5
2026-04,120242452468800641,NS085,Nursing \\ Testing \\ Data / Stat Drop \\ Pack 3 - Copy,120242225844470641,TESTING | Msg Vol | All Services,22.84,13742,101,onsite_conversion.messaging_conversation_started_7d,1
2026-04,120242226328170641,DRV099,DrVisit \\ Testing \\ Problem Solution \\ Pack 2 - Copy,120242225844470641,TESTING | Msg Vol | All Services,81.68,58178,972,onsite_conversion.messaging_conversation_started_7d,73
2026-04,120242452468760641,NS025,Nursing \\ Testing \\ Data / Stat Drop \\ Pack 3 - Copy,120242225844470641,TESTING | Msg Vol | All Services,54.03,42484,587,onsite_conversion.messaging_conversation_started_7d,37
2026-04,120242226328130641,DRV045,DrVisit \\ Testing \\ Problem Solution \\ Pack 2 - Copy,120242225844470641,TESTING | Msg Vol | All Services,74.9,63517,1030,onsite_conversion.messaging_conversation_started_7d,64
2026-04,120242452468840641,NS036,Nursing \\ Testing \\ Data / Stat Drop \\ Pack 3 - Copy,120242225844470641,TESTING | Msg Vol | All Services,7.3,6677,78,onsite_conversion.messaging_conversation_started_7d,7
2026-04,120242452468470641,NS092,Nursing \\ Testing \\ Problem Solution \\ Pack 1 - Copy,120242225844470641,TESTING | Msg Vol | All Services,6.52,4252,51,onsite_conversion.messaging_conversation_started_7d,4
2026-04,120242452468490641,PT036,Physiotherapy \\ Testing \\ Case Study / Proof \\ Pack 3 - Copy,120242225844470641,TESTING | Msg Vol | All Services,26.16,18866,280,onsite_conversion.messaging_conversation_started_7d,18
2026-04,120242452468770641,LT071,Lab Test \\ Testing \\ Problem Solution \\ Pack 1 - Copy,120242225844470641,TESTING | Msg Vol | All Services,135.89,63316,1275,onsite_conversion.messaging_conversation_started_7d,111
2026-04,120242226328200641,DRV081,DrVisit \\ Testing \\ Emotional Story \\ Pack 3 - Copy,120242225844470641,TESTING | Msg Vol | All Services,1.17,1071,11,onsite_conversion.messaging_conversation_started_7d,
2026-04,120242452468680641,LT043,Lab Test \\ Testing \\ Problem Solution \\ Pack 1 - Copy,120242225844470641,TESTING | Msg Vol | All Services,1.93,1018,26,onsite_conversion.messaging_conversation_started_7d,4
2026-04,120242226328120641,DRV030,DrVisit \\ Testing \\ Problem Solution \\ Pack 2 - Copy,120242225844470641,TESTING | Msg Vol | All Services,23.6,15578,207,onsite_conversion.messaging_conversation_started_7d,14
2026-04,120242226328180641,DRV064,DrVisit \\ Testing \\ Emotional Story \\ Pack 3 - Copy,120242225844470641,TESTING | Msg Vol | All Services,148.64,115748,1790,onsite_conversion.messaging_conversation_started_7d,177
2026-04,120242452468480641,PT045,Physiotherapy \\ Testing \\ Case Study / Proof \\ Pack 3 - Copy,120242225844470641,TESTING | Msg Vol | All Services,106.02,101774,1564,onsite_conversion.messaging_conversation_started_7d,101
2026-04,120242226328150641,DRV028,DrVisit \\ Testing \\ Emotional Story \\ Pack 3 - Copy,120242225844470641,TESTING | Msg Vol | All Services,41.83,34794,312,onsite_conversion.messaging_conversation_started_7d,22
2026-04,120242452468870641,NS040,Nursing \\ Testing \\ Problem Solution \\ Pack 1 - Copy,120242225844470641,TESTING | Msg Vol | All Services,97.24,78325,862,onsite_conversion.messaging_conversation_started_7d,35
2026-04,120242226328230641,DRV047,DrVisit \\ Testing \\ Myth Busting \\ Pack 1 - Copy,120242225844470641,TESTING | Msg Vol | All Services,104.56,71982,1483,onsite_conversion.messaging_conversation_started_7d,100
2026-04,120242226328210641,DRV032,DrVisit \\ Testing \\ Myth Busting \\ Pack 1 - Copy,120242225844470641,TESTING | Msg Vol | All Services,26.46,15621,248,onsite_conversion.messaging_conversation_started_7d,23
2026-04,120242226328190641,DRV020,DrVisit \\ Testing \\ Myth Busting \\ Pack 1 - Copy,120242225844470641,TESTING | Msg Vol | All Services,18.94,14927,187,onsite_conversion.messaging_conversation_started_7d,20
2026-04,120242452468510641,PT015,Physiotherapy \\ Testing \\ Emotional Story \\ Pack 2 - Copy,120242225844470641,TESTING | Msg Vol | All Services,62.59,90097,1182,onsite_conversion.messaging_conversation_started_7d,89
2026-04,120242452468520641,PT061,Physiotherapy \\ Testing \\ Emotional Story \\ Pack 2 - Copy,120242225844470641,TESTING | Msg Vol | All Services,77.21,72841,803,onsite_conversion.messaging_conversation_started_7d,49
2026-04,120242226328240641,DRV092,DrVisit \\ Testing \\ Myth Busting \\ Pack 1 - Copy,120242225844470641,TESTING | Msg Vol | All Services,16.62,5845,89,onsite_conversion.messaging_conversation_started_7d,6
2026-04,120242452468830641,NS069,Nursing \\ Testing \\ Direct Offer \\ Pack 2 - Copy,120242225844470641,TESTING | Msg Vol | All Services,27.38,24340,277,onsite_conversion.messaging_conversation_started_7d,16
2026-04,120241986884630641,DRV081,DrVisit \\ Testing \\ Emotional Story \\ Pack 3,120241966264500641,TESTING ABO | All Services,4.05,2764,101,onsite_conversion.purchase,
2026-04,120241988822180641,PT070,Physiotherapy \\ Testing \\ Problem Solution \\ Pack 1,120241966264500641,TESTING ABO | All Services,16.09,21345,354,onsite_conversion.purchase,
2026-04,120241988097460641,PT085,Physiotherapy \\ Testing \\ Problem Solution \\ Pack 1,120241966264500641,TESTING ABO | All Services,37.54,43563,610,onsite_conversion.purchase,
2026-04,120241990191790641,NS076,Nursing \\ Testing \\ Problem Solution \\ Pack 1,120241966264500641,TESTING ABO | All Services,9.8,6432,518,onsite_conversion.purchase,
2026-04,120241989662420641,NS092,Nursing \\ Testing \\ Problem Solution \\ Pack 1,120241966264500641,TESTING ABO | All Services,6.15,6832,224,onsite_conversion.purchase,
2026-04,120242543750670641,Dr Visit - Carousell  - 25Aug3 - Copy 4,Dr Visit - Carousell  - 25Aug3 | DrVisit,120242543666780641,DrVisit | Msg Vol | WINNERS CBO,9.1,6179,112,onsite_conversion.messaging_conversation_started_7d,13
2026-04,120241989567820641,PT073,Physiotherapy \\ Testing \\ Case Study / Proof \\ Pack 3,120241966264500641,TESTING ABO | All Services,8.49,8839,138,onsite_conversion.purchase,
2026-04,120241990690930641,NS065,Nursing \\ Testing \\ Direct Offer \\ Pack 2,120241966264500641,TESTING ABO | All Services,7.13,14127,235,onsite_conversion.purchase,
2026-04,120241986204880641,DRV066,DrVisit \\ Testing \\ Problem Solution \\ Pack 2,120241966264500641,TESTING ABO | All Services,8.06,7594,459,onsite_conversion.purchase,
2026-04,120240436905280641,NS087,Nursing | 25.10.9 | $50,120232492438500641,Purchase | Andromeda | 25.10.9,171.7,131236,4361,onsite_conversion.purchase,3
2026-04,120239107021630641,PT091,Physiotherapy 2 | 26.02.10 | $19,120232492438500641,Purchase | Andromeda | 25.10.9,2.07,3107,40,onsite_conversion.purchase,
2026-04,120240828519960641,PT035,physio $10,120238560005370641,Messages Campaign | Jan 2026,43.01,37223,471,onsite_conversion.messaging_conversation_started_7d,26
2026-04,120240828514960641,PT078 ❌(High CPL) - Copy,physio $10,120238560005370641,Messages Campaign | Jan 2026,8.56,7488,135,onsite_conversion.messaging_conversation_started_7d,7
2026-04,120232492589110641,Dr Visit - UGC - 25Aug3 - Copy 2,Dr Visit | 25.10.9 | $56.25,120232492438500641,Purchase | Andromeda | 25.10.9,248.16,165812,4521,onsite_conversion.purchase,1
2026-04,120238560967430641,DRV028,Dr Visit,120238560005370641,Messages Campaign | Jan 2026,11.02,9072,163,onsite_conversion.messaging_conversation_started_7d,16
2026-05,120243699693660641,LT093 - Friday Campaign,Friday Lab Test,120243699693650641,Friday Campaign,355.11,200682,2413,onsite_conversion.messaging_conversation_started_7d,213
2026-05,120243700075830641,DRV127 - Friday Campaign,Friday Dr Visit,120243699693650641,Friday Campaign,67.27,39269,458,onsite_conversion.messaging_conversation_started_7d,38
2026-05,120243699941590641,LT092 - Friday Campaign,Friday Lab Test,120243699693650641,Friday Campaign,14.23,8212,60,onsite_conversion.messaging_conversation_started_7d,4
2026-05,120243699941600641,LT094 - Friday Campaign,Friday Lab Test,120243699693650641,Friday Campaign,21.6,12038,177,onsite_conversion.messaging_conversation_started_7d,15
2026-05,120243700075810641,DRV126 - Friday Campaign,Friday Dr Visit,120243699693650641,Friday Campaign,53.87,25443,302,onsite_conversion.messaging_conversation_started_7d,28
2026-05,120243700075840641,DRV128 - Friday Campaign,Friday Dr Visit,120243699693650641,Friday Campaign,38.21,21648,235,onsite_conversion.messaging_conversation_started_7d,18
2026-05,120242489127000641,UGC 4,UGC | baghdad iOS,120242398107390641,iOS installs | AF | 2026/4/17,94.49,214939,5031,mobile_app_install,182
2026-05,120242488994880641,UGC 2,UGC | baghdad iOS,120242398107390641,iOS installs | AF | 2026/4/17,12.85,28439,356,mobile_app_install,22
2026-05,120242489126980641,UGC 6,UGC | baghdad iOS,120242398107390641,iOS installs | AF | 2026/4/17,458.16,851379,16331,mobile_app_install,629
2026-05,120242489126970641,UGC 5,UGC | baghdad iOS,120242398107390641,iOS installs | AF | 2026/4/17,10.32,22292,400,mobile_app_install,8
2026-05,120242489126990641,UGC 3,UGC | baghdad iOS,120242398107390641,iOS installs | AF | 2026/4/17,196.54,412918,6441,mobile_app_install,331
2026-05,120242489515010641,UGC 6,UGC.Iraq | $25,120222834173730641,Profile Traffic Campaign (Followers) | $12 | May 7,85.09,157342,7067,profile_visit_view,6461
2026-05,120242489515000641,UGC 5,UGC.Iraq | $25,120222834173730641,Profile Traffic Campaign (Followers) | $12 | May 7,0.24,460,10,profile_visit_view,13
2026-05,120242489514980641,UGC 3,UGC.Iraq | $25,120222834173730641,Profile Traffic Campaign (Followers) | $12 | May 7,0.02,126,2,profile_visit_view,2
2026-05,120242489300910641,UGC 1,UGC.Iraq | $25,120222834173730641,Profile Traffic Campaign (Followers) | $12 | May 7,5.16,9682,352,profile_visit_view,253
2026-05,120243795563060641,🌟PT001 - Copy,PT001 | Physio,120243795563080641,Physiotherapy | Msg Vol | WINNERS ABO,268.12,130108,1962,onsite_conversion.messaging_conversation_started_7d,169
2026-05,120243795563070641,Physiotherapy Jul - Design 2 - Copy 3,Physiotherapy Jul - Design 2 | Physio,120243795563080641,Physiotherapy | Msg Vol | WINNERS ABO,255.62,243692,3087,onsite_conversion.messaging_conversation_started_7d,244
2026-05,120243795563110641,PT015,PT015 | Physio,120243795563080641,Physiotherapy | Msg Vol | WINNERS ABO,266.83,268379,2861,onsite_conversion.messaging_conversation_started_7d,207
2026-05,120244631748730641,NS006,Mix services | Calls,120244465663740641,Calls Test,2.98,2186,37,click_to_call_native_call_placed,
2026-05,120244632022170641,Maadh Nursing Video 3 | 2024 Nov 12 - Copy 3,Mix services | Calls,120244465663740641,Calls Test,5.74,2536,47,click_to_call_native_call_placed,3
2026-05,120244631909370641,DRV111,Mix services | Calls,120244465663740641,Calls Test,1.41,1749,26,click_to_call_native_call_placed,
2026-05,120244632147810641,Nursing - Feedback 3,Mix services | Calls,120244465663740641,Calls Test,1.66,1075,19,click_to_call_native_call_placed,
2026-05,120244630080270641,short Ad - Physio,Mix services | Calls,120244465663740641,Calls Test,19.34,8735,280,click_to_call_native_call_placed,7
2026-05,120244632356330641,Dr Visit - Kid,Mix services | Calls,120244465663740641,Calls Test,11.63,4334,86,click_to_call_native_call_placed,4
2026-05,120243794810760641,NS010 - Copy 3,NS010 | Nursing,120243794810700641,Nursing | Msg Vol | WINNERS ABO,190.49,155137,1747,onsite_conversion.messaging_conversation_started_7d,183
2026-05,120243794810740641,NS037 - Copy 3,NS037 | Nursing,120243794810700641,Nursing | Msg Vol | WINNERS ABO,157.25,136324,1209,onsite_conversion.messaging_conversation_started_7d,92
2026-05,120243794810800641,NS069,NS069 | Nursing,120243794810700641,Nursing | Msg Vol | WINNERS ABO,376.37,279834,3072,onsite_conversion.messaging_conversation_started_7d,261
2026-05,120243794810750641,NS006 - Copy 3,NS006 | Nursing,120243794810700641,Nursing | Msg Vol | WINNERS ABO,275.44,252151,3104,onsite_conversion.messaging_conversation_started_7d,340
2026-05,120243794810770641,UGC008,nursing | UGC008 | Nursing,120243794810700641,Nursing | Msg Vol | WINNERS ABO,159.87,112855,2266,onsite_conversion.messaging_conversation_started_7d,224
2026-05,120243794810850641,NS028 - scaling,NS028 | Nursing,120243794810700641,Nursing | Msg Vol | WINNERS ABO,194.2,136204,1352,onsite_conversion.messaging_conversation_started_7d,145
2026-05,120244264253820641,DPL001,Doppler \\ All In 1 \\ $25,120242225844470641,TESTING | Msg Vol | All Services,0.54,394,5,onsite_conversion.messaging_conversation_started_7d,1
2026-05,120244364479110641,BTX007,Botox \\ Testing \\ Direct Offer + Problem Solution,120242225844470641,TESTING | Msg Vol | All Services,41.32,31159,432,onsite_conversion.messaging_conversation_started_7d,29
2026-05,120243988682830641,BB005,B2B | Baghdad,120243987229290641,B2B | Msg Vol | 2026 May 14,7.01,34110,529,link_click,471
2026-05,120244264484520641,DPL004,Doppler \\ All In 1 \\ $25,120242225844470641,TESTING | Msg Vol | All Services,4.11,4019,51,onsite_conversion.messaging_conversation_started_7d,1
2026-05,120244264484460641,DPL013,Doppler \\ All In 1 \\ $25,120242225844470641,TESTING | Msg Vol | All Services,0.1,141,2,onsite_conversion.messaging_conversation_started_7d,
2026-05,120242452468570641,PT049 - Case Study,Physiotherapy \\ Testing \\ Case Study / Proof \\ Pack 3 - Copy,120242225844470641,TESTING | Msg Vol | All Services,55.2,26773,391,onsite_conversion.messaging_conversation_started_7d,23
2026-05,120244456296490641,DRV111 - Copy,DrVisit Retargeting,120244454826100641,Retargeting CBO | All customers list,1.16,519,11,onsite_conversion.purchase,
2026-05,120244264484450641,DPL012,Doppler \\ All In 1 \\ $25,120242225844470641,TESTING | Msg Vol | All Services,2.27,1491,30,onsite_conversion.messaging_conversation_started_7d,4
2026-05,120244364337410641,BTX004,Botox \\ Testing \\ IG Questions Box + FEATURE & BENEFIT,120242225844470641,TESTING | Msg Vol | All Services,33.85,22046,316,onsite_conversion.messaging_conversation_started_7d,21
2026-05,120242452468560641,PT070 - Problem Solution,Physiotherapy \\ Testing \\ Problem Solution \\ Pack 1 - Copy,120242225844470641,TESTING | Msg Vol | All Services,70.27,29388,595,onsite_conversion.messaging_conversation_started_7d,47
2026-05,120243987229280641,BB001,B2B | Baghdad,120243987229290641,B2B | Msg Vol | 2026 May 14,7.34,29126,789,link_click,738
2026-05,120244264484440641,DPL009,Doppler \\ All In 1 \\ $25,120242225844470641,TESTING | Msg Vol | All Services,0.4,493,1,onsite_conversion.messaging_conversation_started_7d,
2026-05,120244264484560641,DPL011,Doppler \\ All In 1 \\ $25,120242225844470641,TESTING | Msg Vol | All Services,0.24,283,10,onsite_conversion.messaging_conversation_started_7d,2
2026-05,120243797074350641,DRV004 - Copy 2,DRV004 | DrVisit,120243797074370641,DrVisit | Msg Vol | WINNERS ABO,112.16,71689,778,onsite_conversion.messaging_conversation_started_7d,90
2026-05,120244364337390641,BTX006,Botox \\ Testing \\ IG Questions Box + FEATURE & BENEFIT,120242225844470641,TESTING | Msg Vol | All Services,3.07,2471,27,onsite_conversion.messaging_conversation_started_7d,2
2026-05,120244264484470641,DPL014,Doppler \\ All In 1 \\ $25,120242225844470641,TESTING | Msg Vol | All Services,17.09,13539,329,onsite_conversion.messaging_conversation_started_7d,34
2026-05,120244364337420641,BTX005,Botox \\ Testing \\ IG Questions Box + FEATURE & BENEFIT,120242225844470641,TESTING | Msg Vol | All Services,20.92,22044,494,onsite_conversion.messaging_conversation_started_7d,44
2026-05,120244264484490641,DPL016,Doppler \\ All In 1 \\ $25,120242225844470641,TESTING | Msg Vol | All Services,2.1,1528,25,onsite_conversion.messaging_conversation_started_7d,1
2026-05,120244456219570641,physio may 1 - H5 v2 - price - Copy 4,Physiotherapy Retargeting,120244454826100641,Retargeting CBO | All customers list,9.24,2601,42,onsite_conversion.purchase,
2026-05,120244456510530641,Nursing - Feedback 3 - 25Aug3 - Copy 2,Nursing Retargeting,120244454826100641,Retargeting CBO | All customers list,11.33,3643,66,onsite_conversion.purchase,
2026-05,120243797074570641,DRV020,DRV020 | Dr Visit,120243797074370641,DrVisit | Msg Vol | WINNERS ABO,410.48,257025,3283,onsite_conversion.messaging_conversation_started_7d,343
2026-05,120243798462660641,PT110 - Case Study,Physiotherapy \\ Testing \\ Case Study / Proof \\ Pack 3 - Copy,120242225844470641,TESTING | Msg Vol | All Services,46.11,34693,539,onsite_conversion.messaging_conversation_started_7d,32
2026-05,120244264484420641,DPL005,Doppler \\ All In 1 \\ $25,120242225844470641,TESTING | Msg Vol | All Services,5.56,3167,31,onsite_conversion.messaging_conversation_started_7d,1
2026-05,120243798260130641,DRV071 - FEATURE & BENEFIT,DrVisit \\ Testing \\ FEATURE & BENEFIT \\ Pack 4,120242225844470641,TESTING | Msg Vol | All Services,11.89,8023,83,onsite_conversion.messaging_conversation_started_7d,8
2026-05,120244456219590641,short Ad - Physio - Copy 2,Physiotherapy Retargeting,120244454826100641,Retargeting CBO | All customers list,2.62,913,8,onsite_conversion.purchase,
2026-05,120244456290570641,Dr Visit - UGC - 25Aug3 - Copy 3,DrVisit Retargeting,120244454826100641,Retargeting CBO | All customers list,19.22,5356,89,onsite_conversion.purchase,
2026-05,120243794810810641,NS040 - scaling,NS040 | Nursing,120243794810700641,Nursing | Msg Vol | WINNERS ABO,205.43,122084,1295,onsite_conversion.messaging_conversation_started_7d,85
2026-05,120244264484480641,DPL015,Doppler \\ All In 1 \\ $25,120242225844470641,TESTING | Msg Vol | All Services,0.38,439,17,onsite_conversion.messaging_conversation_started_7d,1
2026-05,120243988682820641,BB004,B2B | Baghdad,120243987229290641,B2B | Msg Vol | 2026 May 14,80.28,390375,6346,link_click,5883
2026-05,120243988682800641,BB002,B2B | Baghdad,120243987229290641,B2B | Msg Vol | 2026 May 14,13.96,56393,1255,link_click,1148
2026-05,120243795563130641,PT049,PT049 | Physio,120243795563080641,Physiotherapy | Msg Vol | WINNERS ABO,123.86,72622,1059,onsite_conversion.messaging_conversation_started_7d,60
2026-05,120243799397840641,PT100 - Problem Solution,Physiotherapy \\ Testing \\ Problem Solution \\ Pack 1 - Copy,120242225844470641,TESTING | Msg Vol | All Services,4.42,4002,48,onsite_conversion.messaging_conversation_started_7d,
2026-05,120243988600290641,BB006,B2B | Baghdad,120243987229290641,B2B | Msg Vol | 2026 May 14,2.62,4533,156,link_click,148
2026-05,120243795563150641,PT058,PT058 | Physio,120243795563080641,Physiotherapy | Msg Vol | WINNERS ABO,287.47,178968,2526,onsite_conversion.messaging_conversation_started_7d,191
2026-05,120244456473500641,Nursing - Aug - Cutdown 2 - Price - Copy 2,Nursing Retargeting,120244454826100641,Retargeting CBO | All customers list,0.22,113,1,onsite_conversion.purchase,
2026-05,120244456473510641,NS006 - Copy,Nursing Retargeting,120244454826100641,Retargeting CBO | All customers list,0.38,170,5,onsite_conversion.purchase,
2026-05,120244364297540641,BTX002,Botox \\ Testing \\ Problem Solution,120242225844470641,TESTING | Msg Vol | All Services,37.62,27182,336,onsite_conversion.messaging_conversation_started_7d,18
2026-05,120243799797770641,NS095 - Problem Solution,Nursing \\ Testing \\ Problem Solution \\ Pack 1 - Copy,120242225844470641,TESTING | Msg Vol | All Services,7.99,5641,36,onsite_conversion.messaging_conversation_started_7d,2
2026-05,120243988682810641,BB003,B2B | Baghdad,120243987229290641,B2B | Msg Vol | 2026 May 14,5.14,28954,430,link_click,408
2026-05,120244364297550641,BTX003,Botox \\ Testing \\ Problem Solution,120242225844470641,TESTING | Msg Vol | All Services,6.59,4599,40,onsite_conversion.messaging_conversation_started_7d,1
2026-05,120244264484510641,DPL003,Doppler \\ All In 1 \\ $25,120242225844470641,TESTING | Msg Vol | All Services,0.64,462,10,onsite_conversion.messaging_conversation_started_7d,2
2026-05,120244364479130641,BTX009,Botox \\ Testing \\ Direct Offer + Problem Solution,120242225844470641,TESTING | Msg Vol | All Services,2.58,1764,22,onsite_conversion.messaging_conversation_started_7d,3
2026-05,120244456304280641,Dr Visit - Kid - Copy 2,DrVisit Retargeting,120244454826100641,Retargeting CBO | All customers list,0.46,185,4,onsite_conversion.purchase,
2026-05,120243798723960641,PT021 - Customer Testimonial,Physiotherapy \\ Testing \\ Customer Testimonial \\ Pack 4,120242225844470641,TESTING | Msg Vol | All Services,209.93,169984,2214,onsite_conversion.messaging_conversation_started_7d,179
2026-05,120243798723970641,PT027 - Customer Testimonial,Physiotherapy \\ Testing \\ Customer Testimonial \\ Pack 4,120242225844470641,TESTING | Msg Vol | All Services,2.91,2215,29,onsite_conversion.messaging_conversation_started_7d,1
2026-05,120244364479120641,BTX008,Botox \\ Testing \\ Direct Offer + Problem Solution,120242225844470641,TESTING | Msg Vol | All Services,10.43,6863,78,onsite_conversion.messaging_conversation_started_7d,5
2026-05,120243798462640641,PT029 - Case Study,Physiotherapy \\ Testing \\ Case Study / Proof \\ Pack 3 - Copy,120242225844470641,TESTING | Msg Vol | All Services,73.92,56504,973,onsite_conversion.messaging_conversation_started_7d,51
2026-05,120244265031770641,DPL017,Doppler \\ All In 1 \\ $25,120242225844470641,TESTING | Msg Vol | All Services,67.7,67885,1041,onsite_conversion.messaging_conversation_started_7d,87
2026-05,120244264484500641,DPL002,Doppler \\ All In 1 \\ $25,120242225844470641,TESTING | Msg Vol | All Services,0.5,519,8,onsite_conversion.messaging_conversation_started_7d,
2026-05,120244264484540641,DPL008,Doppler \\ All In 1 \\ $25,120242225844470641,TESTING | Msg Vol | All Services,1.72,1146,10,onsite_conversion.messaging_conversation_started_7d,1
2026-05,120242452468500641,PT073 - Case Study,Physiotherapy \\ Testing \\ Case Study / Proof \\ Pack 3 - Copy,120242225844470641,TESTING | Msg Vol | All Services,104.09,70531,995,onsite_conversion.messaging_conversation_started_7d,94
2026-05,120244264484430641,DPL007,Doppler \\ All In 1 \\ $25,120242225844470641,TESTING | Msg Vol | All Services,1.44,1197,16,onsite_conversion.messaging_conversation_started_7d,1
2026-05,120243798462650641,PT020 - Case Study,Physiotherapy \\ Testing \\ Case Study / Proof \\ Pack 3 - Copy,120242225844470641,TESTING | Msg Vol | All Services,76.52,76632,604,onsite_conversion.messaging_conversation_started_7d,45
2026-05,120244456496210641,Maadh Nursing Video 3 | 2024 Nov 12 - Copy 2,Nursing Retargeting,120244454826100641,Retargeting CBO | All customers list,0.55,183,2,onsite_conversion.purchase,
2026-05,120243798904260641,PT065 - Customer Testimonial,Physiotherapy \\ Testing \\ Customer Testimonial \\ Pack 4,120242225844470641,TESTING | Msg Vol | All Services,25.05,20959,268,onsite_conversion.messaging_conversation_started_7d,13
2026-05,120244264484530641,DPL006,Doppler \\ All In 1 \\ $25,120242225844470641,TESTING | Msg Vol | All Services,1.36,1083,7,onsite_conversion.messaging_conversation_started_7d,1
2026-05,120243799178960641,PT064 - Customer Testimonial,Physiotherapy \\ Testing \\ Customer Testimonial \\ Pack 4,120242225844470641,TESTING | Msg Vol | All Services,26.43,21879,287,onsite_conversion.messaging_conversation_started_7d,16
2026-05,120244456237110641,Maadh Physio Video - Without Music - Copy 2,Physiotherapy Retargeting,120244454826100641,Retargeting CBO | All customers list,4.5,1376,23,onsite_conversion.purchase,
2026-05,120243800005520641,NS058 - Emotional Story,Nursing \\ Testing \\ Emotional Story \\ Pack 4,120242225844470641,TESTING | Msg Vol | All Services,23.96,18547,138,onsite_conversion.messaging_conversation_started_7d,4
2026-05,120243794810790641,NS085,NS085 | Nursing,120243794810700641,Nursing | Msg Vol | WINNERS ABO,108.39,54177,520,onsite_conversion.messaging_conversation_started_7d,36
2026-05,120244456219580641,🌟Physio - Talking Head - 25Aug3 - Copy 2,Physiotherapy Retargeting,120244454826100641,Retargeting CBO | All customers list,66.19,18850,253,onsite_conversion.purchase,1
2026-05,120243795563100641,PT005 - Copy 2,PT005 | Physio,120243795563080641,Physiotherapy | Msg Vol | WINNERS ABO,251.14,182446,2109,onsite_conversion.messaging_conversation_started_7d,228
2026-05,120243795563140641,PT070 - scaling,PT070 | Physiotherapy,120243795563080641,Physiotherapy | Msg Vol | WINNERS ABO,124.45,62195,1310,onsite_conversion.messaging_conversation_started_7d,88
2026-05,120243799397870641,PT099 - Problem Solution,Physiotherapy \\ Testing \\ Problem Solution \\ Pack 1 - Copy,120242225844470641,TESTING | Msg Vol | All Services,6.33,4740,66,onsite_conversion.messaging_conversation_started_7d,5
2026-05,120243795563090641,PT078 ❌(High CPL) - Copy 3,PT078 | Physio,120243795563080641,Physiotherapy | Msg Vol | WINNERS ABO,106.14,48804,819,onsite_conversion.messaging_conversation_started_7d,47
2026-05,120243797074540641,DRV028,DRV028 | Dr Visit,120243797074370641,DrVisit | Msg Vol | WINNERS ABO,148.83,88790,913,onsite_conversion.messaging_conversation_started_7d,84
2026-05,120243794810730641,Nursing Design Sep 6 - 4 - Copy 4,Nursing Design Sep 6 - 4 | Nursing,120243794810700641,Nursing | Msg Vol | WINNERS ABO,35.23,28363,359,onsite_conversion.messaging_conversation_started_7d,28
2026-05,120243797074510641,DRV045,DRV045 | Dr Visit,120243797074370641,DrVisit | Msg Vol | WINNERS ABO,42.4,28406,486,onsite_conversion.messaging_conversation_started_7d,30
2026-05,120243797074400641,Dr Visit Design Sep 6 - 5 - Copy 4,Dr Visit Design Sep 6 - 5 | DrVisit,120243797074370641,DrVisit | Msg Vol | WINNERS ABO,46.58,30722,527,onsite_conversion.messaging_conversation_started_7d,36
2026-05,120243797074360641,DRV099 - Copy,DRV099 | DrVisit,120243797074370641,DrVisit | Msg Vol | WINNERS ABO,10.65,5618,76,onsite_conversion.messaging_conversation_started_7d,1
2026-05,120243895036590641,DRV099 - Copy,DRV099 | DrVisit - Copy,120243797074370641,DrVisit | Msg Vol | WINNERS ABO,22.85,13290,153,onsite_conversion.messaging_conversation_started_7d,7
2026-05,120243797074390641,DRV045,DRV045 | Dr Visit,120243797074370641,DrVisit | Msg Vol | WINNERS ABO,12.24,8974,167,onsite_conversion.messaging_conversation_started_7d,2
2026-05,120243613039850641,PT070 - scaling,PT070 | Physiotherapy,120242543867550641,Physiotherapy | Msg Vol | WINNERS CBO,0.03,21,0,onsite_conversion.messaging_conversation_started_7d,
2026-05,120243612483370641,NS028 - scaling,NS028 | Nursing,120242571085330641,Nursing | Msg Vol | WINNERS CBO - Copy,0.06,91,1,onsite_conversion.messaging_conversation_started_7d,
2026-05,120243612228250641,NS040 - scaling,NS040 | Nursing,120242571085330641,Nursing | Msg Vol | WINNERS CBO - Copy,0.13,108,1,onsite_conversion.messaging_conversation_started_7d,
2026-05,120243564157130641,DRV028,DRV028 | Dr Visit,120242543666780641,DrVisit | Msg Vol | WINNERS CBO,0.14,168,1,onsite_conversion.messaging_conversation_started_7d,
2026-05,120243564094630641,DRV020,DRV020 | Dr Visit,120242543666780641,DrVisit | Msg Vol | WINNERS CBO,2.7,2630,39,onsite_conversion.messaging_conversation_started_7d,8
2026-05,120243564072740641,DRV045,DRV045 | Dr Visit,120242543666780641,DrVisit | Msg Vol | WINNERS CBO,0.9,439,7,onsite_conversion.messaging_conversation_started_7d,
2026-05,120243563821520641,DRV045,DRV045 | Dr Visit,120242543666780641,DrVisit | Msg Vol | WINNERS CBO,0.59,299,10,onsite_conversion.messaging_conversation_started_7d,
2026-05,120243559327770641,NS085,NS085 | Nursing,120242571085330641,Nursing | Msg Vol | WINNERS CBO - Copy,0.05,26,0,onsite_conversion.messaging_conversation_started_7d,
2026-05,120243560356370641,PT049,PT049 | Nursing,120242543867550641,Physiotherapy | Msg Vol | WINNERS CBO,0.18,77,2,onsite_conversion.messaging_conversation_started_7d,1
2026-05,120243232541440641,NS025 - Copy,NS025 | Nursing,120242571085330641,Nursing | Msg Vol | WINNERS CBO - Copy,0.12,306,7,onsite_conversion.messaging_conversation_started_7d,2
2026-05,120243232602300641,DRV099 - Copy,DRV099 | DrVisit,120242543666780641,DrVisit | Msg Vol | WINNERS CBO,1.78,783,15,onsite_conversion.messaging_conversation_started_7d,2
2026-05,120243170382100641,PT058,PT058 | Physio,120242543867550641,Physiotherapy | Msg Vol | WINNERS CBO,0.15,75,0,onsite_conversion.messaging_conversation_started_7d,
2026-05,120243023722260641,UGC008,nursing | UGC008 | Nursing,120242571085330641,Nursing | Msg Vol | WINNERS CBO - Copy,0.31,196,10,onsite_conversion.messaging_conversation_started_7d,
2026-05,120242838571740641,PT015,PT015 | Physio,120242543867550641,Physiotherapy | Msg Vol | WINNERS CBO,382.02,382767,4093,onsite_conversion.messaging_conversation_started_7d,279
2026-05,120242544093680641,PT005 - Copy 2,PT005 | Physio,120242543867550641,Physiotherapy | Msg Vol | WINNERS CBO,19.77,12983,221,onsite_conversion.messaging_conversation_started_7d,23
2026-05,120242544007670641,Physiotherapy Jul - Design 2 - Copy 3,Physiotherapy Jul - Design 2 | Physio,120242543867550641,Physiotherapy | Msg Vol | WINNERS CBO,219.67,210427,2958,onsite_conversion.messaging_conversation_started_7d,196
2026-05,120242543990320641,PT078 ❌(High CPL) - Copy 3,PT078 | Physio,120242543867550641,Physiotherapy | Msg Vol | WINNERS CBO,4.9,3268,46,onsite_conversion.messaging_conversation_started_7d,1
2026-05,120242544025890641,🌟PT001 - Copy,PT001 | Physio,120242543867550641,Physiotherapy | Msg Vol | WINNERS CBO,33.56,16708,268,onsite_conversion.messaging_conversation_started_7d,27
2026-05,120242675830740641,NS069,NS069 | Nursing,120242571085330641,Nursing | Msg Vol | WINNERS CBO - Copy,69.99,56142,598,onsite_conversion.messaging_conversation_started_7d,52
2026-05,120242571802290641,Nursing Design Sep 6 - 4 - Copy 4,Nursing Design Sep 6 - 4 | Nursing,120242571085330641,Nursing | Msg Vol | WINNERS CBO - Copy,11.59,6522,77,onsite_conversion.messaging_conversation_started_7d,10
2026-05,120242571747590641,NS006 - Copy 3,NS006 | Nursing,120242571085330641,Nursing | Msg Vol | WINNERS CBO - Copy,48.5,49199,702,onsite_conversion.messaging_conversation_started_7d,84
2026-05,120242571719690641,NS010 - Copy 3,NS010 | Nursing,120242571085330641,Nursing | Msg Vol | WINNERS CBO - Copy,5.15,4321,50,onsite_conversion.messaging_conversation_started_7d,10
2026-05,120242571769130641,Nursing - Direct 1 (Human Hook) - 25Aug3 - Copy 4,Nursing - Direct 1 (Human Hook) - 25Aug3 | Nursing,120242571085330641,Nursing | Msg Vol | WINNERS CBO - Copy,183.51,172507,1345,onsite_conversion.messaging_conversation_started_7d,73
2026-05,120242571297870641,NS037 - Copy 3,NS037 | Nursing,120242571085330641,Nursing | Msg Vol | WINNERS CBO - Copy,413.9,364811,3082,onsite_conversion.messaging_conversation_started_7d,199
2026-05,120242543718870641,Dr Visit - Number of visits - 25Aug3 - Copy 2,Dr Visit - Number of visits - 25Aug3 | DrVisit,120242543666780641,DrVisit | Msg Vol | WINNERS CBO,45.62,34088,389,onsite_conversion.messaging_conversation_started_7d,33
2026-05,120242543768010641,DRV004 - Copy 2,DRV004 | DrVisit,120242543666780641,DrVisit | Msg Vol | WINNERS CBO,62.68,46236,474,onsite_conversion.messaging_conversation_started_7d,38
2026-05,120242543789920641,Dr Visit Design Sep 6 - 5 - Copy 4,Dr Visit Design Sep 6 - 5 | DrVisit,120242543666780641,DrVisit | Msg Vol | WINNERS CBO,416.13,256329,3825,onsite_conversion.messaging_conversation_started_7d,335
2026-05,120242452758340641,UGC002,UGC | baghdad Android,120242398643690641,Android Installs | AF | 2026/4/17,4.31,8058,181,mobile_app_install,24
2026-05,120242486147100641,UGC004,UGC | baghdad Android,120242398643690641,Android Installs | AF | 2026/4/17,634.32,1468530,17090,mobile_app_install,2737
2026-05,120242486147090641,UGC005,UGC | baghdad Android,120242398643690641,Android Installs | AF | 2026/4/17,20.7,41521,401,mobile_app_install,93
2026-05,120242486147080641,UGC003,UGC | baghdad Android,120242398643690641,Android Installs | AF | 2026/4/17,168.4,387088,3557,mobile_app_install,701
2026-05,120243794810830641,NS025 - Copy,NS025 | Nursing,120243794810700641,Nursing | Msg Vol | WINNERS ABO,134.3,101156,1761,onsite_conversion.messaging_conversation_started_7d,124
2026-05,120243797074410641,Dr Visit - Number of visits - 25Aug3 - Copy 2,Dr Visit - Number of visits - 25Aug3 | DrVisit,120243797074370641,DrVisit | Msg Vol | WINNERS ABO,191.48,114787,1375,onsite_conversion.messaging_conversation_started_7d,96
2026-05,120243799797800641,NS102 - Problem Solution,Nursing \\ Testing \\ Problem Solution \\ Pack 1 - Copy,120242225844470641,TESTING | Msg Vol | All Services,12.71,10182,107,onsite_conversion.messaging_conversation_started_7d,8
2026-05,120244361180180641,LT107,Lab Test \\ Offer Testing \\ Mix,120242225844470641,TESTING | Msg Vol | All Services,8.92,5565,101,onsite_conversion.messaging_conversation_started_7d,10
2026-05,120242543816500641,Dr Visit - Ibraheem Reel - Copy 4,Dr Visit - Ibraheem Reel | DrVisit,120242543666780641,DrVisit | Msg Vol | WINNERS CBO,0.84,268,3,onsite_conversion.messaging_conversation_started_7d,1
2026-05,120242489514970641,UGC 2,UGC.Iraq | $25,120222834173730641,Profile Traffic Campaign (Followers) | $12 | May 7,2.51,4772,109,profile_visit_view,69
2026-05,120242489514990641,UGC 4,UGC.Iraq | $25,120222834173730641,Profile Traffic Campaign (Followers) | $12 | May 7,684.88,1359336,41217,profile_visit_view,36706
2026-05,120243800005530641,NS074 - Emotional Story,Nursing \\ Testing \\ Emotional Story \\ Pack 4,120242225844470641,TESTING | Msg Vol | All Services,11.55,8335,44,onsite_conversion.messaging_conversation_started_7d,1
2026-05,120242486147110641,UGC006,UGC | baghdad Android,120242398643690641,Android Installs | AF | 2026/4/17,106.84,252740,2562,mobile_app_install,399
2026-05,120242452468860641,NS091 - Problem Solution,Nursing \\ Testing \\ Problem Solution \\ Pack 1 - Copy,120242225844470641,TESTING | Msg Vol | All Services,12.68,5393,73,onsite_conversion.messaging_conversation_started_7d,9
2026-05,120244632314970641,Dr Visit - UGC - 25Aug3,Mix services | Calls,120244465663740641,Calls Test,25.91,10002,250,click_to_call_native_call_placed,6
2026-05,120244631253780641,Nursing - Aug - Cutdown 2,Mix services | Calls,120244465663740641,Calls Test,23.58,11051,219,click_to_call_native_call_placed,14
2026-05,120244631518040641,Nursing - Aug - Cutdown 2 - Copy,Mix services | Calls,120244465663740641,Calls Test,192.9,116864,1867,click_to_call_native_call_placed,70
2026-05,120244361180160641,LT105,Lab Test \\ Offer Testing \\ Mix,120242225844470641,TESTING | Msg Vol | All Services,6.67,3283,47,onsite_conversion.messaging_conversation_started_7d,6
2026-05,120244361180170641,LT106,Lab Test \\ Offer Testing \\ Mix,120242225844470641,TESTING | Msg Vol | All Services,140.71,98223,1433,onsite_conversion.messaging_conversation_started_7d,165
2026-05,120243800005510641,NS087 - Emotional Story,Nursing \\ Testing \\ Emotional Story \\ Pack 4,120242225844470641,TESTING | Msg Vol | All Services,137.26,83051,936,onsite_conversion.messaging_conversation_started_7d,32
2026-05,120243799797780641,NS097 - Problem Solution,Nursing \\ Testing \\ Problem Solution \\ Pack 1 - Copy,120242225844470641,TESTING | Msg Vol | All Services,114.73,99160,819,onsite_conversion.messaging_conversation_started_7d,39
2026-05,120243798182330641,DRV026 - FEATURE & BENEFIT,DrVisit \\ Testing \\ FEATURE & BENEFIT \\ Pack 4,120242225844470641,TESTING | Msg Vol | All Services,132.98,75650,1119,onsite_conversion.messaging_conversation_started_7d,71
2026-05,120242452468820641,LT075,Lab Test \\ Testing \\ Problem Solution \\ Pack 1 - Copy,120242225844470641,TESTING | Msg Vol | All Services,326.89,103231,2364,onsite_conversion.messaging_conversation_started_7d,237
2026-05,120243797351480641,DRV125,DrVisit \\ Testing \\ Emotional Story \\ Pack 3 - Copy,120242225844470641,TESTING | Msg Vol | All Services,182.17,118028,2257,onsite_conversion.messaging_conversation_started_7d,134
2026-05,120243798048370641,DRV107 - problem solution,DrVisit \\ Testing \\ Problem Solution \\ Pack 2 - Copy,120242225844470641,TESTING | Msg Vol | All Services,181.32,150147,2219,onsite_conversion.messaging_conversation_started_7d,224
2026-05,120244264484550641,DPL010,Doppler \\ All In 1 \\ $25,120242225844470641,TESTING | Msg Vol | All Services,324.73,185879,5562,onsite_conversion.messaging_conversation_started_7d,300
2026-05,120243799944350641,NS015 - Emotional Story,Nursing \\ Testing \\ Emotional Story \\ Pack 4,120242225844470641,TESTING | Msg Vol | All Services,11.21,9606,60,onsite_conversion.messaging_conversation_started_7d,4
2026-05,120242452468880641,NS076 - Problem Solution,Nursing \\ Testing \\ Problem Solution \\ Pack 1 - Copy,120242225844470641,TESTING | Msg Vol | All Services,31.55,13711,131,onsite_conversion.messaging_conversation_started_7d,5
2026-05,120243799397860641,P097 - Problem Solution,Physiotherapy \\ Testing \\ Problem Solution \\ Pack 1 - Copy,120242225844470641,TESTING | Msg Vol | All Services,190.48,165242,1720,onsite_conversion.messaging_conversation_started_7d,162
2026-05,120242452468550641,PT035,Physiotherapy \\ Testing \\ Problem Solution \\ Pack 1 - Copy,120242225844470641,TESTING | Msg Vol | All Services,16.77,6575,109,onsite_conversion.messaging_conversation_started_7d,3
2026-05,120242452468810641,NS028,Nursing \\ Testing \\ Data / Stat Drop \\ Pack 3 - Copy,120242225844470641,TESTING | Msg Vol | All Services,48.85,21346,240,onsite_conversion.messaging_conversation_started_7d,28
2026-05,120242452468530641,PT085 - Problem Solution,Physiotherapy \\ Testing \\ Problem Solution \\ Pack 1 - Copy,120242225844470641,TESTING | Msg Vol | All Services,22.38,10132,156,onsite_conversion.messaging_conversation_started_7d,13
2026-05,120242452468800641,NS085,Nursing \\ Testing \\ Data / Stat Drop \\ Pack 3 - Copy,120242225844470641,TESTING | Msg Vol | All Services,3.64,1413,23,onsite_conversion.messaging_conversation_started_7d,1
2026-05,120243799797790641,NS093 - Problem Solution,Nursing \\ Testing \\ Problem Solution \\ Pack 1 - Copy,120242225844470641,TESTING | Msg Vol | All Services,37.16,34703,375,onsite_conversion.messaging_conversation_started_7d,31
2026-05,120244363962800641,BTX001,Botox \\ Testing \\ Problem Solution,120242225844470641,TESTING | Msg Vol | All Services,8.24,6453,79,onsite_conversion.messaging_conversation_started_7d,5
2026-05,120242226328130641,DRV045,DrVisit \\ Testing \\ Problem Solution \\ Pack 2 - Copy,120242225844470641,TESTING | Msg Vol | All Services,30.29,18131,254,onsite_conversion.messaging_conversation_started_7d,18
2026-05,120242452468840641,NS036,Nursing \\ Testing \\ Data / Stat Drop \\ Pack 3 - Copy,120242225844470641,TESTING | Msg Vol | All Services,33.43,14455,241,onsite_conversion.messaging_conversation_started_7d,21
2026-05,120243799397850641,PT101 - Problem Solution,Physiotherapy \\ Testing \\ Problem Solution \\ Pack 1 - Copy,120242225844470641,TESTING | Msg Vol | All Services,59.63,48292,623,onsite_conversion.messaging_conversation_started_7d,55
2026-05,120243798048380641,DRV110 - problem solution,DrVisit \\ Testing \\ Problem Solution \\ Pack 2 - Copy,120242225844470641,TESTING | Msg Vol | All Services,63.05,52167,674,onsite_conversion.messaging_conversation_started_7d,36
2026-05,120242452468470641,NS092,Nursing \\ Testing \\ Problem Solution \\ Pack 1 - Copy,120242225844470641,TESTING | Msg Vol | All Services,7.46,2783,30,onsite_conversion.messaging_conversation_started_7d,
2026-05,120243798048360641,DRV105 - problem solution,DrVisit \\ Testing \\ Problem Solution \\ Pack 2 - Copy,120242225844470641,TESTING | Msg Vol | All Services,7.81,5045,42,onsite_conversion.messaging_conversation_started_7d,2
2026-05,120242452468490641,PT036,Physiotherapy \\ Testing \\ Case Study / Proof \\ Pack 3 - Copy,120242225844470641,TESTING | Msg Vol | All Services,13.6,7278,98,onsite_conversion.messaging_conversation_started_7d,8
2026-05,120242226328200641,DRV081,DrVisit \\ Testing \\ Emotional Story \\ Pack 3 - Copy,120242225844470641,TESTING | Msg Vol | All Services,41.12,16989,187,onsite_conversion.messaging_conversation_started_7d,10
2026-05,120242452468680641,LT043,Lab Test \\ Testing \\ Problem Solution \\ Pack 1 - Copy,120242225844470641,TESTING | Msg Vol | All Services,18.13,4654,104,onsite_conversion.messaging_conversation_started_7d,9
2026-05,120243797810450641,DRV122 - problem solution,DrVisit \\ Testing \\ Problem Solution \\ Pack 2 - Copy,120242225844470641,TESTING | Msg Vol | All Services,29.6,22575,177,onsite_conversion.messaging_conversation_started_7d,17
2026-05,120242226328120641,DRV030,DrVisit \\ Testing \\ Problem Solution \\ Pack 2 - Copy,120242225844470641,TESTING | Msg Vol | All Services,24.17,13729,144,onsite_conversion.messaging_conversation_started_7d,18
2026-05,120243798263220641,DRV124 - FEATURE & BENEFIT,DrVisit \\ Testing \\ FEATURE & BENEFIT \\ Pack 4,120242225844470641,TESTING | Msg Vol | All Services,54.41,48925,428,onsite_conversion.messaging_conversation_started_7d,71
2026-05,120243797248400641,DRV123,DrVisit \\ Testing \\ Emotional Story \\ Pack 3 - Copy,120242225844470641,TESTING | Msg Vol | All Services,57.98,28112,368,onsite_conversion.messaging_conversation_started_7d,34
2026-05,120242226328150641,DRV028,DrVisit \\ Testing \\ Emotional Story \\ Pack 3 - Copy,120242225844470641,TESTING | Msg Vol | All Services,59.43,26909,301,onsite_conversion.messaging_conversation_started_7d,16
2026-05,120242452468870641,NS040,Nursing \\ Testing \\ Problem Solution \\ Pack 1 - Copy,120242225844470641,TESTING | Msg Vol | All Services,59.32,29073,333,onsite_conversion.messaging_conversation_started_7d,16
2026-05,120242226328210641,DRV032,DrVisit \\ Testing \\ Myth Busting \\ Pack 1 - Copy,120242225844470641,TESTING | Msg Vol | All Services,17.69,4982,94,onsite_conversion.messaging_conversation_started_7d,12
2026-05,120242226328190641,DRV020,DrVisit \\ Testing \\ Myth Busting \\ Pack 1 - Copy,120242225844470641,TESTING | Msg Vol | All Services,35.66,15574,225,onsite_conversion.messaging_conversation_started_7d,14
2026-05,120242226328240641,DRV092,DrVisit \\ Testing \\ Myth Busting \\ Pack 1 - Copy,120242225844470641,TESTING | Msg Vol | All Services,47.07,13144,187,onsite_conversion.messaging_conversation_started_7d,22
2026-05,120242452468850641,NS065,Nursing \\ Testing \\ Direct Offer \\ Pack 2 - Copy,120242225844470641,TESTING | Msg Vol | All Services,75.49,32305,482,onsite_conversion.messaging_conversation_started_7d,45
2026-06,120243699693660641,LT093 - Friday Campaign,Friday Lab Test,120243699693650641,Friday Campaign,181.74,80176,1449,onsite_conversion.messaging_conversation_started_7d,135
2026-06,120243700075830641,DRV127 - Friday Campaign,Friday Dr Visit,120243699693650641,Friday Campaign,128.76,83477,1153,onsite_conversion.messaging_conversation_started_7d,63
2026-06,120243699941590641,LT092 - Friday Campaign,Friday Lab Test,120243699693650641,Friday Campaign,0.16,150,3,onsite_conversion.messaging_conversation_started_7d,
2026-06,120243699941600641,LT094 - Friday Campaign,Friday Lab Test,120243699693650641,Friday Campaign,14.63,8659,141,onsite_conversion.messaging_conversation_started_7d,14
2026-06,120243700075810641,DRV126 - Friday Campaign,Friday Dr Visit,120243699693650641,Friday Campaign,14.42,10692,107,onsite_conversion.messaging_conversation_started_7d,8
2026-06,120243700075840641,DRV128 - Friday Campaign,Friday Dr Visit,120243699693650641,Friday Campaign,8.47,6242,76,onsite_conversion.messaging_conversation_started_7d,4
2026-06,120242489127000641,UGC 4,UGC | baghdad iOS,120242398107390641,iOS installs | AF | 2026/4/17,9.63,21471,420,mobile_app_install,7
2026-06,120242488994880641,UGC 2,UGC | baghdad iOS,120242398107390641,iOS installs | AF | 2026/4/17,7.67,14745,161,mobile_app_install,4
2026-06,120242489126980641,UGC 6,UGC | baghdad iOS,120242398107390641,iOS installs | AF | 2026/4/17,453.46,939470,16756,mobile_app_install,541
2026-06,120242489126970641,UGC 5,UGC | baghdad iOS,120242398107390641,iOS installs | AF | 2026/4/17,5.68,11816,185,mobile_app_install,6
2026-06,120242489126990641,UGC 3,UGC | baghdad iOS,120242398107390641,iOS installs | AF | 2026/4/17,9.38,16891,222,mobile_app_install,5
2026-06,120242489515010641,UGC 6,UGC.Iraq | $25,120222834173730641,Profile Traffic Campaign (Followers) | $12 | May 7,382.53,641247,24087,profile_visit_view,22191
2026-06,120242489515000641,UGC 5,UGC.Iraq | $25,120222834173730641,Profile Traffic Campaign (Followers) | $12 | May 7,1.27,3170,51,profile_visit_view,41
2026-06,120242489300910641,UGC 1,UGC.Iraq | $25,120222834173730641,Profile Traffic Campaign (Followers) | $12 | May 7,33.83,53793,2026,profile_visit_view,1570
2026-06,120243795563060641,🌟PT001 - Copy,PT001 | Physio,120243795563080641,Physiotherapy | Msg Vol | WINNERS ABO,66.68,30795,477,onsite_conversion.messaging_conversation_started_7d,40
2026-06,120243795563070641,Physiotherapy Jul - Design 2 - Copy 3,Physiotherapy Jul - Design 2 | Physio,120243795563080641,Physiotherapy | Msg Vol | WINNERS ABO,50.1,36267,502,onsite_conversion.messaging_conversation_started_7d,42
2026-06,120243795563110641,PT015,PT015 | Physio,120243795563080641,Physiotherapy | Msg Vol | WINNERS ABO,59.27,57975,574,onsite_conversion.messaging_conversation_started_7d,40
2026-06,120246708001840641,PT127 - Talking Head - Copy,Physio Sales | Talking head,120245547322430641,Physiotherapy New Test,722.66,478898,10868,onsite_conversion.purchase,16
2026-06,120246708001830641,PT129 - Talking Head - Copy,Physio Sales | Talking head,120245547322430641,Physiotherapy New Test,12.26,6506,198,onsite_conversion.purchase,
2026-06,120246708001820641,PT128 - Talking Head - Copy,Physio Sales | Talking head,120245547322430641,Physiotherapy New Test,45.02,27523,536,onsite_conversion.purchase,1
2026-06,120244631748730641,NS006,Mix services | Calls,120244465663740641,Calls Test,14.59,16824,360,click_to_call_native_call_placed,15
2026-06,120244632022170641,Maadh Nursing Video 3 | 2024 Nov 12 - Copy 3,Mix services | Calls,120244465663740641,Calls Test,15.89,11064,196,click_to_call_native_call_placed,6
2026-06,120244631909370641,DRV111,Mix services | Calls,120244465663740641,Calls Test,8.93,12456,295,click_to_call_native_call_placed,14
2026-06,120244632147810641,Nursing - Feedback 3,Mix services | Calls,120244465663740641,Calls Test,5.28,3078,70,click_to_call_native_call_placed,2
2026-06,120244630080270641,short Ad - Physio,Mix services | Calls,120244465663740641,Calls Test,34.73,18982,409,click_to_call_native_call_placed,18
2026-06,120244632356330641,Dr Visit - Kid,Mix services | Calls,120244465663740641,Calls Test,132.85,85636,1814,click_to_call_native_call_placed,55
2026-06,120243794810760641,NS010 - Copy 3,NS010 | Nursing,120243794810700641,Nursing | Msg Vol | WINNERS ABO,648.34,538022,5920,onsite_conversion.messaging_conversation_started_7d,376
2026-06,120243794810740641,NS037 - Copy 3,NS037 | Nursing,120243794810700641,Nursing | Msg Vol | WINNERS ABO,406.72,437457,3835,onsite_conversion.messaging_conversation_started_7d,206
2026-06,120243794810800641,NS069,NS069 | Nursing,120243794810700641,Nursing | Msg Vol | WINNERS ABO,183.92,161532,1685,onsite_conversion.messaging_conversation_started_7d,92
2026-06,120246047122210641,NS074 - Emotional Story - Copy,NS074 - Emotional Story,120243794810700641,Nursing | Msg Vol | WINNERS ABO,316.64,211144,1961,onsite_conversion.messaging_conversation_started_7d,60
2026-06,120243794810750641,NS006 - Copy 3,NS006 | Nursing,120243794810700641,Nursing | Msg Vol | WINNERS ABO,97.99,81179,964,onsite_conversion.messaging_conversation_started_7d,58
2026-06,120243794810770641,UGC008,nursing | UGC008 | Nursing,120243794810700641,Nursing | Msg Vol | WINNERS ABO,490.85,279741,5690,onsite_conversion.messaging_conversation_started_7d,336
2026-06,120243794810850641,NS028 - scaling,NS028 | Nursing,120243794810700641,Nursing | Msg Vol | WINNERS ABO,419.09,323309,3118,onsite_conversion.messaging_conversation_started_7d,142
2026-06,120247329056960641,TX trybloom.ai 1,Patient Transportation \\ Testing \\ Mix \\ Jun 28 2026,120242225844470641,TESTING | Msg Vol | All Services,1.93,1209,37,onsite_conversion.messaging_conversation_started_7d,1
2026-06,120247324726180641,TX002,Patient Transportation \\ Testing \\ Mix \\ Jun 28 2026,120242225844470641,TESTING | Msg Vol | All Services,5.61,4088,91,onsite_conversion.messaging_conversation_started_7d,5
2026-06,120247324381990641,TX001,Patient Transportation \\ Testing \\ Mix \\ Jun 28 2026,120242225844470641,TESTING | Msg Vol | All Services,10.42,10711,316,onsite_conversion.messaging_conversation_started_7d,30
2026-06,120247324800870641,TX003,Patient Transportation \\ Testing \\ Mix \\ Jun 28 2026,120242225844470641,TESTING | Msg Vol | All Services,34.85,30568,1189,onsite_conversion.messaging_conversation_started_7d,88
2026-06,120246778266220641,WC003 ios,world cup UGC | baghdad Android,120242398643690641,Android Installs | AF | 2026/4/17,7.69,8944,363,mobile_app_install,11
2026-06,120246778243030641,WC003,World cup UGC | baghdad iOS,120242398107390641,iOS installs | AF | 2026/4/17,16.58,23341,280,mobile_app_install,11
2026-06,120246706273250641,WC002 ios,world cup UGC | baghdad Android,120242398643690641,Android Installs | AF | 2026/4/17,265.22,350504,5218,mobile_app_install,638
2026-06,120246705898910641,WC001 ios,world cup UGC | baghdad Android,120242398643690641,Android Installs | AF | 2026/4/17,36.56,58598,586,mobile_app_install,94
2026-06,120246705548800641,WC001,World cup UGC | baghdad iOS,120242398107390641,iOS installs | AF | 2026/4/17,225.89,289965,4334,mobile_app_install,152
2026-06,120246705846810641,WC002,World cup UGC | baghdad iOS,120242398107390641,iOS installs | AF | 2026/4/17,12.88,19652,222,mobile_app_install,8
2026-06,120246048826940641,DRV077 - Demo / Visual Proof,DrVisit \\ Testing \\ Demo / Visual Proof \\ Jun 11 2026,120242225844470641,TESTING | Msg Vol | All Services,2.79,2633,24,onsite_conversion.messaging_conversation_started_7d,
2026-06,120245745308490641,PT110-priced,Physio Sales | Acquire new customers,120245547322430641,Physiotherapy New Test,21.2,13385,293,onsite_conversion.purchase,
2026-06,120245746718370641,PT112-priced,Physio Sales | Acquire new customers,120245547322430641,Physiotherapy New Test,34.46,20986,355,onsite_conversion.purchase,
2026-06,120245747093630641,PT114-priced,Physio Sales | Acquire new customers,120245547322430641,Physiotherapy New Test,428.87,266037,5510,onsite_conversion.purchase,6
2026-06,120245746319660641,PT111-priced,Physio Sales | Acquire new customers,120245547322430641,Physiotherapy New Test,18.95,11556,188,onsite_conversion.purchase,
2026-06,120245567631480641,PT121-PT015-priced,PT121-PT015-priced,120245547322430641,Physiotherapy New Test,64.65,33703,754,onsite_conversion.purchase,2
2026-06,120245567723280641,PT123-PT049-priced,PT123-PT049-priced,120245547322430641,Physiotherapy New Test,68.97,50261,4884,onsite_conversion.purchase,
2026-06,120245567704300641,PT122-PT058-priced,PT122-PT058-priced,120245547322430641,Physiotherapy New Test,81.76,51891,6508,onsite_conversion.purchase,
2026-06,120245547322420641,PT120-PT070-priced,PT120-PT070-priced,120245547322430641,Physiotherapy New Test,59.62,48536,4331,onsite_conversion.purchase,
2026-06,120244264253820641,DPL001,Doppler \\ All In 1 \\ $25,120242225844470641,TESTING | Msg Vol | All Services,1.01,556,10,onsite_conversion.messaging_conversation_started_7d,1
2026-06,120244264484520641,DPL004,Doppler \\ All In 1 \\ $25,120242225844470641,TESTING | Msg Vol | All Services,0.24,122,2,onsite_conversion.messaging_conversation_started_7d,
2026-06,120242452468570641,PT049 - Case Study,Physiotherapy \\ Testing \\ Case Study / Proof \\ Pack 3 - Copy,120242225844470641,TESTING | Msg Vol | All Services,0.22,169,0,onsite_conversion.messaging_conversation_started_7d,
2026-06,120244456296490641,DRV111 - Copy,DrVisit Retargeting,120244454826100641,Retargeting CBO | All customers list,2.67,1182,17,onsite_conversion.purchase,
2026-06,120244264484450641,DPL012,Doppler \\ All In 1 \\ $25,120242225844470641,TESTING | Msg Vol | All Services,0.22,104,4,onsite_conversion.messaging_conversation_started_7d,
2026-06,120244264484440641,DPL009,Doppler \\ All In 1 \\ $25,120242225844470641,TESTING | Msg Vol | All Services,0.46,334,12,onsite_conversion.messaging_conversation_started_7d,
2026-06,120244264484560641,DPL011,Doppler \\ All In 1 \\ $25,120242225844470641,TESTING | Msg Vol | All Services,0.15,84,0,onsite_conversion.messaging_conversation_started_7d,
2026-06,120243797074350641,DRV004 - Copy 2,DRV004 | DrVisit,120243797074370641,DrVisit | Msg Vol | WINNERS ABO,259,191069,2087,onsite_conversion.messaging_conversation_started_7d,150
2026-06,120244264484470641,DPL014,Doppler \\ All In 1 \\ $25,120242225844470641,TESTING | Msg Vol | All Services,40.32,31155,854,onsite_conversion.messaging_conversation_started_7d,47
2026-06,120244264484490641,DPL016,Doppler \\ All In 1 \\ $25,120242225844470641,TESTING | Msg Vol | All Services,0.1,75,1,onsite_conversion.messaging_conversation_started_7d,
2026-06,120244456219570641,physio may 1 - H5 v2 - price - Copy 4,Physiotherapy Retargeting,120244454826100641,Retargeting CBO | All customers list,3.71,1725,23,onsite_conversion.purchase,
2026-06,120244456510530641,Nursing - Feedback 3 - 25Aug3 - Copy 2,Nursing Retargeting,120244454826100641,Retargeting CBO | All customers list,27.45,11384,143,onsite_conversion.purchase,
2026-06,120243797074570641,DRV020,DRV020 | Dr Visit,120243797074370641,DrVisit | Msg Vol | WINNERS ABO,760.8,671569,7551,onsite_conversion.messaging_conversation_started_7d,496
2026-06,120243798462660641,PT110 - Case Study,Physiotherapy \\ Testing \\ Case Study / Proof \\ Pack 3 - Copy,120242225844470641,TESTING | Msg Vol | All Services,4.49,3786,47,onsite_conversion.messaging_conversation_started_7d,2
2026-06,120244264484420641,DPL005,Doppler \\ All In 1 \\ $25,120242225844470641,TESTING | Msg Vol | All Services,0.13,95,2,onsite_conversion.messaging_conversation_started_7d,
2026-06,120243798260130641,DRV071 - FEATURE & BENEFIT,DrVisit \\ Testing \\ FEATURE & BENEFIT \\ Pack 4,120242225844470641,TESTING | Msg Vol | All Services,44.17,31925,414,onsite_conversion.messaging_conversation_started_7d,20
2026-06,120244456219590641,short Ad - Physio - Copy 2,Physiotherapy Retargeting,120244454826100641,Retargeting CBO | All customers list,2.6,1224,4,onsite_conversion.purchase,
2026-06,120244456290570641,Dr Visit - UGC - 25Aug3 - Copy 3,DrVisit Retargeting,120244454826100641,Retargeting CBO | All customers list,35.3,12820,147,onsite_conversion.purchase,
2026-06,120243794810810641,NS040 - scaling,NS040 | Nursing,120243794810700641,Nursing | Msg Vol | WINNERS ABO,16.08,8281,88,onsite_conversion.messaging_conversation_started_7d,4
2026-06,120244264484480641,DPL015,Doppler \\ All In 1 \\ $25,120242225844470641,TESTING | Msg Vol | All Services,2.33,1400,48,onsite_conversion.messaging_conversation_started_7d,5
2026-06,120243795563130641,PT049,PT049 | Physio,120243795563080641,Physiotherapy | Msg Vol | WINNERS ABO,10.04,5936,93,onsite_conversion.messaging_conversation_started_7d,7
2026-06,120243799397840641,PT100 - Problem Solution,Physiotherapy \\ Testing \\ Problem Solution \\ Pack 1 - Copy,120242225844470641,TESTING | Msg Vol | All Services,0.54,394,5,onsite_conversion.messaging_conversation_started_7d,1
2026-06,120243795563150641,PT058,PT058 | Physio,120243795563080641,Physiotherapy | Msg Vol | WINNERS ABO,68.3,43431,589,onsite_conversion.messaging_conversation_started_7d,39
2026-06,120244456473500641,Nursing - Aug - Cutdown 2 - Price - Copy 2,Nursing Retargeting,120244454826100641,Retargeting CBO | All customers list,1.26,546,11,onsite_conversion.purchase,
2026-06,120244456473510641,NS006 - Copy,Nursing Retargeting,120244454826100641,Retargeting CBO | All customers list,0.82,427,10,onsite_conversion.purchase,
2026-06,120243799797770641,NS095 - Problem Solution,Nursing \\ Testing \\ Problem Solution \\ Pack 1 - Copy,120242225844470641,TESTING | Msg Vol | All Services,207.98,132530,1368,onsite_conversion.messaging_conversation_started_7d,40
2026-06,120244264484510641,DPL003,Doppler \\ All In 1 \\ $25,120242225844470641,TESTING | Msg Vol | All Services,0.05,13,0,onsite_conversion.messaging_conversation_started_7d,
2026-06,120244456304280641,Dr Visit - Kid - Copy 2,DrVisit Retargeting,120244454826100641,Retargeting CBO | All customers list,2.22,673,6,onsite_conversion.purchase,
2026-06,120243798723960641,PT021 - Customer Testimonial,Physiotherapy \\ Testing \\ Customer Testimonial \\ Pack 4,120242225844470641,TESTING | Msg Vol | All Services,38.9,26399,351,onsite_conversion.messaging_conversation_started_7d,26
2026-06,120243798723970641,PT027 - Customer Testimonial,Physiotherapy \\ Testing \\ Customer Testimonial \\ Pack 4,120242225844470641,TESTING | Msg Vol | All Services,0.15,160,3,onsite_conversion.messaging_conversation_started_7d,
2026-06,120243798462640641,PT029 - Case Study,Physiotherapy \\ Testing \\ Case Study / Proof \\ Pack 3 - Copy,120242225844470641,TESTING | Msg Vol | All Services,0.1,61,1,onsite_conversion.messaging_conversation_started_7d,
2026-06,120244265031770641,DPL017,Doppler \\ All In 1 \\ $25,120242225844470641,TESTING | Msg Vol | All Services,6.8,5563,79,onsite_conversion.messaging_conversation_started_7d,6
2026-06,120244264484500641,DPL002,Doppler \\ All In 1 \\ $25,120242225844470641,TESTING | Msg Vol | All Services,0.09,42,0,onsite_conversion.messaging_conversation_started_7d,
2026-06,120244264484540641,DPL008,Doppler \\ All In 1 \\ $25,120242225844470641,TESTING | Msg Vol | All Services,0.22,123,2,onsite_conversion.messaging_conversation_started_7d,
2026-06,120242452468500641,PT073 - Case Study,Physiotherapy \\ Testing \\ Case Study / Proof \\ Pack 3 - Copy,120242225844470641,TESTING | Msg Vol | All Services,39.69,39086,423,onsite_conversion.messaging_conversation_started_7d,30
2026-06,120244264484430641,DPL007,Doppler \\ All In 1 \\ $25,120242225844470641,TESTING | Msg Vol | All Services,0.06,34,0,onsite_conversion.messaging_conversation_started_7d,
2026-06,120243798462650641,PT020 - Case Study,Physiotherapy \\ Testing \\ Case Study / Proof \\ Pack 3 - Copy,120242225844470641,TESTING | Msg Vol | All Services,2.96,2394,38,onsite_conversion.messaging_conversation_started_7d,1
2026-06,120244456496210641,Maadh Nursing Video 3 | 2024 Nov 12 - Copy 2,Nursing Retargeting,120244454826100641,Retargeting CBO | All customers list,0.84,394,3,onsite_conversion.purchase,
2026-06,120243798904260641,PT065 - Customer Testimonial,Physiotherapy \\ Testing \\ Customer Testimonial \\ Pack 4,120242225844470641,TESTING | Msg Vol | All Services,2.25,1554,23,onsite_conversion.messaging_conversation_started_7d,4
2026-06,120244264484530641,DPL006,Doppler \\ All In 1 \\ $25,120242225844470641,TESTING | Msg Vol | All Services,0.06,32,0,onsite_conversion.messaging_conversation_started_7d,
2026-06,120243799178960641,PT064 - Customer Testimonial,Physiotherapy \\ Testing \\ Customer Testimonial \\ Pack 4,120242225844470641,TESTING | Msg Vol | All Services,7.09,5384,76,onsite_conversion.messaging_conversation_started_7d,5
2026-06,120244456237110641,Maadh Physio Video - Without Music - Copy 2,Physiotherapy Retargeting,120244454826100641,Retargeting CBO | All customers list,6.79,3236,41,onsite_conversion.purchase,
2026-06,120243800005520641,NS058 - Emotional Story,Nursing \\ Testing \\ Emotional Story \\ Pack 4,120242225844470641,TESTING | Msg Vol | All Services,32.75,25978,282,onsite_conversion.messaging_conversation_started_7d,8
2026-06,120243794810790641,NS085,NS085 | Nursing,120243794810700641,Nursing | Msg Vol | WINNERS ABO,7.57,3305,42,onsite_conversion.messaging_conversation_started_7d,3
2026-06,120244456219580641,🌟Physio - Talking Head - 25Aug3 - Copy 2,Physiotherapy Retargeting,120244454826100641,Retargeting CBO | All customers list,112.72,44674,421,onsite_conversion.purchase,1
2026-06,120243795563100641,PT005 - Copy 2,PT005 | Physio,120243795563080641,Physiotherapy | Msg Vol | WINNERS ABO,23.44,14116,169,onsite_conversion.messaging_conversation_started_7d,16
2026-06,120243795563140641,PT070 - scaling,PT070 | Physiotherapy,120243795563080641,Physiotherapy | Msg Vol | WINNERS ABO,9.31,4645,115,onsite_conversion.messaging_conversation_started_7d,11
2026-06,120243799397870641,PT099 - Problem Solution,Physiotherapy \\ Testing \\ Problem Solution \\ Pack 1 - Copy,120242225844470641,TESTING | Msg Vol | All Services,29.02,19651,275,onsite_conversion.messaging_conversation_started_7d,21
2026-06,120243795563090641,PT078 ❌(High CPL) - Copy 3,PT078 | Physio,120243795563080641,Physiotherapy | Msg Vol | WINNERS ABO,7.96,2843,64,onsite_conversion.messaging_conversation_started_7d,3
2026-06,120243797074540641,DRV028,DRV028 | Dr Visit,120243797074370641,DrVisit | Msg Vol | WINNERS ABO,59.05,29858,430,onsite_conversion.messaging_conversation_started_7d,43
2026-06,120242452758340641,UGC002,UGC | baghdad Android,120242398643690641,Android Installs | AF | 2026/4/17,7.88,12933,206,mobile_app_install,33
2026-06,120242486147100641,UGC004,UGC | baghdad Android,120242398643690641,Android Installs | AF | 2026/4/17,517.39,1020765,11738,mobile_app_install,1791
2026-06,120242486147090641,UGC005,UGC | baghdad Android,120242398643690641,Android Installs | AF | 2026/4/17,8.03,15353,158,mobile_app_install,28
2026-06,120242486147080641,UGC003,UGC | baghdad Android,120242398643690641,Android Installs | AF | 2026/4/17,29.46,60980,542,mobile_app_install,115
2026-06,120243794810830641,NS025 - Copy,NS025 | Nursing,120243794810700641,Nursing | Msg Vol | WINNERS ABO,119.53,91974,1794,onsite_conversion.messaging_conversation_started_7d,87
2026-06,120243797074410641,Dr Visit - Number of visits - 25Aug3 - Copy 2,Dr Visit - Number of visits - 25Aug3 | DrVisit,120243797074370641,DrVisit | Msg Vol | WINNERS ABO,114.67,68396,989,onsite_conversion.messaging_conversation_started_7d,73
2026-06,120243799797800641,NS102 - Problem Solution,Nursing \\ Testing \\ Problem Solution \\ Pack 1 - Copy,120242225844470641,TESTING | Msg Vol | All Services,44.54,35036,434,onsite_conversion.messaging_conversation_started_7d,28
2026-06,120244361180180641,LT107,Lab Test \\ Offer Testing \\ Mix,120242225844470641,TESTING | Msg Vol | All Services,15.8,12181,216,onsite_conversion.messaging_conversation_started_7d,26
2026-06,120242489514970641,UGC 2,UGC.Iraq | $25,120222834173730641,Profile Traffic Campaign (Followers) | $12 | May 7,6.54,8356,238,profile_visit_view,183
2026-06,120242489514990641,UGC 4,UGC.Iraq | $25,120222834173730641,Profile Traffic Campaign (Followers) | $12 | May 7,323,542063,18662,profile_visit_view,16841
2026-06,120246323082850641,PT128 - Talking Head,Physiotherapy \\ Testing \\ Talking Head \\ Jun 15 2026,120242225844470641,TESTING | Msg Vol | All Services,5.11,3154,51,onsite_conversion.messaging_conversation_started_7d,2
2026-06,120246048005860641,DRV026 - FEATURE & BENEFIT - Copy,DRV026 - FEATURE & BENEFIT,120243797074370641,DrVisit | Msg Vol | WINNERS ABO,257.71,167533,2597,onsite_conversion.messaging_conversation_started_7d,99
2026-06,120243800005530641,NS074 - Emotional Story,Nursing \\ Testing \\ Emotional Story \\ Pack 4,120242225844470641,TESTING | Msg Vol | All Services,236.02,167683,1521,onsite_conversion.messaging_conversation_started_7d,65
2026-06,120246048971870641,DRV121 - Demo / Visual Proof,DrVisit \\ Testing \\ Demo / Visual Proof \\ Jun 11 2026,120242225844470641,TESTING | Msg Vol | All Services,5.97,4432,75,onsite_conversion.messaging_conversation_started_7d,4
2026-06,120246322373980641,PT127 - Talking Head,Physiotherapy \\ Testing \\ Talking Head \\ Jun 15 2026,120242225844470641,TESTING | Msg Vol | All Services,356.26,311352,8867,onsite_conversion.messaging_conversation_started_7d,506
2026-06,120246323126140641,PT129 - Talking Head,Physiotherapy \\ Testing \\ Talking Head \\ Jun 15 2026,120242225844470641,TESTING | Msg Vol | All Services,12.11,10105,170,onsite_conversion.messaging_conversation_started_7d,18
2026-06,120242486147110641,UGC006,UGC | baghdad Android,120242398643690641,Android Installs | AF | 2026/4/17,23.27,45137,415,mobile_app_install,93
2026-06,120242452468860641,NS091 - Problem Solution,Nursing \\ Testing \\ Problem Solution \\ Pack 1 - Copy,120242225844470641,TESTING | Msg Vol | All Services,14.11,13707,89,onsite_conversion.messaging_conversation_started_7d,3
2026-06,120246048562700641,DRV029 - Demo / Visual Proof,DrVisit \\ Testing \\ Demo / Visual Proof \\ Jun 11 2026,120242225844470641,TESTING | Msg Vol | All Services,223.26,224297,2355,onsite_conversion.messaging_conversation_started_7d,157
2026-06,120244632314970641,Dr Visit - UGC - 25Aug3,Mix services | Calls,120244465663740641,Calls Test,11.33,5735,101,click_to_call_native_call_placed,2
2026-06,120244631253780641,Nursing - Aug - Cutdown 2,Mix services | Calls,120244465663740641,Calls Test,180.18,114868,2415,click_to_call_native_call_placed,97
2026-06,120244631518040641,Nursing - Aug - Cutdown 2 - Copy,Mix services | Calls,120244465663740641,Calls Test,180.49,126406,2174,click_to_call_native_call_placed,91
2026-06,120244361180160641,LT105,Lab Test \\ Offer Testing \\ Mix,120242225844470641,TESTING | Msg Vol | All Services,95.74,55580,816,onsite_conversion.messaging_conversation_started_7d,75
2026-06,120244361180170641,LT106,Lab Test \\ Offer Testing \\ Mix,120242225844470641,TESTING | Msg Vol | All Services,123.72,86487,1308,onsite_conversion.messaging_conversation_started_7d,160
2026-06,120245747268560641,PT118-priced,Physio Sales | Acquire new customers,120245547322430641,Physiotherapy New Test,64.23,33951,573,onsite_conversion.purchase,1
2026-06,120245746916390641,PT113-priced,Physio Sales | Acquire new customers,120245547322430641,Physiotherapy New Test,82.45,50156,906,onsite_conversion.purchase,2
2026-06,120243800005510641,NS087 - Emotional Story,Nursing \\ Testing \\ Emotional Story \\ Pack 4,120242225844470641,TESTING | Msg Vol | All Services,60.68,38247,421,onsite_conversion.messaging_conversation_started_7d,18
2026-06,120243799797780641,NS097 - Problem Solution,Nursing \\ Testing \\ Problem Solution \\ Pack 1 - Copy,120242225844470641,TESTING | Msg Vol | All Services,66.5,62507,536,onsite_conversion.messaging_conversation_started_7d,27
2026-06,120243798182330641,DRV026 - FEATURE & BENEFIT,DrVisit \\ Testing \\ FEATURE & BENEFIT \\ Pack 4,120242225844470641,TESTING | Msg Vol | All Services,68.53,40586,664,onsite_conversion.messaging_conversation_started_7d,40
2026-06,120242452468820641,LT075,Lab Test \\ Testing \\ Problem Solution \\ Pack 1 - Copy,120242225844470641,TESTING | Msg Vol | All Services,94.68,38651,863,onsite_conversion.messaging_conversation_started_7d,87
2026-06,120243797351480641,DRV125,DrVisit \\ Testing \\ Emotional Story \\ Pack 3 - Copy,120242225844470641,TESTING | Msg Vol | All Services,76.61,50538,934,onsite_conversion.messaging_conversation_started_7d,64
2026-06,120243798048370641,DRV107 - problem solution,DrVisit \\ Testing \\ Problem Solution \\ Pack 2 - Copy,120242225844470641,TESTING | Msg Vol | All Services,93.16,100685,1204,onsite_conversion.messaging_conversation_started_7d,102
2026-06,120244264484550641,DPL010,Doppler \\ All In 1 \\ $25,120242225844470641,TESTING | Msg Vol | All Services,85.9,46486,1185,onsite_conversion.messaging_conversation_started_7d,61
2026-06,120243799944350641,NS015 - Emotional Story,Nursing \\ Testing \\ Emotional Story \\ Pack 4,120242225844470641,TESTING | Msg Vol | All Services,1.12,698,14,onsite_conversion.messaging_conversation_started_7d,
2026-06,120242452468880641,NS076 - Problem Solution,Nursing \\ Testing \\ Problem Solution \\ Pack 1 - Copy,120242225844470641,TESTING | Msg Vol | All Services,0.56,285,4,onsite_conversion.messaging_conversation_started_7d,
2026-06,120243799397860641,P097 - Problem Solution,Physiotherapy \\ Testing \\ Problem Solution \\ Pack 1 - Copy,120242225844470641,TESTING | Msg Vol | All Services,19.97,20166,152,onsite_conversion.messaging_conversation_started_7d,12
2026-07,120243699693660641,LT093 - Friday Campaign,Friday Lab Test,120243699693650641,Friday Campaign,148.53,58063,1373,onsite_conversion.messaging_conversation_started_7d,116
2026-07,120243700075830641,DRV127 - Friday Campaign,Friday Dr Visit,120243699693650641,Friday Campaign,57.27,40741,498,onsite_conversion.messaging_conversation_started_7d,21
2026-07,120243699941590641,LT092 - Friday Campaign,Friday Lab Test,120243699693650641,Friday Campaign,0.04,35,1,onsite_conversion.messaging_conversation_started_7d,
2026-07,120243699941600641,LT094 - Friday Campaign,Friday Lab Test,120243699693650641,Friday Campaign,4.53,6296,70,onsite_conversion.messaging_conversation_started_7d,5
2026-07,120243700075810641,DRV126 - Friday Campaign,Friday Dr Visit,120243699693650641,Friday Campaign,72.08,45843,610,onsite_conversion.messaging_conversation_started_7d,27
2026-07,120243700075840641,DRV128 - Friday Campaign,Friday Dr Visit,120243699693650641,Friday Campaign,23.71,20858,224,onsite_conversion.messaging_conversation_started_7d,6
2026-07,120242489127000641,UGC 4,UGC | baghdad iOS,120242398107390641,iOS installs | AF | 2026/4/17,43.12,108618,2533,mobile_app_install,82
2026-07,120247754434540641,App022,Nursing / Physio | App Install | Baghdad iOS,120242398107390641,iOS installs | AF | 2026/4/17,287.97,890195,16385,mobile_app_install,772
2026-07,120247754434520641,App020,Nursing / Physio | App Install | Baghdad iOS,120242398107390641,iOS installs | AF | 2026/4/17,5.15,13151,139,mobile_app_install,8
2026-07,120247754434570641,App025,Nursing / Physio | App Install | Baghdad iOS,120242398107390641,iOS installs | AF | 2026/4/17,3.83,7756,49,mobile_app_install,3
2026-07,120242488994880641,UGC 2,UGC | baghdad iOS,120242398107390641,iOS installs | AF | 2026/4/17,2.37,4564,54,mobile_app_install,1
2026-07,120247754434560641,App024,Nursing / Physio | App Install | Baghdad iOS,120242398107390641,iOS installs | AF | 2026/4/17,187.05,679075,5137,mobile_app_install,511
2026-07,120242489126980641,UGC 6,UGC | baghdad iOS,120242398107390641,iOS installs | AF | 2026/4/17,2.97,6334,84,mobile_app_install,3
2026-07,120247752239800641,App030,FGC | baghdad iOS | taha podcast,120242398107390641,iOS installs | AF | 2026/4/17,2.82,4002,38,mobile_app_install,
2026-07,120242489126970641,UGC 5,UGC | baghdad iOS,120242398107390641,iOS installs | AF | 2026/4/17,34.12,46276,527,mobile_app_install,27
2026-07,120247754434530641,App019,Nursing / Physio | App Install | Baghdad iOS,120242398107390641,iOS installs | AF | 2026/4/17,1.92,7676,295,mobile_app_install,3
2026-07,120242489126990641,UGC 3,UGC | baghdad iOS,120242398107390641,iOS installs | AF | 2026/4/17,5.18,11405,148,mobile_app_install,6
2026-07,120247752246710641,App031,FGC | baghdad iOS | taha podcast,120242398107390641,iOS installs | AF | 2026/4/17,79.93,106123,1861,mobile_app_install,64
2026-07,120242489515010641,UGC 6,UGC.Iraq | $25,120222834173730641,Profile Traffic Campaign (Followers) | $12 | May 7,385.02,604623,25218,profile_visit_view,23134
2026-07,120247752225190641,App029,FGC | baghdad iOS | taha podcast,120242398107390641,iOS installs | AF | 2026/4/17,59.05,84478,1064,mobile_app_install,38
2026-07,120242489515000641,UGC 5,UGC.Iraq | $25,120222834173730641,Profile Traffic Campaign (Followers) | $12 | May 7,5.33,12725,235,profile_visit_view,221
2026-07,120242489300910641,UGC 1,UGC.Iraq | $25,120222834173730641,Profile Traffic Campaign (Followers) | $12 | May 7,382.56,653531,19926,profile_visit_view,16749
2026-07,120248298832760641,DRV129 | STATIC | TrustStats | BROAD | TEST | v3,DrVisit \\ Testing \\Data / Stat Drop \\ Jul 28 2026,120242225844470641,TESTING | Msg Vol | All Services,2.76,2540,36,onsite_conversion.messaging_conversation_started_7d,4
2026-07,120248297955320641,DRV129 | STATIC | TrustStats | BROAD | TEST | v1,DrVisit \\ Testing \\Data / Stat Drop \\ Jul 28 2026,120242225844470641,TESTING | Msg Vol | All Services,8.06,7935,93,onsite_conversion.messaging_conversation_started_7d,2
2026-07,120248298802590641,DRV129 | STATIC | TrustStats | BROAD | TEST | v2,DrVisit \\ Testing \\Data / Stat Drop \\ Jul 28 2026,120242225844470641,TESTING | Msg Vol | All Services,18.06,19190,213,onsite_conversion.messaging_conversation_started_7d,8
2026-07,120248234238670641,PT104,PT104 | Physio,120243795563080641,Physiotherapy | Msg Vol | WINNERS ABO,106.74,87728,1492,onsite_conversion.messaging_conversation_started_7d,64
2026-07,120248056942420641,PT104 ✅,Physio Sales | Active Pain | 2026/07/13,120242225844470641,TESTING | Msg Vol | All Services,62.83,37329,883,onsite_conversion.purchase,2
2026-07,120248056407930641,PT105,Physio Sales | Convenience | 2026/07/13,120242225844470641,TESTING | Msg Vol | All Services,0.83,1596,28,onsite_conversion.purchase,
2026-07,120248057310950641,PT106,Physio Sales | Convenience | 2026/07/13,120242225844470641,TESTING | Msg Vol | All Services,2.32,1984,27,onsite_conversion.purchase,
2026-07,120248056916180641,PT022,Physio Sales | Social Proof | Results & Testimonials | 2026/07/13,120242225844470641,TESTING | Msg Vol | All Services,53.89,28680,453,onsite_conversion.purchase,2
2026-07,120248057310940641,PT069,Physio Sales | Convenience | 2026/07/13,120242225844470641,TESTING | Msg Vol | All Services,0.03,59,1,onsite_conversion.purchase,
2026-07,120248056407970641,PT059,Physio Sales | Rehabilitation | 2026/07/13,120242225844470641,TESTING | Msg Vol | All Services,25.77,15473,229,onsite_conversion.purchase,2
2026-07,120248056407950641,PT041,Physio Sales | General Need | 2026/07/13,120242225844470641,TESTING | Msg Vol | All Services,70.6,37265,760,onsite_conversion.purchase,4
2026-07,120248057348060641,PT019,Physio Sales | General Need | 2026/07/13,120242225844470641,TESTING | Msg Vol | All Services,5.51,2925,70,onsite_conversion.purchase,
2026-07,120248056407920641,PT103,Physio Sales | Active Pain | 2026/07/13,120242225844470641,TESTING | Msg Vol | All Services,1.58,912,19,onsite_conversion.purchase,
2026-07,120243795563060641,🌟PT001 - Copy,PT001 | Physio,120243795563080641,Physiotherapy | Msg Vol | WINNERS ABO,130.61,80053,1075,onsite_conversion.messaging_conversation_started_7d,64
2026-07,120243795563070641,Physiotherapy Jul - Design 2 - Copy 3,Physiotherapy Jul - Design 2 | Physio,120243795563080641,Physiotherapy | Msg Vol | WINNERS ABO,209.69,284627,3730,onsite_conversion.messaging_conversation_started_7d,200
2026-07,120243795563110641,PT015,PT015 | Physio,120243795563080641,Physiotherapy | Msg Vol | WINNERS ABO,93.37,128334,1424,onsite_conversion.messaging_conversation_started_7d,72
2026-07,120247923759010641,PT105,Physio Sales | Convenience | 2026/07/13,120245547322430641,Physiotherapy New Test,0.88,602,16,onsite_conversion.purchase,
2026-07,120247923759020641,PT106,Physio Sales | Convenience | 2026/07/13,120245547322430641,Physiotherapy New Test,20.71,9629,138,onsite_conversion.purchase,1
2026-07,120247923834110641,PT038,Physio Sales | Elderly Caregiver | 2026/07/13,120245547322430641,Physiotherapy New Test,6.37,3400,62,onsite_conversion.purchase,
2026-07,120247924319060641,PT059,Physio Sales | Rehabilitation | 2026/07/13,120245547322430641,Physiotherapy New Test,5.77,3979,69,onsite_conversion.purchase,
2026-07,120247923689370641,PT041,Physio Sales | General Need | 2026/07/13,120245547322430641,Physiotherapy New Test,1.43,930,16,onsite_conversion.purchase,
2026-07,120247920896780641,PT019,Physio Sales | General Need | 2026/07/13,120245547322430641,Physiotherapy New Test,31.48,19767,322,onsite_conversion.purchase,1
2026-07,120247924605860641,PT048,Physio Sales | Social Proof | Results & Testimonials | 2026/07/13,120245547322430641,Physiotherapy New Test,1.7,1233,29,onsite_conversion.purchase,1
2026-07,120247924017420641,PT103,Physio Sales | Active Pain | 2026/07/13,120245547322430641,Physiotherapy New Test,0.55,482,9,onsite_conversion.purchase,
2026-07,120247923834130641,PT056,Physio Sales | Elderly Caregiver | 2026/07/13,120245547322430641,Physiotherapy New Test,4.66,2701,56,onsite_conversion.purchase,
2026-07,120246708001840641,PT127 - Talking Head - Copy,Physio Sales | Talking head,120245547322430641,Physiotherapy New Test,1410.11,735916,16273,onsite_conversion.purchase,36
2026-07,120247924017390641,PT104,Physio Sales | Active Pain | 2026/07/13,120245547322430641,Physiotherapy New Test,8.45,7001,132,onsite_conversion.purchase,
2026-07,120246708001830641,PT129 - Talking Head - Copy,Physio Sales | Talking head,120245547322430641,Physiotherapy New Test,43.83,20843,487,onsite_conversion.purchase,
2026-07,120247924319100641,PT028,Physio Sales | Rehabilitation | 2026/07/13,120245547322430641,Physiotherapy New Test,2.48,2048,23,onsite_conversion.purchase,
2026-07,120247923722780641,PT066,Physio Sales | General Need | 2026/07/13,120245547322430641,Physiotherapy New Test,7.35,3902,69,onsite_conversion.purchase,
2026-07,120246708001820641,PT128 - Talking Head - Copy,Physio Sales | Talking head,120245547322430641,Physiotherapy New Test,134.91,66913,1151,onsite_conversion.purchase,2
2026-07,120247924017410641,PT055,Physio Sales | Active Pain | 2026/07/13,120245547322430641,Physiotherapy New Test,5.15,3016,42,onsite_conversion.purchase,
2026-07,120247923834140641,PT109,Physio Sales | Elderly Caregiver | 2026/07/13,120245547322430641,Physiotherapy New Test,29.65,22625,589,onsite_conversion.purchase,1
2026-07,120247923834120641,PT046,Physio Sales | Elderly Caregiver | 2026/07/13,120245547322430641,Physiotherapy New Test,1.87,1236,20,onsite_conversion.purchase,
2026-07,120247923759030641,PT069,Physio Sales | Convenience | 2026/07/13,120245547322430641,Physiotherapy New Test,3.42,3203,44,onsite_conversion.purchase,
2026-07,120247923733420641,PT019,Physio Sales | General Need | 2026/07/13,120245547322430641,Physiotherapy New Test,1.25,632,10,onsite_conversion.purchase,
2026-07,120247924470170641,PT042,Physio Sales | Trust | 2026/07/13,120245547322430641,Physiotherapy New Test,25.48,15032,222,onsite_conversion.purchase,
2026-07,120247924319080641,PT043,Physio Sales | Rehabilitation | 2026/07/13,120245547322430641,Physiotherapy New Test,2.31,2476,37,onsite_conversion.purchase,
2026-07,120247923759000641,PT057,Physio Sales | Convenience | 2026/07/13,120245547322430641,Physiotherapy New Test,15.32,8682,124,onsite_conversion.purchase,
2026-07,120247924605850641,PT022,Physio Sales | Social Proof | Results & Testimonials | 2026/07/13,120245547322430641,Physiotherapy New Test,2.64,2610,39,onsite_conversion.purchase,
2026-07,120247924470210641,PT084,Physio Sales | Trust | 2026/07/13,120245547322430641,Physiotherapy New Test,1.46,1523,28,onsite_conversion.purchase,
2026-07,120247924470200641,PT083,Physio Sales | Trust | 2026/07/13,120245547322430641,Physiotherapy New Test,1.07,934,16,onsite_conversion.purchase,
2026-07,120247753552780641,App014,Fake Tweets | App Install | Baghdad Android,120242398643690641,Android Installs | AF | 2026/4/17,82.83,322611,4406,mobile_app_install,817
2026-07,120247753684660641,App026,Doctor Visit | App Install | Baghdad Android,120242398643690641,Android Installs | AF | 2026/4/17,0.35,1216,4,mobile_app_install,
2026-07,120247753684640641,App018,Doctor Visit | App Install | Baghdad Android,120242398643690641,Android Installs | AF | 2026/4/17,24.87,88325,1095,mobile_app_install,190
2026-07,120247753564080641,App023,Fake Tweets | App Install | Baghdad Android,120242398643690641,Android Installs | AF | 2026/4/17,0.09,364,2,mobile_app_install,1
2026-07,120247753785660641,App022,Nursing / Physio | App Install | Baghdad Android - Copy,120242398643690641,Android Installs | AF | 2026/4/17,4.5,12720,116,mobile_app_install,31
2026-07,120247753785650641,App024,Nursing / Physio | App Install | Baghdad Android - Copy,120242398643690641,Android Installs | AF | 2026/4/17,88.35,321721,2600,mobile_app_install,600
2026-07,120247753680970641,App017,Doctor Visit | App Install | Baghdad Android,120242398643690641,Android Installs | AF | 2026/4/17,3.78,12292,123,mobile_app_install,32
2026-07,120247753785670641,App020,Nursing / Physio | App Install | Baghdad Android - Copy,120242398643690641,Android Installs | AF | 2026/4/17,8.78,21731,300,mobile_app_install,35
2026-07,120247753391540641,App019,Nursing / Physio | App Install | Baghdad Android - Copy,120242398643690641,Android Installs | AF | 2026/4/17,0.63,1447,24,mobile_app_install,1
2026-07,120247753564070641,App015,Fake Tweets | App Install | Baghdad Android,120242398643690641,Android Installs | AF | 2026/4/17,3.36,8525,95,mobile_app_install,20
2026-07,120247753785640641,App025,Nursing / Physio | App Install | Baghdad Android - Copy,120242398643690641,Android Installs | AF | 2026/4/17,2.68,6059,62,mobile_app_install,19
2026-07,120247753391550641,App016,Doctor Visit | App Install | Baghdad Android,120242398643690641,Android Installs | AF | 2026/4/17,305.53,951752,10867,mobile_app_install,2368
2026-07,120247753684650641,App021,Doctor Visit | App Install | Baghdad Android,120242398643690641,Android Installs | AF | 2026/4/17,0.49,1087,13,mobile_app_install,1
2026-07,120247753564090641,App027,Fake Tweets | App Install | Baghdad Android,120242398643690641,Android Installs | AF | 2026/4/17,0.54,1186,10,mobile_app_install,2
2026-07,120247753391530641,App013,Fake Tweets | App Install | Baghdad Android,120242398643690641,Android Installs | AF | 2026/4/17,85.79,267802,2926,mobile_app_install,631
2026-07,120247751911940641,App029,FGC | baghdad Android | taha podcast,120242398643690641,Android Installs | AF | 2026/4/17,6.79,16136,152,mobile_app_install,15
2026-07,120247752199850641,App030,FGC | baghdad Android | taha podcast,120242398643690641,Android Installs | AF | 2026/4/17,0.97,2095,24,mobile_app_install,2
2026-07,120247752205350641,App031,FGC | baghdad Android | taha podcast,120242398643690641,Android Installs | AF | 2026/4/17,3.35,7245,118,mobile_app_install,7
2026-07,120247680775340641,DRV137,DRV135 DRV136 DRV137 - Talking Head,120243797074370641,DrVisit | Msg Vol | WINNERS ABO,37.34,26839,543,onsite_conversion.messaging_conversation_started_7d,15
2026-07,120247680663390641,DRV135,DRV135 DRV136 DRV137 - Talking Head,120243797074370641,DrVisit | Msg Vol | WINNERS ABO,29.86,23551,334,onsite_conversion.messaging_conversation_started_7d,19
2026-07,120247680770780641,DRV136,DRV135 DRV136 DRV137 - Talking Head,120243797074370641,DrVisit | Msg Vol | WINNERS ABO,858.46,590144,16539,onsite_conversion.messaging_conversation_started_7d,699
2026-07,120247539558970641,App 33 - RT android,App Installs > App Registration,120247539219840641,App Reg RT | Android | 2026/7/1,22.26,18157,479,app_custom_event.fb_mobile_complete_registration,
2026-07,120247539219830641,App 32 - RT android,App Installs > App Registration,120247539219840641,App Reg RT | Android | 2026/7/1,7.31,5744,92,app_custom_event.fb_mobile_complete_registration,
2026-07,120243794810760641,NS010 - Copy 3,NS010 | Nursing,120243794810700641,Nursing | Msg Vol | WINNERS ABO,929.9,818484,9012,onsite_conversion.messaging_conversation_started_7d,282
2026-07,120243794810740641,NS037 - Copy 3,NS037 | Nursing,120243794810700641,Nursing | Msg Vol | WINNERS ABO,920.64,992835,8726,onsite_conversion.messaging_conversation_started_7d,389
2026-07,120246047122210641,NS074 - Emotional Story - Copy,NS074 - Emotional Story,120243794810700641,Nursing | Msg Vol | WINNERS ABO,69.73,45993,450,onsite_conversion.messaging_conversation_started_7d,17
2026-07,120243794810770641,UGC008,nursing | UGC008 | Nursing,120243794810700641,Nursing | Msg Vol | WINNERS ABO,539.13,321974,6539,onsite_conversion.messaging_conversation_started_7d,252
2026-07,120243794810850641,NS028 - scaling,NS028 | Nursing,120243794810700641,Nursing | Msg Vol | WINNERS ABO,1075.1,850163,8412,onsite_conversion.messaging_conversation_started_7d,313
2026-07,120247329056960641,TX trybloom.ai 1,Patient Transportation \\ Testing \\ Mix \\ Jun 28 2026,120242225844470641,TESTING | Msg Vol | All Services,0.16,172,6,onsite_conversion.messaging_conversation_started_7d,
2026-07,120247324726180641,TX002,Patient Transportation \\ Testing \\ Mix \\ Jun 28 2026,120242225844470641,TESTING | Msg Vol | All Services,0.07,114,0,onsite_conversion.messaging_conversation_started_7d,
2026-07,120247324381990641,TX001,Patient Transportation \\ Testing \\ Mix \\ Jun 28 2026,120242225844470641,TESTING | Msg Vol | All Services,12.83,11458,431,onsite_conversion.messaging_conversation_started_7d,19
2026-07,120247324800870641,TX003,Patient Transportation \\ Testing \\ Mix \\ Jun 28 2026,120242225844470641,TESTING | Msg Vol | All Services,80.3,56152,2453,onsite_conversion.messaging_conversation_started_7d,124
2026-07,120246778266220641,WC003 ios,world cup UGC | baghdad Android,120242398643690641,Android Installs | AF | 2026/4/17,1.53,2563,104,mobile_app_install,1
2026-07,120246778243030641,WC003,World cup UGC | baghdad iOS,120242398107390641,iOS installs | AF | 2026/4/17,17.95,27734,548,mobile_app_install,8
2026-07,120246706273250641,WC002 ios,world cup UGC | baghdad Android,120242398643690641,Android Installs | AF | 2026/4/17,177.64,213378,4846,mobile_app_install,420
2026-07,120246705898910641,WC001 ios,world cup UGC | baghdad Android,120242398643690641,Android Installs | AF | 2026/4/17,55.04,55176,1220,mobile_app_install,140
2026-07,120246705548800641,WC001,World cup UGC | baghdad iOS,120242398107390641,iOS installs | AF | 2026/4/17,174.02,234720,5016,mobile_app_install,73
2026-07,120246705846810641,WC002,World cup UGC | baghdad iOS,120242398107390641,iOS installs | AF | 2026/4/17,0.88,1080,60,mobile_app_install,
2026-07,120246048826940641,DRV077 - Demo / Visual Proof,DrVisit \\ Testing \\ Demo / Visual Proof \\ Jun 11 2026,120242225844470641,TESTING | Msg Vol | All Services,86.24,66747,841,onsite_conversion.messaging_conversation_started_7d,44
2026-07,120243797074350641,DRV004 - Copy 2,DRV004 | DrVisit,120243797074370641,DrVisit | Msg Vol | WINNERS ABO,515.73,399332,4484,onsite_conversion.messaging_conversation_started_7d,243
2026-07,120243797074570641,DRV020,DRV020 | Dr Visit,120243797074370641,DrVisit | Msg Vol | WINNERS ABO,931.93,740508,8256,onsite_conversion.messaging_conversation_started_7d,467
2026-07,120243795563150641,PT058,PT058 | Physio,120243795563080641,Physiotherapy | Msg Vol | WINNERS ABO,409.61,437020,4893,onsite_conversion.messaging_conversation_started_7d,175
2026-07,120243799797770641,NS095 - Problem Solution,Nursing \\ Testing \\ Problem Solution \\ Pack 1 - Copy,120242225844470641,TESTING | Msg Vol | All Services,285.64,150711,1915,onsite_conversion.messaging_conversation_started_7d,63
2026-07,120243800005520641,NS058 - Emotional Story,Nursing \\ Testing \\ Emotional Story \\ Pack 4,120242225844470641,TESTING | Msg Vol | All Services,279.18,223423,2511,onsite_conversion.messaging_conversation_started_7d,56
2026-07,120242452758340641,UGC002,UGC | baghdad Android,120242398643690641,Android Installs | AF | 2026/4/17,3.97,6727,82,mobile_app_install,12
2026-07,120242486147100641,UGC004,UGC | baghdad Android,120242398643690641,Android Installs | AF | 2026/4/17,58.51,138965,1597,mobile_app_install,276
2026-07,120242486147090641,UGC005,UGC | baghdad Android,120242398643690641,Android Installs | AF | 2026/4/17,2.5,5455,38,mobile_app_install,7
2026-07,120242486147080641,UGC003,UGC | baghdad Android,120242398643690641,Android Installs | AF | 2026/4/17,2.75,6680,50,mobile_app_install,8
2026-07,120248056568690641,PT083,Physio Sales | Trust | 2026/07/13,120242225844470641,TESTING | Msg Vol | All Services,25.65,14091,268,onsite_conversion.purchase,
2026-07,120248057276650641,PT046,Physio Sales | Elderly Caregiver | 2026/07/13,120242225844470641,TESTING | Msg Vol | All Services,10.55,7643,132,onsite_conversion.purchase,
2026-07,120248056568700641,PT084,Physio Sales | Trust | 2026/07/13,120242225844470641,TESTING | Msg Vol | All Services,43.18,30559,539,onsite_conversion.purchase,1
2026-07,120248057241460641,PT055,Physio Sales | Active Pain | 2026/07/13,120242225844470641,TESTING | Msg Vol | All Services,40.83,28946,488,onsite_conversion.purchase,1
2026-07,120248056817590641,PT043,Physio Sales | Rehabilitation | 2026/07/13,120242225844470641,TESTING | Msg Vol | All Services,43.49,39326,562,onsite_conversion.purchase,1
2026-07,120246323082850641,PT128 - Talking Head,Physiotherapy \\ Testing \\ Talking Head \\ Jun 15 2026,120242225844470641,TESTING | Msg Vol | All Services,165.66,145259,2185,onsite_conversion.messaging_conversation_started_7d,158
2026-07,120248057310930641,PT057,Physio Sales | Convenience | 2026/07/13,120242225844470641,TESTING | Msg Vol | All Services,103.66,55989,1132,onsite_conversion.purchase,3
2026-07,120248056407940641,PT038,Physio Sales | Elderly Caregiver | 2026/07/13,120242225844470641,TESTING | Msg Vol | All Services,44.02,26256,517,onsite_conversion.purchase,
2026-07,120246048005860641,DRV026 - FEATURE & BENEFIT - Copy,DRV026 - FEATURE & BENEFIT,120243797074370641,DrVisit | Msg Vol | WINNERS ABO,395.8,189316,3107,onsite_conversion.messaging_conversation_started_7d,149
2026-07,120243800005530641,NS074 - Emotional Story,Nursing \\ Testing \\ Emotional Story \\ Pack 4,120242225844470641,TESTING | Msg Vol | All Services,60.4,56411,549,onsite_conversion.messaging_conversation_started_7d,15
2026-07,120248056169250641,PT048,Physio Sales | Social Proof | Results & Testimonials | 2026/07/13,120242225844470641,TESTING | Msg Vol | All Services,51.78,25078,334,onsite_conversion.purchase,
2026-07,120248057276670641,PT056,Physio Sales | Elderly Caregiver | 2026/07/13,120242225844470641,TESTING | Msg Vol | All Services,17.66,9709,162,onsite_conversion.purchase,
2026-07,120248056407960641,PT042,Physio Sales | Trust | 2026/07/13,120242225844470641,TESTING | Msg Vol | All Services,36.33,21931,346,onsite_conversion.purchase,1
2026-07,120246048971870641,DRV121 - Demo / Visual Proof,DrVisit \\ Testing \\ Demo / Visual Proof \\ Jun 11 2026,120242225844470641,TESTING | Msg Vol | All Services,182.91,148301,1865,onsite_conversion.messaging_conversation_started_7d,134
2026-07,120246322373980641,PT127 - Talking Head,Physiotherapy \\ Testing \\ Talking Head \\ Jun 15 2026,120242225844470641,TESTING | Msg Vol | All Services,484.43,406895,8080,onsite_conversion.messaging_conversation_started_7d,546
2026-07,120246323126140641,PT129 - Talking Head,Physiotherapy \\ Testing \\ Talking Head \\ Jun 15 2026,120242225844470641,TESTING | Msg Vol | All Services,39.77,41857,573,onsite_conversion.messaging_conversation_started_7d,47
2026-07,120248057276660641,PT109,Physio Sales | Elderly Caregiver | 2026/07/13,120242225844470641,TESTING | Msg Vol | All Services,32.77,24558,488,onsite_conversion.purchase,1
2026-07,120248057348070641,PT066,Physio Sales | General Need | 2026/07/13,120242225844470641,TESTING | Msg Vol | All Services,30.66,16058,264,onsite_conversion.purchase,1
2026-07,120248056817580641,PT028,Physio Sales | Rehabilitation | 2026/07/13,120242225844470641,TESTING | Msg Vol | All Services,36.66,22265,347,onsite_conversion.purchase,1
2026-07,120247924017400641,PT032,Physio Sales | Active Pain | 2026/07/13,120245547322430641,Physiotherapy New Test,24.18,12982,171,onsite_conversion.purchase,
2026-07,120247924319090641,PT081,Physio Sales | Rehabilitation | 2026/07/13,120245547322430641,Physiotherapy New Test,26.94,15495,269,onsite_conversion.purchase,
2026-07,120247924605880641,PT108,Physio Sales | Social Proof | Results & Testimonials | 2026/07/13,120245547322430641,Physiotherapy New Test,37.92,24975,543,onsite_conversion.purchase,1
2026-07,120247924470190641,PT067,Physio Sales | Trust | 2026/07/13,120245547322430641,Physiotherapy New Test,10.15,6053,102,onsite_conversion.purchase,
2026-07,120242486147110641,UGC006,UGC | baghdad Android,120242398643690641,Android Installs | AF | 2026/4/17,12.13,21705,161,mobile_app_install,32
2026-07,120242452468860641,NS091 - Problem Solution,Nursing \\ Testing \\ Problem Solution \\ Pack 1 - Copy,120242225844470641,TESTING | Msg Vol | All Services,42.64,33335,326,onsite_conversion.messaging_conversation_started_7d,16
2026-07,120246048562700641,DRV029 - Demo / Visual Proof,DrVisit \\ Testing \\ Demo / Visual Proof \\ Jun 11 2026,120242225844470641,TESTING | Msg Vol | All Services,75.36,80222,872,onsite_conversion.messaging_conversation_started_7d,49
2026-08,120248963774370641,PT105 | Scaling | Physio - Copy,Physio Scaling Adset,120248963774150641,Physiotherapy | 2026 Aug 29,0.09,81,2,onsite_conversion.messaging_conversation_started_7d,
2026-08,120248963774320641,PT105 | Scaling | Physio - Copy,Physio Scaling Adset,120248963774150641,Physiotherapy | 2026 Aug 29,0.05,114,0,onsite_conversion.messaging_conversation_started_7d,
2026-08,120248963774300641,PT059 | Physio Sales | Rehabilitation - Copy,Physio Scaling Adset,120248963774150641,Physiotherapy | 2026 Aug 29,4.61,3025,44,onsite_conversion.messaging_conversation_started_7d,1
2026-08,120243699693660641,LT093 - Friday Campaign,Friday Lab Test,120243699693650641,Friday Campaign,149.7,66813,1312,onsite_conversion.messaging_conversation_started_7d,117
2026-08,120243700075830641,DRV127 - Friday Campaign,Friday Dr Visit,120243699693650641,Friday Campaign,141.83,125845,1451,onsite_conversion.messaging_conversation_started_7d,73
2026-08,120243699941590641,LT092 - Friday Campaign,Friday Lab Test,120243699693650641,Friday Campaign,0.51,352,3,onsite_conversion.messaging_conversation_started_7d,
2026-08,120248963701180641,NS010 | scaling | Nursing - Copy,Nursing Scaling Adset,120248963701120641,Nursing | 2026 Aug 29,0.34,499,5,onsite_conversion.messaging_conversation_started_7d,
2026-08,120248963572970641,DRV129 | STATIC | TrustStats | BROAD | TEST | v3,DRV129 | Scaling | Dr Visit Sales,120248963572680641,Dr Visit | 2026 Aug 29,8.26,5849,59,onsite_conversion.messaging_conversation_started_7d,4
2026-08,120248963573160641,DR148  | 🧑🏻‍🎨 Static | Myth Busting | The clinic brought home | DRV020  V2,DRV147-DRV152 | STATIC | Myth Busting | TESTING,120248963572680641,Dr Visit | 2026 Aug 29,0.72,950,16,onsite_conversion.messaging_conversation_started_7d,1
2026-08,120248963572850641,DR146 | 🧑🏻‍🎨 Static | US VS THEM | Home comfort over clinic tiredness | DRV004 V5,DRV142-DRV146 | STATIC | Us vs Them | TESTING,120248963572680641,Dr Visit | 2026 Aug 29,2.21,1506,22,onsite_conversion.messaging_conversation_started_7d,1
2026-08,120248963572740641,DR143 | 🧑🏻‍🎨 Static | US VS THEM |  Home comfort over clinic tiredness | DRV004 V2,DRV142-DRV146 | STATIC | Us vs Them | TESTING,120248963572680641,Dr Visit | 2026 Aug 29,0.23,193,5,onsite_conversion.messaging_conversation_started_7d,1
2026-08,120248963573120641,DR152 | 🧑🏻‍🎨 Static | Myth Busting | The clinic brought home | DRV020  V6,DRV147-DRV152 | STATIC | Myth Busting | TESTING,120248963572680641,Dr Visit | 2026 Aug 29,5.16,5413,82,onsite_conversion.messaging_conversation_started_7d,4
2026-08,120248963573180641,DR145 | 🧑🏻‍🎨 Static | US VS THEM | Home comfort over clinic tiredness | DRV004 V4,DRV142-DRV146 | STATIC | Us vs Them | TESTING,120248963572680641,Dr Visit | 2026 Aug 29,0.14,153,1,onsite_conversion.messaging_conversation_started_7d,
2026-08,120248963573130641,DR151 | 🧑🏻‍🎨 Static | Myth Busting | The clinic brought home | DRV020  V5,DRV147-DRV152 | STATIC | Myth Busting | TESTING,120248963572680641,Dr Visit | 2026 Aug 29,1.69,2064,33,onsite_conversion.messaging_conversation_started_7d,1
2026-08,120248963572990641,DRV129 | STATIC | TrustStats | BROAD | TEST | v2,DRV129 | Scaling | Dr Visit Sales,120248963572680641,Dr Visit | 2026 Aug 29,20.97,18861,224,onsite_conversion.messaging_conversation_started_7d,9
2026-08,120248963572750641,DR142  | 🧑🏻‍🎨 Static | US VS THEM |  Home comfort over clinic tiredness | DRV004 V1,DRV142-DRV146 | STATIC | Us vs Them | TESTING,120248963572680641,Dr Visit | 2026 Aug 29,1.91,1127,21,onsite_conversion.messaging_conversation_started_7d,
2026-08,120248963572980641,DRV129 | STATIC | TrustStats | BROAD | TEST | v1,DRV129 | Scaling | Dr Visit Sales,120248963572680641,Dr Visit | 2026 Aug 29,3.55,3426,47,onsite_conversion.messaging_conversation_started_7d,2
2026-08,120248963701130641,NS028 | scaling | Nursing,NS028 | scaling | Nursing,120248963701120641,Nursing | 2026 Aug 29,132.48,127114,1171,onsite_conversion.messaging_conversation_started_7d,40
2026-08,120248963573080641,DRV004 | Scaling | Dr Visit Sales,DRV004 | Scaling | Dr Visit Sales,120248963572680641,Dr Visit | 2026 Aug 29,98.41,78642,947,onsite_conversion.messaging_conversation_started_7d,32
2026-08,120248963573170641,DR144 | 🧑🏻‍🎨 Static | US VS THEM | Home comfort over clinic tiredness | DRV004 V3,DRV142-DRV146 | STATIC | Us vs Them | TESTING,120248963572680641,Dr Visit | 2026 Aug 29,28.98,28344,334,onsite_conversion.messaging_conversation_started_7d,18
2026-08,120243699941600641,LT094 - Friday Campaign,Friday Lab Test,120243699693650641,Friday Campaign,5.99,5503,79,onsite_conversion.messaging_conversation_started_7d,2
2026-08,120243700075810641,DRV126 - Friday Campaign,Friday Dr Visit,120243699693650641,Friday Campaign,9.59,7075,87,onsite_conversion.messaging_conversation_started_7d,6
2026-08,120243700075840641,DRV128 - Friday Campaign,Friday Dr Visit,120243699693650641,Friday Campaign,4.36,3318,41,onsite_conversion.messaging_conversation_started_7d,2
2026-08,120248897446220641,HPT004,Hillah Physio | 2026/8/24,120248822994440641,Hillah Physiotherapy,2.6,2713,78,onsite_conversion.messaging_conversation_started_7d,2
2026-08,120248897446150641,HPT005,Hillah Physio | 2026/8/24,120248822994440641,Hillah Physiotherapy,2.51,2574,90,onsite_conversion.messaging_conversation_started_7d,2
2026-08,120248897446160641,HPT003,Hillah Physio | 2026/8/24,120248822994440641,Hillah Physiotherapy,1.34,1384,30,onsite_conversion.messaging_conversation_started_7d,1
2026-08,120248897446180641,HPT012,Hillah Physio | 2026/8/24,120248822994440641,Hillah Physiotherapy,2.67,2751,63,onsite_conversion.messaging_conversation_started_7d,4
2026-08,120248897446090641,HPT007,Hillah Physio | 2026/8/24,120248822994440641,Hillah Physiotherapy,2.27,2694,67,onsite_conversion.messaging_conversation_started_7d,5
2026-08,120248897446120641,HPT006,Hillah Physio | 2026/8/24,120248822994440641,Hillah Physiotherapy,1.26,1740,39,onsite_conversion.messaging_conversation_started_7d,2
2026-08,120248897446170641,HPT013,Hillah Physio | 2026/8/24,120248822994440641,Hillah Physiotherapy,133.59,165605,4579,onsite_conversion.messaging_conversation_started_7d,224
2026-08,120248897446110641,HPT009,Hillah Physio | 2026/8/24,120248822994440641,Hillah Physiotherapy,13.7,13190,455,onsite_conversion.messaging_conversation_started_7d,15
2026-08,120248897446100641,HPT014,Hillah Physio | 2026/8/24,120248822994440641,Hillah Physiotherapy,2.08,2009,54,onsite_conversion.messaging_conversation_started_7d,
2026-08,120242489127000641,UGC 4,UGC | baghdad iOS,120242398107390641,iOS installs | AF | 2026/4/17,108.15,243174,5325,mobile_app_install,193
2026-08,120247754434540641,App022,Nursing / Physio | App Install | Baghdad iOS,120242398107390641,iOS installs | AF | 2026/4/17,307.34,952847,14644,mobile_app_install,618
2026-08,120247754434520641,App020,Nursing / Physio | App Install | Baghdad iOS,120242398107390641,iOS installs | AF | 2026/4/17,3.18,10875,135,mobile_app_install,5
2026-08,120247754434570641,App025,Nursing / Physio | App Install | Baghdad iOS,120242398107390641,iOS installs | AF | 2026/4/17,6.74,18537,161,mobile_app_install,11
2026-08,120242488994880641,UGC 2,UGC | baghdad iOS,120242398107390641,iOS installs | AF | 2026/4/17,0.98,2207,31,mobile_app_install,1
2026-08,120247754434560641,App024,Nursing / Physio | App Install | Baghdad iOS,120242398107390641,iOS installs | AF | 2026/4/17,270.78,777666,7160,mobile_app_install,517
2026-08,120242489126980641,UGC 6,UGC | baghdad iOS,120242398107390641,iOS installs | AF | 2026/4/17,3.85,8101,99,mobile_app_install,4
2026-08,120247752239800641,App030,FGC | baghdad iOS | taha podcast,120242398107390641,iOS installs | AF | 2026/4/17,3.44,5273,65,mobile_app_install,
2026-08,120242489126970641,UGC 5,UGC | baghdad iOS,120242398107390641,iOS installs | AF | 2026/4/17,2.95,6080,76,mobile_app_install,
2026-08,120247754434530641,App019,Nursing / Physio | App Install | Baghdad iOS,120242398107390641,iOS installs | AF | 2026/4/17,1.41,4582,102,mobile_app_install,3
2026-08,120242489126990641,UGC 3,UGC | baghdad iOS,120242398107390641,iOS installs | AF | 2026/4/17,45.02,81752,1251,mobile_app_install,63
2026-08,120247752246710641,App031,FGC | baghdad iOS | taha podcast,120242398107390641,iOS installs | AF | 2026/4/17,165,181087,4365,mobile_app_install,103
2026-08,120242489515010641,UGC 6,UGC.Iraq | $25,120222834173730641,Profile Traffic Campaign (Followers) | $12 | May 7,417.67,679262,26781,profile_visit_view,24504
2026-08,120247752225190641,App029,FGC | baghdad iOS | taha podcast,120242398107390641,iOS installs | AF | 2026/4/17,13.17,20800,244,mobile_app_install,4
2026-08,120242489515000641,UGC 5,UGC.Iraq | $25,120222834173730641,Profile Traffic Campaign (Followers) | $12 | May 7,20.32,41859,829,profile_visit_view,733
2026-08,120242489514980641,UGC 3,UGC.Iraq | $25,120222834173730641,Profile Traffic Campaign (Followers) | $12 | May 7,35.99,89086,1448,profile_visit_view,1506
2026-08,120242489300910641,UGC 1,UGC.Iraq | $25,120222834173730641,Profile Traffic Campaign (Followers) | $12 | May 7,304.4,607498,16180,profile_visit_view,15837
2026-08,120248963572810641,DR171 | 🧑🏻‍🎨 Static | Direct Offer | Doctor Care Without the Trip | V2,❌DRV170-DRV174 | STATIC | Direct Offer | TESTING,120248963572680641,Dr Visit | 2026 Aug 29,30.6,26451,526,onsite_conversion.messaging_conversation_started_7d,24
2026-08,120248963774290641,PT059 | Physio Sales | Rehabilitation,PT059 | Scaling | Physio Sales | Rehabilitation,120248963774150641,Physiotherapy | 2026 Aug 29,49.77,27887,437,onsite_conversion.messaging_conversation_started_7d,32
2026-08,120248963572820641,DR169 | 🧑🏻‍🎨 Static | Problem → Solution | Unstable Blood Sugar at Home | DRV099 V5,❌DRV165-DRV169 | STATIC | Problem → Solution | TESTING,120248963572680641,Dr Visit | 2026 Aug 29,1.57,712,23,onsite_conversion.messaging_conversation_started_7d,1
2026-08,120248963774310641,PT033 | 🧑🏻‍🎨 Static | Problem → Solution | Disc Pain – Mom,PT033 | Problem → Solution | Disc Pain – Mom | TESTING,120248963774150641,Physiotherapy | 2026 Aug 29,33.12,18830,338,onsite_conversion.messaging_conversation_started_7d,24
2026-08,120248963774410641,PT041 | Scaling | Physio,PT041 | Scaling | Physio,120248963774150641,Physiotherapy | 2026 Aug 29,32.89,22517,305,onsite_conversion.messaging_conversation_started_7d,26
2026-08,120248963774160641,PT132 | Customer Testimonial | physiotherapy at home = more comfort,PT132 | Customer Testimonial | TESTING,120248963774150641,Physiotherapy | 2026 Aug 29,32.84,34293,557,onsite_conversion.messaging_conversation_started_7d,20
2026-08,120248963572760641,"DR164 | 🎥 Video | Talking Head | comment reply , patient transportation",❌DRV164 | Talking Head | TESTING,120248963572680641,Dr Visit | 2026 Aug 29,33.09,26261,521,onsite_conversion.messaging_conversation_started_7d,18
2026-08,120248963774380641,PT105 | Scaling | Physio,PT105 | Scaling | Physio,120248963774150641,Physiotherapy | 2026 Aug 29,32.56,19665,282,onsite_conversion.messaging_conversation_started_7d,16
2026-08,120248963572840641,DR167 | 🧑🏻‍🎨 Static | Problem → Solution | Unstable Blood Sugar at Home | DRV099 V3,❌DRV165-DRV169 | STATIC | Problem → Solution | TESTING,120248963572680641,Dr Visit | 2026 Aug 29,3.72,2760,65,onsite_conversion.messaging_conversation_started_7d,3
2026-08,120248963572800641,DR172 | 🧑🏻‍🎨 Static | Direct Offer | Doctor Care Without the Trip | V3,❌DRV170-DRV174 | STATIC | Direct Offer | TESTING,120248963572680641,Dr Visit | 2026 Aug 29,1.22,965,15,onsite_conversion.messaging_conversation_started_7d,
2026-08,120248963774350641,PT105 | Scaling | Physio,PT105 | Scaling | Physio,120248963774150641,Physiotherapy | 2026 Aug 29,32.63,20319,320,onsite_conversion.messaging_conversation_started_7d,19
2026-08,120248963572780641,DR170 | 🧑🏻‍🎨 Static | Direct Offer | Doctor Care Without the Trip | V1,❌DRV170-DRV174 | STATIC | Direct Offer | TESTING,120248963572680641,Dr Visit | 2026 Aug 29,1.62,1050,9,onsite_conversion.messaging_conversation_started_7d,
2026-08,120248963572860641,DR166 | 🧑🏻‍🎨 Static | Problem → Solution | Unstable Blood Sugar at Home | DRV099 V2,❌DRV165-DRV169 | STATIC | Problem → Solution | TESTING,120248963572680641,Dr Visit | 2026 Aug 29,26.11,19198,411,onsite_conversion.messaging_conversation_started_7d,16
2026-08,120248963572770641,DR174 | 🧑🏻‍🎨 Static | Direct Offer | Doctor Care Without the Trip | V5,❌DRV170-DRV174 | STATIC | Direct Offer | TESTING,120248963572680641,Dr Visit | 2026 Aug 29,0.38,342,5,onsite_conversion.messaging_conversation_started_7d,1
2026-08,120248963573010641,DR162 | 🧑🏻‍🎨 Static | Problem → Solution | Walking Becomes Tiring | DRV045 V4,❌DRV159-DRV163 | STATIC | Problem → Solution | TESTING,120248963572680641,Dr Visit | 2026 Aug 29,23.31,26438,704,onsite_conversion.messaging_conversation_started_7d,13
2026-08,120248963573040641,DR159 | 🧑🏻‍🎨 Static | Problem → Solution | Walking Becomes Tiring | DRV045 V1,❌DRV159-DRV163 | STATIC | Problem → Solution | TESTING,120248963572680641,Dr Visit | 2026 Aug 29,0.01,62,1,onsite_conversion.messaging_conversation_started_7d,
2026-08,120248963572960641,DR157 | 🧑🏻‍🎨 Static | FEATURE & BENEFIT | Easy Doctor Visit at Home | DRV026 V5,DRV153-DRV158 | STATIC | Us vs Them | TESTING,120248963572680641,Dr Visit | 2026 Aug 29,1.49,969,21,onsite_conversion.messaging_conversation_started_7d,
2026-08,120248963573060641,DR158 | 🧑🏻‍🎨 Static | FEATURE & BENEFIT | Easy Doctor Visit at Home | DRV026 V6,DRV153-DRV158 | STATIC | Us vs Them | TESTING,120248963572680641,Dr Visit | 2026 Aug 29,0.32,309,2,onsite_conversion.messaging_conversation_started_7d,
2026-08,120248963701150641,NS010 | scaling | Nursing,NS010 | scaling | Nursing,120248963701120641,Nursing | 2026 Aug 29,130.64,122758,1270,onsite_conversion.messaging_conversation_started_7d,52
2026-08,120248963573030641,DR161 | 🧑🏻‍🎨 Static | Problem → Solution | Walking Becomes Tiring | DRV045 V3,❌DRV159-DRV163 | STATIC | Problem → Solution | TESTING,120248963572680641,Dr Visit | 2026 Aug 29,5.43,7694,252,onsite_conversion.messaging_conversation_started_7d,1
2026-08,120248963573100641,DR154 | 🧑🏻‍🎨 Static | FEATURE & BENEFIT | Easy Doctor Visit at Home | DRV026 V2,DRV153-DRV158 | STATIC | Us vs Them | TESTING,120248963572680641,Dr Visit | 2026 Aug 29,0.94,940,11,onsite_conversion.messaging_conversation_started_7d,1
2026-08,120248963573000641,DR163 | 🧑🏻‍🎨 Static | Problem → Solution | Walking Becomes Tiring | DRV045 V5,❌DRV159-DRV163 | STATIC | Problem → Solution | TESTING,120248963572680641,Dr Visit | 2026 Aug 29,0.18,212,6,onsite_conversion.messaging_conversation_started_7d,
2026-08,120248963573070641,DR156 | 🧑🏻‍🎨 Static | FEATURE & BENEFIT | Easy Doctor Visit at Home | DRV026 V4,DRV153-DRV158 | STATIC | Us vs Them | TESTING,120248963572680641,Dr Visit | 2026 Aug 29,2.42,1812,22,onsite_conversion.messaging_conversation_started_7d,
2026-08,120248963572730641,DR165 | 🧑🏻‍🎨 Static | Problem → Solution | Unstable Blood Sugar at Home | DRV099 V1,❌DRV165-DRV169 | STATIC | Problem → Solution | TESTING,120248963572680641,Dr Visit | 2026 Aug 29,0.35,327,9,onsite_conversion.messaging_conversation_started_7d,1
2026-08,120248963774390641,Physiotherapy Jul - Design 2 | Physio,Physiotherapy Jul - Design 2 | Physio | Scaling,120248963774150641,Physiotherapy | 2026 Aug 29,49.73,74771,977,onsite_conversion.messaging_conversation_started_7d,30
2026-08,120248963573090641,DR155 | 🧑🏻‍🎨 Static | FEATURE & BENEFIT | Easy Doctor Visit at Home | DRV026 V3,DRV153-DRV158 | STATIC | Us vs Them | TESTING,120248963572680641,Dr Visit | 2026 Aug 29,26.64,19249,257,onsite_conversion.messaging_conversation_started_7d,12
2026-08,120248963572830641,DR168 | 🧑🏻‍🎨 Static | Problem → Solution | Unstable Blood Sugar at Home | DRV099 V4,❌DRV165-DRV169 | STATIC | Problem → Solution | TESTING,120248963572680641,Dr Visit | 2026 Aug 29,2.27,1937,28,onsite_conversion.messaging_conversation_started_7d,
2026-08,120248963573020641,DR160 | 🧑🏻‍🎨 Static | Problem → Solution | Walking Becomes Tiring | DRV045 V2,❌DRV159-DRV163 | STATIC | Problem → Solution | TESTING,120248963572680641,Dr Visit | 2026 Aug 29,4.72,3813,150,onsite_conversion.messaging_conversation_started_7d,3
2026-08,120248963774240641,PT131 | Customer Testimonial | Post Accident Mobility,PT131 | Customer Testimonial | TESTING,120248963774150641,Physiotherapy | 2026 Aug 29,32.73,38014,403,onsite_conversion.messaging_conversation_started_7d,18
2026-08,120248963572720641,DRV137 | Scaling | Physio Sales | Talking Head,❌DRV135 DRV136 DRV137 | Scaling | Physio Sales | Talking Head,120248963572680641,Dr Visit | 2026 Aug 29,0.48,360,2,onsite_conversion.messaging_conversation_started_7d,
2026-08,120248963701140641,UGC008 | scaling | Nursing,UGC008 | scaling | Nursing,120248963701120641,Nursing | 2026 Aug 29,46.74,32834,656,onsite_conversion.messaging_conversation_started_7d,22
2026-08,120248963774270641,PT133 | Customer Testimonial | Progressive Recovery,PT133 | Customer Testimonial | TESTING,120248963774150641,Physiotherapy | 2026 Aug 29,12.9,10517,141,onsite_conversion.messaging_conversation_started_7d,2
2026-08,120248963774400641,PT058 | Scaling | Physio,PT058 | Scaling | Physio,120248963774150641,Physiotherapy | 2026 Aug 29,33.17,26992,477,onsite_conversion.messaging_conversation_started_7d,9
2026-08,120248963572710641,DRV135 | Scaling | Physio Sales | Talking Head,❌DRV135 DRV136 DRV137 | Scaling | Physio Sales | Talking Head,120248963572680641,Dr Visit | 2026 Aug 29,5.46,7808,95,onsite_conversion.messaging_conversation_started_7d,4
2026-08,120248963572700641,DRV136 | Scaling | Physio Sales | Talking Head,❌DRV135 DRV136 DRV137 | Scaling | Physio Sales | Talking Head,120248963572680641,Dr Visit | 2026 Aug 29,92.29,70834,1689,onsite_conversion.messaging_conversation_started_7d,56
2026-08,120248823470680641,HPT003,Hillah,120248822994440641,Hillah Physiotherapy,5.85,4563,225,onsite_conversion.messaging_conversation_started_7d,14
2026-08,120248671987020641,App017,Doctor Visit | App Install | Baghdad Android,120248671987100641,Android App Purchase | AF | 2026/8/12,59.03,97981,1832,app_custom_event.fb_mobile_purchase,1
2026-08,120248650351460641,PT105 | Scaling | Physio,PT105 | Scaling | Physio,120248648659640641,Physiotherapy | Pur through Msg | 2026 Aug 11,143.53,58018,780,onsite_conversion.purchase,2
2026-08,120248671986890641,App020,Nursing / Physio | App Install | Baghdad Android - Copy,120248671987100641,Android App Purchase | AF | 2026/8/12,0.57,974,23,app_custom_event.fb_mobile_purchase,
2026-08,120248671986980641,App025,Nursing / Physio | App Install | Baghdad Android - Copy,120248671987100641,Android App Purchase | AF | 2026/8/12,1.29,2124,49,app_custom_event.fb_mobile_purchase,
2026-08,120248650386710641,PT105 | Scaling | Physio - Copy,Physio Scaling Adset,120248648659640641,Physiotherapy | Pur through Msg | 2026 Aug 11,2.55,1340,19,onsite_conversion.purchase,
2026-08,120248672588390641,DR169 | 🧑🏻‍🎨 Static | Problem → Solution | Unstable Blood Sugar at Home | DRV099 V5,DRV165-DRV169 | STATIC | Problem → Solution | TESTING,120248651251340641,Dr Visit | Pur through Msg | 2026 Aug 11,2.56,1260,20,onsite_conversion.purchase,
2026-08,120248650267310641,PT105 | Scaling | Physio,PT105 | Scaling | Physio,120248648659640641,Physiotherapy | Pur through Msg | 2026 Aug 11,145.48,58122,879,onsite_conversion.purchase,2
2026-08,120248672509140641,DR167 | 🧑🏻‍🎨 Static | Problem → Solution | Unstable Blood Sugar at Home | DRV099 V3,DRV165-DRV169 | STATIC | Problem → Solution | TESTING,120248651251340641,Dr Visit | Pur through Msg | 2026 Aug 11,8.24,3653,68,onsite_conversion.purchase,
2026-08,120248672649120641,DR170 | 🧑🏻‍🎨 Static | Direct Offer | Doctor Care Without the Trip | V1,DRV170-DRV174 | STATIC | Direct Offer | TESTING,120248651251340641,Dr Visit | Pur through Msg | 2026 Aug 11,8.17,4735,63,onsite_conversion.purchase,
2026-08,120248657789640641,PT033 | 🧑🏻‍🎨 Static | Problem → Solution | Disc Pain – Mom,PT033 | Problem → Solution | Disc Pain – Mom | TESTING,120248648659640641,Physiotherapy | Pur through Msg | 2026 Aug 11,153.46,58334,1141,onsite_conversion.purchase,1
2026-08,120248672649140641,DR172 | 🧑🏻‍🎨 Static | Direct Offer | Doctor Care Without the Trip | V3,DRV170-DRV174 | STATIC | Direct Offer | TESTING,120248651251340641,Dr Visit | Pur through Msg | 2026 Aug 11,66.27,33149,538,onsite_conversion.purchase,
2026-08,120248657905240641,DR142  | 🧑🏻‍🎨 Static | US VS THEM |  Home comfort over clinic tiredness | DRV004 V1,DRV142-DRV146 | STATIC | Us vs Them | TESTING,120248651251340641,Dr Visit | Pur through Msg | 2026 Aug 11,1.12,1011,16,onsite_conversion.purchase,
2026-08,120248672649170641,DR174 | 🧑🏻‍🎨 Static | Direct Offer | Doctor Care Without the Trip | V5,DRV170-DRV174 | STATIC | Direct Offer | TESTING,120248651251340641,Dr Visit | Pur through Msg | 2026 Aug 11,10.77,6041,87,onsite_conversion.purchase,
2026-08,120248657664850641,PT132 | Customer Testimonial | physiotherapy at home = more comfort,PT132 | Customer Testimonial | TESTING,120248648659640641,Physiotherapy | Pur through Msg | 2026 Aug 11,188.09,62418,1479,onsite_conversion.purchase,3
2026-08,120248672176790641,"DR164 | 🎥 Video | Talking Head | comment reply , patient transportation",DRV164 | Talking Head | TESTING,120248651251340641,Dr Visit | Pur through Msg | 2026 Aug 11,169.32,40928,1109,onsite_conversion.purchase,1
2026-08,120248672486350641,DR166 | 🧑🏻‍🎨 Static | Problem → Solution | Unstable Blood Sugar at Home | DRV099 V2,DRV165-DRV169 | STATIC | Problem → Solution | TESTING,120248651251340641,Dr Visit | Pur through Msg | 2026 Aug 11,121.63,57943,1179,onsite_conversion.purchase,
2026-08,120248672649150641,DR173 | 🧑🏻‍🎨 Static | Direct Offer | Doctor Care Without the Trip | V4,DRV170-DRV174 | STATIC | Direct Offer | TESTING,120248651251340641,Dr Visit | Pur through Msg | 2026 Aug 11,35.67,19101,268,onsite_conversion.purchase,
2026-08,120248650386720641,PT105 | Scaling | Physio - Copy,Physio Scaling Adset,120248648659640641,Physiotherapy | Pur through Msg | 2026 Aug 11,1.82,1102,22,onsite_conversion.purchase,
2026-08,120248650386690641,PT059 | Physio Sales | Rehabilitation - Copy,Physio Scaling Adset,120248648659640641,Physiotherapy | Pur through Msg | 2026 Aug 11,32.31,16417,268,onsite_conversion.purchase,1
2026-08,120248671987010641,App021,Doctor Visit | App Install | Baghdad Android,120248671987100641,Android App Purchase | AF | 2026/8/12,0.9,1483,32,app_custom_event.fb_mobile_purchase,
2026-08,120248671986790641,App022,Nursing / Physio | App Install | Baghdad Android - Copy,120248671987100641,Android App Purchase | AF | 2026/8/12,1.28,2064,34,app_custom_event.fb_mobile_purchase,
2026-08,120248648659600641,PT059 | Physio Sales | Rehabilitation,PT059 | Scaling | Physio Sales | Rehabilitation,120248648659640641,Physiotherapy | Pur through Msg | 2026 Aug 11,209.15,86876,1451,onsite_conversion.purchase,3
2026-08,120248823470690641,HPT004,Hillah,120248822994440641,Hillah Physiotherapy,10.2,9278,459,onsite_conversion.messaging_conversation_started_7d,34
2026-08,120248823470660641,HPT013,Hillah,120248822994440641,Hillah Physiotherapy,85.72,100334,5105,onsite_conversion.messaging_conversation_started_7d,402
2026-08,120248823470620641,HPT009,Hillah,120248822994440641,Hillah Physiotherapy,0.6,408,17,onsite_conversion.messaging_conversation_started_7d,2
2026-08,120248823470650641,HPT012,Hillah,120248822994440641,Hillah Physiotherapy,0.36,350,19,onsite_conversion.messaging_conversation_started_7d,1
2026-08,120248823470600641,HPT006,Hillah,120248822994440641,Hillah Physiotherapy,0.8,645,23,onsite_conversion.messaging_conversation_started_7d,2
2026-08,120248823470710641,HPT007,Hillah,120248822994440641,Hillah Physiotherapy,4.15,2993,134,onsite_conversion.messaging_conversation_started_7d,12
2026-08,120248823470700641,HPT005,Hillah,120248822994440641,Hillah Physiotherapy,3.99,3376,143,onsite_conversion.messaging_conversation_started_7d,15
2026-08,120248823470670641,HPT014,Hillah,120248822994440641,Hillah Physiotherapy,0.27,305,6,onsite_conversion.messaging_conversation_started_7d,
2026-08,120248823470610641,HPT008,Hillah,120248822994440641,Hillah Physiotherapy,0.16,114,12,onsite_conversion.messaging_conversation_started_7d,1
2026-08,120248823470640641,HPT011,Hillah,120248822994440641,Hillah Physiotherapy,0.1,57,7,onsite_conversion.messaging_conversation_started_7d,1
2026-08,120248823470630641,HPT010,Hillah,120248822994440641,Hillah Physiotherapy,0.05,157,5,onsite_conversion.messaging_conversation_started_7d,
2026-08,120248822994450641,HPT001,Hillah,120248822994440641,Hillah Physiotherapy,0.06,110,3,onsite_conversion.messaging_conversation_started_7d,
2026-08,120248671986990641,App026,Doctor Visit | App Install | Baghdad Android,120248671987100641,Android App Purchase | AF | 2026/8/12,0.96,1602,33,app_custom_event.fb_mobile_purchase,
2026-08,120248671986960641,App024,Nursing / Physio | App Install | Baghdad Android - Copy,120248671987100641,Android App Purchase | AF | 2026/8/12,117.37,175913,2147,app_custom_event.fb_mobile_purchase,6
2026-08,120248671987120641,UGC003,UGC | baghdad Android,120248671987100641,Android App Purchase | AF | 2026/8/12,2.74,3455,71,app_custom_event.fb_mobile_purchase,
2026-08,120248671986830641,App018,Doctor Visit | App Install | Baghdad Android,120248671987100641,Android App Purchase | AF | 2026/8/12,0.51,952,16,app_custom_event.fb_mobile_purchase,
2026-08,120248651559450641,DRV137 | Scaling | Physio Sales | Talking Head,DRV135 DRV136 DRV137 | Scaling | Physio Sales | Talking Head,120248651251340641,Dr Visit | Pur through Msg | 2026 Aug 11,32.38,9200,204,onsite_conversion.purchase,
2026-08,120248657625620641,PT131 | Customer Testimonial | Post Accident Mobility,PT131 | Customer Testimonial | TESTING,120248648659640641,Physiotherapy | Pur through Msg | 2026 Aug 11,202.47,93723,1463,onsite_conversion.purchase,4
2026-08,120248651510420641,DRV136 | Scaling | Physio Sales | Talking Head,DRV135 DRV136 DRV137 | Scaling | Physio Sales | Talking Head,120248651251340641,Dr Visit | Pur through Msg | 2026 Aug 11,497.6,197298,4449,onsite_conversion.purchase,3
2026-08,120248671987000641,App019,Nursing / Physio | App Install | Baghdad Android - Copy,120248671987100641,Android App Purchase | AF | 2026/8/12,4.68,9626,168,app_custom_event.fb_mobile_purchase,
2026-08,120248651705060641,DRV129 | STATIC | TrustStats | BROAD | TEST | v3,DRV129 | Scaling | Dr Visit Sales,120248651251340641,Dr Visit | Pur through Msg | 2026 Aug 11,70.79,32839,479,onsite_conversion.purchase,2
2026-08,120248657679920641,PT133 | Customer Testimonial | Progressive Recovery,PT133 | Customer Testimonial | TESTING,120248648659640641,Physiotherapy | Pur through Msg | 2026 Aug 11,200.92,71303,1409,onsite_conversion.purchase,4
2026-08,120248651251420641,DRV135 | Scaling | Physio Sales | Talking Head,DRV135 DRV136 DRV137 | Scaling | Physio Sales | Talking Head,120248651251340641,Dr Visit | Pur through Msg | 2026 Aug 11,78.41,33156,480,onsite_conversion.purchase,1
2026-08,120248651686900641,DRV129 | STATIC | TrustStats | BROAD | TEST | v2,DRV129 | Scaling | Dr Visit Sales,120248651251340641,Dr Visit | Pur through Msg | 2026 Aug 11,68.27,33989,457,onsite_conversion.purchase,1
2026-08,120248651663490641,DRV129 | STATIC | TrustStats | BROAD | TEST | v1,DRV129 | Scaling | Dr Visit Sales,120248651251340641,Dr Visit | Pur through Msg | 2026 Aug 11,57.96,36454,563,onsite_conversion.purchase,
2026-08,120248651129220641,NS028 | scaling | Nursing - Copy,Nursing Scaling Adset,120248650558730641,Nursing | Pur through Msg | 2026 Aug 11,0.03,121,4,onsite_conversion.purchase,
2026-08,120248650386730641,Physiotherapy Jul - Design 2 | Physio - Copy,Physio Scaling Adset,120248648659640641,Physiotherapy | Pur through Msg | 2026 Aug 11,363.6,212224,3281,onsite_conversion.purchase,4
2026-08,120248658067380641,DR152 | 🧑🏻‍🎨 Static | Myth Busting | The clinic brought home | DRV020  V6,DRV147-DRV152 | STATIC | Myth Busting | TESTING,120248651251340641,Dr Visit | Pur through Msg | 2026 Aug 11,58.33,34346,514,onsite_conversion.purchase,
2026-08,120248650124620641,PT058 | Scaling | Physio,PT058 | Scaling | Physio,120248648659640641,Physiotherapy | Pur through Msg | 2026 Aug 11,140.94,66835,1005,onsite_conversion.purchase,1
2026-08,120248650386700641,PT058 | Scaling | Physio - Copy,Physio Scaling Adset,120248648659640641,Physiotherapy | Pur through Msg | 2026 Aug 11,1.81,1413,16,onsite_conversion.purchase,
2026-08,120248658081990641,DR154 | 🧑🏻‍🎨 Static | FEATURE & BENEFIT | Easy Doctor Visit at Home | DRV026 V2,DRV153-DRV158 | STATIC | Us vs Them | TESTING,120248651251340641,Dr Visit | Pur through Msg | 2026 Aug 11,64.73,28514,426,onsite_conversion.purchase,
2026-08,120248658008310641,DR145 | 🧑🏻‍🎨 Static | US VS THEM | Home comfort over clinic tiredness | DRV004 V4,DRV142-DRV146 | STATIC | Us vs Them | TESTING,120248651251340641,Dr Visit | Pur through Msg | 2026 Aug 11,49.47,28941,390,onsite_conversion.purchase,
2026-08,120248650386740641,PT041 | Scaling | Physio - Copy,Physio Scaling Adset,120248648659640641,Physiotherapy | Pur through Msg | 2026 Aug 11,47.63,22088,356,onsite_conversion.purchase,1
2026-08,120248658011110641,DR146 | 🧑🏻‍🎨 Static | US VS THEM | Home comfort over clinic tiredness | DRV004 V5,DRV142-DRV146 | STATIC | Us vs Them | TESTING,120248651251340641,Dr Visit | Pur through Msg | 2026 Aug 11,3.92,2027,30,onsite_conversion.purchase,
2026-08,120248651129210641,NS010 | scaling | Nursing - Copy,Nursing Scaling Adset,120248650558730641,Nursing | Pur through Msg | 2026 Aug 11,0.9,430,9,onsite_conversion.purchase,
2026-08,120248650558740641,NS028 | scaling | Nursing,NS028 | scaling | Nursing,120248650558730641,Nursing | Pur through Msg | 2026 Aug 11,575.9,276632,3110,onsite_conversion.purchase,5
2026-08,120248658210780641,DR162 | 🧑🏻‍🎨 Static | Problem → Solution | Walking Becomes Tiring | DRV045 V4,DRV159-DRV163 | STATIC | Problem → Solution | TESTING,120248651251340641,Dr Visit | Pur through Msg | 2026 Aug 11,53.85,26542,822,onsite_conversion.purchase,
2026-08,120248671986760641,App015,Fake Tweets | App Install | Baghdad Android,120248671987100641,Android App Purchase | AF | 2026/8/12,3.59,4422,83,app_custom_event.fb_mobile_purchase,1
2026-08,120248651104100641,NS095 | scaling | Nursing,Nursing Scaling Adset,120248650558730641,Nursing | Pur through Msg | 2026 Aug 11,17.91,4516,85,onsite_conversion.purchase,
2026-08,120248649681230641,PT041 | Scaling | Physio,PT041 | Scaling | Physio,120248648659640641,Physiotherapy | Pur through Msg | 2026 Aug 11,146.47,65161,1220,onsite_conversion.purchase,1
2026-08,120248651618890641,DRV004 | Scaling | Dr Visit Sales,DRV004 | Scaling | Dr Visit Sales,120248651251340641,Dr Visit | Pur through Msg | 2026 Aug 11,438.91,200564,2654,onsite_conversion.purchase,9
2026-08,120248651129230641,NS058 | scaling | Nursing - Copy,Nursing Scaling Adset,120248650558730641,Nursing | Pur through Msg | 2026 Aug 11,23.96,7407,159,onsite_conversion.purchase,
2026-08,120248658210800641,DR163 | 🧑🏻‍🎨 Static | Problem → Solution | Walking Becomes Tiring | DRV045 V5,DRV159-DRV163 | STATIC | Problem → Solution | TESTING,120248651251340641,Dr Visit | Pur through Msg | 2026 Aug 11,5.16,2744,65,onsite_conversion.purchase,
2026-08,120248658060670641,DR150 | 🧑🏻‍🎨 Static | Myth Busting | The clinic brought home | DRV020  V4,DRV147-DRV152 | STATIC | Myth Busting | TESTING,120248651251340641,Dr Visit | Pur through Msg | 2026 Aug 11,2.01,1658,23,onsite_conversion.purchase,
2026-08,120248658210770641,DR161 | 🧑🏻‍🎨 Static | Problem → Solution | Walking Becomes Tiring | DRV045 V3,DRV159-DRV163 | STATIC | Problem → Solution | TESTING,120248651251340641,Dr Visit | Pur through Msg | 2026 Aug 11,28.05,21800,668,onsite_conversion.purchase,
2026-08,120248651129250641,UGC008 | scaling | Nursing - Copy,Nursing Scaling Adset,120248650558730641,Nursing | Pur through Msg | 2026 Aug 11,10.9,5933,72,onsite_conversion.purchase,
2026-08,120248658062960641,DR151 | 🧑🏻‍🎨 Static | Myth Busting | The clinic brought home | DRV020  V5,DRV147-DRV152 | STATIC | Myth Busting | TESTING,120248651251340641,Dr Visit | Pur through Msg | 2026 Aug 11,46.68,25009,355,onsite_conversion.purchase,
2026-08,120248650833960641,UGC008 | scaling | Nursing,UGC008 | scaling | Nursing,120248650558730641,Nursing | Pur through Msg | 2026 Aug 11,216.01,97306,2385,onsite_conversion.purchase,1
2026-08,120248672340300641,DR165 | 🧑🏻‍🎨 Static | Problem → Solution | Unstable Blood Sugar at Home | DRV099 V1,DRV165-DRV169 | STATIC | Problem → Solution | TESTING,120248651251340641,Dr Visit | Pur through Msg | 2026 Aug 11,6.82,2757,43,onsite_conversion.purchase,
2026-08,120248650879950641,NS010 | scaling | Nursing,NS010 | scaling | Nursing,120248650558730641,Nursing | Pur through Msg | 2026 Aug 11,640.29,301746,3444,onsite_conversion.purchase,17
2026-08,120248649757050641,Physiotherapy Jul - Design 2 | Physio,Physiotherapy Jul - Design 2 | Physio | Scaling,120248648659640641,Physiotherapy | Pur through Msg | 2026 Aug 11,299.68,164427,2713,onsite_conversion.purchase,3
2026-08,120248658082050641,DR153 | 🧑🏻‍🎨 Static | FEATURE & BENEFIT | Easy Doctor Visit at Home | DRV026 V1,DRV153-DRV158 | STATIC | Us vs Them | TESTING,120248651251340641,Dr Visit | Pur through Msg | 2026 Aug 11,11.38,4991,74,onsite_conversion.purchase,
2026-08,120248672560170641,DR168 | 🧑🏻‍🎨 Static | Problem → Solution | Unstable Blood Sugar at Home | DRV099 V4,DRV165-DRV169 | STATIC | Problem → Solution | TESTING,120248651251340641,Dr Visit | Pur through Msg | 2026 Aug 11,6.72,3033,53,onsite_conversion.purchase,
2026-08,120248658082000641,DR155 | 🧑🏻‍🎨 Static | FEATURE & BENEFIT | Easy Doctor Visit at Home | DRV026 V3,DRV153-DRV158 | STATIC | Us vs Them | TESTING,120248651251340641,Dr Visit | Pur through Msg | 2026 Aug 11,5.94,2724,39,onsite_conversion.purchase,
2026-08,120248658210760641,DR160 | 🧑🏻‍🎨 Static | Problem → Solution | Walking Becomes Tiring | DRV045 V2,DRV159-DRV163 | STATIC | Problem → Solution | TESTING,120248651251340641,Dr Visit | Pur through Msg | 2026 Aug 11,61.86,26496,813,onsite_conversion.purchase,1
2026-08,120248658058980641,DR149 | 🧑🏻‍🎨 Static | Myth Busting | The clinic brought home | DRV020  V3,DRV147-DRV152 | STATIC | Myth Busting | TESTING,120248651251340641,Dr Visit | Pur through Msg | 2026 Aug 11,34.91,17850,243,onsite_conversion.purchase,1
2026-08,120248658033140641,DR147 | 🧑🏻‍🎨 Static | Myth Busting | TESTING,DRV147-DRV152 | STATIC | Myth Busting | TESTING,120248651251340641,Dr Visit | Pur through Msg | 2026 Aug 11,10.09,5909,95,onsite_conversion.purchase,
2026-08,120248657999980641,DR143 | 🧑🏻‍🎨 Static | US VS THEM |  Home comfort over clinic tiredness | DRV004 V2,DRV142-DRV146 | STATIC | Us vs Them | TESTING,120248651251340641,Dr Visit | Pur through Msg | 2026 Aug 11,1.21,749,12,onsite_conversion.purchase,
2026-08,120248658004150641,DR144 | 🧑🏻‍🎨 Static | US VS THEM | Home comfort over clinic tiredness | DRV004 V3,DRV142-DRV146 | STATIC | Us vs Them | TESTING,120248651251340641,Dr Visit | Pur through Msg | 2026 Aug 11,132.45,70620,1027,onsite_conversion.purchase,1
2026-08,120248651129240641,NS095 | scaling | Nursing - Copy,Nursing Scaling Adset,120248650558730641,Nursing | Pur through Msg | 2026 Aug 11,9.96,2636,47,onsite_conversion.purchase,
2026-08,120248658082020641,DR157 | 🧑🏻‍🎨 Static | FEATURE & BENEFIT | Easy Doctor Visit at Home | DRV026 V5,DRV153-DRV158 | STATIC | Us vs Them | TESTING,120248651251340641,Dr Visit | Pur through Msg | 2026 Aug 11,4.04,2191,38,onsite_conversion.purchase,
2026-08,120248658082010641,DR156 | 🧑🏻‍🎨 Static | FEATURE & BENEFIT | Easy Doctor Visit at Home | DRV026 V4,DRV153-DRV158 | STATIC | Us vs Them | TESTING,120248651251340641,Dr Visit | Pur through Msg | 2026 Aug 11,5.41,2899,37,onsite_conversion.purchase,
2026-08,120248651129200641,NS037 | scaling | Nursing - Copy,Nursing Scaling Adset,120248650558730641,Nursing | Pur through Msg | 2026 Aug 11,549.27,289231,3340,onsite_conversion.purchase,7
2026-08,120248658048680641,DR148  | 🧑🏻‍🎨 Static | Myth Busting | The clinic brought home | DRV020  V2,DRV147-DRV152 | STATIC | Myth Busting | TESTING,120248651251340641,Dr Visit | Pur through Msg | 2026 Aug 11,6,4328,48,onsite_conversion.purchase,
2026-08,120248658210750641,DR159 | 🧑🏻‍🎨 Static | Problem → Solution | Walking Becomes Tiring | DRV045 V1,DRV159-DRV163 | STATIC | Problem → Solution | TESTING,120248651251340641,Dr Visit | Pur through Msg | 2026 Aug 11,1.31,922,14,onsite_conversion.purchase,
2026-08,120248658082030641,DR158 | 🧑🏻‍🎨 Static | FEATURE & BENEFIT | Easy Doctor Visit at Home | DRV026 V6,DRV153-DRV158 | STATIC | Us vs Them | TESTING,120248651251340641,Dr Visit | Pur through Msg | 2026 Aug 11,51.68,22479,276,onsite_conversion.purchase,
2026-08,120248672649130641,DR171 | 🧑🏻‍🎨 Static | Direct Offer | Doctor Care Without the Trip | V2,DRV170-DRV174 | STATIC | Direct Offer | TESTING,120248651251340641,Dr Visit | Pur through Msg | 2026 Aug 11,21.05,9840,128,onsite_conversion.purchase,
2026-08,120248651088880641,NS095 | scaling | Nursing,NS095 | scaling | Nursing,120248650558730641,Nursing | Pur through Msg | 2026 Aug 11,104.97,23572,388,onsite_conversion.purchase,
2026-08,120248651031560641,NS058 | scaling | Nursing,NS058 | scaling | Nursing,120248650558730641,Nursing | Pur through Msg | 2026 Aug 11,102.8,28246,574,onsite_conversion.purchase,1
2026-08,120248650936000641,NS037 | scaling | Nursing,NS037 | scaling | Nursing,120248650558730641,Nursing | Pur through Msg | 2026 Aug 11,326.15,126213,1562,onsite_conversion.purchase,4
2026-08,120248433481120641,NS095 - Problem Solution,NS095 - Problem Solution | Nursing,120243794810700641,Nursing | Msg Vol | WINNERS ABO,81.9,48370,517,onsite_conversion.messaging_conversation_started_7d,14
2026-08,120248433347900641,PT059 | Physio Sales | Rehabilitation,PT059 | Physio Sales | Rehabilitation,120243795563080641,Physiotherapy | Msg Vol | WINNERS ABO,130.93,92205,1205,onsite_conversion.messaging_conversation_started_7d,60
2026-08,120248397111320641,PT041,PT041 | Physio,120243795563080641,Physiotherapy | Msg Vol | WINNERS ABO,103.15,91708,1294,onsite_conversion.messaging_conversation_started_7d,103
2026-08,120248298832760641,DRV129 | STATIC | TrustStats | BROAD | TEST | v3,DrVisit \\ Testing \\Data / Stat Drop \\ Jul 28 2026,120242225844470641,TESTING | Msg Vol | All Services,3.53,2678,28,onsite_conversion.messaging_conversation_started_7d,
2026-08,120248297955320641,DRV129 | STATIC | TrustStats | BROAD | TEST | v1,DrVisit \\ Testing \\Data / Stat Drop \\ Jul 28 2026,120242225844470641,TESTING | Msg Vol | All Services,5.27,4735,44,onsite_conversion.messaging_conversation_started_7d,1
2026-08,120248298802590641,DRV129 | STATIC | TrustStats | BROAD | TEST | v2,DrVisit \\ Testing \\Data / Stat Drop \\ Jul 28 2026,120242225844470641,TESTING | Msg Vol | All Services,109.76,105490,1282,onsite_conversion.messaging_conversation_started_7d,46
2026-08,120248234238670641,PT104,PT104 | Physio,120243795563080641,Physiotherapy | Msg Vol | WINNERS ABO,50.62,47954,818,onsite_conversion.messaging_conversation_started_7d,34
2026-08,120248056942420641,PT104 ✅,Physio Sales | Active Pain | 2026/07/13,120242225844470641,TESTING | Msg Vol | All Services,71.53,69881,1449,onsite_conversion.purchase,2
2026-08,120248056407930641,PT105,Physio Sales | Convenience | 2026/07/13,120242225844470641,TESTING | Msg Vol | All Services,68.69,48077,772,onsite_conversion.purchase,2
2026-08,120248057310950641,PT106,Physio Sales | Convenience | 2026/07/13,120242225844470641,TESTING | Msg Vol | All Services,3.06,1946,52,onsite_conversion.purchase,
2026-08,120248056916180641,PT022,Physio Sales | Social Proof | Results & Testimonials | 2026/07/13,120242225844470641,TESTING | Msg Vol | All Services,84.86,54133,976,onsite_conversion.purchase,3
2026-08,120248056407970641,PT059,Physio Sales | Rehabilitation | 2026/07/13,120242225844470641,TESTING | Msg Vol | All Services,71.16,58331,1089,onsite_conversion.purchase,6
2026-08,120248056407950641,PT041,Physio Sales | General Need | 2026/07/13,120242225844470641,TESTING | Msg Vol | All Services,86.22,66888,1274,onsite_conversion.purchase,3
2026-08,120248057348060641,PT019,Physio Sales | General Need | 2026/07/13,120242225844470641,TESTING | Msg Vol | All Services,0.56,424,22,onsite_conversion.purchase,
2026-08,120248056407920641,PT103,Physio Sales | Active Pain | 2026/07/13,120242225844470641,TESTING | Msg Vol | All Services,1.86,996,24,onsite_conversion.purchase,
2026-08,120243795563070641,Physiotherapy Jul - Design 2 - Copy 3,Physiotherapy Jul - Design 2 | Physio,120243795563080641,Physiotherapy | Msg Vol | WINNERS ABO,227.99,347229,4269,onsite_conversion.messaging_conversation_started_7d,191
2026-08,120247753552780641,App014,Fake Tweets | App Install | Baghdad Android,120242398643690641,Android Installs | AF | 2026/4/17,222.92,1116834,12930,mobile_app_install,2035
2026-08,120247753684660641,App026,Doctor Visit | App Install | Baghdad Android,120242398643690641,Android Installs | AF | 2026/4/17,0.06,375,2,mobile_app_install,
2026-08,120247753684640641,App018,Doctor Visit | App Install | Baghdad Android,120242398643690641,Android Installs | AF | 2026/4/17,0.42,2077,26,mobile_app_install,3
2026-08,120247753564080641,App023,Fake Tweets | App Install | Baghdad Android,120242398643690641,Android Installs | AF | 2026/4/17,0.12,599,0,mobile_app_install,
2026-08,120247753785660641,App022,Nursing / Physio | App Install | Baghdad Android - Copy,120242398643690641,Android Installs | AF | 2026/4/17,0.68,2168,26,mobile_app_install,7
2026-08,120247753785650641,App024,Nursing / Physio | App Install | Baghdad Android - Copy,120242398643690641,Android Installs | AF | 2026/4/17,31.04,154357,1125,mobile_app_install,237
2026-08,120247753680970641,App017,Doctor Visit | App Install | Baghdad Android,120242398643690641,Android Installs | AF | 2026/4/17,0.28,1350,11,mobile_app_install,1
2026-08,120247753785670641,App020,Nursing / Physio | App Install | Baghdad Android - Copy,120242398643690641,Android Installs | AF | 2026/4/17,0.11,783,8,mobile_app_install,
2026-08,120247753391540641,App019,Nursing / Physio | App Install | Baghdad Android - Copy,120242398643690641,Android Installs | AF | 2026/4/17,0.07,286,11,mobile_app_install,1
2026-08,120247753564070641,App015,Fake Tweets | App Install | Baghdad Android,120242398643690641,Android Installs | AF | 2026/4/17,0.18,927,4,mobile_app_install,2
2026-08,120247753785640641,App025,Nursing / Physio | App Install | Baghdad Android - Copy,120242398643690641,Android Installs | AF | 2026/4/17,0.17,667,7,mobile_app_install,1
2026-08,120247753391550641,App016,Doctor Visit | App Install | Baghdad Android,120242398643690641,Android Installs | AF | 2026/4/17,30.94,120873,1169,mobile_app_install,191
2026-08,120247753684650641,App021,Doctor Visit | App Install | Baghdad Android,120242398643690641,Android Installs | AF | 2026/4/17,0.07,192,3,mobile_app_install,
2026-08,120247753564090641,App027,Fake Tweets | App Install | Baghdad Android,120242398643690641,Android Installs | AF | 2026/4/17,0.21,1009,1,mobile_app_install,
2026-08,120247753391530641,App013,Fake Tweets | App Install | Baghdad Android,120242398643690641,Android Installs | AF | 2026/4/17,0.83,3626,31,mobile_app_install,4
2026-08,120247680775340641,DRV137,DRV135 DRV136 DRV137 - Talking Head,120243797074370641,DrVisit | Msg Vol | WINNERS ABO,2.02,1849,17,onsite_conversion.messaging_conversation_started_7d,1
2026-08,120247680663390641,DRV135,DRV135 DRV136 DRV137 - Talking Head,120243797074370641,DrVisit | Msg Vol | WINNERS ABO,7.51,6465,95,onsite_conversion.messaging_conversation_started_7d,1
2026-08,120247680770780641,DRV136,DRV135 DRV136 DRV137 - Talking Head,120243797074370641,DrVisit | Msg Vol | WINNERS ABO,366.56,338959,6940,onsite_conversion.messaging_conversation_started_7d,279
2026-08,120243794810760641,NS010 - Copy 3,NS010 | Nursing,120243794810700641,Nursing | Msg Vol | WINNERS ABO,510.13,416663,4392,onsite_conversion.messaging_conversation_started_7d,173
2026-08,120243794810740641,NS037 - Copy 3,NS037 | Nursing,120243794810700641,Nursing | Msg Vol | WINNERS ABO,417.58,545212,4010,onsite_conversion.messaging_conversation_started_7d,178
2026-08,120243794810770641,UGC008,nursing | UGC008 | Nursing,120243794810700641,Nursing | Msg Vol | WINNERS ABO,199.05,144612,2384,onsite_conversion.messaging_conversation_started_7d,145
2026-08,120243794810850641,NS028 - scaling,NS028 | Nursing,120243794810700641,Nursing | Msg Vol | WINNERS ABO,395.05,325277,2971,onsite_conversion.messaging_conversation_started_7d,119
2026-08,120246778266220641,WC003 ios,world cup UGC | baghdad Android,120242398643690641,Android Installs | AF | 2026/4/17,0.64,1974,40,mobile_app_install,2
2026-08,120246706273250641,WC002 ios,world cup UGC | baghdad Android,120242398643690641,Android Installs | AF | 2026/4/17,14.95,19492,687,mobile_app_install,58
2026-08,120246705898910641,WC001 ios,world cup UGC | baghdad Android,120242398643690641,Android Installs | AF | 2026/4/17,1.4,2113,51,mobile_app_install,7
2026-08,120246048826940641,DRV077 - Demo / Visual Proof,DrVisit \\ Testing \\ Demo / Visual Proof \\ Jun 11 2026,120242225844470641,TESTING | Msg Vol | All Services,108.78,112853,1244,onsite_conversion.messaging_conversation_started_7d,61
2026-08,120243797074350641,DRV004 - Copy 2,DRV004 | DrVisit,120243797074370641,DrVisit | Msg Vol | WINNERS ABO,178.74,125175,1557,onsite_conversion.messaging_conversation_started_7d,94
2026-08,120243797074570641,DRV020,DRV020 | Dr Visit,120243797074370641,DrVisit | Msg Vol | WINNERS ABO,58.46,60706,657,onsite_conversion.messaging_conversation_started_7d,31
2026-08,120243795563150641,PT058,PT058 | Physio,120243795563080641,Physiotherapy | Msg Vol | WINNERS ABO,515.99,513995,5905,onsite_conversion.messaging_conversation_started_7d,230
2026-08,120243799797770641,NS095 - Problem Solution,Nursing \\ Testing \\ Problem Solution \\ Pack 1 - Copy,120242225844470641,TESTING | Msg Vol | All Services,116.37,63094,745,onsite_conversion.messaging_conversation_started_7d,26
2026-08,120243800005520641,NS058 - Emotional Story,Nursing \\ Testing \\ Emotional Story \\ Pack 4,120242225844470641,TESTING | Msg Vol | All Services,111.76,104918,1246,onsite_conversion.messaging_conversation_started_7d,27
2026-08,120242452758340641,UGC002,UGC | baghdad Android,120242398643690641,Android Installs | AF | 2026/4/17,2.2,4485,91,mobile_app_install,10
2026-08,120242486147100641,UGC004,UGC | baghdad Android,120242398643690641,Android Installs | AF | 2026/4/17,27.69,82715,1047,mobile_app_install,146
2026-08,120242486147090641,UGC005,UGC | baghdad Android,120242398643690641,Android Installs | AF | 2026/4/17,1.61,4914,40,mobile_app_install,9
2026-08,120242486147080641,UGC003,UGC | baghdad Android,120242398643690641,Android Installs | AF | 2026/4/17,2.13,6502,53,mobile_app_install,9
2026-08,120248963701160641,UGC008 | scaling | Nursing - Copy,Nursing Scaling Adset,120248963701120641,Nursing | 2026 Aug 29,2.68,1430,30,onsite_conversion.messaging_conversation_started_7d,2
2026-08,120248963701170641,NS058 | scaling | Nursing - Copy,Nursing Scaling Adset,120248963701120641,Nursing | 2026 Aug 29,2.32,2863,32,onsite_conversion.messaging_conversation_started_7d,2
2026-08,120248963701230641,NS095 | scaling | Nursing,Nursing Scaling Adset,120248963701120641,Nursing | 2026 Aug 29,0.83,501,4,onsite_conversion.messaging_conversation_started_7d,
2026-08,120248963701200641,NS095 | scaling | Nursing - Copy,Nursing Scaling Adset,120248963701120641,Nursing | 2026 Aug 29,0.22,204,3,onsite_conversion.messaging_conversation_started_7d,
2026-08,120248963774340641,PT058 | Scaling | Physio - Copy,Physio Scaling Adset,120248963774150641,Physiotherapy | 2026 Aug 29,1.33,1096,12,onsite_conversion.messaging_conversation_started_7d,
2026-08,120248963774330641,PT041 | Scaling | Physio - Copy,Physio Scaling Adset,120248963774150641,Physiotherapy | 2026 Aug 29,44.1,33567,417,onsite_conversion.messaging_conversation_started_7d,34
2026-08,120248963573050641,DR153 | 🧑🏻‍🎨 Static | FEATURE & BENEFIT | Easy Doctor Visit at Home | DRV026 V1,DRV153-DRV158 | STATIC | Us vs Them | TESTING,120248963572680641,Dr Visit | 2026 Aug 29,0.9,611,15,onsite_conversion.messaging_conversation_started_7d,1
2026-08,120248963573150641,DR147 | 🧑🏻‍🎨 Static | Myth Busting | TESTING,DRV147-DRV152 | STATIC | Myth Busting | TESTING,120248963572680641,Dr Visit | 2026 Aug 29,1.38,1379,13,onsite_conversion.messaging_conversation_started_7d,
2026-08,120248963774360641,Physiotherapy Jul - Design 2 | Physio - Copy,Physio Scaling Adset,120248963774150641,Physiotherapy | 2026 Aug 29,34.56,50050,647,onsite_conversion.messaging_conversation_started_7d,28
2026-08,120248963573140641,DR149 | 🧑🏻‍🎨 Static | Myth Busting | The clinic brought home | DRV020  V3,DRV147-DRV152 | STATIC | Myth Busting | TESTING,120248963572680641,Dr Visit | 2026 Aug 29,23.59,30203,368,onsite_conversion.messaging_conversation_started_7d,12
2026-08,120248963701190641,NS028 | scaling | Nursing - Copy,Nursing Scaling Adset,120248963701120641,Nursing | 2026 Aug 29,0.89,1141,11,onsite_conversion.messaging_conversation_started_7d,2
2026-08,120248963701210641,NS037 | scaling | Nursing - Copy,Nursing Scaling Adset,120248963701120641,Nursing | 2026 Aug 29,91.77,104135,757,onsite_conversion.messaging_conversation_started_7d,34
2026-08,120248671987130641,App013,Fake Tweets | App Install | Baghdad Android,120248671987100641,Android App Purchase | AF | 2026/8/12,38.66,69215,1019,app_custom_event.fb_mobile_purchase,2
2026-08,120248671986720641,UGC002,UGC | baghdad Android,120248671987100641,Android App Purchase | AF | 2026/8/12,0.93,1021,60,app_custom_event.fb_mobile_purchase,
2026-08,120248671986710641,UGC004,UGC | baghdad Android,120248671987100641,Android App Purchase | AF | 2026/8/12,55.37,64652,1554,app_custom_event.fb_mobile_purchase,1
2026-08,120248671987110641,UGC005,UGC | baghdad Android,120248671987100641,Android App Purchase | AF | 2026/8/12,44.91,65255,1298,app_custom_event.fb_mobile_purchase,2
2026-08,120248671987140641,App016,Doctor Visit | App Install | Baghdad Android,120248671987100641,Android App Purchase | AF | 2026/8/12,17.36,26723,365,app_custom_event.fb_mobile_purchase,
2026-08,120248671986750641,App023,Fake Tweets | App Install | Baghdad Android,120248671987100641,Android App Purchase | AF | 2026/8/12,1.24,2274,43,app_custom_event.fb_mobile_purchase,
2026-08,120248671986780641,App014,Fake Tweets | App Install | Baghdad Android,120248671987100641,Android App Purchase | AF | 2026/8/12,226.81,389666,7297,app_custom_event.fb_mobile_purchase,3
2026-08,120248671986970641,App027,Fake Tweets | App Install | Baghdad Android,120248671987100641,Android App Purchase | AF | 2026/8/12,7.12,9812,137,app_custom_event.fb_mobile_purchase,
2026-08,120248897446130641,HPT001,Hillah Physio | 2026/8/24,120248822994440641,Hillah Physiotherapy,0.08,93,4,onsite_conversion.messaging_conversation_started_7d,
2026-08,120248897446200641,HPT008,Hillah Physio | 2026/8/24,120248822994440641,Hillah Physiotherapy,39.26,44557,1717,onsite_conversion.messaging_conversation_started_7d,99
2026-08,120248056568690641,PT083,Physio Sales | Trust | 2026/07/13,120242225844470641,TESTING | Msg Vol | All Services,0.79,881,17,onsite_conversion.purchase,
2026-08,120248057276650641,PT046,Physio Sales | Elderly Caregiver | 2026/07/13,120242225844470641,TESTING | Msg Vol | All Services,16.08,29255,520,onsite_conversion.purchase,
2026-08,120248056568700641,PT084,Physio Sales | Trust | 2026/07/13,120242225844470641,TESTING | Msg Vol | All Services,16.66,21082,392,onsite_conversion.purchase,
2026-08,120248057241460641,PT055,Physio Sales | Active Pain | 2026/07/13,120242225844470641,TESTING | Msg Vol | All Services,15.59,19219,345,onsite_conversion.purchase,
2026-08,120248056817590641,PT043,Physio Sales | Rehabilitation | 2026/07/13,120242225844470641,TESTING | Msg Vol | All Services,16.82,30271,481,onsite_conversion.purchase,
2026-08,120246323082850641,PT128 - Talking Head,Physiotherapy \\ Testing \\ Talking Head \\ Jun 15 2026,120242225844470641,TESTING | Msg Vol | All Services,51.32,55939,905,onsite_conversion.messaging_conversation_started_7d,62
2026-08,120248057310930641,PT057,Physio Sales | Convenience | 2026/07/13,120242225844470641,TESTING | Msg Vol | All Services,16.68,25934,471,onsite_conversion.purchase,
2026-09,120249335246150641,PT190 _ 🎥 Video _ Educational Breakdown _ Why Home Physiotherapy Helps Patients Stay Committed.mp4,PT190 Testing | ALL IN,120248963774150641,Physiotherapy | 2026 Aug 29,126.42,102503,1669,onsite_conversion.messaging_conversation_started_7d,88
2026-09,120249316848720641,OLC042 _ 🎥 Video _ Problem → Solution _ Late-Night Doctor Advice Without Leaving Home.mp4,OC | App Install | Baghdad Android,120248671987100641,Android App Purchase | AF | 2026/8/12,7.85,10969,261,app_custom_event.fb_mobile_purchase,
2026-09,120249316753380641,OLC040 _ 🎥 Video _ Creative _ Your Doctor Is One Video Call Away.mp4,OC | App Install | Baghdad Android,120248671987100641,Android App Purchase | AF | 2026/8/12,63.66,72831,1488,app_custom_event.fb_mobile_purchase,
2026-09,120249316838900641,OLC041 _ 🎥 Video _ Problem → Solution _ Doctor Follow-Up Even When He’s Away.mp4,OC | App Install | Baghdad Android,120248671987100641,Android App Purchase | AF | 2026/8/12,20.32,24382,1229,app_custom_event.fb_mobile_purchase,
2026-09,120249316851800641,OLC043 _ 🎥 Video _ Problem → Solution _ Medication Guidance Without Another Clinic Visit.mp4,OC | App Install | Baghdad Android,120248671987100641,Android App Purchase | AF | 2026/8/12,10.35,8741,424,app_custom_event.fb_mobile_purchase,
2026-09,120249303240130641,PT189 Problem → Solution Walking Normally Aga.mp4,PT189 Testing | ALL IN,120248963774150641,Physiotherapy | 2026 Aug 29,287.2,282615,3743,onsite_conversion.messaging_conversation_started_7d,237
2026-09,120249252387250641,NS122 | 🎥 Video | Old winning script - Copy,Nursing Scaling Adset,120248963701120641,Nursing | 2026 Aug 29,229.27,258839,2615,onsite_conversion.messaging_conversation_started_7d,107
2026-09,120249230674250641,HPT017 | 🎥 Video | US VS THEM | Why Choose Saleem for Home Physiotherapy,Hillah Physio | 2026/9/16,120248822994440641,Hillah Physiotherapy,6.51,5867,162,onsite_conversion.messaging_conversation_started_7d,11
2026-09,120249230674230641,HPT016 | 🎥 Video | Data / Stat Drop | Specialist-Supervised Home Physiotherapy in Babylon,Hillah Physio | 2026/9/16,120248822994440641,Hillah Physiotherapy,1.44,1675,42,onsite_conversion.messaging_conversation_started_7d,4
2026-09,120249230674160641,HPT018 | 🎥 Video | PROBLEM AWARE | Home Physiotherapy Without the Trip Across Hilla,Hillah Physio | 2026/9/16,120248822994440641,Hillah Physiotherapy,54.52,54602,1619,onsite_conversion.messaging_conversation_started_7d,85
2026-09,120248963774370641,PT105 | Scaling | Physio - Copy,Physio Scaling Adset,120248963774150641,Physiotherapy | 2026 Aug 29,25.42,14142,167,onsite_conversion.messaging_conversation_started_7d,13
2026-09,120248963774320641,PT105 | Scaling | Physio - Copy,Physio Scaling Adset,120248963774150641,Physiotherapy | 2026 Aug 29,12.88,5895,87,onsite_conversion.messaging_conversation_started_7d,2
2026-09,120248963774300641,PT059 | Physio Sales | Rehabilitation - Copy,Physio Scaling Adset,120248963774150641,Physiotherapy | 2026 Aug 29,596.46,446327,5445,onsite_conversion.messaging_conversation_started_7d,325
2026-09,120248963573110641,DR150 | 🧑🏻‍🎨 Static | Myth Busting | The clinic brought home | DRV020  V4,DRV147-DRV152 | STATIC | Myth Busting | TESTING,120248963572680641,Dr Visit | 2026 Aug 29,2.2,1834,18,onsite_conversion.messaging_conversation_started_7d,1
2026-09,120243699693660641,LT093 - Friday Campaign,Friday Lab Test,120243699693650641,Friday Campaign,123.7,44391,863,onsite_conversion.messaging_conversation_started_7d,83
2026-09,120243700075830641,DRV127 - Friday Campaign,Friday Dr Visit,120243699693650641,Friday Campaign,78.08,64729,681,onsite_conversion.messaging_conversation_started_7d,34
2026-09,120243699941590641,LT092 - Friday Campaign,Friday Lab Test,120243699693650641,Friday Campaign,0.12,64,2,onsite_conversion.messaging_conversation_started_7d,1
2026-09,120249100021350641,NS123 | 🧑🏻‍🎨 Static | FEATURE & BENEFIT | Why Choose Home Nursing,Nursing Testing | 2026/9/7,120248963701120641,Nursing | 2026 Aug 29,5.8,3802,49,onsite_conversion.messaging_conversation_started_7d,4
2026-09,120248963701180641,NS010 | scaling | Nursing - Copy,Nursing Scaling Adset,120248963701120641,Nursing | 2026 Aug 29,174.32,130134,1218,onsite_conversion.messaging_conversation_started_7d,70
2026-09,120248963572970641,DRV129 | STATIC | TrustStats | BROAD | TEST | v3,DRV129 | Scaling | Dr Visit Sales,120248963572680641,Dr Visit | 2026 Aug 29,487.21,341888,4066,onsite_conversion.messaging_conversation_started_7d,234
2026-09,120248963573160641,DR148  | 🧑🏻‍🎨 Static | Myth Busting | The clinic brought home | DRV020  V2,DRV147-DRV152 | STATIC | Myth Busting | TESTING,120248963572680641,Dr Visit | 2026 Aug 29,11.43,11194,115,onsite_conversion.messaging_conversation_started_7d,4
2026-09,120249117192000641,DR177 | 🎥 Video | PROBLEM AWARE | Home Doctor Visits Aren’t Only for Severe Cases,Dr Visit Testing,120248963572680641,Dr Visit | 2026 Aug 29,0.61,554,5,onsite_conversion.messaging_conversation_started_7d,
2026-09,120248963572850641,DR146 | 🧑🏻‍🎨 Static | US VS THEM | Home comfort over clinic tiredness | DRV004 V5,DRV142-DRV146 | STATIC | Us vs Them | TESTING,120248963572680641,Dr Visit | 2026 Aug 29,28,16945,180,onsite_conversion.messaging_conversation_started_7d,17
2026-09,120248963572740641,DR143 | 🧑🏻‍🎨 Static | US VS THEM |  Home comfort over clinic tiredness | DRV004 V2,DRV142-DRV146 | STATIC | Us vs Them | TESTING,120248963572680641,Dr Visit | 2026 Aug 29,11.9,10630,119,onsite_conversion.messaging_conversation_started_7d,9
2026-09,120248963573120641,DR152 | 🧑🏻‍🎨 Static | Myth Busting | The clinic brought home | DRV020  V6,DRV147-DRV152 | STATIC | Myth Busting | TESTING,120248963572680641,Dr Visit | 2026 Aug 29,173.87,231961,2632,onsite_conversion.messaging_conversation_started_7d,99
2026-09,120248963573180641,DR145 | 🧑🏻‍🎨 Static | US VS THEM | Home comfort over clinic tiredness | DRV004 V4,DRV142-DRV146 | STATIC | Us vs Them | TESTING,120248963572680641,Dr Visit | 2026 Aug 29,11.76,8257,81,onsite_conversion.messaging_conversation_started_7d,2
2026-09,120248963573130641,DR151 | 🧑🏻‍🎨 Static | Myth Busting | The clinic brought home | DRV020  V5,DRV147-DRV152 | STATIC | Myth Busting | TESTING,120248963572680641,Dr Visit | 2026 Aug 29,93.03,96511,882,onsite_conversion.messaging_conversation_started_7d,46
2026-09,120248963572990641,DRV129 | STATIC | TrustStats | BROAD | TEST | v2,DRV129 | Scaling | Dr Visit Sales,120248963572680641,Dr Visit | 2026 Aug 29,72.39,65000,816,onsite_conversion.messaging_conversation_started_7d,36
2026-09,120248963572750641,DR142  | 🧑🏻‍🎨 Static | US VS THEM |  Home comfort over clinic tiredness | DRV004 V1,DRV142-DRV146 | STATIC | Us vs Them | TESTING,120248963572680641,Dr Visit | 2026 Aug 29,37.04,23602,225,onsite_conversion.messaging_conversation_started_7d,12
2026-09,120248963572980641,DRV129 | STATIC | TrustStats | BROAD | TEST | v1,DRV129 | Scaling | Dr Visit Sales,120248963572680641,Dr Visit | 2026 Aug 29,44.98,43163,509,onsite_conversion.messaging_conversation_started_7d,26
2026-09,120248963701130641,NS028 | scaling | Nursing,NS028 | scaling | Nursing,120248963701120641,Nursing | 2026 Aug 29,984.58,728170,7024,onsite_conversion.messaging_conversation_started_7d,415
2026-09,120248963573080641,DRV004 | Scaling | Dr Visit Sales,DRV004 | Scaling | Dr Visit Sales,120248963572680641,Dr Visit | 2026 Aug 29,738.34,611004,6819,onsite_conversion.messaging_conversation_started_7d,392
2026-09,120249116842500641,PT139 _ 🎥 Video _ Myth Busting _ Stair Pain Is Not Just Age _ V2 - Copy,Physio Scaling Adset,120248963774150641,Physiotherapy | 2026 Aug 29,19.02,10732,177,onsite_conversion.messaging_conversation_started_7d,8
2026-09,120249100109030641,NS127 | 🎥 Video | Myth Busting | Simple Nursing Procedures Without the Hospital Trip,Nursing Testing | 2026/9/7,120248963701120641,Nursing | 2026 Aug 29,23.65,18354,147,onsite_conversion.messaging_conversation_started_7d,3
2026-09,120248963573170641,DR144 | 🧑🏻‍🎨 Static | US VS THEM | Home comfort over clinic tiredness | DRV004 V3,DRV142-DRV146 | STATIC | Us vs Them | TESTING,120248963572680641,Dr Visit | 2026 Aug 29,506.91,471449,5171,onsite_conversion.messaging_conversation_started_7d,242
2026-09,120249100086290641,NS124 | 🧑🏻‍🎨 Static | Problem → Solution | Daily Medication Care at Home,Nursing Testing | 2026/9/7,120248963701120641,Nursing | 2026 Aug 29,14.49,9245,108,onsite_conversion.messaging_conversation_started_7d,8
2026-09,120249098663900641,NS120 | 🧑🏻‍🎨 Static | PROBLEM AWARE | Comfort angle,Nursing Testing | 2026/9/7,120248963701120641,Nursing | 2026 Aug 29,248.05,178553,2070,onsite_conversion.messaging_conversation_started_7d,128
2026-09,120243699941600641,LT094 - Friday Campaign,Friday Lab Test,120243699693650641,Friday Campaign,0.19,115,1,onsite_conversion.messaging_conversation_started_7d,
2026-09,120249117226840641,DR178 | 🎥 Video | Talking Head | Stroke Care at Home When the Patient Can’t Travel,Dr Visit Testing,120248963572680641,Dr Visit | 2026 Aug 29,431.35,422895,8249,onsite_conversion.messaging_conversation_started_7d,395
2026-09,120243700075810641,DRV126 - Friday Campaign,Friday Dr Visit,120243699693650641,Friday Campaign,43.32,29013,367,onsite_conversion.messaging_conversation_started_7d,18
2026-09,120243700075840641,DRV128 - Friday Campaign,Friday Dr Visit,120243699693650641,Friday Campaign,1.76,1239,14,onsite_conversion.messaging_conversation_started_7d,1
2026-09,120248897446220641,HPT004,Hillah Physio | 2026/8/24,120248822994440641,Hillah Physiotherapy,0.47,463,16,onsite_conversion.messaging_conversation_started_7d,3
2026-09,120248897446150641,HPT005,Hillah Physio | 2026/8/24,120248822994440641,Hillah Physiotherapy,0.16,94,3,onsite_conversion.messaging_conversation_started_7d,
2026-09,120248897446160641,HPT003,Hillah Physio | 2026/8/24,120248822994440641,Hillah Physiotherapy,0.04,49,0,onsite_conversion.messaging_conversation_started_7d,
2026-09,120248897446180641,HPT012,Hillah Physio | 2026/8/24,120248822994440641,Hillah Physiotherapy,0.4,348,7,onsite_conversion.messaging_conversation_started_7d,1
2026-09,120248897446090641,HPT007,Hillah Physio | 2026/8/24,120248822994440641,Hillah Physiotherapy,0.1,76,0,onsite_conversion.messaging_conversation_started_7d,
2026-09,120248897446120641,HPT006,Hillah Physio | 2026/8/24,120248822994440641,Hillah Physiotherapy,0.25,337,5,onsite_conversion.messaging_conversation_started_7d,
2026-09,120248897446170641,HPT013,Hillah Physio | 2026/8/24,120248822994440641,Hillah Physiotherapy,104.17,132914,2905,onsite_conversion.messaging_conversation_started_7d,202
2026-09,120248897446110641,HPT009,Hillah Physio | 2026/8/24,120248822994440641,Hillah Physiotherapy,0.99,779,23,onsite_conversion.messaging_conversation_started_7d,1
2026-09,120248897446100641,HPT014,Hillah Physio | 2026/8/24,120248822994440641,Hillah Physiotherapy,0.98,1168,32,onsite_conversion.messaging_conversation_started_7d,2
2026-09,120242489127000641,UGC 4,UGC | baghdad iOS,120242398107390641,iOS installs | AF | 2026/4/17,39.57,75774,2054,mobile_app_install,50
2026-09,120247754434540641,App022,Nursing / Physio | App Install | Baghdad iOS,120242398107390641,iOS installs | AF | 2026/4/17,271.12,637756,14844,mobile_app_install,343
2026-09,120247754434520641,App020,Nursing / Physio | App Install | Baghdad iOS,120242398107390641,iOS installs | AF | 2026/4/17,4.99,12605,406,mobile_app_install,7
2026-09,120247754434570641,App025,Nursing / Physio | App Install | Baghdad iOS,120242398107390641,iOS installs | AF | 2026/4/17,4.9,10284,351,mobile_app_install,7
2026-09,120242488994880641,UGC 2,UGC | baghdad iOS,120242398107390641,iOS installs | AF | 2026/4/17,1.54,2289,45,mobile_app_install,
2026-09,120247754434560641,App024,Nursing / Physio | App Install | Baghdad iOS,120242398107390641,iOS installs | AF | 2026/4/17,126.79,327426,3398,mobile_app_install,185
2026-09,120242489126980641,UGC 6,UGC | baghdad iOS,120242398107390641,iOS installs | AF | 2026/4/17,5.01,8767,178,mobile_app_install,8
2026-09,120247752239800641,App030,FGC | baghdad iOS | taha podcast,120242398107390641,iOS installs | AF | 2026/4/17,4.04,4869,55,mobile_app_install,1
2026-09,120242489126970641,UGC 5,UGC | baghdad iOS,120242398107390641,iOS installs | AF | 2026/4/17,1.83,3468,63,mobile_app_install,1
2026-09,120247754434530641,App019,Nursing / Physio | App Install | Baghdad iOS,120242398107390641,iOS installs | AF | 2026/4/17,6.52,17463,442,mobile_app_install,1
2026-09,120242489126990641,UGC 3,UGC | baghdad iOS,120242398107390641,iOS installs | AF | 2026/4/17,142.83,254360,5996,mobile_app_install,165
2026-09,120247752246710641,App031,FGC | baghdad iOS | taha podcast,120242398107390641,iOS installs | AF | 2026/4/17,139.95,158075,4513,mobile_app_install,87
2026-09,120242489515010641,UGC 6,UGC.Iraq | $25,120222834173730641,Profile Traffic Campaign (Followers) | $12 | May 7,425.23,624293,23003,profile_visit_view,20679
2026-09,120247752225190641,App029,FGC | baghdad iOS | taha podcast,120242398107390641,iOS installs | AF | 2026/4/17,3.06,4030,202,mobile_app_install,2
2026-09,120242489515000641,UGC 5,UGC.Iraq | $25,120222834173730641,Profile Traffic Campaign (Followers) | $12 | May 7,13.49,38454,672,profile_visit_view,571
2026-09,120242489514980641,UGC 3,UGC.Iraq | $25,120222834173730641,Profile Traffic Campaign (Followers) | $12 | May 7,14.58,32387,571,profile_visit_view,517
2026-09,120242489300910641,UGC 1,UGC.Iraq | $25,120222834173730641,Profile Traffic Campaign (Followers) | $12 | May 7,170.62,245953,7934,profile_visit_view,6623
2026-09,120248673606690641,LT109 | 🎥 Video | US VS THEM | app lab test features  | LT109 V1,LT109-LT116 | Talking Head | TESTING - Copy,120248673438050641,Android App Purchase | LAB TEST | AF | 2026/8/12,9.53,10770,441,app_custom_event.fb_mobile_purchase,1
2026-09,120248673738060641,LT110 | 🎥 Video | US VS THEM | app lab test features  | LT109 V2,LT109-LT116 | Talking Head | TESTING - Copy,120248673438050641,Android App Purchase | LAB TEST | AF | 2026/8/12,42.4,59781,2811,app_custom_event.fb_mobile_purchase,
2026-09,120248673787390641,LT114 | 🎥 Video | US VS THEM | app lab test features  | LT109 V6,LT109-LT116 | Talking Head | TESTING - Copy,120248673438050641,Android App Purchase | LAB TEST | AF | 2026/8/12,56.02,57333,1073,app_custom_event.fb_mobile_purchase,
2026-09,120248673774320641,LT112 | 🎥 Video | US VS THEM | app lab test features  | LT109 V4,LT109-LT116 | Talking Head | TESTING - Copy,120248673438050641,Android App Purchase | LAB TEST | AF | 2026/8/12,11.12,13438,611,app_custom_event.fb_mobile_purchase,
2026-09,120248673765120641,LT111 | 🎥 Video | US VS THEM | app lab test features  | LT109 V3,LT109-LT116 | Talking Head | TESTING - Copy,120248673438050641,Android App Purchase | LAB TEST | AF | 2026/8/12,38.72,45204,1855,app_custom_event.fb_mobile_purchase,
2026-09,120249273052310641,PT176 _ 🧑🏻‍🎨 Static _ Problem → Solution _ When Painkillers Stop Working _ V1 Story_.png,Baghdad / Physiotherapy Leads,120249272891680641,Physiotherapy Leads,9.9,7216,223,offsite_conversion.fb_pixel_lead,
2026-09,120249272891700641,PT175 _ 🧑🏻‍🎨 Static _ Case Study _ Proof _ Walking Better After a Fracture _ PT049 V13 _ Post.png,Baghdad / Physiotherapy Leads,120249272891680641,Physiotherapy Leads,2.7,1593,146,offsite_conversion.fb_pixel_lead,
2026-09,120249273147940641,PT178 _ 🧑🏻‍🎨 Static _ Case Study _ Proof _ Standing Again After a Slipped Disc _ Post.png,Baghdad / Physiotherapy Leads,120249272891680641,Physiotherapy Leads,5.63,3667,163,offsite_conversion.fb_pixel_lead,
2026-09,120249273083070641,PT177 _ 🧑🏻‍🎨 Static _ Problem → Solution _ When Painkillers Stop Working _ V2 - Post.png,Baghdad / Physiotherapy Leads,120249272891680641,Physiotherapy Leads,7.61,4887,184,offsite_conversion.fb_pixel_lead,
2026-09,120249273159020641,PT188 _ 🧑🏻‍🎨 Static _ US VS THEM _ More Focused Physio Care at Home _ Post.png,Baghdad / Physiotherapy Leads,120249272891680641,Physiotherapy Leads,5.46,1898,84,offsite_conversion.fb_pixel_lead,
2026-09,120249220757010641,PT168 | 🧑🏻‍🎨 Static | Case Study / Proof | Walking Better After a Fracture | PT049 V6,Physiotherapy | Winning Ad Variations | PT163-168,120248963774150641,Physiotherapy | 2026 Aug 29,6.17,3419,49,onsite_conversion.messaging_conversation_started_7d,6
2026-09,120249220755770641,PT164 | 🧑🏻‍🎨 Static | Case Study / Proof | Walking Better After a Fracture | PT049 V2,Physiotherapy | Winning Ad Variations | PT163-168,120248963774150641,Physiotherapy | 2026 Aug 29,1.19,513,7,onsite_conversion.messaging_conversation_started_7d,1
2026-09,120249220757000641,PT167 | 🧑🏻‍🎨 Static | Case Study / Proof | Walking Better After a Fracture | PT049 V5,Physiotherapy | Winning Ad Variations | PT163-168,120248963774150641,Physiotherapy | 2026 Aug 29,3.75,2370,39,onsite_conversion.messaging_conversation_started_7d,2
2026-09,120248963572810641,DR171 | 🧑🏻‍🎨 Static | Direct Offer | Doctor Care Without the Trip | V2,❌DRV170-DRV174 | STATIC | Direct Offer | TESTING,120248963572680641,Dr Visit | 2026 Aug 29,16.16,17159,300,onsite_conversion.messaging_conversation_started_7d,9
2026-09,120249027052270641,PT041 | Scaling | Physio,Physiotherapy Winner | PT041,120248963774150641,Physiotherapy | 2026 Aug 29,436.05,360157,4282,onsite_conversion.messaging_conversation_started_7d,432
2026-09,120248963774290641,PT059 | Physio Sales | Rehabilitation,PT059 | Scaling | Physio Sales | Rehabilitation,120248963774150641,Physiotherapy | 2026 Aug 29,22.54,13915,213,onsite_conversion.messaging_conversation_started_7d,16
2026-09,120248963572820641,DR169 | 🧑🏻‍🎨 Static | Problem → Solution | Unstable Blood Sugar at Home | DRV099 V5,❌DRV165-DRV169 | STATIC | Problem → Solution | TESTING,120248963572680641,Dr Visit | 2026 Aug 29,0.7,499,11,onsite_conversion.messaging_conversation_started_7d,2
2026-09,120248963774310641,PT033 | 🧑🏻‍🎨 Static | Problem → Solution | Disc Pain – Mom,PT033 | Problem → Solution | Disc Pain – Mom | TESTING,120248963774150641,Physiotherapy | 2026 Aug 29,16.25,11609,223,onsite_conversion.messaging_conversation_started_7d,16
2026-09,120248963774410641,PT041 | Scaling | Physio,PT041 | Scaling | Physio,120248963774150641,Physiotherapy | 2026 Aug 29,16.8,11780,181,onsite_conversion.messaging_conversation_started_7d,10
2026-09,120248963774160641,PT132 | Customer Testimonial | physiotherapy at home = more comfort,PT132 | Customer Testimonial | TESTING,120248963774150641,Physiotherapy | 2026 Aug 29,15.52,11563,248,onsite_conversion.messaging_conversation_started_7d,15
2026-09,120249026031620641,PT180 _ 🧑🏻_🎨 Static _ US VS THEM _ Joint Surgery Rehab at Home,Physiotherapy Testing Adset,120248963774150641,Physiotherapy | 2026 Aug 29,220.16,179546,2685,onsite_conversion.messaging_conversation_started_7d,131
2026-09,120248963572760641,"DR164 | 🎥 Video | Talking Head | comment reply , patient transportation",❌DRV164 | Talking Head | TESTING,120248963572680641,Dr Visit | 2026 Aug 29,14.03,11774,238,onsite_conversion.messaging_conversation_started_7d,10
2026-09,120249220135590641,PT163 | 🧑🏻‍🎨 Static | Case Study / Proof | Walking Better After a Fracture | PT049 V1,Physiotherapy | Winning Ad Variations | PT163-168,120248963774150641,Physiotherapy | 2026 Aug 29,4.3,2519,52,onsite_conversion.messaging_conversation_started_7d,2
2026-09,120249220756980641,PT165 | 🧑🏻‍🎨 Static | Case Study / Proof | Walking Better After a Fracture | PT049 V3,Physiotherapy | Winning Ad Variations | PT163-168,120248963774150641,Physiotherapy | 2026 Aug 29,71.38,55421,800,onsite_conversion.messaging_conversation_started_7d,43
2026-09,120249220756990641,PT166 | 🧑🏻‍🎨 Static | Case Study / Proof | Walking Better After a Fracture | PT049 V4,Physiotherapy | Winning Ad Variations | PT163-168,120248963774150641,Physiotherapy | 2026 Aug 29,143.93,97954,1379,onsite_conversion.messaging_conversation_started_7d,91
2026-09,120248963774380641,PT105 | Scaling | Physio,PT105 | Scaling | Physio,120248963774150641,Physiotherapy | 2026 Aug 29,17.22,10049,160,onsite_conversion.messaging_conversation_started_7d,14
2026-09,120248963572840641,DR167 | 🧑🏻‍🎨 Static | Problem → Solution | Unstable Blood Sugar at Home | DRV099 V3,❌DRV165-DRV169 | STATIC | Problem → Solution | TESTING,120248963572680641,Dr Visit | 2026 Aug 29,0.81,872,12,onsite_conversion.messaging_conversation_started_7d,
2026-09,120248963572800641,DR172 | 🧑🏻‍🎨 Static | Direct Offer | Doctor Care Without the Trip | V3,❌DRV170-DRV174 | STATIC | Direct Offer | TESTING,120248963572680641,Dr Visit | 2026 Aug 29,0.03,16,0,onsite_conversion.messaging_conversation_started_7d,
2026-09,120248963774350641,PT105 | Scaling | Physio,PT105 | Scaling | Physio,120248963774150641,Physiotherapy | 2026 Aug 29,17.15,9750,160,onsite_conversion.messaging_conversation_started_7d,12
2026-09,120248963572780641,DR170 | 🧑🏻‍🎨 Static | Direct Offer | Doctor Care Without the Trip | V1,❌DRV170-DRV174 | STATIC | Direct Offer | TESTING,120248963572680641,Dr Visit | 2026 Aug 29,0.02,39,1,onsite_conversion.messaging_conversation_started_7d,
2026-09,120248963572860641,DR166 | 🧑🏻‍🎨 Static | Problem → Solution | Unstable Blood Sugar at Home | DRV099 V2,❌DRV165-DRV169 | STATIC | Problem → Solution | TESTING,120248963572680641,Dr Visit | 2026 Aug 29,15.13,12516,244,onsite_conversion.messaging_conversation_started_7d,18
2026-09,120248963573010641,DR162 | 🧑🏻‍🎨 Static | Problem → Solution | Walking Becomes Tiring | DRV045 V4,❌DRV159-DRV163 | STATIC | Problem → Solution | TESTING,120248963572680641,Dr Visit | 2026 Aug 29,17.06,24046,496,onsite_conversion.messaging_conversation_started_7d,20
2026-09,120248963572960641,DR157 | 🧑🏻‍🎨 Static | FEATURE & BENEFIT | Easy Doctor Visit at Home | DRV026 V5,DRV153-DRV158 | STATIC | Us vs Them | TESTING,120248963572680641,Dr Visit | 2026 Aug 29,1.66,1048,19,onsite_conversion.messaging_conversation_started_7d,1
2026-09,120248963573060641,DR158 | 🧑🏻‍🎨 Static | FEATURE & BENEFIT | Easy Doctor Visit at Home | DRV026 V6,DRV153-DRV158 | STATIC | Us vs Them | TESTING,120248963572680641,Dr Visit | 2026 Aug 29,2,1201,24,onsite_conversion.messaging_conversation_started_7d,
2026-09,120248963701150641,NS010 | scaling | Nursing,NS010 | scaling | Nursing,120248963701120641,Nursing | 2026 Aug 29,64.5,48896,527,onsite_conversion.messaging_conversation_started_7d,26
2026-09,120248963573030641,DR161 | 🧑🏻‍🎨 Static | Problem → Solution | Walking Becomes Tiring | DRV045 V3,❌DRV159-DRV163 | STATIC | Problem → Solution | TESTING,120248963572680641,Dr Visit | 2026 Aug 29,0.19,168,5,onsite_conversion.messaging_conversation_started_7d,
2026-09,120248963573100641,DR154 | 🧑🏻‍🎨 Static | FEATURE & BENEFIT | Easy Doctor Visit at Home | DRV026 V2,DRV153-DRV158 | STATIC | Us vs Them | TESTING,120248963572680641,Dr Visit | 2026 Aug 29,8.54,5037,77,onsite_conversion.messaging_conversation_started_7d,7
2026-09,120248963573070641,DR156 | 🧑🏻‍🎨 Static | FEATURE & BENEFIT | Easy Doctor Visit at Home | DRV026 V4,DRV153-DRV158 | STATIC | Us vs Them | TESTING,120248963572680641,Dr Visit | 2026 Aug 29,4.94,2854,22,onsite_conversion.messaging_conversation_started_7d,1
2026-09,120248963572730641,DR165 | 🧑🏻‍🎨 Static | Problem → Solution | Unstable Blood Sugar at Home | DRV099 V1,❌DRV165-DRV169 | STATIC | Problem → Solution | TESTING,120248963572680641,Dr Visit | 2026 Aug 29,0.03,26,0,onsite_conversion.messaging_conversation_started_7d,
2026-09,120248963774390641,Physiotherapy Jul - Design 2 | Physio,Physiotherapy Jul - Design 2 | Physio | Scaling,120248963774150641,Physiotherapy | 2026 Aug 29,23.77,27210,379,onsite_conversion.messaging_conversation_started_7d,17
2026-09,120248963573090641,DR155 | 🧑🏻‍🎨 Static | FEATURE & BENEFIT | Easy Doctor Visit at Home | DRV026 V3,DRV153-DRV158 | STATIC | Us vs Them | TESTING,120248963572680641,Dr Visit | 2026 Aug 29,27.98,23583,328,onsite_conversion.messaging_conversation_started_7d,13
2026-09,120249117603120641,PT185 | 🎥 Video | Talking Head | Don’t Skip Rehab After Joint Replacement,Physiotherapy | Testing PT185 | Medora talking head,120248963774150641,Physiotherapy | 2026 Aug 29,271.59,189038,3910,onsite_conversion.messaging_conversation_started_7d,191
2026-09,120249113671370641,PT186 | 🎥 Video | Data / Stat Drop | Special Home Physio Packages for World PT Day,Physiotherapy OFFER | PT186 Physiotherapy Day,120248963774150641,Physiotherapy | 2026 Aug 29,172.68,141662,2331,onsite_conversion.messaging_conversation_started_7d,96
2026-09,120248963573020641,DR160 | 🧑🏻‍🎨 Static | Problem → Solution | Walking Becomes Tiring | DRV045 V2,❌DRV159-DRV163 | STATIC | Problem → Solution | TESTING,120248963572680641,Dr Visit | 2026 Aug 29,0.01,3,0,onsite_conversion.messaging_conversation_started_7d,1
2026-09,120249026282130641,PT139 _ 🎥 Video _ Myth Busting _ Stair Pain Is Not Just Age _ V2,Physiotherapy Testing Adset,120248963774150641,Physiotherapy | 2026 Aug 29,86.07,67723,1220,onsite_conversion.messaging_conversation_started_7d,44
2026-09,120248963774240641,PT131 | Customer Testimonial | Post Accident Mobility,PT131 | Customer Testimonial | TESTING,120248963774150641,Physiotherapy | 2026 Aug 29,14.99,14490,172,onsite_conversion.messaging_conversation_started_7d,9
2026-09,120248963572720641,DRV137 | Scaling | Physio Sales | Talking Head,❌DRV135 DRV136 DRV137 | Scaling | Physio Sales | Talking Head,120248963572680641,Dr Visit | 2026 Aug 29,0.1,91,0,onsite_conversion.messaging_conversation_started_7d,
2026-09,120248963701140641,UGC008 | scaling | Nursing,UGC008 | scaling | Nursing,120248963701120641,Nursing | 2026 Aug 29,25.42,15020,339,onsite_conversion.messaging_conversation_started_7d,30
2026-09,120248963774400641,PT058 | Scaling | Physio,PT058 | Scaling | Physio,120248963774150641,Physiotherapy | 2026 Aug 29,15.74,10942,210,onsite_conversion.messaging_conversation_started_7d,11
2026-09,120249118411510641,Offer post,Physiotherapy OFFER | PT186 Physiotherapy Day,120248963774150641,Physiotherapy | 2026 Aug 29,4.85,2100,36,onsite_conversion.messaging_conversation_started_7d,
2026-09,120248963572710641,DRV135 | Scaling | Physio Sales | Talking Head,❌DRV135 DRV136 DRV137 | Scaling | Physio Sales | Talking Head,120248963572680641,Dr Visit | 2026 Aug 29,6.02,11149,143,onsite_conversion.messaging_conversation_started_7d,6
2026-09,120248963572700641,DRV136 | Scaling | Physio Sales | Talking Head,❌DRV135 DRV136 DRV137 | Scaling | Physio Sales | Talking Head,120248963572680641,Dr Visit | 2026 Aug 29,38.08,33447,769,onsite_conversion.messaging_conversation_started_7d,23
2026-09,120249191330670641,Hiring Nurses 1,"Baghdad / nurses, LP",120249191330680641,Staff,0.95,1281,32,offsite_conversion.fb_pixel_lead,2
2026-09,120249191403890641,Hiring Nurses 2,"Baghdad / nurses, LP",120249191330680641,Staff,15.58,17778,409,offsite_conversion.fb_pixel_lead,50
2026-09,120249118154720641,US092 | 🎥 Video | Case Study / Proof | 🎥 Video,Ultrasound,120249117919650641,Ultrasound + Doppler,104.58,101289,1740,onsite_conversion.messaging_conversation_started_7d,73
2026-09,120249117919640641,US087 | 🎥 Video | Case Study / Proof | 🎥 Video,Ultrasound,120249117919650641,Ultrasound + Doppler,2.47,1937,34,onsite_conversion.messaging_conversation_started_7d,1
2026-09,120249118171180641,US093 | 🎥 Video | Problem → Solution | 🎥 Video,Ultrasound,120249117919650641,Ultrasound + Doppler,0.39,404,3,onsite_conversion.messaging_conversation_started_7d,
2026-09,120248671987020641,App017,Doctor Visit | App Install | Baghdad Android,120248671987100641,Android App Purchase | AF | 2026/8/12,8.09,21055,308,app_custom_event.fb_mobile_purchase,17
2026-09,120248671986890641,App020,Nursing / Physio | App Install | Baghdad Android - Copy,120248671987100641,Android App Purchase | AF | 2026/8/12,6.58,16718,250,app_custom_event.fb_mobile_purchase,1
2026-09,120248671986980641,App025,Nursing / Physio | App Install | Baghdad Android - Copy,120248671987100641,Android App Purchase | AF | 2026/8/12,1.79,7359,92,app_custom_event.fb_mobile_purchase,
2026-09,120248671987010641,App021,Doctor Visit | App Install | Baghdad Android,120248671987100641,Android App Purchase | AF | 2026/8/12,2.06,8922,127,app_custom_event.fb_mobile_purchase,
2026-09,120248671986790641,App022,Nursing / Physio | App Install | Baghdad Android - Copy,120248671987100641,Android App Purchase | AF | 2026/8/12,1.55,4600,40,app_custom_event.fb_mobile_purchase,2
2026-09,120248671986990641,App026,Doctor Visit | App Install | Baghdad Android,120248671987100641,Android App Purchase | AF | 2026/8/12,67.05,373446,4393,app_custom_event.fb_mobile_purchase,
2026-09,120248671986960641,App024,Nursing / Physio | App Install | Baghdad Android - Copy,120248671987100641,Android App Purchase | AF | 2026/8/12,170.22,485414,5380,app_custom_event.fb_mobile_purchase,2
2026-09,120248671987120641,UGC003,UGC | baghdad Android,120248671987100641,Android App Purchase | AF | 2026/8/12,158.5,159849,2502,app_custom_event.fb_mobile_purchase,5
2026-09,120248671986830641,App018,Doctor Visit | App Install | Baghdad Android,120248671987100641,Android App Purchase | AF | 2026/8/12,1.96,4660,82,app_custom_event.fb_mobile_purchase,
2026-09,120248671987000641,App019,Nursing / Physio | App Install | Baghdad Android - Copy,120248671987100641,Android App Purchase | AF | 2026/8/12,5.5,24057,300,app_custom_event.fb_mobile_purchase,
2026-09,120248671986760641,App015,Fake Tweets | App Install | Baghdad Android,120248671987100641,Android App Purchase | AF | 2026/8/12,118.72,535490,5569,app_custom_event.fb_mobile_purchase,1
2026-09,120248673780470641,LT113 | 🎥 Video | US VS THEM | app lab test features  | LT109 V5,LT109-LT116 | Talking Head | TESTING - Copy,120248673438050641,Android App Purchase | LAB TEST | AF | 2026/8/12,249.72,301822,11424,app_custom_event.fb_mobile_purchase,2
2026-09,120248963701160641,UGC008 | scaling | Nursing - Copy,Nursing Scaling Adset,120248963701120641,Nursing | 2026 Aug 29,49.85,31706,469,onsite_conversion.messaging_conversation_started_7d,43
2026-09,120249100099980641,"NS126 | 🎥 Video | Comparison Ad | Complete Nursing Care Before, During & After the Visit",Nursing Testing | 2026/9/7,120248963701120641,Nursing | 2026 Aug 29,7.28,5597,98,onsite_conversion.messaging_conversation_started_7d,2
2026-09,120249100017030641,NS122 | 🎥 Video | Old winning script,Nursing Testing | 2026/9/7,120248963701120641,Nursing | 2026 Aug 29,228.07,223188,2510,onsite_conversion.messaging_conversation_started_7d,93
2026-09,120248963701170641,NS058 | scaling | Nursing - Copy,Nursing Scaling Adset,120248963701120641,Nursing | 2026 Aug 29,167.73,174715,1554,onsite_conversion.messaging_conversation_started_7d,48
2026-09,120248963701230641,NS095 | scaling | Nursing,Nursing Scaling Adset,120248963701120641,Nursing | 2026 Aug 29,48.52,31235,280,onsite_conversion.messaging_conversation_started_7d,11
2026-09,120248963701200641,NS095 | scaling | Nursing - Copy,Nursing Scaling Adset,120248963701120641,Nursing | 2026 Aug 29,24.49,16973,145,onsite_conversion.messaging_conversation_started_7d,6
2026-09,120248963774340641,PT058 | Scaling | Physio - Copy,Physio Scaling Adset,120248963774150641,Physiotherapy | 2026 Aug 29,12.35,7390,117,onsite_conversion.messaging_conversation_started_7d,8
2026-09,120249116842510641,PT181 _ 🧑🏻_🎨 Static _ US VS THEM _ Moving Better After Joint Surgery - Copy,Physio Scaling Adset,120248963774150641,Physiotherapy | 2026 Aug 29,112.06,72732,1058,onsite_conversion.messaging_conversation_started_7d,61
2026-09,120249026101440641,PT182 _ 🧑🏻_🎨 Static _ FEATURE & BENEFIT _ Hope for Your Child’s Recovery at Home,Physiotherapy Testing Adset,120248963774150641,Physiotherapy | 2026 Aug 29,72.46,65177,727,onsite_conversion.messaging_conversation_started_7d,55
2026-09,120249025553200641,PT179 _ 🧑🏻_🎨 Static _ FEATURE & BENEFIT _ Regain Neck Movement at Home _ Post,Physiotherapy Testing Adset,120248963774150641,Physiotherapy | 2026 Aug 29,70.86,39808,680,onsite_conversion.messaging_conversation_started_7d,45
2026-09,120249026126270641,PT183 _ 🎥 Video _ Problem → Solution _ When Slipped Disc Pain Limits Movement,Physiotherapy Testing Adset,120248963774150641,Physiotherapy | 2026 Aug 29,110.24,73305,1306,onsite_conversion.messaging_conversation_started_7d,78
2026-09,120248963774330641,PT041 | Scaling | Physio - Copy,Physio Scaling Adset,120248963774150641,Physiotherapy | 2026 Aug 29,9.1,9068,116,onsite_conversion.messaging_conversation_started_7d,9
2026-09,120249026049450641,PT181 _ 🧑🏻_🎨 Static _ US VS THEM _ Moving Better After Joint Surgery,Physiotherapy Testing Adset,120248963774150641,Physiotherapy | 2026 Aug 29,60.06,62102,731,onsite_conversion.messaging_conversation_started_7d,43
2026-09,120249026168730641,PT184 _ 🎥 Video _ Problem → Solution _ Treating Slipped Disc at Home,Physiotherapy Testing Adset,120248963774150641,Physiotherapy | 2026 Aug 29,268.7,189335,2653,onsite_conversion.messaging_conversation_started_7d,145
2026-09,120248963573050641,DR153 | 🧑🏻‍🎨 Static | FEATURE & BENEFIT | Easy Doctor Visit at Home | DRV026 V1,DRV153-DRV158 | STATIC | Us vs Them | TESTING,120248963572680641,Dr Visit | 2026 Aug 29,30.99,23576,320,onsite_conversion.messaging_conversation_started_7d,15
2026-09,120248963573150641,DR147 | 🧑🏻‍🎨 Static | Myth Busting | TESTING,DRV147-DRV152 | STATIC | Myth Busting | TESTING,120248963572680641,Dr Visit | 2026 Aug 29,36.2,42695,490,onsite_conversion.messaging_conversation_started_7d,31
2026-09,120248963774360641,Physiotherapy Jul - Design 2 | Physio - Copy,Physio Scaling Adset,120248963774150641,Physiotherapy | 2026 Aug 29,30.17,30770,462,onsite_conversion.messaging_conversation_started_7d,24
2026-09,120248963573140641,DR149 | 🧑🏻‍🎨 Static | Myth Busting | The clinic brought home | DRV020  V3,DRV147-DRV152 | STATIC | Myth Busting | TESTING,120248963572680641,Dr Visit | 2026 Aug 29,49.13,65146,757,onsite_conversion.messaging_conversation_started_7d,32
2026-09,120248963701190641,NS028 | scaling | Nursing - Copy,Nursing Scaling Adset,120248963701120641,Nursing | 2026 Aug 29,0.09,171,0,onsite_conversion.messaging_conversation_started_7d,1
2026-09,120249099826460641,NS121 | 🎥 Video | Old winning script,Nursing Testing | 2026/9/7,120248963701120641,Nursing | 2026 Aug 29,113.71,89971,1822,onsite_conversion.messaging_conversation_started_7d,72
2026-09,120248963701210641,NS037 | scaling | Nursing - Copy,Nursing Scaling Adset,120248963701120641,Nursing | 2026 Aug 29,43.04,44905,369,onsite_conversion.messaging_conversation_started_7d,15
2026-09,120249118184760641,US094 | 🎥 Video | Direct Offer | 🎥 Video,Ultrasound,120249117919650641,Ultrasound + Doppler,40.68,40368,1278,onsite_conversion.messaging_conversation_started_7d,91
2026-09,120248671987130641,App013,Fake Tweets | App Install | Baghdad Android,120248671987100641,Android App Purchase | AF | 2026/8/12,30.96,26473,321,app_custom_event.fb_mobile_purchase,
2026-09,120248671986720641,UGC002,UGC | baghdad Android,120248671987100641,Android App Purchase | AF | 2026/8/12,0.78,753,34,app_custom_event.fb_mobile_purchase,
2026-09,120248671986710641,UGC004,UGC | baghdad Android,120248671987100641,Android App Purchase | AF | 2026/8/12,4.04,6160,187,app_custom_event.fb_mobile_purchase,1
2026-09,120248671987110641,UGC005,UGC | baghdad Android,120248671987100641,Android App Purchase | AF | 2026/8/12,3.56,4332,83,app_custom_event.fb_mobile_purchase,
2026-09,120248671987140641,App016,Doctor Visit | App Install | Baghdad Android,120248671987100641,Android App Purchase | AF | 2026/8/12,18.95,32485,696,app_custom_event.fb_mobile_purchase,1
2026-09,120248671986750641,App023,Fake Tweets | App Install | Baghdad Android,120248671987100641,Android App Purchase | AF | 2026/8/12,0.49,628,19,app_custom_event.fb_mobile_purchase,
2026-09,120248671986780641,App014,Fake Tweets | App Install | Baghdad Android,120248671987100641,Android App Purchase | AF | 2026/8/12,44.11,76041,1539,app_custom_event.fb_mobile_purchase,
2026-09,120248671986970641,App027,Fake Tweets | App Install | Baghdad Android,120248671987100641,Android App Purchase | AF | 2026/8/12,4.25,6673,117,app_custom_event.fb_mobile_purchase,
