day,service_category,visit_status,services_delivered,distinct_orders,distinct_patients
2024-02-22,ambulance,cancelled,0,0,0
2024-02-22,physiotherapy,finished,1,1,1
2024-02-23,ambulance,cancelled,0,0,0
2024-02-23,physiotherapy,finished,1,1,1
2024-02-24,ambulance,cancelled,0,0,0
2024-02-25,ambulance,cancelled,0,0,0
2024-02-26,ambulance,cancelled,0,0,0
2024-02-26,physiotherapy,finished,1,1,1
2024-02-27,ambulance,cancelled,0,0,0
2024-02-28,ambulance,cancelled,0,0,0
2024-02-29,ambulance,cancelled,0,0,0
2024-03-01,ambulance,cancelled,0,0,0
2024-03-02,ambulance,cancelled,0,0,0
2024-03-03,ambulance,cancelled,0,0,0
2024-03-04,ambulance,cancelled,0,0,0
2024-03-05,ambulance,cancelled,0,0,0
2024-03-06,ambulance,cancelled,0,0,0
2024-03-07,ambulance,cancelled,0,0,0
2024-03-08,ambulance,cancelled,0,0,0
2024-03-09,ambulance,cancelled,0,0,0
2024-03-10,ambulance,cancelled,0,0,0
2024-03-11,ambulance,cancelled,0,0,0
2024-03-12,ambulance,cancelled,0,0,0
2024-03-12,labTest,finished,1,1,1
2024-03-13,ambulance,cancelled,0,0,0
2024-03-14,ambulance,cancelled,0,0,0
2024-03-14,nursing,finished,2,2,2
2024-03-14,physiotherapy,finished,1,1,1
2024-03-15,ambulance,cancelled,0,0,0
2024-03-15,nursing,finished,4,4,3
2024-03-15,physiotherapy,finished,2,2,2
2024-03-16,ambulance,cancelled,0,0,0
2024-03-16,nursing,finished,3,3,2
2024-03-16,physiotherapy,finished,1,1,1
2024-03-17,ambulance,cancelled,0,0,0
2024-03-17,nursing,finished,3,3,2
2024-03-17,physiotherapy,cancelled,1,1,1
2024-03-17,physiotherapy,finished,3,3,3
2024-03-18,ambulance,cancelled,0,0,0
2024-03-18,nursing,finished,3,3,2
2024-03-18,physiotherapy,finished,1,1,1
2024-03-19,ambulance,cancelled,0,0,0
2024-03-19,nursing,finished,2,2,2
2024-03-19,physiotherapy,finished,3,3,3
2024-03-20,ambulance,cancelled,0,0,0
2024-03-20,nursing,finished,1,1,1
2024-03-20,physiotherapy,cancelled,3,3,3
2024-03-20,physiotherapy,finished,5,5,5
2024-03-21,ambulance,cancelled,0,0,0
2024-03-21,nursing,finished,2,2,2
2024-03-21,physiotherapy,finished,3,3,3
2024-03-22,ambulance,cancelled,0,0,0
2024-03-22,doctorVisit,finished,1,1,1
2024-03-22,physiotherapy,finished,6,6,6
2024-03-23,ambulance,cancelled,0,0,0
2024-03-23,physiotherapy,cancelled,2,2,2
2024-03-23,physiotherapy,finished,1,1,1
2024-03-24,ambulance,cancelled,0,0,0
2024-03-24,doctorVisit,finished,1,1,1
2024-03-24,physiotherapy,finished,2,2,2
2024-03-25,ambulance,cancelled,0,0,0
2024-03-25,nursing,finished,4,4,4
2024-03-25,physiotherapy,cancelled,1,1,1
2024-03-25,physiotherapy,finished,6,6,6
2024-03-26,ambulance,cancelled,0,0,0
2024-03-26,nursing,finished,3,3,2
2024-03-26,physiotherapy,finished,6,6,6
2024-03-27,ambulance,cancelled,0,0,0
2024-03-27,doctorVisit,finished,1,1,1
2024-03-27,nursing,finished,2,2,1
2024-03-27,physiotherapy,finished,5,5,5
2024-03-28,ambulance,cancelled,0,0,0
2024-03-28,nursing,finished,2,2,2
2024-03-28,physiotherapy,cancelled,1,1,1
2024-03-28,physiotherapy,finished,8,8,8
2024-03-29,ambulance,cancelled,0,0,0
2024-03-29,doctorVisit,finished,1,1,1
2024-03-29,labTest,cancelled,1,1,1
2024-03-29,physiotherapy,cancelled,2,2,2
2024-03-29,physiotherapy,finished,5,5,5
2024-03-30,ambulance,cancelled,0,0,0
2024-03-30,nursing,cancelled,1,1,1
2024-03-30,physiotherapy,finished,11,11,11
2024-03-31,ambulance,cancelled,0,0,0
2024-03-31,nursing,finished,1,1,1
2024-03-31,physiotherapy,cancelled,1,1,1
2024-03-31,physiotherapy,finished,6,6,6
2024-03-31,psychiatristVisit,finished,1,1,1
2024-04-01,ambulance,cancelled,0,0,0
2024-04-01,doctorVisit,finished,2,2,2
2024-04-01,labTest,finished,1,1,1
2024-04-01,physiotherapy,cancelled,5,5,5
2024-04-01,physiotherapy,finished,11,11,11
2024-04-01,psychiatristVisit,cancelled,1,1,1
2024-04-01,psychiatristVisit,finished,1,1,1
2024-04-02,ambulance,cancelled,0,0,0
2024-04-02,physiotherapy,cancelled,1,1,1
2024-04-02,physiotherapy,finished,5,5,5
2024-04-03,ambulance,cancelled,0,0,0
2024-04-03,echocardiogram,finished,1,1,1
2024-04-03,labTest,finished,2,2,2
2024-04-03,nursing,finished,1,1,1
2024-04-03,physiotherapy,finished,6,6,6
2024-04-04,ambulance,cancelled,0,0,0
2024-04-04,nursing,finished,3,3,2
2024-04-04,physiotherapy,finished,8,8,8
2024-04-05,ambulance,cancelled,0,0,0
2024-04-05,ambulance,finished,1,1,1
2024-04-05,doctorVisit,finished,2,2,2
2024-04-05,labTest,finished,1,1,1
2024-04-05,nursing,cancelled,1,1,1
2024-04-05,nursing,finished,1,1,1
2024-04-05,physiotherapy,cancelled,1,1,1
2024-04-05,physiotherapy,finished,11,11,11
2024-04-05,xRay,finished,1,1,1
2024-04-06,ambulance,cancelled,0,0,0
2024-04-06,nursing,finished,2,2,2
2024-04-06,physiotherapy,finished,11,11,11
2024-04-07,ambulance,cancelled,0,0,0
2024-04-07,doctorVisit,finished,1,1,1
2024-04-07,labTest,finished,1,1,1
2024-04-07,nursing,finished,4,4,4
2024-04-07,physiotherapy,cancelled,4,4,4
2024-04-07,physiotherapy,finished,6,6,6
2024-04-08,ambulance,cancelled,0,0,0
2024-04-08,nursing,finished,9,9,3
2024-04-08,onlineConsultation,finished,1,1,1
2024-04-08,physiotherapy,cancelled,1,1,1
2024-04-08,physiotherapy,finished,9,9,9
2024-04-08,xRay,finished,1,1,1
2024-04-09,ambulance,cancelled,0,0,0
2024-04-09,nursing,finished,6,6,4
2024-04-09,physiotherapy,cancelled,1,1,1
2024-04-09,physiotherapy,finished,10,10,10
2024-04-10,ambulance,cancelled,0,0,0
2024-04-10,nursing,finished,9,9,4
2024-04-10,physiotherapy,finished,4,4,3
2024-04-11,ambulance,cancelled,0,0,0
2024-04-11,doctorVisit,finished,2,2,2
2024-04-11,labTest,finished,1,1,1
2024-04-11,nursing,finished,14,14,8
2024-04-11,physiotherapy,finished,4,4,4
2024-04-12,ambulance,cancelled,0,0,0
2024-04-12,doctorVisit,finished,2,2,2
2024-04-12,echocardiogram,finished,2,2,2
2024-04-12,labTest,finished,3,3,3
2024-04-12,nursing,finished,10,10,6
2024-04-12,physiotherapy,cancelled,1,1,1
2024-04-12,physiotherapy,finished,5,5,5
2024-04-12,psychiatristVisit,finished,1,1,1
2024-04-13,ambulance,cancelled,0,0,0
2024-04-13,labTest,finished,2,2,2
2024-04-13,nursing,finished,5,5,3
2024-04-13,physiotherapy,cancelled,2,2,2
2024-04-13,physiotherapy,finished,14,14,11
2024-04-14,ambulance,cancelled,0,0,0
2024-04-14,nursing,finished,4,4,2
2024-04-14,physiotherapy,cancelled,1,1,1
2024-04-14,physiotherapy,finished,7,7,7
2024-04-15,ambulance,cancelled,0,0,0
2024-04-15,doctorVisit,finished,1,1,1
2024-04-15,nursing,finished,5,5,5
2024-04-15,physiotherapy,finished,5,5,5
2024-04-15,psychiatristVisit,finished,2,2,2
2024-04-16,ambulance,cancelled,0,0,0
2024-04-16,nursing,finished,2,2,2
2024-04-16,physiotherapy,finished,8,8,8
2024-04-17,ambulance,cancelled,0,0,0
2024-04-17,nursing,finished,2,2,2
2024-04-17,physiotherapy,cancelled,1,1,1
2024-04-17,physiotherapy,finished,5,5,4
2024-04-18,ambulance,cancelled,0,0,0
2024-04-18,nursing,finished,3,3,2
2024-04-18,onlineConsultation,finished,1,1,1
2024-04-18,physiotherapy,finished,6,6,6
2024-04-19,ambulance,cancelled,0,0,0
2024-04-19,doctorVisit,cancelled,1,1,1
2024-04-19,nursing,finished,4,4,3
2024-04-19,physiotherapy,cancelled,2,2,2
2024-04-19,physiotherapy,finished,4,4,4
2024-04-19,psychiatristVisit,finished,1,1,1
2024-04-20,ambulance,cancelled,0,0,0
2024-04-20,nursing,finished,3,3,2
2024-04-20,physiotherapy,cancelled,2,2,2
2024-04-20,physiotherapy,finished,9,9,9
2024-04-21,ambulance,cancelled,0,0,0
2024-04-21,labTest,finished,7,7,7
2024-04-21,nursing,finished,4,4,3
2024-04-21,physiotherapy,cancelled,2,2,2
2024-04-21,physiotherapy,finished,14,14,13
2024-04-22,ambulance,cancelled,0,0,0
2024-04-22,nursing,finished,4,4,3
2024-04-22,onlineConsultation,finished,1,1,1
2024-04-22,physiotherapy,finished,8,8,8
2024-04-23,ambulance,cancelled,0,0,0
2024-04-23,doctorVisit,finished,1,1,1
2024-04-23,labTest,finished,2,2,2
2024-04-23,nursing,finished,4,4,2
2024-04-23,physiotherapy,finished,5,5,5
2024-04-24,ambulance,cancelled,0,0,0
2024-04-24,doctorVisit,finished,1,1,1
2024-04-24,labTest,finished,1,1,1
2024-04-24,nursing,finished,4,4,3
2024-04-24,onlineConsultation,finished,1,1,1
2024-04-24,physiotherapy,finished,8,8,8
2024-04-24,xRay,finished,1,1,1
2024-04-25,ambulance,cancelled,0,0,0
2024-04-25,nursing,finished,3,3,2
2024-04-25,physiotherapy,finished,10,10,10
2024-04-26,ambulance,cancelled,0,0,0
2024-04-26,doctorVisit,finished,1,1,1
2024-04-26,nursing,finished,4,4,2
2024-04-26,onlineConsultation,finished,1,1,1
2024-04-26,physiotherapy,cancelled,3,3,3
2024-04-26,physiotherapy,finished,6,6,6
2024-04-27,ambulance,cancelled,0,0,0
2024-04-27,doctorVisit,finished,1,1,1
2024-04-27,labTest,finished,1,1,1
2024-04-27,nursing,finished,3,3,3
2024-04-27,physiotherapy,cancelled,3,3,3
2024-04-27,physiotherapy,finished,6,6,6
2024-04-28,ambulance,cancelled,0,0,0
2024-04-28,doctorVisit,finished,1,1,1
2024-04-28,labTest,finished,2,2,2
2024-04-28,nursing,finished,2,2,2
2024-04-28,physiotherapy,finished,8,8,8
2024-04-29,ambulance,cancelled,0,0,0
2024-04-29,echocardiogram,finished,1,1,1
2024-04-29,labTest,finished,1,1,1
2024-04-29,nursing,finished,4,4,3
2024-04-29,physiotherapy,cancelled,2,2,2
2024-04-29,physiotherapy,finished,6,6,6
2024-04-29,xRay,finished,1,1,1
2024-04-30,ambulance,cancelled,0,0,0
2024-04-30,nursing,finished,6,6,4
2024-04-30,physiotherapy,cancelled,1,1,1
2024-04-30,physiotherapy,finished,7,7,6
2024-05-01,ambulance,cancelled,0,0,0
2024-05-01,labTest,finished,3,3,3
2024-05-01,nursing,finished,3,3,3
2024-05-01,physiotherapy,cancelled,3,3,3
2024-05-01,physiotherapy,finished,6,6,6
2024-05-02,ambulance,cancelled,0,0,0
2024-05-02,nursing,finished,4,4,3
2024-05-02,physiotherapy,cancelled,1,1,1
2024-05-02,physiotherapy,finished,12,12,12
2024-05-03,ambulance,cancelled,0,0,0
2024-05-03,nursing,finished,3,3,3
2024-05-03,physiotherapy,finished,8,8,8
2024-05-03,psychiatristVisit,finished,1,1,1
2024-05-04,ambulance,cancelled,0,0,0
2024-05-04,doctorVisit,cancelled,1,1,1
2024-05-04,doctorVisit,finished,1,1,1
2024-05-04,nursing,finished,2,2,2
2024-05-04,physiotherapy,finished,13,13,13
2024-05-04,xRay,cancelled,1,1,1
2024-05-05,ambulance,cancelled,0,0,0
2024-05-05,nursing,finished,2,2,1
2024-05-05,physiotherapy,cancelled,1,1,1
2024-05-05,physiotherapy,finished,14,14,14
2024-05-06,ambulance,cancelled,0,0,0
2024-05-06,labTest,finished,1,1,1
2024-05-06,nursing,finished,2,2,2
2024-05-06,physiotherapy,cancelled,6,6,6
2024-05-06,physiotherapy,finished,11,11,11
2024-05-07,ambulance,cancelled,0,0,0
2024-05-07,nursing,finished,5,5,5
2024-05-07,physiotherapy,cancelled,4,4,4
2024-05-07,physiotherapy,finished,11,11,11
2024-05-08,ambulance,cancelled,0,0,0
2024-05-08,labTest,finished,1,1,1
2024-05-08,nursing,finished,3,3,3
2024-05-08,physiotherapy,cancelled,3,3,3
2024-05-08,physiotherapy,finished,9,9,9
2024-05-08,ultrasound,finished,1,1,1
2024-05-09,ambulance,cancelled,0,0,0
2024-05-09,nursing,finished,2,2,2
2024-05-09,physiotherapy,cancelled,1,1,1
2024-05-09,physiotherapy,finished,19,19,19
2024-05-10,ambulance,cancelled,0,0,0
2024-05-10,doctorVisit,cancelled,1,1,1
2024-05-10,doctorVisit,finished,1,1,1
2024-05-10,labTest,finished,1,1,1
2024-05-10,nursing,finished,2,2,2
2024-05-10,physiotherapy,cancelled,2,2,2
2024-05-10,physiotherapy,finished,6,6,6
2024-05-10,xRay,finished,1,1,1
2024-05-11,ambulance,cancelled,0,0,0
2024-05-11,doctorVisit,finished,1,1,1
2024-05-11,labTest,finished,2,2,2
2024-05-11,nursing,finished,2,2,2
2024-05-11,physiotherapy,cancelled,3,3,3
2024-05-11,physiotherapy,finished,12,12,12
2024-05-12,ambulance,cancelled,0,0,0
2024-05-12,doctorVisit,finished,1,1,1
2024-05-12,nursing,finished,2,2,2
2024-05-12,physiotherapy,cancelled,2,2,2
2024-05-12,physiotherapy,finished,14,14,14
2024-05-13,ambulance,cancelled,0,0,0
2024-05-13,doctorVisit,finished,1,1,1
2024-05-13,nursing,finished,1,1,1
2024-05-13,physiotherapy,cancelled,7,7,7
2024-05-13,physiotherapy,finished,11,11,11
2024-05-13,ultrasound,finished,1,1,1
2024-05-14,ambulance,cancelled,0,0,0
2024-05-14,doctorVisit,finished,2,2,2
2024-05-14,labTest,finished,1,1,1
2024-05-14,nursing,finished,4,4,4
2024-05-14,physiotherapy,cancelled,1,1,1
2024-05-14,physiotherapy,finished,12,12,12
2024-05-15,ambulance,cancelled,0,0,0
2024-05-15,labTest,finished,3,3,3
2024-05-15,nursing,finished,2,2,2
2024-05-15,physiotherapy,cancelled,2,2,2
2024-05-15,physiotherapy,finished,12,12,11
2024-05-16,ambulance,cancelled,0,0,0
2024-05-16,nursing,finished,1,1,1
2024-05-16,physiotherapy,cancelled,2,2,2
2024-05-16,physiotherapy,finished,14,14,14
2024-05-17,ambulance,cancelled,0,0,0
2024-05-17,doctorVisit,finished,2,2,2
2024-05-17,nursing,finished,2,2,2
2024-05-17,onlineConsultation,cancelled,1,1,1
2024-05-17,physiotherapy,cancelled,1,1,1
2024-05-17,physiotherapy,finished,9,9,9
2024-05-18,ambulance,cancelled,0,0,0
2024-05-18,nursing,finished,3,3,3
2024-05-18,physiotherapy,cancelled,1,1,1
2024-05-18,physiotherapy,finished,11,11,11
2024-05-19,ambulance,cancelled,0,0,0
2024-05-19,doctorVisit,finished,1,1,1
2024-05-19,labTest,finished,1,1,1
2024-05-19,nursing,finished,1,1,1
2024-05-19,physiotherapy,cancelled,1,1,1
2024-05-19,physiotherapy,finished,18,18,18
2024-05-20,ambulance,cancelled,0,0,0
2024-05-20,labTest,finished,1,1,1
2024-05-20,nursing,finished,5,5,4
2024-05-20,physiotherapy,cancelled,1,1,1
2024-05-20,physiotherapy,finished,10,10,10
2024-05-20,ultrasound,cancelled,1,1,1
2024-05-21,ambulance,cancelled,0,0,0
2024-05-21,doctorVisit,finished,1,1,1
2024-05-21,labTest,finished,1,1,1
2024-05-21,nursing,finished,1,1,1
2024-05-21,physiotherapy,cancelled,5,5,5
2024-05-21,physiotherapy,finished,18,18,18
2024-05-22,ambulance,cancelled,0,0,0
2024-05-22,nursing,finished,4,4,4
2024-05-22,physiotherapy,cancelled,1,1,1
2024-05-22,physiotherapy,finished,11,11,11
2024-05-23,ambulance,cancelled,0,0,0
2024-05-23,doctorVisit,finished,2,2,2
2024-05-23,labTest,finished,2,2,2
2024-05-23,nursing,cancelled,1,1,1
2024-05-23,nursing,finished,2,2,2
2024-05-23,physiotherapy,cancelled,2,2,2
2024-05-23,physiotherapy,finished,15,15,15
2024-05-24,ambulance,cancelled,0,0,0
2024-05-24,doctorVisit,finished,1,1,1
2024-05-24,labTest,finished,1,1,1
2024-05-24,nursing,finished,6,6,5
2024-05-24,physiotherapy,finished,8,8,8
2024-05-25,ambulance,cancelled,0,0,0
2024-05-25,labTest,finished,1,1,1
2024-05-25,nursing,finished,3,3,2
2024-05-25,physiotherapy,finished,17,17,17
2024-05-26,ambulance,cancelled,0,0,0
2024-05-26,doctorVisit,finished,3,3,3
2024-05-26,labTest,finished,2,2,2
2024-05-26,nursing,finished,7,7,6
2024-05-26,physiotherapy,finished,9,9,9
2024-05-27,ambulance,cancelled,0,0,0
2024-05-27,nursing,finished,7,7,6
2024-05-27,physiotherapy,cancelled,3,3,3
2024-05-27,physiotherapy,finished,17,17,16
2024-05-27,ultrasound,finished,1,1,1
2024-05-28,ambulance,cancelled,0,0,0
2024-05-28,labTest,finished,1,1,1
2024-05-28,nursing,finished,5,5,5
2024-05-28,physiotherapy,cancelled,2,2,2
2024-05-28,physiotherapy,finished,21,21,21
2024-05-28,woundCare,cancelled,1,1,1
2024-05-29,ambulance,cancelled,0,0,0
2024-05-29,nursing,finished,2,2,2
2024-05-29,physiotherapy,cancelled,4,4,4
2024-05-29,physiotherapy,finished,17,17,17
2024-05-30,ambulance,cancelled,0,0,0
2024-05-30,labTest,finished,2,2,2
2024-05-30,nursing,finished,5,5,5
2024-05-30,physiotherapy,cancelled,2,2,2
2024-05-30,physiotherapy,finished,17,17,17
2024-05-30,xRay,finished,1,1,1
2024-05-31,ambulance,cancelled,0,0,0
2024-05-31,labTest,finished,1,1,1
2024-05-31,nursing,finished,4,4,4
2024-05-31,physiotherapy,finished,12,12,12
2024-06-01,ambulance,cancelled,0,0,0
2024-06-01,labTest,finished,1,1,1
2024-06-01,nursing,finished,5,5,5
2024-06-01,physiotherapy,cancelled,2,2,2
2024-06-01,physiotherapy,finished,18,18,18
2024-06-02,ambulance,cancelled,0,0,0
2024-06-02,nursing,finished,1,1,1
2024-06-02,physiotherapy,cancelled,1,1,1
2024-06-02,physiotherapy,finished,24,24,24
2024-06-03,ambulance,cancelled,0,0,0
2024-06-03,nursing,cancelled,1,1,1
2024-06-03,nursing,finished,2,2,2
2024-06-03,physiotherapy,cancelled,7,7,7
2024-06-03,physiotherapy,finished,13,13,13
2024-06-04,ambulance,cancelled,0,0,0
2024-06-04,doctorVisit,finished,2,2,2
2024-06-04,labTest,finished,2,2,2
2024-06-04,nursing,finished,5,5,5
2024-06-04,physiotherapy,cancelled,4,4,4
2024-06-04,physiotherapy,finished,17,17,17
2024-06-04,woundCare,finished,1,1,1
2024-06-05,ambulance,cancelled,0,0,0
2024-06-05,doctorVisit,finished,1,1,1
2024-06-05,labTest,finished,3,3,3
2024-06-05,nursing,cancelled,1,1,1
2024-06-05,nursing,finished,8,8,7
2024-06-05,physiotherapy,cancelled,3,3,3
2024-06-05,physiotherapy,finished,18,18,18
2024-06-06,ambulance,cancelled,0,0,0
2024-06-06,labTest,finished,2,2,2
2024-06-06,nursing,finished,5,5,4
2024-06-06,physiotherapy,cancelled,5,5,5
2024-06-06,physiotherapy,finished,16,16,16
2024-06-07,ambulance,cancelled,0,0,0
2024-06-07,labTest,finished,1,1,1
2024-06-07,nursing,finished,4,4,4
2024-06-07,physiotherapy,cancelled,1,1,1
2024-06-07,physiotherapy,finished,10,10,10
2024-06-07,ultrasound,finished,1,1,1
2024-06-08,ambulance,cancelled,0,0,0
2024-06-08,nursing,finished,9,9,7
2024-06-08,physiotherapy,cancelled,2,2,2
2024-06-08,physiotherapy,finished,25,25,25
2024-06-09,ambulance,cancelled,0,0,0
2024-06-09,nursing,finished,5,5,3
2024-06-09,physiotherapy,cancelled,5,5,5
2024-06-09,physiotherapy,finished,16,16,16
2024-06-09,xRay,finished,1,1,1
2024-06-10,ambulance,cancelled,0,0,0
2024-06-10,labTest,finished,3,3,3
2024-06-10,nursing,finished,7,7,4
2024-06-10,physiotherapy,cancelled,2,2,2
2024-06-10,physiotherapy,finished,21,21,20
2024-06-11,ambulance,cancelled,0,0,0
2024-06-11,labTest,finished,3,3,3
2024-06-11,nursing,finished,10,10,10
2024-06-11,onlineConsultation,finished,1,1,1
2024-06-11,physiotherapy,cancelled,1,1,1
2024-06-11,physiotherapy,finished,14,14,13
2024-06-12,ambulance,cancelled,0,0,0
2024-06-12,nursing,finished,3,3,3
2024-06-12,physiotherapy,cancelled,5,5,5
2024-06-12,physiotherapy,finished,22,22,22
2024-06-12,ultrasound,finished,1,1,1
2024-06-13,ambulance,cancelled,0,0,0
2024-06-13,doctorVisit,finished,2,2,2
2024-06-13,echocardiogram,finished,1,1,1
2024-06-13,nursing,finished,6,6,4
2024-06-13,physiotherapy,cancelled,4,4,4
2024-06-13,physiotherapy,finished,12,12,12
2024-06-13,xRay,finished,1,1,1
2024-06-14,ambulance,cancelled,0,0,0
2024-06-14,doctorVisit,finished,1,1,1
2024-06-14,labTest,finished,1,1,1
2024-06-14,nursing,finished,8,8,7
2024-06-14,physiotherapy,cancelled,1,1,1
2024-06-14,physiotherapy,finished,11,11,11
2024-06-15,ambulance,cancelled,0,0,0
2024-06-15,labTest,finished,1,1,1
2024-06-15,nursing,finished,8,8,7
2024-06-15,physiotherapy,cancelled,1,1,1
2024-06-15,physiotherapy,finished,17,17,17
2024-06-16,ambulance,cancelled,0,0,0
2024-06-16,labTest,finished,1,1,1
2024-06-16,nursing,finished,4,4,3
2024-06-16,physiotherapy,cancelled,1,1,1
2024-06-16,physiotherapy,finished,4,4,4
2024-06-16,xRay,finished,1,1,1
2024-06-17,ambulance,cancelled,0,0,0
2024-06-17,doctorVisit,finished,1,1,1
2024-06-17,nursing,finished,7,7,6
2024-06-17,physiotherapy,finished,7,7,7
2024-06-18,ambulance,cancelled,0,0,0
2024-06-18,doctorVisit,finished,1,1,1
2024-06-18,labTest,finished,3,3,3
2024-06-18,nursing,finished,13,13,10
2024-06-18,physiotherapy,cancelled,1,1,1
2024-06-18,physiotherapy,finished,6,6,6
2024-06-19,ambulance,cancelled,0,0,0
2024-06-19,doctorVisit,finished,1,1,1
2024-06-19,labTest,finished,1,1,1
2024-06-19,nursing,finished,11,11,7
2024-06-19,physiotherapy,cancelled,3,3,3
2024-06-19,physiotherapy,finished,11,11,11
2024-06-19,xRay,finished,1,1,1
2024-06-20,ambulance,cancelled,0,0,0
2024-06-20,nursing,finished,12,12,9
2024-06-20,physiotherapy,cancelled,1,1,1
2024-06-20,physiotherapy,finished,15,15,15
2024-06-21,ambulance,cancelled,0,0,0
2024-06-21,nursing,finished,13,13,10
2024-06-21,physiotherapy,finished,9,9,9
2024-06-22,ambulance,cancelled,0,0,0
2024-06-22,labTest,finished,2,2,2
2024-06-22,nursing,finished,10,10,8
2024-06-22,physiotherapy,cancelled,4,3,3
2024-06-22,physiotherapy,finished,14,14,14
2024-06-22,ultrasound,finished,1,1,1
2024-06-23,ambulance,cancelled,0,0,0
2024-06-23,doctorVisit,finished,1,1,1
2024-06-23,labTest,finished,2,2,2
2024-06-23,nursing,finished,7,7,7
2024-06-23,physiotherapy,finished,13,13,13
2024-06-24,ambulance,cancelled,0,0,0
2024-06-24,nursing,finished,6,6,5
2024-06-24,onlineConsultation,finished,1,1,1
2024-06-24,physiotherapy,cancelled,3,3,3
2024-06-24,physiotherapy,finished,13,13,13
2024-06-24,ultrasound,finished,1,1,1
2024-06-25,ambulance,cancelled,0,0,0
2024-06-25,doctorVisit,finished,1,1,1
2024-06-25,labTest,finished,4,4,4
2024-06-25,nursing,finished,4,4,4
2024-06-25,physiotherapy,cancelled,2,2,2
2024-06-25,physiotherapy,finished,11,11,10
2024-06-26,ambulance,cancelled,0,0,0
2024-06-26,ambulance,finished,1,1,1
2024-06-26,doctorVisit,finished,2,2,2
2024-06-26,labTest,finished,5,5,5
2024-06-26,nursing,finished,8,8,7
2024-06-26,physiotherapy,cancelled,2,2,2
2024-06-26,physiotherapy,finished,22,22,21
2024-06-26,xRay,finished,1,1,1
2024-06-27,ambulance,cancelled,0,0,0
2024-06-27,ambulance,finished,1,1,1
2024-06-27,doctorVisit,finished,2,2,2
2024-06-27,labTest,finished,1,1,1
2024-06-27,nursing,finished,4,4,3
2024-06-27,physiotherapy,cancelled,1,1,1
2024-06-27,physiotherapy,finished,14,14,14
2024-06-28,ambulance,cancelled,0,0,0
2024-06-28,doctorVisit,finished,1,1,1
2024-06-28,labTest,finished,2,2,2
2024-06-28,nursing,finished,3,3,3
2024-06-28,physiotherapy,finished,10,10,10
2024-06-29,ambulance,cancelled,0,0,0
2024-06-29,labTest,finished,7,7,7
2024-06-29,nursing,finished,2,2,2
2024-06-29,physiotherapy,finished,21,21,21
2024-06-30,ambulance,cancelled,0,0,0
2024-06-30,doctorVisit,finished,4,4,4
2024-06-30,nursing,finished,2,2,2
2024-06-30,physiotherapy,cancelled,2,2,2
2024-06-30,physiotherapy,finished,16,16,16
2024-07-01,ambulance,cancelled,0,0,0
2024-07-01,doctorVisit,finished,3,3,3
2024-07-01,labTest,finished,1,1,1
2024-07-01,physiotherapy,finished,10,10,10
2024-07-02,ambulance,cancelled,0,0,0
2024-07-02,doctorVisit,cancelled,1,1,1
2024-07-02,labTest,finished,2,2,2
2024-07-02,nursing,finished,4,4,4
2024-07-02,physiotherapy,cancelled,2,2,2
2024-07-02,physiotherapy,finished,18,18,18
2024-07-03,ambulance,cancelled,0,0,0
2024-07-03,labTest,finished,2,2,2
2024-07-03,nursing,cancelled,1,1,1
2024-07-03,nursing,finished,6,6,6
2024-07-03,physiotherapy,cancelled,4,4,4
2024-07-03,physiotherapy,finished,22,22,20
2024-07-04,ambulance,cancelled,0,0,0
2024-07-04,doctorVisit,finished,1,1,1
2024-07-04,echocardiogram,finished,1,1,1
2024-07-04,labTest,finished,1,1,1
2024-07-04,nursing,finished,5,5,5
2024-07-04,physiotherapy,cancelled,3,3,3
2024-07-04,physiotherapy,finished,20,20,20
2024-07-05,ambulance,cancelled,0,0,0
2024-07-05,doctorVisit,cancelled,1,1,1
2024-07-05,labTest,cancelled,1,1,1
2024-07-05,labTest,finished,1,1,1
2024-07-05,nursing,finished,5,5,5
2024-07-05,physiotherapy,cancelled,5,5,5
2024-07-05,physiotherapy,finished,11,11,11
2024-07-05,xRay,finished,1,1,1
2024-07-06,ambulance,cancelled,0,0,0
2024-07-06,doctorVisit,finished,2,2,2
2024-07-06,labTest,finished,4,4,4
2024-07-06,nursing,cancelled,2,2,2
2024-07-06,nursing,finished,3,3,3
2024-07-06,physiotherapy,cancelled,1,1,1
2024-07-06,physiotherapy,finished,18,18,18
2024-07-06,ultrasound,finished,1,1,1
2024-07-06,xRay,finished,1,1,1
2024-07-07,ambulance,cancelled,0,0,0
2024-07-07,ambulance,finished,1,1,1
2024-07-07,doctorVisit,finished,2,2,2
2024-07-07,echocardiogram,finished,1,1,1
2024-07-07,labTest,finished,4,4,4
2024-07-07,nursing,cancelled,1,1,1
2024-07-07,nursing,finished,7,7,6
2024-07-07,physiotherapy,cancelled,3,3,3
2024-07-07,physiotherapy,finished,17,17,17
2024-07-07,ultrasound,cancelled,1,1,1
2024-07-07,ultrasound,finished,1,1,1
2024-07-08,ambulance,cancelled,0,0,0
2024-07-08,doctorVisit,finished,3,3,3
2024-07-08,echocardiogram,finished,1,1,1
2024-07-08,labTest,finished,3,3,3
2024-07-08,nursing,finished,7,7,7
2024-07-08,physiotherapy,cancelled,1,1,1
2024-07-08,physiotherapy,finished,18,18,18
2024-07-08,ultrasound,finished,1,1,1
2024-07-09,ambulance,cancelled,0,0,0
2024-07-09,echocardiogram,finished,1,1,1
2024-07-09,labTest,finished,1,1,1
2024-07-09,nursing,finished,3,3,3
2024-07-09,physiotherapy,cancelled,1,1,1
2024-07-09,physiotherapy,finished,13,13,13
2024-07-10,ambulance,cancelled,0,0,0
2024-07-10,doctorVisit,finished,4,4,4
2024-07-10,echocardiogram,finished,1,1,1
2024-07-10,labTest,finished,5,5,5
2024-07-10,nursing,finished,6,6,5
2024-07-10,physiotherapy,cancelled,3,3,3
2024-07-10,physiotherapy,finished,26,26,20
2024-07-11,ambulance,cancelled,0,0,0
2024-07-11,doctorVisit,finished,2,2,2
2024-07-11,echocardiogram,finished,1,1,1
2024-07-11,labTest,finished,4,4,4
2024-07-11,nursing,finished,7,7,7
2024-07-11,onlineConsultation,finished,1,1,1
2024-07-11,physiotherapy,finished,16,16,16
2024-07-11,ultrasound,finished,1,1,1
2024-07-11,xRay,finished,1,1,1
2024-07-12,ambulance,cancelled,0,0,0
2024-07-12,doctorVisit,finished,4,4,4
2024-07-12,labTest,finished,3,3,3
2024-07-12,nursing,finished,8,8,7
2024-07-12,onlineConsultation,finished,2,2,2
2024-07-12,physiotherapy,cancelled,1,1,1
2024-07-12,physiotherapy,finished,8,8,8
2024-07-12,xRay,finished,1,1,1
2024-07-13,ambulance,cancelled,0,0,0
2024-07-13,doctorVisit,finished,1,1,1
2024-07-13,labTest,finished,6,6,6
2024-07-13,nursing,finished,14,14,13
2024-07-13,physiotherapy,cancelled,1,1,1
2024-07-13,physiotherapy,finished,18,18,18
2024-07-13,xRay,finished,1,1,1
2024-07-14,ambulance,cancelled,0,0,0
2024-07-14,doctorVisit,finished,1,1,1
2024-07-14,labTest,finished,5,5,5
2024-07-14,nursing,finished,9,9,9
2024-07-14,physiotherapy,cancelled,6,6,6
2024-07-14,physiotherapy,finished,13,13,13
2024-07-15,ambulance,cancelled,0,0,0
2024-07-15,doctorVisit,finished,1,1,1
2024-07-15,labTest,finished,1,1,1
2024-07-15,nursing,cancelled,1,1,1
2024-07-15,nursing,finished,8,8,8
2024-07-15,physiotherapy,cancelled,1,1,1
2024-07-15,physiotherapy,finished,22,22,22
2024-07-15,ultrasound,finished,1,1,1
2024-07-15,xRay,finished,2,2,2
2024-07-16,ambulance,cancelled,0,0,0
2024-07-16,ambulance,finished,1,1,1
2024-07-16,doctorVisit,finished,2,2,2
2024-07-16,labTest,finished,1,1,1
2024-07-16,nursing,finished,9,9,7
2024-07-16,physiotherapy,cancelled,2,2,2
2024-07-16,physiotherapy,finished,8,8,8
2024-07-16,ultrasound,finished,1,1,1
2024-07-17,ambulance,cancelled,0,0,0
2024-07-17,doctorVisit,finished,2,2,2
2024-07-17,echocardiogram,finished,1,1,1
2024-07-17,labTest,finished,2,2,2
2024-07-17,nursing,cancelled,1,1,1
2024-07-17,nursing,finished,6,6,4
2024-07-17,physiotherapy,finished,14,14,14
2024-07-18,ambulance,cancelled,0,0,0
2024-07-18,doctorVisit,cancelled,1,1,1
2024-07-18,doctorVisit,finished,1,1,1
2024-07-18,echocardiogram,finished,1,1,1
2024-07-18,labTest,finished,1,1,1
2024-07-18,nursing,finished,5,5,5
2024-07-18,onlineConsultation,finished,1,1,1
2024-07-18,physiotherapy,cancelled,6,6,6
2024-07-18,physiotherapy,finished,19,19,19
2024-07-18,ultrasound,finished,3,3,3
2024-07-18,xRay,finished,1,1,1
2024-07-19,ambulance,cancelled,0,0,0
2024-07-19,doctorVisit,cancelled,1,1,1
2024-07-19,doctorVisit,finished,2,2,2
2024-07-19,labTest,finished,3,3,3
2024-07-19,nursing,cancelled,1,1,1
2024-07-19,nursing,finished,4,4,3
2024-07-19,physiotherapy,cancelled,3,3,3
2024-07-19,physiotherapy,finished,12,12,12
2024-07-19,ultrasound,cancelled,1,1,1
2024-07-19,xRay,finished,2,2,2
2024-07-20,ambulance,cancelled,0,0,0
2024-07-20,doctorVisit,finished,2,2,2
2024-07-20,doppler,finished,1,1,1
2024-07-20,labTest,finished,1,1,1
2024-07-20,nursing,finished,10,10,7
2024-07-20,physiotherapy,cancelled,4,4,4
2024-07-20,physiotherapy,finished,17,17,17
2024-07-20,xRay,finished,2,2,2
2024-07-21,ambulance,cancelled,0,0,0
2024-07-21,labTest,cancelled,1,1,1
2024-07-21,labTest,finished,2,2,2
2024-07-21,nursing,cancelled,1,1,1
2024-07-21,nursing,finished,8,8,7
2024-07-21,physiotherapy,cancelled,3,3,3
2024-07-21,physiotherapy,finished,24,24,23
2024-07-21,psychiatristVisit,finished,2,2,2
2024-07-21,xRay,finished,1,1,1
2024-07-22,ambulance,cancelled,1,1,1
2024-07-22,ambulance,finished,1,1,1
2024-07-22,doctorVisit,finished,1,1,1
2024-07-22,labTest,cancelled,1,1,1
2024-07-22,labTest,finished,2,2,2
2024-07-22,nursing,cancelled,1,1,1
2024-07-22,nursing,finished,6,6,6
2024-07-22,physiotherapy,cancelled,4,4,4
2024-07-22,physiotherapy,finished,23,23,23
2024-07-22,psychiatristVisit,finished,1,1,1
2024-07-22,ultrasound,cancelled,1,1,1
2024-07-22,ultrasound,finished,4,4,4
2024-07-23,ambulance,cancelled,0,0,0
2024-07-23,doctorVisit,finished,1,1,1
2024-07-23,labTest,cancelled,1,1,1
2024-07-23,labTest,finished,2,2,2
2024-07-23,nursing,finished,9,9,9
2024-07-23,physiotherapy,cancelled,2,2,2
2024-07-23,physiotherapy,finished,13,13,13
2024-07-23,productPurchase,finished,1,1,1
2024-07-23,ultrasound,finished,1,1,1
2024-07-23,woundCare,cancelled,1,1,1
2024-07-23,xRay,finished,1,1,1
2024-07-24,ambulance,cancelled,0,0,0
2024-07-24,doctorVisit,finished,1,1,1
2024-07-24,labTest,finished,1,1,1
2024-07-24,nursing,finished,6,6,6
2024-07-24,physiotherapy,cancelled,1,1,1
2024-07-24,physiotherapy,finished,16,16,16
2024-07-24,ultrasound,finished,1,1,1
2024-07-25,ambulance,cancelled,0,0,0
2024-07-25,doctorVisit,finished,1,1,1
2024-07-25,echocardiogram,finished,1,1,1
2024-07-25,nursing,finished,11,11,10
2024-07-25,physiotherapy,cancelled,4,4,4
2024-07-25,physiotherapy,finished,14,14,14
2024-07-25,ultrasound,finished,2,2,2
2024-07-26,ambulance,cancelled,0,0,0
2024-07-26,doctorVisit,finished,3,3,3
2024-07-26,echocardiogram,cancelled,1,1,1
2024-07-26,labTest,cancelled,1,1,1
2024-07-26,labTest,finished,6,6,6
2024-07-26,nursing,finished,12,12,11
2024-07-26,onlineConsultation,finished,2,2,2
2024-07-26,physiotherapy,cancelled,1,1,1
2024-07-26,physiotherapy,finished,12,12,12
2024-07-26,ultrasound,finished,1,1,1
2024-07-27,ambulance,cancelled,0,0,0
2024-07-27,doctorVisit,cancelled,1,1,1
2024-07-27,doctorVisit,finished,1,1,1
2024-07-27,nursing,cancelled,1,1,1
2024-07-27,nursing,finished,12,12,8
2024-07-27,onlineConsultation,finished,2,2,2
2024-07-27,physiotherapy,cancelled,3,3,3
2024-07-27,physiotherapy,finished,22,22,22
2024-07-28,ambulance,cancelled,0,0,0
2024-07-28,doctorVisit,finished,5,5,5
2024-07-28,nursing,cancelled,1,1,1
2024-07-28,nursing,finished,15,15,12
2024-07-28,onlineConsultation,finished,1,1,1
2024-07-28,physiotherapy,cancelled,2,2,2
2024-07-28,physiotherapy,finished,18,18,17
2024-07-28,xRay,finished,1,1,1
2024-07-29,ambulance,cancelled,0,0,0
2024-07-29,doctorVisit,finished,2,2,2
2024-07-29,labTest,finished,2,2,2
2024-07-29,nursing,finished,16,16,11
2024-07-29,physiotherapy,cancelled,1,1,1
2024-07-29,physiotherapy,finished,15,15,15
2024-07-29,xRay,finished,2,2,2
2024-07-30,ambulance,cancelled,0,0,0
2024-07-30,doctorVisit,cancelled,1,1,1
2024-07-30,doctorVisit,finished,1,1,1
2024-07-30,echocardiogram,finished,2,2,2
2024-07-30,labTest,finished,3,3,3
2024-07-30,nursing,cancelled,1,1,1
2024-07-30,nursing,finished,33,33,25
2024-07-30,physiotherapy,finished,18,18,18
2024-07-31,ambulance,cancelled,0,0,0
2024-07-31,labTest,finished,1,1,1
2024-07-31,nursing,finished,19,19,13
2024-07-31,physiotherapy,cancelled,5,5,5
2024-07-31,physiotherapy,finished,18,18,18
2024-07-31,ultrasound,finished,1,1,1
2024-07-31,xRay,finished,2,2,2
2024-08-01,ambulance,cancelled,0,0,0
2024-08-01,doctorVisit,finished,2,2,2
2024-08-01,doppler,finished,1,1,1
2024-08-01,echocardiogram,finished,1,1,1
2024-08-01,labTest,finished,2,2,2
2024-08-01,nursing,finished,18,18,13
2024-08-01,physiotherapy,cancelled,4,4,4
2024-08-01,physiotherapy,finished,26,26,26
2024-08-01,ultrasound,finished,1,1,1
2024-08-02,ambulance,cancelled,0,0,0
2024-08-02,doctorVisit,cancelled,1,1,1
2024-08-02,nursing,finished,16,16,12
2024-08-02,onlineConsultation,finished,1,1,1
2024-08-02,physiotherapy,finished,10,10,10
2024-08-03,ambulance,cancelled,0,0,0
2024-08-03,doctorVisit,finished,2,2,2
2024-08-03,labTest,cancelled,1,1,1
2024-08-03,labTest,finished,4,4,4
2024-08-03,nursing,finished,15,15,13
2024-08-03,physiotherapy,cancelled,2,2,2
2024-08-03,physiotherapy,finished,15,15,15
2024-08-03,ultrasound,finished,2,2,2
2024-08-03,xRay,finished,2,2,2
2024-08-04,ambulance,cancelled,0,0,0
2024-08-04,doctorVisit,finished,3,3,3
2024-08-04,echocardiogram,finished,2,2,2
2024-08-04,labTest,finished,5,5,5
2024-08-04,nursing,cancelled,1,1,1
2024-08-04,nursing,finished,12,12,10
2024-08-04,onlineConsultation,finished,1,1,1
2024-08-04,physiotherapy,cancelled,5,5,5
2024-08-04,physiotherapy,finished,29,29,29
2024-08-04,xRay,finished,2,2,2
2024-08-05,ambulance,cancelled,0,0,0
2024-08-05,doctorVisit,cancelled,1,1,1
2024-08-05,doctorVisit,finished,3,3,3
2024-08-05,labTest,finished,3,3,3
2024-08-05,nursing,finished,15,15,13
2024-08-05,onlineConsultation,finished,1,1,1
2024-08-05,physiotherapy,cancelled,4,4,4
2024-08-05,physiotherapy,finished,21,21,21
2024-08-05,xRay,finished,2,2,2
2024-08-06,ambulance,cancelled,0,0,0
2024-08-06,doctorVisit,finished,1,1,1
2024-08-06,labTest,finished,8,8,7
2024-08-06,nursing,finished,17,17,11
2024-08-06,onlineConsultation,cancelled,1,1,1
2024-08-06,physiotherapy,cancelled,2,2,2
2024-08-06,physiotherapy,finished,25,25,25
2024-08-06,xRay,finished,2,2,2
2024-08-07,ambulance,cancelled,0,0,0
2024-08-07,doctorVisit,finished,1,1,1
2024-08-07,labTest,finished,1,1,1
2024-08-07,nursing,cancelled,2,2,2
2024-08-07,nursing,finished,18,18,15
2024-08-07,physiotherapy,finished,22,22,22
2024-08-07,ultrasound,finished,1,1,1
2024-08-07,xRay,finished,1,1,1
2024-08-08,ambulance,cancelled,0,0,0
2024-08-08,doctorVisit,finished,1,1,1
2024-08-08,labTest,cancelled,2,2,2
2024-08-08,labTest,finished,3,3,3
2024-08-08,nursing,cancelled,2,2,2
2024-08-08,nursing,finished,12,12,10
2024-08-08,physiotherapy,cancelled,3,3,3
2024-08-08,physiotherapy,finished,22,22,22
2024-08-09,ambulance,cancelled,0,0,0
2024-08-09,doctorVisit,finished,2,2,2
2024-08-09,labTest,finished,2,2,2
2024-08-09,nursing,finished,14,14,13
2024-08-09,physiotherapy,cancelled,3,3,3
2024-08-09,physiotherapy,finished,11,11,11
2024-08-09,psychiatristVisit,finished,1,1,1
2024-08-09,ultrasound,finished,2,2,2
2024-08-10,ambulance,cancelled,0,0,0
2024-08-10,ambulance,finished,1,1,1
2024-08-10,doctorVisit,cancelled,1,1,1
2024-08-10,doctorVisit,finished,1,1,1
2024-08-10,nursing,finished,16,16,14
2024-08-10,physiotherapy,cancelled,2,2,2
2024-08-10,physiotherapy,finished,21,21,21
2024-08-10,ultrasound,cancelled,1,1,1
2024-08-10,xRay,finished,1,1,1
2024-08-11,ambulance,cancelled,0,0,0
2024-08-11,doctorVisit,cancelled,1,1,1
2024-08-11,doctorVisit,finished,1,1,1
2024-08-11,labTest,finished,1,1,1
2024-08-11,nursing,cancelled,2,2,1
2024-08-11,nursing,finished,12,12,10
2024-08-11,onlineConsultation,finished,1,1,1
2024-08-11,physiotherapy,cancelled,4,4,4
2024-08-11,physiotherapy,finished,36,36,36
2024-08-11,xRay,finished,1,1,1
2024-08-12,ambulance,cancelled,0,0,0
2024-08-12,doctorVisit,cancelled,1,1,1
2024-08-12,doctorVisit,finished,2,2,2
2024-08-12,labTest,finished,5,5,5
2024-08-12,nursing,finished,14,14,13
2024-08-12,physiotherapy,cancelled,7,7,7
2024-08-12,physiotherapy,finished,19,19,19
2024-08-12,ultrasound,cancelled,1,1,1
2024-08-13,ambulance,cancelled,0,0,0
2024-08-13,doctorVisit,finished,1,1,1
2024-08-13,labTest,finished,1,1,1
2024-08-13,nursing,finished,7,7,6
2024-08-13,onlineConsultation,cancelled,1,1,1
2024-08-13,physiotherapy,cancelled,6,6,6
2024-08-13,physiotherapy,finished,23,23,23
2024-08-13,psychiatristVisit,finished,1,1,1
2024-08-13,ultrasound,finished,3,3,3
2024-08-14,ambulance,cancelled,0,0,0
2024-08-14,ambulance,finished,1,1,1
2024-08-14,doctorVisit,finished,5,5,5
2024-08-14,echocardiogram,cancelled,1,1,1
2024-08-14,echocardiogram,finished,2,2,2
2024-08-14,labTest,finished,1,1,1
2024-08-14,nursing,finished,11,11,10
2024-08-14,physiotherapy,cancelled,3,3,3
2024-08-14,physiotherapy,finished,22,22,22
2024-08-15,ambulance,cancelled,0,0,0
2024-08-15,ambulance,finished,1,1,1
2024-08-15,doctorVisit,finished,3,3,3
2024-08-15,echocardiogram,cancelled,1,1,1
2024-08-15,echocardiogram,finished,3,3,3
2024-08-15,labTest,cancelled,2,2,2
2024-08-15,labTest,finished,4,4,4
2024-08-15,nursing,finished,20,20,17
2024-08-15,physiotherapy,cancelled,3,3,3
2024-08-15,physiotherapy,finished,20,20,20
2024-08-15,ultrasound,finished,2,2,2
2024-08-16,ambulance,cancelled,0,0,0
2024-08-16,doctorVisit,finished,3,3,3
2024-08-16,labTest,finished,1,1,1
2024-08-16,nursing,cancelled,1,1,1
2024-08-16,nursing,finished,15,15,11
2024-08-16,physiotherapy,cancelled,1,1,1
2024-08-16,physiotherapy,finished,16,16,15
2024-08-16,xRay,finished,1,1,1
2024-08-17,ambulance,cancelled,0,0,0
2024-08-17,doctorVisit,cancelled,1,1,1
2024-08-17,doctorVisit,finished,5,5,5
2024-08-17,labTest,cancelled,1,1,1
2024-08-17,labTest,finished,5,5,5
2024-08-17,nursing,cancelled,1,1,1
2024-08-17,nursing,finished,14,14,13
2024-08-17,onlineConsultation,cancelled,1,1,1
2024-08-17,physiotherapy,cancelled,3,3,3
2024-08-17,physiotherapy,finished,24,24,24
2024-08-17,ultrasound,finished,1,1,1
2024-08-18,ambulance,cancelled,0,0,0
2024-08-18,doctorVisit,cancelled,1,1,1
2024-08-18,echocardiogram,finished,2,2,2
2024-08-18,labTest,cancelled,1,1,1
2024-08-18,labTest,finished,8,8,8
2024-08-18,nursing,finished,28,28,22
2024-08-18,physiotherapy,cancelled,2,2,1
2024-08-18,physiotherapy,finished,22,22,21
2024-08-18,psychiatristVisit,finished,1,1,1
2024-08-18,ultrasound,finished,2,2,2
2024-08-18,xRay,finished,1,1,1
2024-08-19,ambulance,cancelled,0,0,0
2024-08-19,doctorVisit,finished,3,3,3
2024-08-19,labTest,finished,6,6,6
2024-08-19,nursing,cancelled,1,1,1
2024-08-19,nursing,finished,25,25,21
2024-08-19,onlineConsultation,finished,1,1,1
2024-08-19,physiotherapy,finished,35,35,35
2024-08-20,ambulance,cancelled,0,0,0
2024-08-20,doctorVisit,cancelled,1,1,1
2024-08-20,doctorVisit,finished,7,7,7
2024-08-20,doppler,finished,1,1,1
2024-08-20,labTest,cancelled,1,1,1
2024-08-20,labTest,finished,6,6,6
2024-08-20,nursing,finished,23,23,20
2024-08-20,onlineConsultation,finished,1,1,1
2024-08-20,physiotherapy,cancelled,1,1,1
2024-08-20,physiotherapy,finished,17,17,17
2024-08-20,ultrasound,finished,1,1,1
2024-08-20,xRay,finished,3,3,3
2024-08-21,ambulance,cancelled,0,0,0
2024-08-21,doctorVisit,finished,5,5,5
2024-08-21,labTest,finished,2,2,2
2024-08-21,nursing,cancelled,3,3,3
2024-08-21,nursing,finished,16,16,15
2024-08-21,physiotherapy,cancelled,2,2,2
2024-08-21,physiotherapy,finished,16,16,16
2024-08-21,ultrasound,finished,1,1,1
2024-08-21,xRay,finished,1,1,1
2024-08-22,ambulance,cancelled,0,0,0
2024-08-22,ambulance,finished,1,1,1
2024-08-22,doctorVisit,finished,4,4,4
2024-08-22,labTest,finished,3,3,3
2024-08-22,nursing,cancelled,3,3,3
2024-08-22,nursing,finished,12,12,11
2024-08-22,physiotherapy,finished,20,20,20
2024-08-23,ambulance,cancelled,0,0,0
2024-08-23,doctorVisit,cancelled,2,2,2
2024-08-23,doctorVisit,finished,1,1,1
2024-08-23,doppler,finished,2,2,2
2024-08-23,echocardiogram,finished,3,3,3
2024-08-23,labTest,finished,5,5,5
2024-08-23,nursing,cancelled,2,2,2
2024-08-23,nursing,finished,9,9,9
2024-08-23,onlineConsultation,cancelled,1,1,1
2024-08-23,onlineConsultation,finished,2,2,2
2024-08-23,physiotherapy,finished,12,12,12
2024-08-23,ultrasound,cancelled,1,1,1
2024-08-23,ultrasound,finished,3,3,3
2024-08-23,xRay,cancelled,1,1,1
2024-08-24,ambulance,cancelled,0,0,0
2024-08-24,ambulance,finished,1,1,1
2024-08-24,doctorVisit,finished,1,1,1
2024-08-24,labTest,finished,3,3,3
2024-08-24,nursing,cancelled,6,6,5
2024-08-24,nursing,finished,18,18,17
2024-08-24,physiotherapy,cancelled,2,2,2
2024-08-24,physiotherapy,finished,18,18,18
2024-08-24,xRay,finished,2,2,2
2024-08-25,ambulance,cancelled,0,0,0
2024-08-25,doctorVisit,finished,5,5,5
2024-08-25,echocardiogram,finished,1,1,1
2024-08-25,labTest,finished,5,5,5
2024-08-25,nursing,cancelled,2,2,2
2024-08-25,nursing,finished,12,12,12
2024-08-25,physiotherapy,cancelled,1,1,1
2024-08-25,physiotherapy,finished,19,19,19
2024-08-25,ultrasound,finished,2,2,2
2024-08-25,xRay,finished,1,1,1
2024-08-26,ambulance,cancelled,0,0,0
2024-08-26,ambulance,finished,1,1,1
2024-08-26,doctorVisit,finished,7,7,7
2024-08-26,labTest,finished,8,8,8
2024-08-26,nursing,cancelled,2,2,2
2024-08-26,nursing,finished,9,9,8
2024-08-26,physiotherapy,cancelled,10,10,10
2024-08-26,physiotherapy,finished,25,25,25
2024-08-26,ultrasound,finished,3,3,3
2024-08-26,xRay,finished,1,1,1
2024-08-27,ambulance,cancelled,0,0,0
2024-08-27,doctorVisit,finished,1,1,1
2024-08-27,echocardiogram,finished,2,2,2
2024-08-27,labTest,finished,3,3,3
2024-08-27,nursing,finished,14,14,12
2024-08-27,onlineConsultation,finished,3,3,3
2024-08-27,physiotherapy,cancelled,3,3,3
2024-08-27,physiotherapy,finished,24,24,24
2024-08-27,psychiatristVisit,finished,1,1,1
2024-08-28,ambulance,cancelled,0,0,0
2024-08-28,doctorVisit,finished,2,2,2
2024-08-28,echocardiogram,finished,1,1,1
2024-08-28,labTest,finished,5,5,5
2024-08-28,nursing,finished,11,11,11
2024-08-28,onlineConsultation,finished,1,1,1
2024-08-28,physiotherapy,cancelled,3,3,3
2024-08-28,physiotherapy,finished,19,19,19
2024-08-28,ultrasound,cancelled,1,1,1
2024-08-28,ultrasound,finished,2,2,2
2024-08-28,xRay,finished,1,1,1
2024-08-29,ambulance,cancelled,0,0,0
2024-08-29,doctorVisit,cancelled,1,1,1
2024-08-29,doctorVisit,finished,4,4,4
2024-08-29,doppler,cancelled,1,1,1
2024-08-29,echocardiogram,cancelled,1,1,1
2024-08-29,echocardiogram,finished,1,1,1
2024-08-29,labTest,cancelled,1,1,1
2024-08-29,labTest,finished,3,3,3
2024-08-29,nursing,cancelled,2,2,2
2024-08-29,nursing,finished,15,15,14
2024-08-29,physiotherapy,cancelled,4,4,4
2024-08-29,physiotherapy,finished,32,32,32
2024-08-29,ultrasound,cancelled,1,1,1
2024-08-29,ultrasound,finished,3,3,3
2024-08-29,xRay,finished,3,3,3
2024-08-30,ambulance,cancelled,0,0,0
2024-08-30,doctorVisit,cancelled,1,1,1
2024-08-30,doctorVisit,finished,3,3,3
2024-08-30,labTest,finished,6,6,6
2024-08-30,nursing,cancelled,2,2,2
2024-08-30,nursing,finished,14,14,10
2024-08-30,physiotherapy,cancelled,2,2,2
2024-08-30,physiotherapy,finished,14,14,14
2024-08-30,psychiatristVisit,finished,1,1,1
2024-08-30,ultrasound,cancelled,1,1,1
2024-08-30,ultrasound,finished,1,1,1
2024-08-31,ambulance,cancelled,0,0,0
2024-08-31,ambulance,finished,1,1,1
2024-08-31,labTest,cancelled,1,1,1
2024-08-31,labTest,finished,5,5,5
2024-08-31,nursing,finished,11,11,9
2024-08-31,onlineConsultation,finished,1,1,1
2024-08-31,physiotherapy,cancelled,2,2,2
2024-08-31,physiotherapy,finished,29,29,29
2024-08-31,ultrasound,finished,6,6,6
2024-08-31,xRay,finished,1,1,1
2024-09-01,ambulance,cancelled,0,0,0
2024-09-01,doctorVisit,finished,5,5,5
2024-09-01,nursing,cancelled,3,3,3
2024-09-01,nursing,finished,10,10,9
2024-09-01,physiotherapy,cancelled,3,3,3
2024-09-01,physiotherapy,finished,22,22,22
2024-09-01,xRay,finished,1,1,1
2024-09-02,ambulance,cancelled,0,0,0
2024-09-02,doctorVisit,finished,4,4,4
2024-09-02,echocardiogram,finished,1,1,1
2024-09-02,labTest,finished,6,6,6
2024-09-02,nursing,cancelled,3,3,3
2024-09-02,nursing,finished,18,18,15
2024-09-02,onlineConsultation,cancelled,1,1,1
2024-09-02,physiotherapy,cancelled,2,2,2
2024-09-02,physiotherapy,finished,29,29,28
2024-09-02,ultrasound,finished,1,1,1
2024-09-02,xRay,finished,1,1,1
2024-09-03,ambulance,cancelled,0,0,0
2024-09-03,doctorVisit,finished,3,3,3
2024-09-03,labTest,finished,7,7,7
2024-09-03,nursing,cancelled,1,1,1
2024-09-03,nursing,finished,11,11,10
2024-09-03,physiotherapy,cancelled,6,6,6
2024-09-03,physiotherapy,finished,19,19,19
2024-09-04,ambulance,cancelled,0,0,0
2024-09-04,doctorVisit,cancelled,1,1,1
2024-09-04,doctorVisit,finished,1,1,1
2024-09-04,echocardiogram,finished,1,1,1
2024-09-04,labTest,finished,3,3,3
2024-09-04,nursing,cancelled,2,2,2
2024-09-04,nursing,finished,20,20,17
2024-09-04,physiotherapy,finished,23,23,23
2024-09-04,psychiatristVisit,finished,1,1,1
2024-09-05,ambulance,cancelled,0,0,0
2024-09-05,doctorVisit,finished,4,4,4
2024-09-05,doppler,finished,1,1,1
2024-09-05,echocardiogram,finished,1,1,1
2024-09-05,labTest,finished,3,3,3
2024-09-05,nursing,cancelled,3,3,3
2024-09-05,nursing,finished,12,12,10
2024-09-05,onlineConsultation,cancelled,1,1,1
2024-09-05,physiotherapy,cancelled,5,5,5
2024-09-05,physiotherapy,finished,19,19,19
2024-09-05,ultrasound,finished,1,1,1
2024-09-05,xRay,finished,2,2,2
2024-09-06,ambulance,cancelled,0,0,0
2024-09-06,doctorVisit,finished,2,2,2
2024-09-06,labTest,cancelled,1,1,1
2024-09-06,labTest,finished,4,4,4
2024-09-06,nursing,cancelled,1,1,1
2024-09-06,nursing,finished,15,15,12
2024-09-06,physiotherapy,cancelled,1,1,1
2024-09-06,physiotherapy,finished,12,12,12
2024-09-06,psychiatristVisit,finished,1,1,1
2024-09-06,ultrasound,finished,2,2,2
2024-09-07,ambulance,cancelled,0,0,0
2024-09-07,doctorVisit,finished,1,1,1
2024-09-07,echocardiogram,finished,2,2,2
2024-09-07,labTest,finished,3,3,3
2024-09-07,nursing,cancelled,1,1,1
2024-09-07,nursing,finished,12,12,10
2024-09-07,physiotherapy,cancelled,4,4,4
2024-09-07,physiotherapy,finished,24,24,24
2024-09-07,ultrasound,finished,1,1,1
2024-09-07,xRay,cancelled,1,1,1
2024-09-08,ambulance,cancelled,0,0,0
2024-09-08,doctorVisit,finished,1,1,1
2024-09-08,labTest,finished,4,4,4
2024-09-08,nursing,cancelled,1,1,1
2024-09-08,nursing,finished,21,21,20
2024-09-08,onlineConsultation,cancelled,1,1,1
2024-09-08,onlineConsultation,finished,1,1,1
2024-09-08,physiotherapy,cancelled,7,7,7
2024-09-08,physiotherapy,finished,28,28,28
2024-09-08,xRay,finished,1,1,1
2024-09-09,ambulance,cancelled,0,0,0
2024-09-09,doctorVisit,finished,1,1,1
2024-09-09,echocardiogram,finished,2,2,2
2024-09-09,labTest,cancelled,1,1,1
2024-09-09,labTest,finished,6,6,6
2024-09-09,nursing,cancelled,1,1,1
2024-09-09,nursing,finished,11,11,11
2024-09-09,onlineConsultation,finished,2,2,2
2024-09-09,physiotherapy,finished,21,21,21
2024-09-09,xRay,finished,1,1,1
2024-09-10,ambulance,cancelled,0,0,0
2024-09-10,doctorVisit,finished,3,3,3
2024-09-10,labTest,finished,3,3,3
2024-09-10,nursing,cancelled,1,1,1
2024-09-10,nursing,finished,15,15,15
2024-09-10,onlineConsultation,cancelled,1,1,1
2024-09-10,onlineConsultation,finished,1,1,1
2024-09-10,physiotherapy,cancelled,3,3,3
2024-09-10,physiotherapy,finished,19,19,19
2024-09-10,xRay,finished,1,1,1
2024-09-11,ambulance,cancelled,0,0,0
2024-09-11,ambulance,finished,1,1,1
2024-09-11,doctorVisit,finished,3,3,3
2024-09-11,echocardiogram,cancelled,1,1,1
2024-09-11,echocardiogram,finished,1,1,1
2024-09-11,eyeExam,finished,1,1,1
2024-09-11,labTest,cancelled,2,2,2
2024-09-11,labTest,finished,4,4,4
2024-09-11,nursing,cancelled,1,1,1
2024-09-11,nursing,finished,11,11,10
2024-09-11,physiotherapy,cancelled,2,2,2
2024-09-11,physiotherapy,finished,19,19,19
2024-09-11,ultrasound,finished,1,1,1
2024-09-12,ambulance,cancelled,0,0,0
2024-09-12,doctorVisit,cancelled,1,1,1
2024-09-12,doctorVisit,finished,6,6,6
2024-09-12,echocardiogram,finished,1,1,1
2024-09-12,labTest,finished,5,5,5
2024-09-12,nursing,finished,9,9,8
2024-09-12,physiotherapy,cancelled,7,7,7
2024-09-12,physiotherapy,finished,23,23,23
2024-09-12,ultrasound,finished,2,2,2
2024-09-12,xRay,finished,3,3,3
2024-09-13,ambulance,cancelled,0,0,0
2024-09-13,doctorVisit,cancelled,1,1,1
2024-09-13,doctorVisit,finished,7,7,6
2024-09-13,doppler,finished,1,1,1
2024-09-13,echocardiogram,finished,1,1,1
2024-09-13,labTest,cancelled,1,1,1
2024-09-13,labTest,finished,8,8,8
2024-09-13,nursing,cancelled,1,1,1
2024-09-13,nursing,finished,13,13,13
2024-09-13,physiotherapy,cancelled,1,1,1
2024-09-13,physiotherapy,finished,13,13,13
2024-09-13,ultrasound,finished,1,1,1
2024-09-13,xRay,finished,1,1,1
2024-09-14,ambulance,cancelled,0,0,0
2024-09-14,doctorVisit,finished,5,5,5
2024-09-14,doppler,finished,1,1,1
2024-09-14,labTest,finished,7,7,6
2024-09-14,nursing,cancelled,2,2,2
2024-09-14,nursing,finished,19,19,16
2024-09-14,physiotherapy,cancelled,5,5,5
2024-09-14,physiotherapy,finished,18,18,18
2024-09-14,ultrasound,finished,1,1,1
2024-09-14,xRay,finished,2,2,2
2024-09-15,ambulance,cancelled,0,0,0
2024-09-15,doctorVisit,cancelled,1,1,1
2024-09-15,doctorVisit,finished,3,3,3
2024-09-15,doppler,finished,1,1,1
2024-09-15,echocardiogram,finished,1,1,1
2024-09-15,labTest,finished,6,6,6
2024-09-15,nursing,cancelled,3,3,2
2024-09-15,nursing,finished,12,12,11
2024-09-15,onlineConsultation,finished,1,1,1
2024-09-15,physiotherapy,cancelled,2,2,2
2024-09-15,physiotherapy,finished,16,16,16
2024-09-15,ultrasound,cancelled,2,2,2
2024-09-16,ambulance,cancelled,0,0,0
2024-09-16,doctorVisit,finished,4,4,4
2024-09-16,doppler,finished,1,1,1
2024-09-16,echocardiogram,finished,2,2,2
2024-09-16,labTest,finished,2,2,2
2024-09-16,nursing,cancelled,3,3,3
2024-09-16,nursing,finished,16,16,13
2024-09-16,onlineConsultation,finished,1,1,1
2024-09-16,physiotherapy,cancelled,11,11,11
2024-09-16,physiotherapy,finished,21,21,21
2024-09-16,xRay,finished,1,1,1
2024-09-17,ambulance,cancelled,0,0,0
2024-09-17,doctorVisit,cancelled,1,1,1
2024-09-17,doctorVisit,finished,4,4,4
2024-09-17,echocardiogram,finished,1,1,1
2024-09-17,labTest,cancelled,1,1,1
2024-09-17,labTest,finished,3,3,3
2024-09-17,nursing,cancelled,4,4,4
2024-09-17,nursing,finished,14,14,13
2024-09-17,onlineConsultation,finished,2,2,2
2024-09-17,physiotherapy,cancelled,1,1,1
2024-09-17,physiotherapy,finished,13,13,13
2024-09-17,ultrasound,finished,1,1,1
2024-09-18,ambulance,cancelled,0,0,0
2024-09-18,ambulance,finished,1,1,1
2024-09-18,doctorVisit,finished,2,2,2
2024-09-18,eyeExam,finished,2,2,2
2024-09-18,labTest,finished,1,1,1
2024-09-18,nursing,cancelled,2,2,1
2024-09-18,nursing,finished,13,13,10
2024-09-18,onlineConsultation,finished,1,1,1
2024-09-18,physiotherapy,cancelled,6,6,6
2024-09-18,physiotherapy,finished,25,25,25
2024-09-19,ambulance,cancelled,0,0,0
2024-09-19,doctorVisit,finished,4,4,4
2024-09-19,doppler,finished,1,1,1
2024-09-19,labTest,cancelled,1,1,1
2024-09-19,labTest,finished,3,3,3
2024-09-19,nursing,finished,14,14,12
2024-09-19,physiotherapy,cancelled,4,4,4
2024-09-19,physiotherapy,finished,16,16,16
2024-09-19,ultrasound,finished,1,1,1
2024-09-19,xRay,finished,3,3,3
2024-09-20,ambulance,cancelled,0,0,0
2024-09-20,doctorVisit,finished,1,1,1
2024-09-20,doppler,finished,1,1,1
2024-09-20,labTest,finished,2,2,2
2024-09-20,nursing,cancelled,1,1,1
2024-09-20,nursing,finished,13,13,13
2024-09-20,onlineConsultation,cancelled,1,1,1
2024-09-20,physiotherapy,cancelled,5,5,5
2024-09-20,physiotherapy,finished,9,9,9
2024-09-20,ultrasound,cancelled,1,1,1
2024-09-20,ultrasound,finished,2,2,2
2024-09-20,xRay,finished,1,1,1
2024-09-21,ambulance,cancelled,0,0,0
2024-09-21,doctorVisit,cancelled,1,1,1
2024-09-21,doctorVisit,finished,1,1,1
2024-09-21,labTest,finished,4,4,4
2024-09-21,nursing,cancelled,4,4,3
2024-09-21,nursing,finished,10,10,9
2024-09-21,onlineConsultation,finished,2,2,2
2024-09-21,physiotherapy,cancelled,3,3,3
2024-09-21,physiotherapy,finished,20,20,20
2024-09-21,ultrasound,finished,3,3,3
2024-09-22,ambulance,cancelled,0,0,0
2024-09-22,doctorVisit,finished,3,3,3
2024-09-22,echocardiogram,finished,1,1,1
2024-09-22,labTest,cancelled,1,1,1
2024-09-22,labTest,finished,4,4,4
2024-09-22,nursing,cancelled,3,3,3
2024-09-22,nursing,finished,18,18,17
2024-09-22,physiotherapy,cancelled,4,4,4
2024-09-22,physiotherapy,finished,28,28,28
2024-09-22,xRay,finished,2,2,2
2024-09-23,ambulance,cancelled,1,1,1
2024-09-23,doctorVisit,cancelled,1,1,1
2024-09-23,doctorVisit,finished,3,3,3
2024-09-23,echocardiogram,finished,1,1,1
2024-09-23,labTest,finished,1,1,1
2024-09-23,nursing,finished,17,17,16
2024-09-23,onlineConsultation,finished,1,1,1
2024-09-23,physiotherapy,cancelled,2,2,2
2024-09-23,physiotherapy,finished,22,22,20
2024-09-23,ultrasound,cancelled,1,1,1
2024-09-23,ultrasound,finished,1,1,1
2024-09-24,ambulance,cancelled,0,0,0
2024-09-24,doctorVisit,cancelled,2,2,2
2024-09-24,doctorVisit,finished,3,3,3
2024-09-24,doppler,finished,1,1,1
2024-09-24,echocardiogram,finished,1,1,1
2024-09-24,labTest,finished,3,3,3
2024-09-24,nursing,cancelled,1,1,1
2024-09-24,nursing,finished,6,6,6
2024-09-24,physiotherapy,cancelled,5,5,5
2024-09-24,physiotherapy,finished,26,26,26
2024-09-24,ultrasound,finished,2,2,2
2024-09-24,xRay,finished,2,2,2
2024-09-25,ambulance,cancelled,0,0,0
2024-09-25,doctorVisit,finished,3,3,3
2024-09-25,doppler,finished,1,1,1
2024-09-25,labTest,cancelled,1,1,1
2024-09-25,labTest,finished,5,5,5
2024-09-25,nursing,cancelled,2,2,2
2024-09-25,nursing,finished,7,7,6
2024-09-25,physiotherapy,cancelled,3,3,3
2024-09-25,physiotherapy,finished,19,19,19
2024-09-26,ambulance,cancelled,0,0,0
2024-09-26,doctorVisit,cancelled,1,1,1
2024-09-26,doctorVisit,finished,2,2,2
2024-09-26,labTest,finished,3,3,3
2024-09-26,nursing,cancelled,3,3,3
2024-09-26,nursing,finished,14,14,10
2024-09-26,physiotherapy,cancelled,1,1,1
2024-09-26,physiotherapy,finished,22,22,22
2024-09-26,ultrasound,cancelled,1,1,1
2024-09-26,xRay,cancelled,1,1,1
2024-09-26,xRay,finished,1,1,1
2024-09-27,ambulance,cancelled,0,0,0
2024-09-27,doctorVisit,cancelled,2,2,2
2024-09-27,doctorVisit,finished,2,2,2
2024-09-27,doppler,finished,1,1,1
2024-09-27,echocardiogram,cancelled,1,1,1
2024-09-27,labTest,finished,3,3,3
2024-09-27,nursing,finished,14,14,11
2024-09-27,physiotherapy,cancelled,6,6,6
2024-09-27,physiotherapy,finished,13,13,13
2024-09-27,ultrasound,cancelled,1,1,1
2024-09-27,ultrasound,finished,2,2,2
2024-09-27,xRay,cancelled,1,1,1
2024-09-27,xRay,finished,2,2,2
2024-09-28,ambulance,cancelled,0,0,0
2024-09-28,doctorVisit,finished,5,5,5
2024-09-28,echocardiogram,finished,1,1,1
2024-09-28,labTest,finished,5,5,5
2024-09-28,nursing,cancelled,3,3,3
2024-09-28,nursing,finished,9,9,6
2024-09-28,physiotherapy,cancelled,2,2,2
2024-09-28,physiotherapy,finished,22,22,22
2024-09-28,ultrasound,cancelled,1,1,1
2024-09-28,xRay,finished,2,2,2
2024-09-29,ambulance,cancelled,0,0,0
2024-09-29,doctorVisit,finished,3,3,3
2024-09-29,echocardiogram,finished,1,1,1
2024-09-29,labTest,finished,3,3,3
2024-09-29,nursing,cancelled,1,1,1
2024-09-29,nursing,finished,13,13,12
2024-09-29,onlineConsultation,finished,1,1,1
2024-09-29,physiotherapy,cancelled,2,2,2
2024-09-29,physiotherapy,finished,23,23,23
2024-09-29,ultrasound,finished,2,2,2
2024-09-29,xRay,finished,1,1,1
2024-09-30,ambulance,cancelled,0,0,0
2024-09-30,doctorVisit,cancelled,1,1,1
2024-09-30,doctorVisit,finished,1,1,1
2024-09-30,labTest,cancelled,1,1,1
2024-09-30,labTest,finished,5,5,5
2024-09-30,nursing,finished,10,10,7
2024-09-30,onlineConsultation,cancelled,1,1,1
2024-09-30,physiotherapy,cancelled,3,3,3
2024-09-30,physiotherapy,finished,20,20,20
2024-09-30,ultrasound,finished,1,1,1
2024-09-30,xRay,finished,2,2,2
2024-10-01,ambulance,cancelled,0,0,0
2024-10-01,echocardiogram,finished,1,1,1
2024-10-01,labTest,cancelled,1,1,1
2024-10-01,labTest,finished,1,1,1
2024-10-01,nursing,cancelled,3,3,3
2024-10-01,nursing,finished,15,15,11
2024-10-01,onlineConsultation,finished,1,1,1
2024-10-01,physiotherapy,cancelled,1,1,1
2024-10-01,physiotherapy,finished,20,20,20
2024-10-01,productPurchase,finished,1,1,1
2024-10-01,ultrasound,finished,2,2,2
2024-10-01,xRay,finished,1,1,1
2024-10-02,ambulance,cancelled,0,0,0
2024-10-02,doctorVisit,cancelled,2,2,2
2024-10-02,doctorVisit,finished,3,3,3
2024-10-02,labTest,finished,6,6,6
2024-10-02,nursing,finished,21,21,17
2024-10-02,onlineConsultation,finished,1,1,1
2024-10-02,physiotherapy,cancelled,2,2,2
2024-10-02,physiotherapy,finished,22,22,22
2024-10-02,psychiatristVisit,finished,1,1,1
2024-10-02,xRay,finished,1,1,1
2024-10-03,ambulance,cancelled,0,0,0
2024-10-03,doctorVisit,cancelled,1,1,1
2024-10-03,doctorVisit,finished,5,5,5
2024-10-03,doppler,finished,1,1,1
2024-10-03,labTest,finished,3,3,3
2024-10-03,nursing,cancelled,3,3,3
2024-10-03,nursing,finished,16,16,12
2024-10-03,physiotherapy,finished,22,22,22
2024-10-03,xRay,finished,2,2,2
2024-10-04,ambulance,cancelled,0,0,0
2024-10-04,doctorVisit,cancelled,1,1,1
2024-10-04,doctorVisit,finished,5,5,5
2024-10-04,echocardiogram,finished,1,1,1
2024-10-04,labTest,finished,2,2,2
2024-10-04,nursing,cancelled,3,3,2
2024-10-04,nursing,finished,13,13,9
2024-10-04,onlineConsultation,finished,2,2,2
2024-10-04,physiotherapy,cancelled,2,2,2
2024-10-04,physiotherapy,finished,13,13,13
2024-10-04,ultrasound,cancelled,1,1,1
2024-10-04,ultrasound,finished,2,2,2
2024-10-04,xRay,finished,2,2,2
2024-10-05,ambulance,cancelled,0,0,0
2024-10-05,doctorVisit,cancelled,1,1,1
2024-10-05,doctorVisit,finished,5,5,5
2024-10-05,eyeExam,finished,1,1,1
2024-10-05,labTest,finished,4,4,4
2024-10-05,nursing,cancelled,4,4,4
2024-10-05,nursing,finished,20,20,13
2024-10-05,physiotherapy,cancelled,6,6,6
2024-10-05,physiotherapy,finished,17,17,17
2024-10-05,ultrasound,finished,3,3,3
2024-10-05,xRay,finished,1,1,1
2024-10-06,ambulance,cancelled,0,0,0
2024-10-06,doctorVisit,finished,3,3,3
2024-10-06,echocardiogram,finished,1,1,1
2024-10-06,labTest,finished,5,5,5
2024-10-06,nursing,cancelled,4,4,2
2024-10-06,nursing,finished,16,16,14
2024-10-06,physiotherapy,cancelled,4,4,4
2024-10-06,physiotherapy,finished,28,28,28
2024-10-06,ultrasound,cancelled,1,1,1
2024-10-06,ultrasound,finished,2,2,2
2024-10-07,ambulance,cancelled,0,0,0
2024-10-07,doctorVisit,finished,5,5,5
2024-10-07,echocardiogram,finished,2,2,2
2024-10-07,labTest,finished,5,5,5
2024-10-07,nursing,cancelled,7,7,5
2024-10-07,nursing,finished,17,17,15
2024-10-07,physiotherapy,cancelled,3,3,3
2024-10-07,physiotherapy,finished,24,24,24
2024-10-07,productPurchase,finished,1,1,1
2024-10-07,ultrasound,cancelled,1,1,1
2024-10-07,ultrasound,finished,4,4,4
2024-10-07,xRay,finished,1,1,1
2024-10-08,ambulance,cancelled,0,0,0
2024-10-08,doctorVisit,finished,4,4,4
2024-10-08,echocardiogram,finished,2,2,2
2024-10-08,labTest,finished,4,4,4
2024-10-08,nursing,cancelled,8,8,5
2024-10-08,nursing,finished,11,11,8
2024-10-08,physiotherapy,cancelled,4,4,4
2024-10-08,physiotherapy,finished,21,21,21
2024-10-08,xRay,finished,1,1,1
2024-10-09,ambulance,cancelled,0,0,0
2024-10-09,ambulance,finished,1,1,1
2024-10-09,doctorVisit,cancelled,1,1,1
2024-10-09,doppler,finished,1,1,1
2024-10-09,labTest,finished,3,3,3
2024-10-09,nursing,cancelled,3,3,2
2024-10-09,nursing,finished,19,19,16
2024-10-09,onlineConsultation,finished,1,1,1
2024-10-09,physiotherapy,cancelled,1,1,1
2024-10-09,physiotherapy,finished,25,25,23
2024-10-09,ultrasound,finished,2,2,2
2024-10-09,xRay,finished,1,1,1
2024-10-10,ambulance,cancelled,0,0,0
2024-10-10,doctorVisit,cancelled,1,1,1
2024-10-10,doctorVisit,finished,4,4,4
2024-10-10,echocardiogram,finished,1,1,1
2024-10-10,labTest,cancelled,1,1,1
2024-10-10,labTest,finished,2,2,2
2024-10-10,nursing,cancelled,7,7,5
2024-10-10,nursing,finished,14,14,12
2024-10-10,physiotherapy,cancelled,4,4,4
2024-10-10,physiotherapy,finished,19,19,19
2024-10-10,ultrasound,cancelled,1,1,1
2024-10-10,xRay,finished,2,2,2
2024-10-11,ambulance,cancelled,0,0,0
2024-10-11,doctorVisit,cancelled,1,1,1
2024-10-11,doctorVisit,finished,2,2,2
2024-10-11,labTest,finished,3,3,3
2024-10-11,nursing,cancelled,1,1,1
2024-10-11,nursing,finished,14,14,10
2024-10-11,onlineConsultation,finished,1,1,1
2024-10-11,physiotherapy,cancelled,1,1,1
2024-10-11,physiotherapy,finished,11,11,11
2024-10-11,ultrasound,finished,1,1,1
2024-10-11,xRay,finished,1,1,1
2024-10-12,ambulance,cancelled,0,0,0
2024-10-12,doctorVisit,finished,3,3,3
2024-10-12,echocardiogram,finished,1,1,1
2024-10-12,labTest,finished,4,4,4
2024-10-12,nursing,cancelled,2,2,2
2024-10-12,nursing,finished,18,18,13
2024-10-12,physiotherapy,cancelled,3,3,3
2024-10-12,physiotherapy,finished,29,29,28
2024-10-12,xRay,finished,2,2,2
2024-10-13,ambulance,cancelled,0,0,0
2024-10-13,doctorVisit,cancelled,1,1,1
2024-10-13,doctorVisit,finished,1,1,1
2024-10-13,echocardiogram,cancelled,1,1,1
2024-10-13,echocardiogram,finished,1,1,1
2024-10-13,labTest,cancelled,1,1,1
2024-10-13,labTest,finished,1,1,1
2024-10-13,nursing,cancelled,1,1,1
2024-10-13,nursing,finished,16,16,12
2024-10-13,onlineConsultation,finished,1,1,1
2024-10-13,physiotherapy,cancelled,4,4,4
2024-10-13,physiotherapy,finished,32,32,32
2024-10-13,xRay,cancelled,1,1,1
2024-10-13,xRay,finished,1,1,1
2024-10-14,ambulance,cancelled,0,0,0
2024-10-14,doctorVisit,cancelled,1,1,1
2024-10-14,doctorVisit,finished,2,2,2
2024-10-14,echocardiogram,finished,1,1,1
2024-10-14,labTest,finished,3,3,3
2024-10-14,nursing,cancelled,2,2,2
2024-10-14,nursing,finished,18,18,14
2024-10-14,physiotherapy,cancelled,3,3,3
2024-10-14,physiotherapy,finished,21,21,21
2024-10-14,ultrasound,finished,1,1,1
2024-10-14,xRay,finished,1,1,1
2024-10-15,ambulance,cancelled,0,0,0
2024-10-15,doctorVisit,cancelled,2,2,2
2024-10-15,doctorVisit,finished,4,4,4
2024-10-15,echocardiogram,finished,1,1,1
2024-10-15,labTest,finished,6,6,6
2024-10-15,nursing,cancelled,2,2,2
2024-10-15,nursing,finished,14,14,11
2024-10-15,onlineConsultation,finished,2,2,2
2024-10-15,physiotherapy,cancelled,3,3,3
2024-10-15,physiotherapy,finished,25,25,24
2024-10-16,ambulance,cancelled,0,0,0
2024-10-16,doctorVisit,cancelled,1,1,1
2024-10-16,doctorVisit,finished,6,6,5
2024-10-16,echocardiogram,finished,2,2,2
2024-10-16,labTest,finished,1,1,1
2024-10-16,nursing,cancelled,3,3,2
2024-10-16,nursing,finished,19,19,13
2024-10-16,onlineConsultation,finished,1,1,1
2024-10-16,physiotherapy,cancelled,5,5,5
2024-10-16,physiotherapy,finished,31,31,31
2024-10-16,ultrasound,finished,2,2,2
2024-10-16,xRay,finished,3,3,3
2024-10-17,ambulance,cancelled,0,0,0
2024-10-17,doctorVisit,finished,1,1,1
2024-10-17,echocardiogram,finished,1,1,1
2024-10-17,labTest,finished,6,6,6
2024-10-17,nursing,cancelled,4,4,3
2024-10-17,nursing,finished,14,14,10
2024-10-17,physiotherapy,finished,23,23,23
2024-10-17,ultrasound,finished,3,3,3
2024-10-18,ambulance,cancelled,0,0,0
2024-10-18,doctorVisit,cancelled,1,1,1
2024-10-18,doctorVisit,finished,2,2,2
2024-10-18,labTest,cancelled,2,2,2
2024-10-18,labTest,finished,4,4,4
2024-10-18,nursing,cancelled,6,6,4
2024-10-18,nursing,finished,18,18,15
2024-10-18,physiotherapy,cancelled,1,1,1
2024-10-18,physiotherapy,finished,13,13,13
2024-10-18,ultrasound,finished,3,3,3
2024-10-19,ambulance,cancelled,0,0,0
2024-10-19,doctorVisit,finished,4,4,4
2024-10-19,echocardiogram,finished,2,2,2
2024-10-19,labTest,finished,3,3,3
2024-10-19,nursing,cancelled,3,3,2
2024-10-19,nursing,finished,21,21,16
2024-10-19,physiotherapy,cancelled,3,3,3
2024-10-19,physiotherapy,finished,21,21,21
2024-10-19,ultrasound,finished,1,1,1
2024-10-19,xRay,finished,1,1,1
2024-10-20,ambulance,cancelled,0,0,0
2024-10-20,echocardiogram,finished,1,1,1
2024-10-20,eyeExam,cancelled,1,1,1
2024-10-20,labTest,finished,2,2,2
2024-10-20,nursing,cancelled,5,5,4
2024-10-20,nursing,finished,8,8,6
2024-10-20,onlineConsultation,finished,2,2,2
2024-10-20,physiotherapy,cancelled,8,8,8
2024-10-20,physiotherapy,finished,25,25,25
2024-10-20,xRay,finished,2,2,2
2024-10-21,ambulance,cancelled,0,0,0
2024-10-21,doctorVisit,cancelled,3,3,3
2024-10-21,doctorVisit,finished,3,3,3
2024-10-21,echocardiogram,finished,2,2,2
2024-10-21,labTest,finished,5,5,5
2024-10-21,nursing,finished,18,18,14
2024-10-21,physiotherapy,cancelled,2,2,2
2024-10-21,physiotherapy,finished,24,24,24
2024-10-21,xRay,finished,2,2,2
2024-10-22,ambulance,cancelled,0,0,0
2024-10-22,doctorVisit,finished,2,2,2
2024-10-22,labTest,cancelled,1,1,1
2024-10-22,labTest,finished,2,2,2
2024-10-22,nursing,cancelled,2,2,2
2024-10-22,nursing,finished,9,9,7
2024-10-22,physiotherapy,cancelled,6,6,6
2024-10-22,physiotherapy,finished,28,28,28
2024-10-22,productPurchase,finished,1,1,1
2024-10-22,xRay,finished,1,1,1
2024-10-23,ambulance,cancelled,0,0,0
2024-10-23,doctorVisit,cancelled,1,1,1
2024-10-23,doctorVisit,finished,2,2,2
2024-10-23,labTest,finished,2,2,2
2024-10-23,nursing,finished,17,17,14
2024-10-23,physiotherapy,cancelled,5,5,5
2024-10-23,physiotherapy,finished,24,24,24
2024-10-23,productPurchase,finished,1,1,1
2024-10-23,ultrasound,finished,1,1,1
2024-10-23,xRay,finished,1,1,1
2024-10-24,ambulance,cancelled,0,0,0
2024-10-24,doctorVisit,cancelled,1,1,1
2024-10-24,doctorVisit,finished,3,3,3
2024-10-24,labTest,finished,3,3,3
2024-10-24,nursing,finished,9,9,8
2024-10-24,onlineConsultation,finished,1,1,1
2024-10-24,physiotherapy,cancelled,2,2,1
2024-10-24,physiotherapy,finished,24,24,24
2024-10-25,ambulance,cancelled,0,0,0
2024-10-25,doctorVisit,cancelled,2,2,2
2024-10-25,doctorVisit,finished,4,4,4
2024-10-25,nursing,finished,16,16,14
2024-10-25,physiotherapy,cancelled,3,3,3
2024-10-25,physiotherapy,finished,17,17,17
2024-10-25,xRay,finished,1,1,1
2024-10-26,ambulance,cancelled,0,0,0
2024-10-26,doctorVisit,cancelled,2,2,2
2024-10-26,doctorVisit,finished,1,1,1
2024-10-26,echocardiogram,finished,2,2,2
2024-10-26,labTest,finished,5,5,5
2024-10-26,nursing,cancelled,4,4,4
2024-10-26,nursing,finished,16,16,12
2024-10-26,physiotherapy,cancelled,2,2,2
2024-10-26,physiotherapy,finished,27,27,27
2024-10-26,ultrasound,finished,1,1,1
2024-10-27,ambulance,cancelled,0,0,0
2024-10-27,doctorVisit,finished,1,1,1
2024-10-27,echocardiogram,finished,1,1,1
2024-10-27,labTest,cancelled,2,2,2
2024-10-27,labTest,finished,4,4,4
2024-10-27,nursing,cancelled,3,3,3
2024-10-27,nursing,finished,10,10,6
2024-10-27,physiotherapy,cancelled,1,1,1
2024-10-27,physiotherapy,finished,25,25,25
2024-10-27,ultrasound,cancelled,1,1,1
2024-10-27,ultrasound,finished,1,1,1
2024-10-27,xRay,finished,1,1,1
2024-10-28,ambulance,cancelled,0,0,0
2024-10-28,doctorVisit,finished,2,2,2
2024-10-28,echocardiogram,finished,1,1,1
2024-10-28,labTest,cancelled,1,1,1
2024-10-28,labTest,finished,4,4,4
2024-10-28,nursing,cancelled,1,1,1
2024-10-28,nursing,finished,14,14,11
2024-10-28,onlineConsultation,cancelled,1,1,1
2024-10-28,physiotherapy,cancelled,5,5,5
2024-10-28,physiotherapy,finished,31,31,31
2024-10-28,ultrasound,cancelled,1,1,1
2024-10-28,ultrasound,finished,1,1,1
2024-10-28,xRay,finished,3,3,3
2024-10-29,ambulance,cancelled,0,0,0
2024-10-29,doctorVisit,cancelled,1,1,1
2024-10-29,doctorVisit,finished,2,2,2
2024-10-29,labTest,finished,2,2,2
2024-10-29,nursing,cancelled,3,3,3
2024-10-29,nursing,finished,20,20,16
2024-10-29,onlineConsultation,finished,1,1,1
2024-10-29,physiotherapy,cancelled,1,1,1
2024-10-29,physiotherapy,finished,16,16,16
2024-10-29,productPurchase,finished,1,1,1
2024-10-29,xRay,cancelled,1,1,1
2024-10-29,xRay,finished,2,2,2
2024-10-30,ambulance,cancelled,0,0,0
2024-10-30,doctorVisit,finished,1,1,1
2024-10-30,nursing,cancelled,1,1,1
2024-10-30,nursing,finished,17,17,13
2024-10-30,physiotherapy,cancelled,2,2,2
2024-10-30,physiotherapy,finished,31,31,31
2024-10-31,ambulance,cancelled,0,0,0
2024-10-31,doctorVisit,finished,3,3,3
2024-10-31,labTest,finished,4,4,4
2024-10-31,nursing,cancelled,2,2,2
2024-10-31,nursing,finished,18,18,16
2024-10-31,physiotherapy,cancelled,1,1,1
2024-10-31,physiotherapy,finished,26,26,26
2024-10-31,productPurchase,finished,1,1,1
2024-10-31,xRay,finished,1,1,1
2024-11-01,ambulance,cancelled,0,0,0
2024-11-01,doctorVisit,finished,5,5,5
2024-11-01,doppler,finished,1,1,1
2024-11-01,echocardiogram,finished,1,1,1
2024-11-01,labTest,cancelled,1,1,1
2024-11-01,labTest,finished,1,1,1
2024-11-01,nursing,cancelled,1,1,1
2024-11-01,nursing,finished,14,14,11
2024-11-01,physiotherapy,cancelled,2,2,2
2024-11-01,physiotherapy,finished,15,15,15
2024-11-01,productPurchase,finished,5,5,5
2024-11-01,ultrasound,finished,2,2,2
2024-11-01,xRay,finished,2,2,2
2024-11-02,ambulance,cancelled,0,0,0
2024-11-02,doctorVisit,finished,4,4,4
2024-11-02,echocardiogram,finished,1,1,1
2024-11-02,labTest,finished,3,3,3
2024-11-02,nursing,cancelled,2,2,2
2024-11-02,nursing,finished,15,15,13
2024-11-02,physiotherapy,cancelled,1,1,1
2024-11-02,physiotherapy,finished,33,33,33
2024-11-03,ambulance,cancelled,0,0,0
2024-11-03,doctorVisit,cancelled,1,1,1
2024-11-03,doctorVisit,finished,2,2,2
2024-11-03,echocardiogram,finished,1,1,1
2024-11-03,labTest,finished,2,2,2
2024-11-03,nursing,cancelled,2,2,2
2024-11-03,nursing,finished,17,17,15
2024-11-03,physiotherapy,finished,19,19,19
2024-11-03,productPurchase,finished,1,1,1
2024-11-03,ultrasound,finished,1,1,1
2024-11-03,xRay,finished,2,2,2
2024-11-04,ambulance,cancelled,0,0,0
2024-11-04,doctorVisit,finished,3,3,3
2024-11-04,echocardiogram,finished,1,1,1
2024-11-04,labTest,finished,2,2,2
2024-11-04,nursing,finished,6,6,5
2024-11-04,physiotherapy,cancelled,5,5,5
2024-11-04,physiotherapy,finished,20,20,20
2024-11-04,ultrasound,finished,1,1,1
2024-11-04,xRay,finished,2,2,2
2024-11-05,ambulance,cancelled,0,0,0
2024-11-05,doctorVisit,finished,4,4,4
2024-11-05,echocardiogram,cancelled,1,1,1
2024-11-05,labTest,cancelled,1,1,1
2024-11-05,labTest,finished,5,5,5
2024-11-05,nursing,cancelled,3,3,3
2024-11-05,nursing,finished,11,11,9
2024-11-05,physiotherapy,cancelled,4,4,4
2024-11-05,physiotherapy,finished,33,33,32
2024-11-05,xRay,finished,1,1,1
2024-11-06,ambulance,cancelled,0,0,0
2024-11-06,doctorVisit,finished,2,2,2
2024-11-06,doppler,finished,1,1,1
2024-11-06,labTest,finished,3,3,3
2024-11-06,nursing,cancelled,5,5,5
2024-11-06,nursing,finished,9,9,8
2024-11-06,physiotherapy,cancelled,2,2,2
2024-11-06,physiotherapy,finished,25,25,25
2024-11-06,productPurchase,finished,1,1,1
2024-11-06,ultrasound,finished,1,1,1
2024-11-06,xRay,finished,1,1,1
2024-11-07,ambulance,cancelled,0,0,0
2024-11-07,doctorVisit,cancelled,1,1,1
2024-11-07,doctorVisit,finished,4,4,4
2024-11-07,labTest,cancelled,2,2,2
2024-11-07,labTest,finished,3,3,3
2024-11-07,nursing,cancelled,1,1,1
2024-11-07,nursing,finished,16,16,13
2024-11-07,onlineConsultation,finished,2,2,2
2024-11-07,physiotherapy,cancelled,3,3,3
2024-11-07,physiotherapy,finished,26,26,24
2024-11-07,productPurchase,finished,2,2,2
2024-11-08,ambulance,cancelled,0,0,0
2024-11-08,doctorVisit,finished,7,7,7
2024-11-08,echocardiogram,finished,1,1,1
2024-11-08,labTest,finished,6,6,6
2024-11-08,nursing,cancelled,2,2,2
2024-11-08,nursing,finished,12,12,11
2024-11-08,physiotherapy,finished,18,18,18
2024-11-08,productPurchase,cancelled,1,1,1
2024-11-08,productPurchase,finished,1,1,1
2024-11-08,ultrasound,finished,2,2,2
2024-11-08,woundCare,finished,1,1,1
2024-11-08,xRay,finished,3,3,3
2024-11-09,ambulance,cancelled,0,0,0
2024-11-09,doctorVisit,cancelled,1,1,1
2024-11-09,doctorVisit,finished,4,4,4
2024-11-09,echocardiogram,finished,2,2,2
2024-11-09,labTest,finished,4,4,4
2024-11-09,nursing,cancelled,2,2,2
2024-11-09,nursing,finished,10,10,9
2024-11-09,physiotherapy,cancelled,3,3,3
2024-11-09,physiotherapy,finished,35,35,35
2024-11-09,psychiatristVisit,finished,1,1,1
2024-11-09,ultrasound,finished,1,1,1
2024-11-09,xRay,finished,4,4,4
2024-11-10,ambulance,cancelled,0,0,0
2024-11-10,doctorVisit,cancelled,3,3,3
2024-11-10,doctorVisit,finished,1,1,1
2024-11-10,doppler,finished,1,1,1
2024-11-10,labTest,cancelled,1,1,1
2024-11-10,labTest,finished,3,3,2
2024-11-10,nursing,cancelled,3,3,3
2024-11-10,nursing,finished,15,15,13
2024-11-10,onlineConsultation,finished,1,1,1
2024-11-10,physiotherapy,cancelled,2,2,2
2024-11-10,physiotherapy,finished,24,24,23
2024-11-10,productPurchase,finished,1,1,1
2024-11-10,ultrasound,finished,2,2,2
2024-11-10,woundCare,cancelled,1,1,1
2024-11-10,xRay,finished,4,4,4
2024-11-11,ambulance,cancelled,0,0,0
2024-11-11,ambulance,finished,1,1,1
2024-11-11,doctorVisit,finished,3,3,3
2024-11-11,doppler,finished,1,1,1
2024-11-11,labTest,finished,2,2,2
2024-11-11,nursing,cancelled,1,1,1
2024-11-11,nursing,finished,17,17,15
2024-11-11,physiotherapy,cancelled,1,1,1
2024-11-11,physiotherapy,finished,24,24,23
2024-11-11,productPurchase,cancelled,1,1,1
2024-11-11,productPurchase,finished,3,3,3
2024-11-11,psychiatristVisit,finished,1,1,1
2024-11-11,ultrasound,finished,2,2,2
2024-11-11,xRay,finished,4,4,4
2024-11-12,ambulance,cancelled,0,0,0
2024-11-12,doctorVisit,cancelled,1,1,1
2024-11-12,doctorVisit,finished,2,2,2
2024-11-12,echocardiogram,finished,2,2,2
2024-11-12,labTest,cancelled,1,1,1
2024-11-12,labTest,finished,8,8,8
2024-11-12,nursing,cancelled,1,1,1
2024-11-12,nursing,finished,10,10,8
2024-11-12,physiotherapy,cancelled,3,3,3
2024-11-12,physiotherapy,finished,38,38,37
2024-11-12,productPurchase,finished,1,1,1
2024-11-12,ultrasound,finished,1,1,1
2024-11-12,xRay,finished,2,2,2
2024-11-13,ambulance,cancelled,0,0,0
2024-11-13,doctorVisit,cancelled,1,1,1
2024-11-13,doctorVisit,finished,5,5,5
2024-11-13,echocardiogram,finished,3,3,3
2024-11-13,labTest,finished,2,2,1
2024-11-13,nursing,finished,23,23,22
2024-11-13,onlineConsultation,finished,1,1,1
2024-11-13,physiotherapy,cancelled,2,2,2
2024-11-13,physiotherapy,finished,25,25,25
2024-11-13,productPurchase,cancelled,1,1,1
2024-11-13,ultrasound,finished,1,1,1
2024-11-13,xRay,finished,1,1,1
2024-11-14,ambulance,cancelled,0,0,0
2024-11-14,doctorVisit,finished,4,4,4
2024-11-14,echocardiogram,finished,1,1,1
2024-11-14,labTest,cancelled,1,1,1
2024-11-14,labTest,finished,2,2,2
2024-11-14,nursing,cancelled,1,1,1
2024-11-14,nursing,finished,9,9,8
2024-11-14,physiotherapy,cancelled,2,2,2
2024-11-14,physiotherapy,finished,28,28,28
2024-11-14,ultrasound,finished,1,1,1
2024-11-14,xRay,finished,1,1,1
2024-11-15,ambulance,cancelled,0,0,0
2024-11-15,doctorVisit,finished,3,3,3
2024-11-15,nursing,cancelled,1,1,1
2024-11-15,nursing,finished,15,15,15
2024-11-15,onlineConsultation,finished,1,1,1
2024-11-15,physiotherapy,cancelled,1,1,1
2024-11-15,physiotherapy,finished,24,24,24
2024-11-15,productPurchase,finished,2,2,2
2024-11-15,xRay,finished,3,3,3
2024-11-16,ambulance,cancelled,0,0,0
2024-11-16,doctorVisit,cancelled,1,1,1
2024-11-16,doctorVisit,finished,6,6,6
2024-11-16,eyeExam,finished,1,1,1
2024-11-16,labTest,finished,5,5,5
2024-11-16,nursing,finished,14,14,13
2024-11-16,physiotherapy,cancelled,5,5,5
2024-11-16,physiotherapy,finished,33,33,33
2024-11-16,ultrasound,finished,1,1,1
2024-11-16,woundCare,finished,1,1,1
2024-11-16,xRay,finished,2,2,2
2024-11-17,ambulance,cancelled,0,0,0
2024-11-17,doctorVisit,cancelled,1,1,1
2024-11-17,doctorVisit,finished,1,1,1
2024-11-17,echocardiogram,finished,1,1,1
2024-11-17,labTest,cancelled,1,1,1
2024-11-17,labTest,finished,4,4,4
2024-11-17,nursing,finished,15,15,13
2024-11-17,onlineConsultation,finished,1,1,1
2024-11-17,physiotherapy,cancelled,3,3,3
2024-11-17,physiotherapy,finished,42,42,42
2024-11-17,productPurchase,finished,1,1,1
2024-11-17,ultrasound,finished,2,2,2
2024-11-17,xRay,finished,2,2,2
2024-11-18,ambulance,cancelled,0,0,0
2024-11-18,doctorVisit,cancelled,2,2,2
2024-11-18,doctorVisit,finished,7,7,7
2024-11-18,labTest,finished,7,7,7
2024-11-18,nursing,cancelled,3,3,2
2024-11-18,nursing,finished,11,11,11
2024-11-18,onlineConsultation,finished,1,1,1
2024-11-18,physiotherapy,cancelled,1,1,1
2024-11-18,physiotherapy,finished,29,29,29
2024-11-18,xRay,finished,1,1,1
2024-11-19,ambulance,cancelled,0,0,0
2024-11-19,doctorVisit,cancelled,1,1,1
2024-11-19,doctorVisit,finished,6,6,6
2024-11-19,doppler,finished,1,1,1
2024-11-19,labTest,finished,6,6,6
2024-11-19,nursing,finished,16,16,14
2024-11-19,physiotherapy,cancelled,2,2,2
2024-11-19,physiotherapy,finished,28,28,28
2024-11-19,productPurchase,finished,1,1,1
2024-11-19,woundCare,cancelled,1,1,1
2024-11-19,woundCare,finished,1,1,1
2024-11-19,xRay,cancelled,1,1,1
2024-11-19,xRay,finished,3,3,3
2024-11-20,ambulance,cancelled,0,0,0
2024-11-20,doctorVisit,finished,1,1,1
2024-11-20,doppler,finished,1,1,1
2024-11-20,labTest,cancelled,1,1,1
2024-11-20,nursing,cancelled,1,1,1
2024-11-20,nursing,finished,18,18,13
2024-11-20,physiotherapy,cancelled,2,2,2
2024-11-20,physiotherapy,finished,5,5,5
2024-11-21,ambulance,cancelled,0,0,0
2024-11-21,doctorVisit,cancelled,3,3,3
2024-11-21,doctorVisit,finished,3,3,3
2024-11-21,echocardiogram,cancelled,1,1,1
2024-11-21,nursing,cancelled,2,2,2
2024-11-21,nursing,finished,20,20,16
2024-11-21,physiotherapy,cancelled,1,1,1
2024-11-21,physiotherapy,finished,7,7,7
2024-11-21,woundCare,cancelled,1,1,1
2024-11-22,ambulance,cancelled,0,0,0
2024-11-22,doctorVisit,finished,4,4,4
2024-11-22,echocardiogram,finished,2,2,2
2024-11-22,labTest,cancelled,1,1,1
2024-11-22,labTest,finished,7,7,7
2024-11-22,nursing,cancelled,3,3,2
2024-11-22,nursing,finished,15,15,11
2024-11-22,physiotherapy,finished,15,15,15
2024-11-22,ultrasound,finished,3,3,3
2024-11-22,woundCare,finished,1,1,1
2024-11-22,xRay,finished,2,2,2
2024-11-23,ambulance,cancelled,0,0,0
2024-11-23,ambulance,finished,1,1,1
2024-11-23,doctorVisit,finished,4,4,4
2024-11-23,labTest,finished,2,2,2
2024-11-23,nursing,cancelled,5,5,4
2024-11-23,nursing,finished,14,14,10
2024-11-23,physiotherapy,cancelled,2,2,2
2024-11-23,physiotherapy,finished,29,29,29
2024-11-23,xRay,finished,1,1,1
2024-11-24,ambulance,cancelled,2,2,2
2024-11-24,doctorVisit,cancelled,1,1,1
2024-11-24,doctorVisit,finished,5,5,5
2024-11-24,echocardiogram,finished,1,1,1
2024-11-24,labTest,finished,10,10,10
2024-11-24,nursing,cancelled,2,2,2
2024-11-24,nursing,finished,16,16,14
2024-11-24,physiotherapy,cancelled,1,1,1
2024-11-24,physiotherapy,finished,25,25,25
2024-11-24,productPurchase,finished,1,1,1
2024-11-24,xRay,finished,1,1,1
2024-11-25,ambulance,cancelled,1,1,1
2024-11-25,ambulance,finished,2,2,2
2024-11-25,doctorVisit,cancelled,1,1,1
2024-11-25,doctorVisit,finished,9,9,9
2024-11-25,doppler,finished,1,1,1
2024-11-25,echocardiogram,finished,2,2,2
2024-11-25,labTest,finished,2,2,2
2024-11-25,nursing,finished,17,17,13
2024-11-25,physiotherapy,finished,22,22,22
2024-11-25,ultrasound,finished,3,3,3
2024-11-26,ambulance,cancelled,0,0,0
2024-11-26,doctorVisit,finished,1,1,1
2024-11-26,echocardiogram,finished,1,1,1
2024-11-26,labTest,finished,4,4,4
2024-11-26,nursing,cancelled,2,2,2
2024-11-26,nursing,finished,18,18,14
2024-11-26,physiotherapy,cancelled,1,1,1
2024-11-26,physiotherapy,finished,28,28,28
2024-11-26,ultrasound,cancelled,1,1,1
2024-11-26,ultrasound,finished,1,1,1
2024-11-26,xRay,finished,2,2,2
2024-11-27,ambulance,cancelled,0,0,0
2024-11-27,doctorVisit,cancelled,1,1,1
2024-11-27,doctorVisit,finished,6,6,6
2024-11-27,doppler,finished,1,1,1
2024-11-27,labTest,cancelled,1,1,1
2024-11-27,labTest,finished,2,2,2
2024-11-27,nursing,cancelled,1,1,1
2024-11-27,nursing,finished,21,21,18
2024-11-27,physiotherapy,cancelled,3,3,3
2024-11-27,physiotherapy,finished,24,24,24
2024-11-27,productPurchase,finished,1,1,1
2024-11-27,ultrasound,finished,2,2,2
2024-11-27,woundCare,finished,1,1,1
2024-11-27,xRay,cancelled,1,1,1
2024-11-28,ambulance,cancelled,0,0,0
2024-11-28,doctorVisit,finished,4,4,4
2024-11-28,labTest,finished,6,6,6
2024-11-28,nursing,cancelled,2,2,2
2024-11-28,nursing,finished,18,18,14
2024-11-28,onlineConsultation,finished,1,1,1
2024-11-28,physiotherapy,cancelled,1,1,1
2024-11-28,physiotherapy,finished,24,24,23
2024-11-28,productPurchase,cancelled,1,1,1
2024-11-28,productPurchase,finished,3,3,3
2024-11-28,ultrasound,finished,2,2,2
2024-11-28,woundCare,cancelled,2,2,2
2024-11-28,xRay,finished,1,1,1
2024-11-29,ambulance,cancelled,0,0,0
2024-11-29,doctorVisit,finished,2,2,2
2024-11-29,doppler,finished,1,1,1
2024-11-29,echocardiogram,finished,1,1,1
2024-11-29,labTest,finished,1,1,1
2024-11-29,nursing,finished,23,23,20
2024-11-29,onlineConsultation,finished,1,1,1
2024-11-29,physiotherapy,finished,7,7,7
2024-11-29,productPurchase,finished,2,2,2
2024-11-29,ultrasound,finished,1,1,1
2024-11-29,woundCare,finished,1,1,1
2024-11-29,xRay,finished,4,4,4
2024-11-30,ambulance,cancelled,0,0,0
2024-11-30,doctorVisit,cancelled,2,2,2
2024-11-30,doctorVisit,finished,4,4,4
2024-11-30,doppler,finished,1,1,1
2024-11-30,labTest,cancelled,2,2,2
2024-11-30,labTest,finished,1,1,1
2024-11-30,nursing,cancelled,2,2,2
2024-11-30,nursing,finished,25,25,22
2024-11-30,onlineConsultation,cancelled,1,1,1
2024-11-30,onlineConsultation,finished,1,1,1
2024-11-30,physiotherapy,cancelled,2,2,2
2024-11-30,physiotherapy,finished,22,22,22
2024-11-30,woundCare,cancelled,2,2,2
2024-11-30,woundCare,finished,1,1,1
2024-11-30,xRay,finished,1,1,1
2024-12-01,ambulance,cancelled,0,0,0
2024-12-01,doctorVisit,cancelled,1,1,1
2024-12-01,doctorVisit,finished,5,5,5
2024-12-01,echocardiogram,finished,1,1,1
2024-12-01,labTest,finished,4,4,4
2024-12-01,nursing,cancelled,1,1,1
2024-12-01,nursing,finished,17,17,15
2024-12-01,physiotherapy,cancelled,2,2,2
2024-12-01,physiotherapy,finished,27,27,27
2024-12-01,productPurchase,finished,1,1,1
2024-12-01,psychiatristVisit,cancelled,1,1,1
2024-12-01,ultrasound,cancelled,1,1,1
2024-12-01,ultrasound,finished,1,1,1
2024-12-01,woundCare,cancelled,1,1,1
2024-12-01,woundCare,finished,2,2,2
2024-12-01,xRay,finished,2,2,2
2024-12-02,ambulance,cancelled,0,0,0
2024-12-02,doctorVisit,cancelled,1,1,1
2024-12-02,doctorVisit,finished,3,3,3
2024-12-02,echocardiogram,finished,2,2,2
2024-12-02,labTest,finished,6,6,6
2024-12-02,nursing,cancelled,4,4,4
2024-12-02,nursing,finished,18,18,17
2024-12-02,physiotherapy,cancelled,1,1,1
2024-12-02,physiotherapy,finished,26,26,26
2024-12-02,productPurchase,finished,1,1,1
2024-12-02,ultrasound,finished,1,1,1
2024-12-02,woundCare,cancelled,1,1,1
2024-12-02,woundCare,finished,1,1,1
2024-12-02,xRay,finished,4,4,4
2024-12-03,ambulance,cancelled,0,0,0
2024-12-03,doctorVisit,finished,4,4,4
2024-12-03,doppler,finished,2,2,2
2024-12-03,eyeExam,finished,1,1,1
2024-12-03,labTest,finished,2,2,2
2024-12-03,nursing,cancelled,2,2,2
2024-12-03,nursing,finished,17,17,16
2024-12-03,onlineConsultation,finished,1,1,1
2024-12-03,physiotherapy,cancelled,2,2,2
2024-12-03,physiotherapy,finished,29,29,29
2024-12-03,productPurchase,finished,2,2,2
2024-12-03,ultrasound,finished,2,2,2
2024-12-03,woundCare,cancelled,1,1,1
2024-12-03,xRay,finished,1,1,1
2024-12-04,ambulance,cancelled,0,0,0
2024-12-04,doctorVisit,finished,3,3,3
2024-12-04,doppler,finished,1,1,1
2024-12-04,echocardiogram,cancelled,1,1,1
2024-12-04,echocardiogram,finished,2,2,2
2024-12-04,labTest,finished,4,4,4
2024-12-04,nursing,cancelled,4,4,3
2024-12-04,nursing,finished,11,11,10
2024-12-04,physiotherapy,cancelled,4,4,4
2024-12-04,physiotherapy,finished,22,22,21
2024-12-04,ultrasound,finished,3,3,3
2024-12-04,woundCare,finished,2,2,2
2024-12-04,xRay,finished,2,2,2
2024-12-05,ambulance,cancelled,0,0,0
2024-12-05,doctorVisit,finished,5,5,5
2024-12-05,labTest,finished,5,5,5
2024-12-05,nursing,cancelled,1,1,1
2024-12-05,nursing,finished,16,16,16
2024-12-05,onlineConsultation,finished,2,2,2
2024-12-05,physiotherapy,cancelled,2,2,2
2024-12-05,physiotherapy,finished,23,23,23
2024-12-05,productPurchase,finished,1,1,1
2024-12-05,ultrasound,finished,1,1,1
2024-12-05,woundCare,cancelled,3,3,3
2024-12-05,xRay,finished,2,2,2
2024-12-06,ambulance,cancelled,0,0,0
2024-12-06,doctorVisit,finished,4,4,4
2024-12-06,doppler,finished,1,1,1
2024-12-06,labTest,finished,4,4,4
2024-12-06,nursing,cancelled,1,1,1
2024-12-06,nursing,finished,12,12,11
2024-12-06,physiotherapy,cancelled,1,1,1
2024-12-06,physiotherapy,finished,21,21,21
2024-12-06,productPurchase,finished,1,1,1
2024-12-06,ultrasound,finished,1,1,1
2024-12-06,woundCare,finished,1,1,1
2024-12-06,xRay,finished,2,2,2
2024-12-07,ambulance,cancelled,0,0,0
2024-12-07,doctorVisit,cancelled,1,1,1
2024-12-07,doctorVisit,finished,7,7,7
2024-12-07,echocardiogram,finished,1,1,1
2024-12-07,labTest,cancelled,1,1,1
2024-12-07,labTest,finished,8,8,8
2024-12-07,nursing,cancelled,2,2,2
2024-12-07,nursing,finished,19,19,18
2024-12-07,onlineConsultation,finished,1,1,1
2024-12-07,physiotherapy,cancelled,3,3,3
2024-12-07,physiotherapy,finished,26,26,26
2024-12-07,ultrasound,cancelled,1,1,1
2024-12-07,ultrasound,finished,1,1,1
2024-12-07,woundCare,finished,1,1,1
2024-12-07,xRay,finished,1,1,1
2024-12-08,ambulance,cancelled,0,0,0
2024-12-08,doctorVisit,cancelled,2,2,2
2024-12-08,doctorVisit,finished,4,4,4
2024-12-08,labTest,finished,5,5,5
2024-12-08,nursing,cancelled,1,1,1
2024-12-08,nursing,finished,20,20,18
2024-12-08,physiotherapy,cancelled,3,3,3
2024-12-08,physiotherapy,finished,26,26,26
2024-12-08,productPurchase,finished,1,1,1
2024-12-08,psychiatristVisit,finished,2,2,2
2024-12-09,ambulance,cancelled,0,0,0
2024-12-09,doctorVisit,cancelled,2,2,2
2024-12-09,doctorVisit,finished,4,4,4
2024-12-09,labTest,finished,2,2,2
2024-12-09,nursing,cancelled,2,2,2
2024-12-09,nursing,finished,21,21,18
2024-12-09,physiotherapy,cancelled,3,3,3
2024-12-09,physiotherapy,finished,18,18,18
2024-12-09,productPurchase,finished,2,2,2
2024-12-09,ultrasound,cancelled,1,1,1
2024-12-09,ultrasound,finished,3,3,3
2024-12-09,woundCare,finished,5,5,5
2024-12-10,ambulance,cancelled,0,0,0
2024-12-10,doctorVisit,cancelled,1,1,1
2024-12-10,doctorVisit,finished,6,6,6
2024-12-10,echocardiogram,finished,1,1,1
2024-12-10,labTest,finished,3,3,3
2024-12-10,nursing,cancelled,1,1,1
2024-12-10,nursing,finished,21,21,18
2024-12-10,physiotherapy,cancelled,6,6,6
2024-12-10,physiotherapy,finished,25,25,25
2024-12-10,productPurchase,finished,3,3,2
2024-12-10,psychiatristVisit,cancelled,1,1,1
2024-12-10,ultrasound,cancelled,1,1,1
2024-12-10,ultrasound,finished,2,2,2
2024-12-10,woundCare,finished,4,4,4
2024-12-10,xRay,finished,3,3,3
2024-12-11,ambulance,cancelled,0,0,0
2024-12-11,doctorVisit,cancelled,1,1,1
2024-12-11,doctorVisit,finished,7,7,7
2024-12-11,doppler,finished,1,1,1
2024-12-11,echocardiogram,finished,1,1,1
2024-12-11,labTest,cancelled,1,1,1
2024-12-11,labTest,finished,6,6,6
2024-12-11,nursing,cancelled,2,2,2
2024-12-11,nursing,finished,8,8,8
2024-12-11,physiotherapy,cancelled,3,3,3
2024-12-11,physiotherapy,finished,20,20,20
2024-12-11,productPurchase,finished,2,2,2
2024-12-11,ultrasound,finished,2,2,2
2024-12-11,woundCare,finished,1,1,1
2024-12-11,xRay,finished,1,1,1
2024-12-12,ambulance,cancelled,0,0,0
2024-12-12,doctorVisit,finished,1,1,1
2024-12-12,labTest,cancelled,1,1,1
2024-12-12,labTest,finished,1,1,1
2024-12-12,nursing,finished,16,16,15
2024-12-12,physiotherapy,cancelled,3,3,3
2024-12-12,physiotherapy,finished,18,18,18
2024-12-12,productPurchase,finished,2,2,2
2024-12-12,woundCare,finished,3,3,3
2024-12-12,xRay,cancelled,1,1,1
2024-12-12,xRay,finished,3,3,3
2024-12-13,ambulance,cancelled,0,0,0
2024-12-13,doctorVisit,finished,7,7,7
2024-12-13,echocardiogram,finished,1,1,1
2024-12-13,labTest,cancelled,1,1,1
2024-12-13,labTest,finished,7,7,7
2024-12-13,nursing,cancelled,2,2,2
2024-12-13,nursing,finished,29,29,26
2024-12-13,physiotherapy,cancelled,4,4,4
2024-12-13,physiotherapy,finished,17,17,17
2024-12-13,productPurchase,finished,1,1,1
2024-12-13,psychiatristVisit,finished,1,1,1
2024-12-13,ultrasound,finished,3,3,3
2024-12-13,woundCare,cancelled,1,1,1
2024-12-13,woundCare,finished,3,3,3
2024-12-13,xRay,finished,2,2,2
2024-12-14,ambulance,cancelled,0,0,0
2024-12-14,doctorVisit,cancelled,2,2,2
2024-12-14,doctorVisit,finished,5,5,5
2024-12-14,echocardiogram,finished,2,2,2
2024-12-14,labTest,finished,6,6,6
2024-12-14,nursing,cancelled,3,3,3
2024-12-14,nursing,finished,24,24,21
2024-12-14,physiotherapy,cancelled,2,2,2
2024-12-14,physiotherapy,finished,28,28,28
2024-12-14,productPurchase,finished,2,2,2
2024-12-14,psychiatristVisit,finished,1,1,1
2024-12-14,ultrasound,finished,1,1,1
2024-12-14,woundCare,cancelled,1,1,1
2024-12-14,woundCare,finished,3,3,3
2024-12-14,xRay,finished,1,1,1
2024-12-15,ambulance,cancelled,0,0,0
2024-12-15,doctorVisit,cancelled,3,3,3
2024-12-15,doctorVisit,finished,9,9,9
2024-12-15,echocardiogram,finished,1,1,1
2024-12-15,labTest,finished,4,4,4
2024-12-15,nursing,cancelled,4,4,4
2024-12-15,nursing,finished,20,20,16
2024-12-15,onlineConsultation,finished,1,1,1
2024-12-15,physiotherapy,cancelled,2,2,2
2024-12-15,physiotherapy,finished,27,27,27
2024-12-15,woundCare,finished,2,2,2
2024-12-15,xRay,finished,4,4,4
2024-12-16,ambulance,cancelled,0,0,0
2024-12-16,doctorVisit,cancelled,1,1,1
2024-12-16,doppler,finished,1,1,1
2024-12-16,labTest,finished,2,2,2
2024-12-16,nursing,cancelled,3,3,3
2024-12-16,nursing,finished,22,22,21
2024-12-16,physiotherapy,cancelled,4,4,4
2024-12-16,physiotherapy,finished,28,28,28
2024-12-16,productPurchase,finished,2,2,2
2024-12-16,ultrasound,finished,1,1,1
2024-12-16,woundCare,finished,5,5,5
2024-12-16,xRay,finished,2,2,2
2024-12-17,ambulance,cancelled,0,0,0
2024-12-17,doctorVisit,cancelled,1,1,1
2024-12-17,doctorVisit,finished,7,7,7
2024-12-17,labTest,finished,3,3,3
2024-12-17,nursing,cancelled,1,1,1
2024-12-17,nursing,finished,17,17,16
2024-12-17,physiotherapy,cancelled,1,1,1
2024-12-17,physiotherapy,finished,28,28,28
2024-12-17,productPurchase,finished,3,3,3
2024-12-17,ultrasound,finished,4,4,4
2024-12-17,woundCare,cancelled,1,1,1
2024-12-17,woundCare,finished,4,4,4
2024-12-17,xRay,finished,2,2,2
2024-12-18,ambulance,cancelled,0,0,0
2024-12-18,doctorVisit,finished,7,7,7
2024-12-18,labTest,cancelled,1,1,1
2024-12-18,labTest,finished,1,1,1
2024-12-18,nursing,finished,16,16,15
2024-12-18,physiotherapy,cancelled,4,4,4
2024-12-18,physiotherapy,finished,31,31,31
2024-12-18,productPurchase,finished,1,1,1
2024-12-18,ultrasound,finished,2,2,2
2024-12-18,xRay,finished,1,1,1
2024-12-19,ambulance,cancelled,0,0,0
2024-12-19,doctorVisit,finished,8,8,8
2024-12-19,echocardiogram,cancelled,1,1,1
2024-12-19,echocardiogram,finished,2,2,2
2024-12-19,labTest,finished,6,6,6
2024-12-19,nursing,finished,17,17,16
2024-12-19,onlineConsultation,finished,1,1,1
2024-12-19,physiotherapy,cancelled,1,1,1
2024-12-19,physiotherapy,finished,26,26,26
2024-12-19,productPurchase,finished,1,1,1
2024-12-19,ultrasound,finished,1,1,1
2024-12-19,woundCare,cancelled,1,1,1
2024-12-19,woundCare,finished,2,2,2
2024-12-19,xRay,finished,7,7,7
2024-12-20,ambulance,cancelled,0,0,0
2024-12-20,doctorVisit,cancelled,2,2,2
2024-12-20,doctorVisit,finished,4,4,4
2024-12-20,nursing,finished,22,22,20
2024-12-20,physiotherapy,cancelled,2,2,2
2024-12-20,physiotherapy,finished,17,17,17
2024-12-20,productPurchase,finished,2,2,2
2024-12-20,ultrasound,finished,7,7,7
2024-12-20,woundCare,cancelled,2,2,2
2024-12-20,woundCare,finished,2,2,2
2024-12-20,xRay,finished,2,2,2
2024-12-21,ambulance,cancelled,0,0,0
2024-12-21,doctorVisit,finished,7,7,7
2024-12-21,labTest,finished,2,2,2
2024-12-21,nursing,cancelled,1,1,1
2024-12-21,nursing,finished,18,18,16
2024-12-21,physiotherapy,cancelled,1,1,1
2024-12-21,physiotherapy,finished,34,34,34
2024-12-21,productPurchase,finished,3,3,3
2024-12-21,ultrasound,cancelled,2,2,2
2024-12-21,ultrasound,finished,5,5,5
2024-12-21,woundCare,finished,3,3,3
2024-12-21,xRay,finished,2,2,2
2024-12-22,ambulance,cancelled,0,0,0
2024-12-22,doctorVisit,finished,8,8,8
2024-12-22,labTest,finished,3,3,3
2024-12-22,nursing,cancelled,1,1,1
2024-12-22,nursing,finished,21,21,18
2024-12-22,physiotherapy,cancelled,2,2,2
2024-12-22,physiotherapy,finished,32,32,32
2024-12-22,ultrasound,cancelled,1,1,1
2024-12-22,xRay,finished,2,2,2
2024-12-23,ambulance,cancelled,0,0,0
2024-12-23,doctorVisit,finished,5,5,5
2024-12-23,doppler,finished,1,1,1
2024-12-23,echocardiogram,finished,1,1,1
2024-12-23,eyeExam,finished,1,1,1
2024-12-23,labTest,finished,7,7,7
2024-12-23,nursing,cancelled,1,1,1
2024-12-23,nursing,finished,18,18,16
2024-12-23,onlineConsultation,finished,1,1,1
2024-12-23,physiotherapy,cancelled,2,2,2
2024-12-23,physiotherapy,finished,25,25,25
2024-12-23,productPurchase,finished,1,1,1
2024-12-23,ultrasound,finished,1,1,1
2024-12-23,xRay,finished,2,2,2
2024-12-24,ambulance,cancelled,0,0,0
2024-12-24,doctorVisit,cancelled,1,1,1
2024-12-24,doctorVisit,finished,6,6,6
2024-12-24,doppler,finished,1,1,1
2024-12-24,echocardiogram,finished,3,3,3
2024-12-24,labTest,cancelled,1,1,1
2024-12-24,labTest,finished,4,4,4
2024-12-24,nursing,finished,21,21,16
2024-12-24,physiotherapy,cancelled,3,3,3
2024-12-24,physiotherapy,finished,30,30,30
2024-12-24,woundCare,finished,2,2,2
2024-12-24,xRay,finished,5,5,5
2024-12-25,ambulance,cancelled,0,0,0
2024-12-25,doctorVisit,finished,3,3,3
2024-12-25,echocardiogram,finished,1,1,1
2024-12-25,labTest,finished,5,5,5
2024-12-25,nursing,cancelled,1,1,1
2024-12-25,nursing,finished,16,16,15
2024-12-25,onlineConsultation,finished,1,1,1
2024-12-25,physiotherapy,cancelled,4,4,4
2024-12-25,physiotherapy,finished,30,30,30
2024-12-25,productPurchase,finished,2,2,2
2024-12-25,ultrasound,finished,3,3,3
2024-12-25,woundCare,cancelled,1,1,1
2024-12-25,woundCare,finished,2,2,2
2024-12-25,xRay,finished,1,1,1
2024-12-26,ambulance,cancelled,0,0,0
2024-12-26,doctorVisit,cancelled,1,1,1
2024-12-26,doctorVisit,finished,2,2,2
2024-12-26,labTest,finished,8,8,8
2024-12-26,nursing,cancelled,3,3,3
2024-12-26,nursing,finished,19,19,18
2024-12-26,physiotherapy,finished,31,31,31
2024-12-26,productPurchase,finished,1,1,1
2024-12-26,woundCare,cancelled,1,1,1
2024-12-26,xRay,finished,5,5,5
2024-12-27,ambulance,cancelled,0,0,0
2024-12-27,doctorVisit,cancelled,2,2,2
2024-12-27,doctorVisit,finished,5,5,5
2024-12-27,doppler,finished,1,1,1
2024-12-27,labTest,cancelled,2,2,2
2024-12-27,labTest,finished,4,4,4
2024-12-27,nursing,cancelled,3,3,3
2024-12-27,nursing,finished,20,20,17
2024-12-27,physiotherapy,cancelled,2,2,2
2024-12-27,physiotherapy,finished,13,13,13
2024-12-27,woundCare,cancelled,2,2,2
2024-12-27,woundCare,finished,1,1,1
2024-12-27,xRay,finished,4,4,4
2024-12-28,ambulance,cancelled,0,0,0
2024-12-28,doctorVisit,cancelled,2,2,2
2024-12-28,doctorVisit,finished,2,2,2
2024-12-28,echocardiogram,cancelled,1,1,1
2024-12-28,echocardiogram,finished,1,1,1
2024-12-28,labTest,cancelled,1,1,1
2024-12-28,labTest,finished,2,2,2
2024-12-28,nursing,cancelled,2,2,2
2024-12-28,nursing,finished,17,17,14
2024-12-28,physiotherapy,cancelled,4,4,4
2024-12-28,physiotherapy,finished,31,31,31
2024-12-28,productPurchase,finished,4,4,4
2024-12-28,ultrasound,finished,3,3,3
2024-12-28,woundCare,finished,2,2,2
2024-12-28,xRay,finished,4,4,4
2024-12-29,ambulance,cancelled,0,0,0
2024-12-29,doctorVisit,cancelled,1,1,1
2024-12-29,doctorVisit,finished,6,6,6
2024-12-29,doppler,finished,1,1,1
2024-12-29,labTest,finished,4,4,4
2024-12-29,nursing,finished,22,22,21
2024-12-29,physiotherapy,cancelled,6,6,6
2024-12-29,physiotherapy,finished,34,34,34
2024-12-29,ultrasound,cancelled,1,1,1
2024-12-29,ultrasound,finished,2,2,2
2024-12-29,woundCare,cancelled,1,1,1
2024-12-29,woundCare,finished,1,1,1
2024-12-29,xRay,finished,1,1,1
2024-12-30,ambulance,cancelled,0,0,0
2024-12-30,doctorVisit,finished,9,9,9
2024-12-30,doppler,finished,1,1,1
2024-12-30,echocardiogram,finished,3,3,3
2024-12-30,labTest,finished,8,8,7
2024-12-30,nursing,cancelled,1,1,1
2024-12-30,nursing,finished,23,23,21
2024-12-30,physiotherapy,cancelled,2,2,2
2024-12-30,physiotherapy,finished,26,26,26
2024-12-30,ultrasound,cancelled,1,1,1
2024-12-30,ultrasound,finished,3,3,3
2024-12-30,xRay,finished,5,5,5
2024-12-31,ambulance,cancelled,0,0,0
2024-12-31,doctorVisit,cancelled,2,2,2
2024-12-31,doctorVisit,finished,5,5,5
2024-12-31,echocardiogram,finished,1,1,1
2024-12-31,labTest,finished,2,2,2
2024-12-31,nursing,finished,14,14,12
2024-12-31,physiotherapy,cancelled,2,2,2
2024-12-31,physiotherapy,finished,23,23,23
2024-12-31,productPurchase,finished,1,1,1
2024-12-31,ultrasound,finished,2,2,2
2024-12-31,woundCare,cancelled,3,3,3
2024-12-31,woundCare,finished,2,2,2
2024-12-31,xRay,finished,1,1,1
2025-01-01,ambulance,cancelled,0,0,0
2025-01-01,ambulance,finished,1,1,1
2025-01-01,doctorVisit,cancelled,1,1,1
2025-01-01,doctorVisit,finished,11,11,11
2025-01-01,doppler,finished,1,1,1
2025-01-01,echocardiogram,finished,1,1,1
2025-01-01,eyeExam,finished,1,1,1
2025-01-01,labTest,cancelled,1,1,1
2025-01-01,labTest,finished,8,8,8
2025-01-01,nursing,finished,17,17,15
2025-01-01,physiotherapy,finished,25,25,25
2025-01-01,psychiatristVisit,finished,1,1,1
2025-01-01,surgeries,finished,1,1,1
2025-01-01,ultrasound,finished,3,3,3
2025-01-01,xRay,finished,2,2,2
2025-01-02,ambulance,cancelled,0,0,0
2025-01-02,doctorVisit,cancelled,1,1,1
2025-01-02,doctorVisit,finished,3,3,3
2025-01-02,doppler,finished,1,1,1
2025-01-02,echocardiogram,finished,1,1,1
2025-01-02,labTest,finished,5,5,5
2025-01-02,nursing,cancelled,1,1,1
2025-01-02,nursing,finished,28,28,25
2025-01-02,onlineConsultation,finished,1,1,1
2025-01-02,physiotherapy,cancelled,1,1,1
2025-01-02,physiotherapy,finished,20,20,20
2025-01-02,productPurchase,finished,1,1,1
2025-01-02,ultrasound,finished,1,1,1
2025-01-02,woundCare,cancelled,5,5,5
2025-01-02,woundCare,finished,1,1,1
2025-01-02,xRay,finished,1,1,1
2025-01-03,ambulance,cancelled,0,0,0
2025-01-03,doctorVisit,finished,4,4,4
2025-01-03,labTest,finished,6,6,6
2025-01-03,nursing,cancelled,2,2,2
2025-01-03,nursing,finished,28,28,24
2025-01-03,physiotherapy,cancelled,3,3,3
2025-01-03,physiotherapy,finished,19,19,19
2025-01-03,ultrasound,finished,4,4,4
2025-01-03,woundCare,cancelled,1,1,1
2025-01-03,woundCare,finished,2,2,2
2025-01-03,xRay,finished,1,1,1
2025-01-04,ambulance,cancelled,0,0,0
2025-01-04,ambulance,finished,1,1,1
2025-01-04,doctorVisit,cancelled,1,1,1
2025-01-04,doctorVisit,finished,5,5,5
2025-01-04,doppler,finished,1,1,1
2025-01-04,echocardiogram,finished,3,3,3
2025-01-04,labTest,finished,9,9,9
2025-01-04,nursing,cancelled,2,2,2
2025-01-04,nursing,finished,23,23,19
2025-01-04,physiotherapy,cancelled,2,2,2
2025-01-04,physiotherapy,finished,25,25,25
2025-01-04,ultrasound,cancelled,1,1,1
2025-01-04,ultrasound,finished,1,1,1
2025-01-04,woundCare,finished,4,4,4
2025-01-04,xRay,cancelled,1,1,1
2025-01-04,xRay,finished,3,3,3
2025-01-05,ambulance,cancelled,0,0,0
2025-01-05,doctorVisit,finished,9,9,9
2025-01-05,echocardiogram,finished,3,3,3
2025-01-05,labTest,finished,9,9,9
2025-01-05,nursing,finished,24,24,19
2025-01-05,physiotherapy,cancelled,3,3,3
2025-01-05,physiotherapy,finished,24,24,24
2025-01-05,productPurchase,finished,1,1,1
2025-01-05,ultrasound,finished,3,3,3
2025-01-05,woundCare,cancelled,2,2,2
2025-01-05,woundCare,finished,2,2,2
2025-01-05,xRay,finished,2,2,2
2025-01-06,ambulance,cancelled,0,0,0
2025-01-06,doctorVisit,cancelled,2,2,2
2025-01-06,doctorVisit,finished,8,8,8
2025-01-06,doppler,finished,1,1,1
2025-01-06,echocardiogram,finished,1,1,1
2025-01-06,eyeExam,finished,1,1,1
2025-01-06,labTest,cancelled,1,1,1
2025-01-06,labTest,finished,4,4,4
2025-01-06,nursing,cancelled,2,2,1
2025-01-06,nursing,finished,26,26,19
2025-01-06,physiotherapy,cancelled,1,1,1
2025-01-06,physiotherapy,finished,19,19,19
2025-01-06,ultrasound,finished,2,2,2
2025-01-06,woundCare,cancelled,1,1,1
2025-01-06,woundCare,finished,1,1,1
2025-01-06,xRay,cancelled,1,1,1
2025-01-06,xRay,finished,1,1,1
2025-01-07,ambulance,cancelled,0,0,0
2025-01-07,doctorVisit,finished,7,7,7
2025-01-07,echocardiogram,finished,1,1,1
2025-01-07,labTest,finished,3,3,3
2025-01-07,nursing,cancelled,1,1,1
2025-01-07,nursing,finished,22,22,18
2025-01-07,physiotherapy,cancelled,2,2,2
2025-01-07,physiotherapy,finished,22,22,22
2025-01-07,productPurchase,finished,1,1,1
2025-01-07,psychiatristVisit,finished,1,1,1
2025-01-07,ultrasound,finished,3,3,3
2025-01-07,woundCare,finished,2,2,2
2025-01-07,xRay,finished,1,1,1
2025-01-08,ambulance,cancelled,0,0,0
2025-01-08,doctorVisit,cancelled,1,1,1
2025-01-08,doctorVisit,finished,8,8,8
2025-01-08,doppler,finished,1,1,1
2025-01-08,echocardiogram,finished,1,1,1
2025-01-08,labTest,finished,6,6,6
2025-01-08,nursing,cancelled,2,2,2
2025-01-08,nursing,finished,28,28,22
2025-01-08,onlineConsultation,finished,1,1,1
2025-01-08,physiotherapy,cancelled,2,2,2
2025-01-08,physiotherapy,finished,30,30,30
2025-01-08,ultrasound,finished,1,1,1
2025-01-08,woundCare,finished,4,4,4
2025-01-08,xRay,finished,3,3,3
2025-01-09,ambulance,cancelled,0,0,0
2025-01-09,doctorVisit,cancelled,4,4,4
2025-01-09,doctorVisit,finished,2,2,2
2025-01-09,doppler,cancelled,1,1,1
2025-01-09,labTest,finished,2,2,2
2025-01-09,nursing,cancelled,3,3,3
2025-01-09,nursing,finished,16,16,13
2025-01-09,physiotherapy,cancelled,3,3,3
2025-01-09,physiotherapy,finished,22,22,21
2025-01-09,productPurchase,finished,1,1,1
2025-01-09,psychiatristVisit,finished,1,1,1
2025-01-09,ultrasound,finished,2,2,2
2025-01-09,woundCare,cancelled,1,1,1
2025-01-09,xRay,finished,1,1,1
2025-01-10,ambulance,cancelled,0,0,0
2025-01-10,doctorVisit,cancelled,2,2,2
2025-01-10,doctorVisit,finished,9,9,8
2025-01-10,echocardiogram,finished,2,2,2
2025-01-10,labTest,cancelled,1,1,1
2025-01-10,labTest,finished,3,3,3
2025-01-10,nursing,finished,27,27,24
2025-01-10,physiotherapy,cancelled,1,1,1
2025-01-10,physiotherapy,finished,18,18,18
2025-01-10,xRay,finished,3,3,3
2025-01-11,ambulance,cancelled,0,0,0
2025-01-11,ambulance,finished,1,1,1
2025-01-11,doctorVisit,finished,7,7,7
2025-01-11,doppler,finished,1,1,1
2025-01-11,labTest,cancelled,1,1,1
2025-01-11,labTest,finished,7,7,7
2025-01-11,nursing,cancelled,2,2,1
2025-01-11,nursing,finished,26,26,20
2025-01-11,physiotherapy,cancelled,3,3,3
2025-01-11,physiotherapy,finished,21,21,21
2025-01-11,productPurchase,finished,1,1,1
2025-01-11,ultrasound,cancelled,1,1,1
2025-01-11,ultrasound,finished,1,1,1
2025-01-11,woundCare,cancelled,4,4,4
2025-01-11,woundCare,finished,5,5,5
2025-01-11,xRay,cancelled,1,1,1
2025-01-11,xRay,finished,2,2,2
2025-01-12,ambulance,cancelled,0,0,0
2025-01-12,doctorVisit,finished,5,5,5
2025-01-12,echocardiogram,finished,3,3,3
2025-01-12,labTest,finished,4,4,4
2025-01-12,nursing,cancelled,3,3,3
2025-01-12,nursing,finished,21,21,17
2025-01-12,onlineConsultation,finished,1,1,1
2025-01-12,physiotherapy,cancelled,2,2,2
2025-01-12,physiotherapy,finished,23,23,23
2025-01-12,ultrasound,finished,3,3,3
2025-01-12,woundCare,finished,1,1,1
2025-01-12,xRay,finished,5,5,5
2025-01-13,ambulance,cancelled,0,0,0
2025-01-13,doctorVisit,finished,3,3,3
2025-01-13,doppler,finished,1,1,1
2025-01-13,echocardiogram,finished,1,1,1
2025-01-13,labTest,finished,2,2,2
2025-01-13,nursing,cancelled,1,1,1
2025-01-13,nursing,finished,24,24,20
2025-01-13,physiotherapy,cancelled,2,2,2
2025-01-13,physiotherapy,finished,25,25,25
2025-01-13,productPurchase,finished,2,2,2
2025-01-13,psychiatristVisit,finished,1,1,1
2025-01-13,xRay,finished,3,3,3
2025-01-14,ambulance,cancelled,0,0,0
2025-01-14,ambulance,finished,1,1,1
2025-01-14,doctorVisit,finished,8,8,8
2025-01-14,doppler,finished,2,2,2
2025-01-14,echocardiogram,finished,1,1,1
2025-01-14,labTest,cancelled,1,1,1
2025-01-14,labTest,finished,4,4,3
2025-01-14,nursing,cancelled,3,3,3
2025-01-14,nursing,finished,26,26,24
2025-01-14,physiotherapy,cancelled,3,3,3
2025-01-14,physiotherapy,finished,26,26,26
2025-01-14,productPurchase,finished,2,2,2
2025-01-14,woundCare,cancelled,4,4,4
2025-01-14,woundCare,finished,5,5,5
2025-01-14,xRay,finished,3,3,3
2025-01-15,ambulance,cancelled,0,0,0
2025-01-15,ambulance,finished,1,1,1
2025-01-15,doctorVisit,cancelled,2,2,2
2025-01-15,doctorVisit,finished,5,5,5
2025-01-15,echocardiogram,finished,1,1,1
2025-01-15,labTest,cancelled,1,1,1
2025-01-15,labTest,finished,3,3,3
2025-01-15,nursing,cancelled,1,1,1
2025-01-15,nursing,finished,19,19,18
2025-01-15,onlineConsultation,finished,1,1,1
2025-01-15,physiotherapy,cancelled,2,2,2
2025-01-15,physiotherapy,finished,26,26,26
2025-01-15,productPurchase,cancelled,1,1,1
2025-01-15,ultrasound,finished,1,1,1
2025-01-15,woundCare,cancelled,1,1,1
2025-01-15,woundCare,finished,3,3,3
2025-01-15,xRay,finished,3,3,3
2025-01-16,ambulance,cancelled,0,0,0
2025-01-16,ambulance,finished,1,1,1
2025-01-16,doctorVisit,cancelled,2,2,2
2025-01-16,doctorVisit,finished,6,6,6
2025-01-16,doppler,finished,1,1,1
2025-01-16,labTest,finished,3,3,3
2025-01-16,nursing,cancelled,1,1,1
2025-01-16,nursing,finished,25,25,21
2025-01-16,onlineConsultation,finished,1,1,1
2025-01-16,physiotherapy,cancelled,2,2,2
2025-01-16,physiotherapy,finished,16,16,16
2025-01-16,psychiatristVisit,finished,1,1,1
2025-01-16,ultrasound,cancelled,1,1,1
2025-01-16,ultrasound,finished,3,3,3
2025-01-16,xRay,finished,5,5,5
2025-01-17,ambulance,cancelled,0,0,0
2025-01-17,doctorVisit,cancelled,1,1,1
2025-01-17,doctorVisit,finished,5,5,5
2025-01-17,echocardiogram,finished,2,2,2
2025-01-17,labTest,finished,4,4,4
2025-01-17,nursing,cancelled,1,1,1
2025-01-17,nursing,finished,26,26,23
2025-01-17,physiotherapy,cancelled,2,2,2
2025-01-17,physiotherapy,finished,10,10,10
2025-01-17,productPurchase,finished,1,1,1
2025-01-17,ultrasound,finished,2,2,2
2025-01-17,woundCare,finished,1,1,1
2025-01-17,xRay,finished,2,2,2
2025-01-18,ambulance,cancelled,0,0,0
2025-01-18,doctorVisit,finished,8,8,7
2025-01-18,doppler,finished,1,1,1
2025-01-18,echocardiogram,finished,5,5,5
2025-01-18,labTest,cancelled,1,1,1
2025-01-18,labTest,finished,6,6,6
2025-01-18,nursing,finished,19,19,16
2025-01-18,onlineConsultation,finished,1,1,1
2025-01-18,physiotherapy,cancelled,1,1,1
2025-01-18,physiotherapy,finished,30,30,30
2025-01-18,productPurchase,finished,1,1,1
2025-01-18,psychiatristVisit,finished,1,1,1
2025-01-18,ultrasound,finished,4,4,4
2025-01-18,woundCare,cancelled,5,5,5
2025-01-18,woundCare,finished,4,4,4
2025-01-18,xRay,finished,5,5,5
2025-01-19,ambulance,cancelled,0,0,0
2025-01-19,doctorVisit,finished,7,7,7
2025-01-19,doppler,finished,1,1,1
2025-01-19,echocardiogram,finished,1,1,1
2025-01-19,labTest,finished,9,9,8
2025-01-19,nursing,cancelled,2,2,2
2025-01-19,nursing,finished,27,27,25
2025-01-19,physiotherapy,cancelled,2,2,2
2025-01-19,physiotherapy,finished,22,22,22
2025-01-19,productPurchase,finished,1,1,1
2025-01-19,ultrasound,finished,5,5,5
2025-01-19,woundCare,finished,3,3,3
2025-01-19,xRay,finished,2,2,2
2025-01-20,ambulance,cancelled,0,0,0
2025-01-20,doctorVisit,finished,3,3,3
2025-01-20,doppler,finished,1,1,1
2025-01-20,echocardiogram,finished,1,1,1
2025-01-20,labTest,finished,5,5,5
2025-01-20,nursing,cancelled,3,3,2
2025-01-20,nursing,finished,21,21,16
2025-01-20,physiotherapy,cancelled,1,1,1
2025-01-20,physiotherapy,finished,26,26,26
2025-01-20,productPurchase,finished,2,2,2
2025-01-20,ultrasound,finished,2,2,2
2025-01-20,woundCare,cancelled,1,1,1
2025-01-20,woundCare,finished,1,1,1
2025-01-20,xRay,finished,1,1,1
2025-01-21,ambulance,cancelled,0,0,0
2025-01-21,ambulance,finished,2,2,2
2025-01-21,doctorVisit,cancelled,4,4,4
2025-01-21,doctorVisit,finished,4,4,4
2025-01-21,labTest,cancelled,1,1,1
2025-01-21,labTest,finished,3,3,3
2025-01-21,nursing,cancelled,3,3,3
2025-01-21,nursing,finished,18,18,15
2025-01-21,physiotherapy,cancelled,1,1,1
2025-01-21,physiotherapy,finished,24,24,24
2025-01-21,productPurchase,finished,2,2,2
2025-01-21,ultrasound,finished,1,1,1
2025-01-21,woundCare,cancelled,1,1,1
2025-01-21,woundCare,finished,5,5,4
2025-01-22,ambulance,cancelled,0,0,0
2025-01-22,doctorVisit,cancelled,1,1,1
2025-01-22,doctorVisit,finished,4,4,4
2025-01-22,labTest,cancelled,1,1,1
2025-01-22,labTest,finished,6,6,6
2025-01-22,nursing,cancelled,2,2,2
2025-01-22,nursing,finished,14,14,12
2025-01-22,physiotherapy,finished,25,25,25
2025-01-22,ultrasound,finished,4,4,4
2025-01-22,woundCare,finished,4,4,4
2025-01-22,xRay,finished,1,1,1
2025-01-23,ambulance,cancelled,0,0,0
2025-01-23,doctorVisit,cancelled,1,1,1
2025-01-23,doctorVisit,finished,6,6,6
2025-01-23,echocardiogram,finished,2,2,2
2025-01-23,labTest,finished,5,5,5
2025-01-23,nursing,finished,22,22,20
2025-01-23,onlineConsultation,finished,1,1,1
2025-01-23,physiotherapy,finished,12,12,12
2025-01-23,woundCare,finished,2,2,2
2025-01-23,xRay,finished,1,1,1
2025-01-24,ambulance,cancelled,0,0,0
2025-01-24,doctorVisit,cancelled,2,2,2
2025-01-24,doctorVisit,finished,5,5,5
2025-01-24,labTest,cancelled,1,1,1
2025-01-24,nursing,cancelled,2,2,2
2025-01-24,nursing,finished,9,9,9
2025-01-24,physiotherapy,finished,11,11,11
2025-01-24,productPurchase,finished,2,2,2
2025-01-24,woundCare,finished,2,2,2
2025-01-24,xRay,finished,2,2,2
2025-01-25,ambulance,cancelled,0,0,0
2025-01-25,doctorVisit,finished,5,5,5
2025-01-25,echocardiogram,finished,1,1,1
2025-01-25,labTest,finished,5,5,5
2025-01-25,nursing,cancelled,1,1,1
2025-01-25,nursing,finished,20,20,19
2025-01-25,physiotherapy,cancelled,2,2,2
2025-01-25,physiotherapy,finished,11,11,11
2025-01-25,woundCare,cancelled,1,1,1
2025-01-25,woundCare,finished,2,2,2
2025-01-25,xRay,cancelled,1,1,1
2025-01-25,xRay,finished,4,4,4
2025-01-26,ambulance,cancelled,0,0,0
2025-01-26,doctorVisit,finished,6,6,6
2025-01-26,doppler,finished,1,1,1
2025-01-26,labTest,cancelled,3,3,3
2025-01-26,labTest,finished,9,9,9
2025-01-26,nursing,cancelled,1,1,1
2025-01-26,nursing,finished,15,15,12
2025-01-26,physiotherapy,finished,28,28,28
2025-01-26,ultrasound,finished,3,3,3
2025-01-26,woundCare,finished,1,1,1
2025-01-26,xRay,finished,1,1,1
2025-01-27,ambulance,cancelled,0,0,0
2025-01-27,doctorVisit,cancelled,3,3,3
2025-01-27,doctorVisit,finished,6,6,6
2025-01-27,doppler,finished,1,1,1
2025-01-27,labTest,cancelled,2,2,2
2025-01-27,labTest,finished,6,6,6
2025-01-27,nursing,cancelled,1,1,1
2025-01-27,nursing,finished,18,18,11
2025-01-27,physiotherapy,cancelled,2,2,2
2025-01-27,physiotherapy,finished,21,21,21
2025-01-27,productPurchase,finished,1,1,1
2025-01-27,ultrasound,finished,2,2,2
2025-01-27,woundCare,cancelled,2,2,2
2025-01-27,woundCare,finished,3,3,3
2025-01-27,xRay,finished,3,3,3
2025-01-28,ambulance,cancelled,0,0,0
2025-01-28,doctorVisit,finished,6,6,6
2025-01-28,echocardiogram,finished,1,1,1
2025-01-28,labTest,finished,6,6,6
2025-01-28,nursing,cancelled,2,2,2
2025-01-28,nursing,finished,13,13,8
2025-01-28,physiotherapy,cancelled,1,1,1
2025-01-28,physiotherapy,finished,25,25,25
2025-01-28,productPurchase,finished,2,2,2
2025-01-28,psychiatristVisit,finished,1,1,1
2025-01-28,ultrasound,finished,2,2,2
2025-01-28,woundCare,cancelled,1,1,1
2025-01-28,woundCare,finished,5,5,5
2025-01-28,xRay,finished,4,4,4
2025-01-29,ambulance,cancelled,0,0,0
2025-01-29,doctorVisit,cancelled,1,1,1
2025-01-29,doctorVisit,finished,6,6,6
2025-01-29,echocardiogram,cancelled,1,1,1
2025-01-29,echocardiogram,finished,2,2,2
2025-01-29,labTest,cancelled,1,1,1
2025-01-29,labTest,finished,4,4,4
2025-01-29,nursing,cancelled,3,3,3
2025-01-29,nursing,finished,22,22,20
2025-01-29,onlineConsultation,finished,1,1,1
2025-01-29,physiotherapy,cancelled,5,5,5
2025-01-29,physiotherapy,finished,32,32,32
2025-01-29,productPurchase,finished,1,1,1
2025-01-29,ultrasound,finished,1,1,1
2025-01-29,woundCare,finished,1,1,1
2025-01-29,xRay,finished,5,5,5
2025-01-30,ambulance,cancelled,0,0,0
2025-01-30,doctorVisit,cancelled,1,1,1
2025-01-30,doctorVisit,finished,8,8,8
2025-01-30,echocardiogram,finished,2,2,2
2025-01-30,eyeExam,finished,1,1,1
2025-01-30,nursing,cancelled,3,3,3
2025-01-30,nursing,finished,21,21,17
2025-01-30,physiotherapy,finished,27,27,27
2025-01-30,productPurchase,finished,1,1,1
2025-01-30,psychiatristVisit,finished,1,1,1
2025-01-30,ultrasound,finished,2,2,2
2025-01-30,woundCare,cancelled,1,1,1
2025-01-30,woundCare,finished,3,3,3
2025-01-30,xRay,finished,1,1,1
2025-01-31,ambulance,cancelled,0,0,0
2025-01-31,doctorVisit,cancelled,2,2,2
2025-01-31,doctorVisit,finished,6,6,6
2025-01-31,doppler,finished,1,1,1
2025-01-31,echocardiogram,finished,1,1,1
2025-01-31,labTest,finished,5,5,5
2025-01-31,nursing,cancelled,4,4,3
2025-01-31,nursing,finished,20,20,17
2025-01-31,onlineConsultation,cancelled,1,1,1
2025-01-31,physiotherapy,cancelled,1,1,1
2025-01-31,physiotherapy,finished,20,20,20
2025-01-31,woundCare,finished,1,1,1
2025-01-31,xRay,finished,3,3,3
2025-02-01,ambulance,cancelled,0,0,0
2025-02-01,doctorVisit,cancelled,1,1,1
2025-02-01,doctorVisit,finished,5,5,5
2025-02-01,echocardiogram,finished,3,3,3
2025-02-01,labTest,finished,2,2,2
2025-02-01,nursing,cancelled,1,1,1
2025-02-01,nursing,finished,21,21,14
2025-02-01,onlineConsultation,finished,1,1,1
2025-02-01,physiotherapy,cancelled,1,1,1
2025-02-01,physiotherapy,finished,32,32,32
2025-02-01,ultrasound,finished,3,3,3
2025-02-01,woundCare,finished,4,4,4
2025-02-01,xRay,finished,1,1,1
2025-02-02,ambulance,cancelled,0,0,0
2025-02-02,doctorVisit,finished,2,2,2
2025-02-02,labTest,cancelled,1,1,1
2025-02-02,labTest,finished,8,8,8
2025-02-02,nursing,cancelled,3,3,3
2025-02-02,nursing,finished,23,23,15
2025-02-02,physiotherapy,finished,30,30,30
2025-02-02,productPurchase,finished,1,1,1
2025-02-02,psychiatristVisit,finished,1,1,1
2025-02-02,ultrasound,finished,1,1,1
2025-02-02,woundCare,finished,2,2,2
2025-02-03,ambulance,cancelled,0,0,0
2025-02-03,doctorVisit,finished,9,9,9
2025-02-03,doppler,finished,2,2,2
2025-02-03,echocardiogram,finished,3,3,3
2025-02-03,labTest,finished,4,4,4
2025-02-03,nursing,finished,27,27,19
2025-02-03,onlineConsultation,cancelled,1,1,1
2025-02-03,onlineConsultation,finished,2,2,2
2025-02-03,physiotherapy,cancelled,5,5,5
2025-02-03,physiotherapy,finished,28,28,28
2025-02-03,productPurchase,finished,1,1,1
2025-02-03,psychiatristVisit,finished,1,1,1
2025-02-03,ultrasound,cancelled,1,1,1
2025-02-03,ultrasound,finished,3,3,3
2025-02-03,woundCare,cancelled,2,2,2
2025-02-03,xRay,finished,2,2,2
2025-02-04,ambulance,cancelled,0,0,0
2025-02-04,doctorVisit,finished,5,5,5
2025-02-04,echocardiogram,cancelled,1,1,1
2025-02-04,labTest,cancelled,2,2,2
2025-02-04,labTest,finished,5,5,5
2025-02-04,nursing,cancelled,2,2,2
2025-02-04,nursing,finished,22,22,16
2025-02-04,physiotherapy,finished,32,32,32
2025-02-04,productPurchase,finished,1,1,1
2025-02-04,ultrasound,finished,1,1,1
2025-02-04,woundCare,finished,2,2,2
2025-02-04,xRay,finished,2,2,2
2025-02-05,ambulance,cancelled,0,0,0
2025-02-05,doctorVisit,cancelled,2,2,2
2025-02-05,doctorVisit,finished,1,1,1
2025-02-05,doppler,finished,1,1,1
2025-02-05,labTest,finished,7,7,7
2025-02-05,nursing,cancelled,4,4,4
2025-02-05,nursing,finished,18,18,13
2025-02-05,physiotherapy,cancelled,2,2,2
2025-02-05,physiotherapy,finished,33,33,33
2025-02-05,productPurchase,cancelled,1,1,1
2025-02-05,productPurchase,finished,2,2,2
2025-02-05,ultrasound,finished,1,1,1
2025-02-05,woundCare,finished,4,4,4
2025-02-05,xRay,finished,1,1,1
2025-02-06,ambulance,cancelled,0,0,0
2025-02-06,doctorVisit,cancelled,1,1,1
2025-02-06,doctorVisit,finished,9,9,9
2025-02-06,doppler,finished,1,1,1
2025-02-06,labTest,finished,5,5,5
2025-02-06,nursing,cancelled,4,4,4
2025-02-06,nursing,finished,17,17,12
2025-02-06,physiotherapy,cancelled,2,2,2
2025-02-06,physiotherapy,finished,29,29,29
2025-02-06,productPurchase,finished,2,2,2
2025-02-06,ultrasound,cancelled,1,1,1
2025-02-06,ultrasound,finished,2,2,2
2025-02-06,woundCare,cancelled,4,4,4
2025-02-06,woundCare,finished,6,6,4
2025-02-06,xRay,finished,4,4,4
2025-02-07,ambulance,cancelled,0,0,0
2025-02-07,doctorVisit,cancelled,2,2,2
2025-02-07,doctorVisit,finished,4,4,4
2025-02-07,labTest,cancelled,1,1,1
2025-02-07,labTest,finished,9,9,9
2025-02-07,nursing,cancelled,1,1,1
2025-02-07,nursing,finished,22,22,19
2025-02-07,physiotherapy,cancelled,5,5,5
2025-02-07,physiotherapy,finished,19,19,19
2025-02-07,ultrasound,finished,4,4,4
2025-02-07,woundCare,cancelled,1,1,1
2025-02-07,woundCare,finished,4,4,4
2025-02-07,xRay,finished,2,2,2
2025-02-08,ambulance,cancelled,0,0,0
2025-02-08,doctorVisit,cancelled,2,2,2
2025-02-08,doctorVisit,finished,6,6,6
2025-02-08,echocardiogram,cancelled,1,1,1
2025-02-08,echocardiogram,finished,4,4,4
2025-02-08,eyeExam,finished,1,1,1
2025-02-08,labTest,cancelled,2,2,2
2025-02-08,labTest,finished,8,8,8
2025-02-08,nursing,cancelled,1,1,1
2025-02-08,nursing,finished,17,17,14
2025-02-08,physiotherapy,cancelled,3,3,3
2025-02-08,physiotherapy,finished,25,25,25
2025-02-08,productPurchase,finished,1,1,1
2025-02-08,ultrasound,cancelled,1,1,1
2025-02-08,ultrasound,finished,2,2,2
2025-02-08,woundCare,cancelled,2,2,2
2025-02-08,woundCare,finished,5,5,5
2025-02-08,xRay,finished,1,1,1
2025-02-09,ambulance,cancelled,0,0,0
2025-02-09,doctorVisit,cancelled,2,2,2
2025-02-09,doctorVisit,finished,10,10,10
2025-02-09,doppler,cancelled,1,1,1
2025-02-09,echocardiogram,cancelled,1,1,1
2025-02-09,echocardiogram,finished,2,2,2
2025-02-09,labTest,finished,8,8,8
2025-02-09,nursing,cancelled,2,2,2
2025-02-09,nursing,finished,18,18,14
2025-02-09,physiotherapy,finished,33,33,33
2025-02-09,productPurchase,finished,1,1,1
2025-02-09,ultrasound,finished,2,2,2
2025-02-09,woundCare,finished,2,2,2
2025-02-09,xRay,finished,3,3,3
2025-02-10,ambulance,cancelled,0,0,0
2025-02-10,doctorVisit,finished,5,5,5
2025-02-10,echocardiogram,cancelled,2,2,2
2025-02-10,echocardiogram,finished,1,1,1
2025-02-10,labTest,finished,11,11,11
2025-02-10,nursing,cancelled,1,1,1
2025-02-10,nursing,finished,19,19,16
2025-02-10,physiotherapy,cancelled,1,1,1
2025-02-10,physiotherapy,finished,28,28,28
2025-02-10,ultrasound,finished,4,4,4
2025-02-10,woundCare,cancelled,2,2,2
2025-02-10,woundCare,finished,1,1,1
2025-02-10,xRay,finished,4,4,4
2025-02-11,ambulance,cancelled,0,0,0
2025-02-11,doctorVisit,cancelled,2,2,2
2025-02-11,doctorVisit,finished,5,5,5
2025-02-11,doppler,finished,1,1,1
2025-02-11,echocardiogram,finished,3,3,3
2025-02-11,labTest,finished,4,4,4
2025-02-11,nursing,cancelled,1,1,1
2025-02-11,nursing,finished,18,18,14
2025-02-11,physiotherapy,cancelled,3,3,3
2025-02-11,physiotherapy,finished,29,29,29
2025-02-11,productPurchase,finished,2,2,2
2025-02-11,ultrasound,finished,3,3,3
2025-02-11,woundCare,finished,3,3,3
2025-02-11,xRay,cancelled,1,1,1
2025-02-11,xRay,finished,2,2,2
2025-02-12,ambulance,cancelled,0,0,0
2025-02-12,doctorVisit,cancelled,3,3,3
2025-02-12,doctorVisit,finished,6,6,6
2025-02-12,echocardiogram,finished,3,3,3
2025-02-12,labTest,cancelled,1,1,1
2025-02-12,labTest,finished,5,5,5
2025-02-12,nursing,finished,19,19,14
2025-02-12,physiotherapy,cancelled,1,1,1
2025-02-12,physiotherapy,finished,26,26,26
2025-02-12,productPurchase,finished,1,1,1
2025-02-12,woundCare,cancelled,2,2,2
2025-02-12,woundCare,finished,2,2,2
2025-02-12,xRay,finished,3,3,3
2025-02-13,ambulance,cancelled,0,0,0
2025-02-13,doctorVisit,finished,7,7,7
2025-02-13,labTest,finished,2,2,2
2025-02-13,nursing,finished,19,19,12
2025-02-13,onlineConsultation,finished,1,1,1
2025-02-13,physiotherapy,cancelled,1,1,1
2025-02-13,physiotherapy,finished,27,27,27
2025-02-13,productPurchase,finished,1,1,1
2025-02-13,ultrasound,cancelled,1,1,1
2025-02-13,ultrasound,finished,2,2,2
2025-02-13,xRay,finished,6,6,6
2025-02-14,ambulance,cancelled,0,0,0
2025-02-14,doctorVisit,cancelled,2,2,2
2025-02-14,doctorVisit,finished,6,6,6
2025-02-14,echocardiogram,finished,1,1,1
2025-02-14,labTest,cancelled,1,1,1
2025-02-14,labTest,finished,9,9,8
2025-02-14,nursing,cancelled,1,1,1
2025-02-14,nursing,finished,16,16,10
2025-02-14,physiotherapy,cancelled,1,1,1
2025-02-14,physiotherapy,finished,15,15,15
2025-02-14,productPurchase,finished,1,1,1
2025-02-14,woundCare,finished,1,1,1
2025-02-14,xRay,finished,4,4,4
2025-02-15,ambulance,cancelled,0,0,0
2025-02-15,doctorVisit,cancelled,1,1,1
2025-02-15,doctorVisit,finished,6,6,6
2025-02-15,doppler,finished,1,1,1
2025-02-15,echocardiogram,finished,1,1,1
2025-02-15,labTest,finished,3,3,3
2025-02-15,nursing,finished,15,15,11
2025-02-15,onlineConsultation,cancelled,1,1,1
2025-02-15,onlineConsultation,finished,1,1,1
2025-02-15,physiotherapy,finished,34,34,34
2025-02-15,psychiatristVisit,finished,1,1,1
2025-02-15,ultrasound,cancelled,1,1,1
2025-02-15,ultrasound,finished,2,2,2
2025-02-15,woundCare,finished,2,2,2
2025-02-15,xRay,finished,4,4,4
2025-02-16,ambulance,cancelled,0,0,0
2025-02-16,doctorVisit,cancelled,1,1,1
2025-02-16,doctorVisit,finished,4,4,4
2025-02-16,doppler,finished,2,2,2
2025-02-16,echocardiogram,finished,1,1,1
2025-02-16,labTest,cancelled,1,1,1
2025-02-16,labTest,finished,9,9,9
2025-02-16,nursing,cancelled,6,6,5
2025-02-16,nursing,finished,16,16,13
2025-02-16,physiotherapy,finished,32,32,32
2025-02-16,ultrasound,finished,3,3,3
2025-02-16,woundCare,cancelled,1,1,1
2025-02-16,woundCare,finished,2,2,2
2025-02-16,xRay,cancelled,1,1,1
2025-02-16,xRay,finished,2,2,2
2025-02-17,ambulance,cancelled,0,0,0
2025-02-17,doctorVisit,finished,8,8,8
2025-02-17,doppler,finished,1,1,1
2025-02-17,echocardiogram,finished,2,2,2
2025-02-17,labTest,finished,3,3,3
2025-02-17,nursing,cancelled,3,3,2
2025-02-17,nursing,finished,11,11,9
2025-02-17,physiotherapy,cancelled,1,1,1
2025-02-17,physiotherapy,finished,27,27,27
2025-02-17,ultrasound,cancelled,1,1,1
2025-02-17,woundCare,finished,1,1,1
2025-02-17,xRay,cancelled,1,1,1
2025-02-17,xRay,finished,2,2,2
2025-02-18,ambulance,cancelled,0,0,0
2025-02-18,doctorVisit,cancelled,1,1,1
2025-02-18,doctorVisit,finished,6,6,6
2025-02-18,echocardiogram,finished,1,1,1
2025-02-18,labTest,cancelled,1,1,1
2025-02-18,labTest,finished,5,5,5
2025-02-18,nursing,cancelled,4,4,3
2025-02-18,nursing,finished,14,14,13
2025-02-18,physiotherapy,finished,23,23,23
2025-02-18,productPurchase,finished,1,1,1
2025-02-18,ultrasound,finished,1,1,1
2025-02-18,woundCare,cancelled,2,2,2
2025-02-18,woundCare,finished,3,3,3
2025-02-18,xRay,finished,1,1,1
2025-02-19,ambulance,cancelled,0,0,0
2025-02-19,doctorVisit,cancelled,1,1,1
2025-02-19,doctorVisit,finished,3,3,3
2025-02-19,echocardiogram,finished,1,1,1
2025-02-19,labTest,cancelled,1,1,1
2025-02-19,labTest,finished,7,7,7
2025-02-19,nursing,cancelled,5,5,4
2025-02-19,nursing,finished,8,8,8
2025-02-19,physiotherapy,finished,24,24,24
2025-02-19,productPurchase,finished,4,4,4
2025-02-19,ultrasound,cancelled,1,1,1
2025-02-19,ultrasound,finished,4,4,4
2025-02-19,woundCare,cancelled,1,1,1
2025-02-19,woundCare,finished,5,5,5
2025-02-19,xRay,cancelled,1,1,1
2025-02-19,xRay,finished,1,1,1
2025-02-20,ambulance,cancelled,0,0,0
2025-02-20,doctorVisit,cancelled,1,1,1
2025-02-20,doctorVisit,finished,2,2,2
2025-02-20,doppler,finished,1,1,1
2025-02-20,echocardiogram,finished,2,2,2
2025-02-20,labTest,finished,10,10,10
2025-02-20,nursing,cancelled,1,1,1
2025-02-20,nursing,finished,12,12,9
2025-02-20,physiotherapy,cancelled,2,2,2
2025-02-20,physiotherapy,finished,21,21,21
2025-02-20,ultrasound,finished,2,2,2
2025-02-20,xRay,finished,3,3,3
2025-02-21,ambulance,cancelled,0,0,0
2025-02-21,doctorVisit,cancelled,3,3,3
2025-02-21,doctorVisit,finished,5,5,5
2025-02-21,echocardiogram,finished,3,3,3
2025-02-21,labTest,finished,6,6,6
2025-02-21,nursing,finished,10,10,7
2025-02-21,physiotherapy,cancelled,2,2,2
2025-02-21,physiotherapy,finished,20,20,20
2025-02-21,productPurchase,finished,1,1,1
2025-02-21,ultrasound,finished,1,1,1
2025-02-21,woundCare,finished,3,3,3
2025-02-21,xRay,cancelled,1,1,1
2025-02-22,ambulance,cancelled,0,0,0
2025-02-22,doctorVisit,cancelled,1,1,1
2025-02-22,doctorVisit,finished,5,5,5
2025-02-22,echocardiogram,finished,1,1,1
2025-02-22,labTest,cancelled,1,1,1
2025-02-22,labTest,finished,9,9,8
2025-02-22,nursing,finished,11,11,9
2025-02-22,onlineConsultation,finished,2,2,2
2025-02-22,physiotherapy,cancelled,1,1,1
2025-02-22,physiotherapy,finished,39,39,39
2025-02-22,ultrasound,finished,2,2,2
2025-02-22,woundCare,finished,3,3,3
2025-02-23,ambulance,cancelled,0,0,0
2025-02-23,doctorVisit,cancelled,1,1,1
2025-02-23,doctorVisit,finished,6,6,6
2025-02-23,echocardiogram,finished,2,2,2
2025-02-23,labTest,finished,7,7,7
2025-02-23,nursing,cancelled,1,1,1
2025-02-23,nursing,finished,6,6,4
2025-02-23,onlineConsultation,finished,2,2,2
2025-02-23,physiotherapy,cancelled,3,3,3
2025-02-23,physiotherapy,finished,27,27,27
2025-02-23,productPurchase,finished,5,5,5
2025-02-23,ultrasound,finished,1,1,1
2025-02-23,woundCare,cancelled,1,1,1
2025-02-23,woundCare,finished,9,9,9
2025-02-23,xRay,finished,1,1,1
2025-02-24,ambulance,cancelled,0,0,0
2025-02-24,doctorVisit,cancelled,2,2,2
2025-02-24,doctorVisit,finished,4,4,4
2025-02-24,labTest,finished,3,3,3
2025-02-24,nursing,cancelled,3,3,2
2025-02-24,nursing,finished,10,10,10
2025-02-24,physiotherapy,cancelled,2,2,2
2025-02-24,physiotherapy,finished,30,30,30
2025-02-24,productPurchase,finished,3,3,2
2025-02-24,ultrasound,cancelled,1,1,1
2025-02-24,ultrasound,finished,1,1,1
2025-02-24,woundCare,cancelled,1,1,1
2025-02-24,woundCare,finished,2,2,2
2025-02-24,xRay,cancelled,1,1,1
2025-02-24,xRay,finished,2,2,2
2025-02-25,ambulance,cancelled,0,0,0
2025-02-25,doctorVisit,cancelled,2,2,2
2025-02-25,doctorVisit,finished,6,6,6
2025-02-25,echocardiogram,finished,1,1,1
2025-02-25,labTest,finished,4,4,4
2025-02-25,nursing,cancelled,3,3,2
2025-02-25,nursing,finished,11,11,11
2025-02-25,physiotherapy,cancelled,2,2,2
2025-02-25,physiotherapy,finished,30,30,30
2025-02-25,ultrasound,finished,1,1,1
2025-02-25,woundCare,finished,3,3,3
2025-02-25,xRay,finished,2,2,2
2025-02-26,ambulance,cancelled,0,0,0
2025-02-26,ambulance,finished,1,1,1
2025-02-26,doctorVisit,cancelled,1,1,1
2025-02-26,doctorVisit,finished,4,4,4
2025-02-26,doppler,finished,1,1,1
2025-02-26,labTest,finished,4,4,4
2025-02-26,nursing,cancelled,6,6,4
2025-02-26,nursing,finished,14,14,13
2025-02-26,onlineConsultation,finished,1,1,1
2025-02-26,physiotherapy,cancelled,2,2,2
2025-02-26,physiotherapy,finished,26,26,26
2025-02-26,ultrasound,finished,3,3,3
2025-02-26,woundCare,cancelled,1,1,1
2025-02-26,woundCare,finished,2,2,2
2025-02-26,xRay,finished,6,6,6
2025-02-27,ambulance,cancelled,0,0,0
2025-02-27,doctorVisit,cancelled,1,1,1
2025-02-27,doctorVisit,finished,11,11,10
2025-02-27,labTest,finished,2,2,2
2025-02-27,nursing,cancelled,5,5,3
2025-02-27,nursing,finished,9,9,9
2025-02-27,physiotherapy,cancelled,2,2,2
2025-02-27,physiotherapy,finished,24,24,24
2025-02-27,productPurchase,finished,3,3,3
2025-02-27,woundCare,finished,6,6,6
2025-02-27,xRay,finished,4,4,4
2025-02-28,ambulance,cancelled,0,0,0
2025-02-28,doctorVisit,finished,4,4,4
2025-02-28,doppler,finished,2,2,2
2025-02-28,echocardiogram,finished,1,1,1
2025-02-28,labTest,finished,4,4,4
2025-02-28,nursing,cancelled,2,2,2
2025-02-28,nursing,finished,18,18,17
2025-02-28,physiotherapy,cancelled,1,1,1
2025-02-28,physiotherapy,finished,21,21,21
2025-02-28,productPurchase,finished,1,1,1
2025-02-28,ultrasound,finished,1,1,1
2025-02-28,woundCare,cancelled,2,2,2
2025-02-28,woundCare,finished,5,5,5
2025-02-28,xRay,finished,2,2,2
2025-03-01,ambulance,cancelled,0,0,0
2025-03-01,doctorVisit,cancelled,2,2,2
2025-03-01,doctorVisit,finished,4,4,4
2025-03-01,doppler,finished,1,1,1
2025-03-01,echocardiogram,finished,3,3,3
2025-03-01,eyeExam,finished,1,1,1
2025-03-01,labTest,cancelled,1,1,1
2025-03-01,labTest,finished,4,4,4
2025-03-01,nursing,cancelled,2,2,2
2025-03-01,nursing,finished,10,10,10
2025-03-01,physiotherapy,cancelled,3,3,3
2025-03-01,physiotherapy,finished,33,33,33
2025-03-01,productPurchase,finished,1,1,1
2025-03-01,ultrasound,cancelled,1,1,1
2025-03-01,woundCare,cancelled,1,1,1
2025-03-01,woundCare,finished,1,1,1
2025-03-01,xRay,finished,2,2,2
2025-03-02,ambulance,cancelled,0,0,0
2025-03-02,doctorVisit,cancelled,2,2,2
2025-03-02,doctorVisit,finished,4,4,4
2025-03-02,echocardiogram,finished,1,1,1
2025-03-02,labTest,cancelled,3,3,3
2025-03-02,labTest,finished,7,7,7
2025-03-02,nursing,finished,15,15,14
2025-03-02,onlineConsultation,finished,1,1,1
2025-03-02,physiotherapy,cancelled,2,2,2
2025-03-02,physiotherapy,finished,30,30,30
2025-03-02,productPurchase,finished,1,1,1
2025-03-02,ultrasound,finished,3,3,3
2025-03-02,woundCare,finished,1,1,1
2025-03-02,xRay,finished,2,2,2
2025-03-03,ambulance,cancelled,0,0,0
2025-03-03,doctorVisit,finished,4,4,4
2025-03-03,echocardiogram,finished,1,1,1
2025-03-03,labTest,finished,2,2,2
2025-03-03,nursing,cancelled,2,2,2
2025-03-03,nursing,finished,13,13,11
2025-03-03,physiotherapy,cancelled,8,8,8
2025-03-03,physiotherapy,finished,30,30,30
2025-03-03,productPurchase,finished,1,1,1
2025-03-03,woundCare,finished,2,2,2
2025-03-03,xRay,finished,1,1,1
2025-03-04,ambulance,cancelled,0,0,0
2025-03-04,doctorVisit,finished,3,3,3
2025-03-04,labTest,finished,2,2,2
2025-03-04,nursing,cancelled,2,2,2
2025-03-04,nursing,finished,11,11,9
2025-03-04,onlineConsultation,finished,2,2,2
2025-03-04,physiotherapy,cancelled,4,4,4
2025-03-04,physiotherapy,finished,26,26,26
2025-03-04,ultrasound,cancelled,1,1,1
2025-03-04,ultrasound,finished,1,1,1
2025-03-04,woundCare,finished,2,2,2
2025-03-04,xRay,finished,1,1,1
2025-03-05,ambulance,cancelled,0,0,0
2025-03-05,doctorVisit,finished,7,7,7
2025-03-05,echocardiogram,finished,1,1,1
2025-03-05,labTest,finished,4,4,4
2025-03-05,nursing,finished,13,13,12
2025-03-05,physiotherapy,finished,29,29,29
2025-03-05,productPurchase,finished,2,2,2
2025-03-05,ultrasound,finished,1,1,1
2025-03-05,woundCare,cancelled,3,3,3
2025-03-05,woundCare,finished,4,4,4
2025-03-06,ambulance,cancelled,0,0,0
2025-03-06,doctorVisit,cancelled,2,2,2
2025-03-06,doctorVisit,finished,5,5,5
2025-03-06,echocardiogram,finished,2,2,2
2025-03-06,labTest,finished,11,11,11
2025-03-06,nursing,finished,14,14,13
2025-03-06,onlineConsultation,finished,2,2,2
2025-03-06,physiotherapy,cancelled,1,1,1
2025-03-06,physiotherapy,finished,28,28,28
2025-03-06,ultrasound,cancelled,2,2,2
2025-03-06,ultrasound,finished,3,3,3
2025-03-06,woundCare,cancelled,1,1,1
2025-03-06,woundCare,finished,3,3,3
2025-03-06,xRay,finished,3,3,3
2025-03-07,ambulance,cancelled,0,0,0
2025-03-07,doctorVisit,cancelled,1,1,1
2025-03-07,doctorVisit,finished,5,5,5
2025-03-07,echocardiogram,finished,3,3,3
2025-03-07,labTest,finished,6,6,6
2025-03-07,nursing,cancelled,3,3,2
2025-03-07,nursing,finished,17,17,17
2025-03-07,physiotherapy,cancelled,4,4,4
2025-03-07,physiotherapy,finished,19,19,19
2025-03-07,productPurchase,finished,1,1,1
2025-03-07,woundCare,finished,2,2,2
2025-03-07,xRay,cancelled,1,1,1
2025-03-07,xRay,finished,5,5,5
2025-03-08,ambulance,cancelled,0,0,0
2025-03-08,doctorVisit,finished,8,8,8
2025-03-08,doppler,finished,3,3,3
2025-03-08,echocardiogram,finished,1,1,1
2025-03-08,labTest,cancelled,2,2,2
2025-03-08,labTest,finished,3,3,3
2025-03-08,nursing,cancelled,2,2,2
2025-03-08,nursing,finished,13,13,11
2025-03-08,physiotherapy,cancelled,5,5,5
2025-03-08,physiotherapy,finished,25,25,25
2025-03-08,ultrasound,cancelled,1,1,1
2025-03-08,woundCare,cancelled,1,1,1
2025-03-08,woundCare,finished,2,2,2
2025-03-08,xRay,finished,5,5,5
2025-03-09,ambulance,cancelled,0,0,0
2025-03-09,ambulance,finished,1,1,1
2025-03-09,doctorVisit,cancelled,2,2,2
2025-03-09,doctorVisit,finished,6,6,6
2025-03-09,doppler,finished,1,1,1
2025-03-09,echocardiogram,finished,1,1,1
2025-03-09,labTest,finished,10,10,10
2025-03-09,nursing,cancelled,2,2,2
2025-03-09,nursing,finished,12,12,11
2025-03-09,onlineConsultation,finished,1,1,1
2025-03-09,physiotherapy,cancelled,4,4,4
2025-03-09,physiotherapy,finished,24,24,24
2025-03-09,productPurchase,finished,2,2,2
2025-03-09,ultrasound,finished,1,1,1
2025-03-09,woundCare,finished,3,3,3
2025-03-09,xRay,finished,2,2,2
2025-03-10,ambulance,cancelled,0,0,0
2025-03-10,doctorVisit,finished,13,13,12
2025-03-10,echocardiogram,finished,2,2,2
2025-03-10,labTest,finished,5,5,5
2025-03-10,nursing,cancelled,3,3,3
2025-03-10,nursing,finished,7,7,6
2025-03-10,onlineConsultation,finished,1,1,1
2025-03-10,physiotherapy,cancelled,3,3,3
2025-03-10,physiotherapy,finished,28,28,28
2025-03-10,productPurchase,finished,1,1,1
2025-03-10,ultrasound,cancelled,1,1,1
2025-03-10,ultrasound,finished,3,3,3
2025-03-10,woundCare,cancelled,2,2,2
2025-03-10,woundCare,finished,2,2,2
2025-03-10,xRay,finished,2,2,2
2025-03-11,ambulance,cancelled,0,0,0
2025-03-11,doctorVisit,cancelled,2,2,2
2025-03-11,doctorVisit,finished,8,8,8
2025-03-11,echocardiogram,finished,1,1,1
2025-03-11,eyeExam,finished,1,1,1
2025-03-11,labTest,cancelled,1,1,1
2025-03-11,labTest,finished,4,4,4
2025-03-11,nursing,cancelled,1,1,1
2025-03-11,nursing,finished,7,7,7
2025-03-11,physiotherapy,cancelled,5,5,5
2025-03-11,physiotherapy,finished,31,31,31
2025-03-11,productPurchase,finished,3,3,3
2025-03-11,woundCare,cancelled,2,2,2
2025-03-11,woundCare,finished,5,5,5
2025-03-11,xRay,finished,4,4,4
2025-03-12,ambulance,cancelled,0,0,0
2025-03-12,doctorVisit,finished,7,7,7
2025-03-12,doppler,finished,1,1,1
2025-03-12,echocardiogram,finished,5,5,5
2025-03-12,labTest,cancelled,1,1,1
2025-03-12,labTest,finished,6,6,6
2025-03-12,nursing,finished,11,11,11
2025-03-12,onlineConsultation,finished,2,2,2
2025-03-12,physiotherapy,cancelled,3,3,3
2025-03-12,physiotherapy,finished,24,24,24
2025-03-12,productPurchase,finished,1,1,1
2025-03-12,ultrasound,finished,4,4,4
2025-03-12,woundCare,finished,4,4,4
2025-03-12,xRay,finished,3,3,3
2025-03-13,ambulance,cancelled,0,0,0
2025-03-13,doctorVisit,finished,10,10,10
2025-03-13,echocardiogram,finished,3,3,3
2025-03-13,labTest,cancelled,1,1,1
2025-03-13,labTest,finished,7,7,7
2025-03-13,nursing,finished,14,14,13
2025-03-13,physiotherapy,cancelled,9,9,9
2025-03-13,physiotherapy,finished,35,35,35
2025-03-13,ultrasound,cancelled,1,1,1
2025-03-13,ultrasound,finished,1,1,1
2025-03-13,woundCare,finished,1,1,1
2025-03-13,xRay,finished,3,3,3
2025-03-14,ambulance,cancelled,0,0,0
2025-03-14,doctorVisit,finished,3,3,3
2025-03-14,doppler,finished,1,1,1
2025-03-14,eyeExam,finished,1,1,1
2025-03-14,labTest,finished,2,2,2
2025-03-14,nursing,finished,6,6,6
2025-03-14,onlineConsultation,finished,1,1,1
2025-03-14,physiotherapy,cancelled,4,4,4
2025-03-14,physiotherapy,finished,15,15,15
2025-03-14,productPurchase,finished,3,3,3
2025-03-14,ultrasound,finished,3,3,3
2025-03-14,woundCare,finished,4,4,4
2025-03-14,xRay,finished,1,1,1
2025-03-15,ambulance,cancelled,0,0,0
2025-03-15,doctorVisit,cancelled,1,1,1
2025-03-15,doctorVisit,finished,8,8,8
2025-03-15,doppler,finished,1,1,1
2025-03-15,labTest,cancelled,1,1,1
2025-03-15,labTest,finished,9,9,9
2025-03-15,nursing,finished,11,11,11
2025-03-15,physiotherapy,cancelled,3,3,3
2025-03-15,physiotherapy,finished,34,34,34
2025-03-15,productPurchase,finished,5,5,5
2025-03-15,ultrasound,finished,3,3,3
2025-03-15,woundCare,finished,5,5,5
2025-03-15,xRay,finished,3,3,3
2025-03-16,ambulance,cancelled,0,0,0
2025-03-16,doctorVisit,finished,7,7,7
2025-03-16,echocardiogram,finished,1,1,1
2025-03-16,labTest,cancelled,3,3,3
2025-03-16,labTest,finished,2,2,2
2025-03-16,nursing,cancelled,1,1,1
2025-03-16,nursing,finished,10,10,8
2025-03-16,physiotherapy,cancelled,4,4,4
2025-03-16,physiotherapy,finished,26,26,26
2025-03-16,productPurchase,finished,2,2,2
2025-03-16,ultrasound,finished,1,1,1
2025-03-16,woundCare,cancelled,1,1,1
2025-03-16,woundCare,finished,4,4,4
2025-03-16,xRay,finished,2,2,2
2025-03-17,ambulance,cancelled,0,0,0
2025-03-17,doctorVisit,finished,9,9,8
2025-03-17,doppler,finished,1,1,1
2025-03-17,echocardiogram,finished,1,1,1
2025-03-17,labTest,finished,10,10,10
2025-03-17,nursing,cancelled,3,3,3
2025-03-17,nursing,finished,14,14,13
2025-03-17,physiotherapy,finished,28,28,28
2025-03-17,productPurchase,cancelled,1,1,1
2025-03-17,psychiatristVisit,finished,1,1,1
2025-03-17,ultrasound,finished,3,3,3
2025-03-17,woundCare,finished,2,2,2
2025-03-17,xRay,finished,4,4,4
2025-03-18,ambulance,cancelled,0,0,0
2025-03-18,doctorVisit,cancelled,1,1,1
2025-03-18,doctorVisit,finished,5,5,5
2025-03-18,doppler,finished,2,2,2
2025-03-18,echocardiogram,cancelled,1,1,1
2025-03-18,labTest,finished,8,8,8
2025-03-18,nursing,cancelled,2,2,2
2025-03-18,nursing,finished,7,7,5
2025-03-18,onlineConsultation,cancelled,1,1,1
2025-03-18,physiotherapy,cancelled,6,6,6
2025-03-18,physiotherapy,finished,25,25,25
2025-03-18,productPurchase,finished,2,2,2
2025-03-18,ultrasound,finished,2,2,2
2025-03-18,woundCare,finished,1,1,1
2025-03-18,xRay,finished,4,4,4
2025-03-19,ambulance,cancelled,0,0,0
2025-03-19,doctorVisit,cancelled,2,2,2
2025-03-19,doctorVisit,finished,6,6,6
2025-03-19,doppler,finished,1,1,1
2025-03-19,echocardiogram,finished,1,1,1
2025-03-19,labTest,finished,4,4,4
2025-03-19,nursing,cancelled,2,2,2
2025-03-19,nursing,finished,8,8,7
2025-03-19,physiotherapy,finished,33,33,33
2025-03-19,ultrasound,finished,1,1,1
2025-03-19,woundCare,finished,5,5,5
2025-03-19,xRay,finished,2,2,2
2025-03-20,ambulance,cancelled,0,0,0
2025-03-20,doctorVisit,finished,9,9,9
2025-03-20,doppler,finished,1,1,1
2025-03-20,labTest,cancelled,1,1,1
2025-03-20,labTest,finished,2,2,2
2025-03-20,nursing,cancelled,4,4,2
2025-03-20,nursing,finished,13,13,12
2025-03-20,physiotherapy,cancelled,3,3,3
2025-03-20,physiotherapy,finished,30,30,30
2025-03-20,ultrasound,finished,2,2,2
2025-03-20,woundCare,finished,4,4,4
2025-03-20,xRay,finished,5,5,5
2025-03-21,ambulance,cancelled,0,0,0
2025-03-21,doctorVisit,cancelled,2,2,2
2025-03-21,doctorVisit,finished,4,4,4
2025-03-21,doppler,finished,2,2,2
2025-03-21,labTest,finished,3,3,3
2025-03-21,nursing,cancelled,5,5,3
2025-03-21,nursing,finished,12,12,11
2025-03-21,onlineConsultation,cancelled,1,1,1
2025-03-21,physiotherapy,cancelled,5,5,5
2025-03-21,physiotherapy,finished,21,21,21
2025-03-21,productPurchase,finished,1,1,1
2025-03-21,psychiatristVisit,finished,2,2,2
2025-03-21,ultrasound,finished,2,2,2
2025-03-21,woundCare,cancelled,3,3,3
2025-03-21,woundCare,finished,1,1,1
2025-03-22,ambulance,cancelled,0,0,0
2025-03-22,doctorVisit,finished,7,7,7
2025-03-22,doppler,finished,2,2,2
2025-03-22,labTest,cancelled,1,1,1
2025-03-22,labTest,finished,11,11,11
2025-03-22,nursing,cancelled,4,4,2
2025-03-22,nursing,finished,6,6,6
2025-03-22,onlineConsultation,finished,1,1,1
2025-03-22,physiotherapy,cancelled,7,7,7
2025-03-22,physiotherapy,finished,28,28,27
2025-03-22,ultrasound,finished,1,1,1
2025-03-22,woundCare,finished,4,4,4
2025-03-22,xRay,finished,3,3,3
2025-03-23,ambulance,cancelled,0,0,0
2025-03-23,doctorVisit,cancelled,2,2,2
2025-03-23,doctorVisit,finished,9,9,9
2025-03-23,echocardiogram,finished,1,1,1
2025-03-23,labTest,finished,4,4,4
2025-03-23,nursing,cancelled,4,4,3
2025-03-23,nursing,finished,11,11,10
2025-03-23,physiotherapy,cancelled,6,6,6
2025-03-23,physiotherapy,finished,35,35,35
2025-03-23,productPurchase,finished,1,1,1
2025-03-23,ultrasound,finished,1,1,1
2025-03-23,woundCare,finished,2,2,2
2025-03-23,xRay,finished,1,1,1
2025-03-24,ambulance,cancelled,0,0,0
2025-03-24,doctorVisit,finished,3,3,3
2025-03-24,echocardiogram,finished,1,1,1
2025-03-24,nursing,cancelled,1,1,1
2025-03-24,nursing,finished,13,13,11
2025-03-24,physiotherapy,cancelled,3,3,3
2025-03-24,physiotherapy,finished,23,23,23
2025-03-24,productPurchase,finished,1,1,1
2025-03-24,ultrasound,finished,1,1,1
2025-03-24,woundCare,finished,1,1,1
2025-03-24,xRay,finished,3,3,3
2025-03-25,ambulance,cancelled,0,0,0
2025-03-25,doctorVisit,finished,9,9,9
2025-03-25,doppler,finished,1,1,1
2025-03-25,echocardiogram,cancelled,1,1,1
2025-03-25,echocardiogram,finished,3,3,3
2025-03-25,labTest,cancelled,1,1,1
2025-03-25,labTest,finished,10,10,10
2025-03-25,nursing,cancelled,1,1,1
2025-03-25,nursing,finished,11,11,10
2025-03-25,onlineConsultation,finished,1,1,1
2025-03-25,physiotherapy,cancelled,3,3,3
2025-03-25,physiotherapy,finished,26,26,26
2025-03-25,ultrasound,finished,1,1,1
2025-03-25,woundCare,cancelled,1,1,1
2025-03-25,xRay,finished,4,4,4
2025-03-26,ambulance,cancelled,0,0,0
2025-03-26,doctorVisit,finished,4,4,4
2025-03-26,doppler,finished,1,1,1
2025-03-26,labTest,finished,5,5,5
2025-03-26,nursing,cancelled,1,1,1
2025-03-26,nursing,finished,14,14,13
2025-03-26,physiotherapy,cancelled,3,3,3
2025-03-26,physiotherapy,finished,33,33,33
2025-03-26,productPurchase,finished,3,3,3
2025-03-26,ultrasound,finished,1,1,1
2025-03-26,woundCare,cancelled,2,2,2
2025-03-26,woundCare,finished,5,5,5
2025-03-26,xRay,finished,2,2,2
2025-03-27,ambulance,cancelled,0,0,0
2025-03-27,doctorVisit,cancelled,3,3,3
2025-03-27,doctorVisit,finished,8,8,8
2025-03-27,doppler,finished,1,1,1
2025-03-27,labTest,cancelled,2,2,2
2025-03-27,labTest,finished,1,1,1
2025-03-27,nursing,cancelled,1,1,1
2025-03-27,nursing,finished,15,15,14
2025-03-27,physiotherapy,cancelled,3,3,3
2025-03-27,physiotherapy,finished,30,30,30
2025-03-27,productPurchase,finished,2,2,2
2025-03-27,ultrasound,finished,3,3,3
2025-03-27,woundCare,finished,3,3,3
2025-03-27,xRay,cancelled,1,1,1
2025-03-27,xRay,finished,1,1,1
2025-03-28,ambulance,cancelled,0,0,0
2025-03-28,doctorVisit,cancelled,1,1,1
2025-03-28,doctorVisit,finished,6,6,6
2025-03-28,labTest,finished,3,3,3
2025-03-28,nursing,cancelled,2,2,2
2025-03-28,nursing,finished,16,16,15
2025-03-28,physiotherapy,cancelled,1,1,1
2025-03-28,physiotherapy,finished,17,17,17
2025-03-28,productPurchase,finished,1,1,1
2025-03-28,ultrasound,finished,4,4,4
2025-03-28,woundCare,finished,1,1,1
2025-03-28,xRay,finished,3,3,3
2025-03-29,ambulance,cancelled,0,0,0
2025-03-29,doctorVisit,finished,5,5,5
2025-03-29,doppler,finished,1,1,1
2025-03-29,eyeExam,finished,1,1,1
2025-03-29,labTest,finished,2,2,2
2025-03-29,nursing,cancelled,2,2,1
2025-03-29,nursing,finished,9,9,9
2025-03-29,physiotherapy,cancelled,1,1,1
2025-03-29,physiotherapy,finished,25,25,25
2025-03-29,productPurchase,finished,2,2,2
2025-03-29,ultrasound,cancelled,2,2,2
2025-03-29,ultrasound,finished,2,2,2
2025-03-29,woundCare,cancelled,2,2,2
2025-03-29,woundCare,finished,1,1,1
2025-03-29,xRay,finished,7,7,7
2025-03-30,ambulance,cancelled,0,0,0
2025-03-30,doctorVisit,cancelled,1,1,1
2025-03-30,doctorVisit,finished,6,6,6
2025-03-30,echocardiogram,finished,2,2,2
2025-03-30,labTest,finished,1,1,1
2025-03-30,nursing,cancelled,1,1,1
2025-03-30,nursing,finished,14,14,13
2025-03-30,onlineConsultation,finished,1,1,1
2025-03-30,physiotherapy,finished,22,22,22
2025-03-30,productPurchase,finished,3,3,3
2025-03-30,woundCare,cancelled,1,1,1
2025-03-30,woundCare,finished,4,4,4
2025-03-30,xRay,finished,1,1,1
2025-03-31,ambulance,cancelled,0,0,0
2025-03-31,doctorVisit,finished,8,8,8
2025-03-31,echocardiogram,cancelled,1,1,1
2025-03-31,echocardiogram,finished,2,2,2
2025-03-31,labTest,cancelled,1,1,1
2025-03-31,labTest,finished,4,4,4
2025-03-31,nursing,finished,16,16,15
2025-03-31,onlineConsultation,finished,2,2,2
2025-03-31,physiotherapy,cancelled,4,4,4
2025-03-31,physiotherapy,finished,4,4,4
2025-03-31,productPurchase,finished,1,1,1
2025-03-31,ultrasound,cancelled,1,1,1
2025-03-31,ultrasound,finished,4,4,4
2025-03-31,woundCare,cancelled,3,3,3
2025-03-31,woundCare,finished,3,3,3
2025-03-31,xRay,finished,3,3,3
2025-04-01,ambulance,cancelled,0,0,0
2025-04-01,doctorVisit,cancelled,4,4,4
2025-04-01,doctorVisit,finished,2,2,2
2025-04-01,doppler,finished,1,1,1
2025-04-01,echocardiogram,finished,2,2,2
2025-04-01,labTest,cancelled,1,1,1
2025-04-01,labTest,finished,5,5,5
2025-04-01,nursing,cancelled,1,1,1
2025-04-01,nursing,finished,14,14,13
2025-04-01,physiotherapy,cancelled,2,2,2
2025-04-01,physiotherapy,finished,9,9,9
2025-04-01,productPurchase,finished,2,2,2
2025-04-01,ultrasound,cancelled,2,2,2
2025-04-01,woundCare,cancelled,1,1,1
2025-04-01,woundCare,finished,2,2,2
2025-04-01,xRay,finished,1,1,1
2025-04-02,ambulance,cancelled,0,0,0
2025-04-02,doctorVisit,finished,3,3,3
2025-04-02,echocardiogram,finished,1,1,1
2025-04-02,labTest,cancelled,1,1,1
2025-04-02,labTest,finished,3,3,3
2025-04-02,nursing,cancelled,1,1,1
2025-04-02,nursing,finished,14,14,14
2025-04-02,onlineConsultation,cancelled,1,1,1
2025-04-02,physiotherapy,cancelled,3,3,3
2025-04-02,physiotherapy,finished,21,21,21
2025-04-02,productPurchase,finished,2,2,2
2025-04-02,ultrasound,finished,2,2,2
2025-04-02,woundCare,finished,1,1,1
2025-04-02,xRay,finished,1,1,1
2025-04-03,ambulance,cancelled,0,0,0
2025-04-03,doctorVisit,cancelled,2,2,2
2025-04-03,doctorVisit,finished,10,10,10
2025-04-03,doppler,finished,1,1,1
2025-04-03,echocardiogram,finished,1,1,1
2025-04-03,labTest,cancelled,1,1,1
2025-04-03,labTest,finished,9,9,9
2025-04-03,nursing,finished,8,8,8
2025-04-03,physiotherapy,cancelled,2,2,2
2025-04-03,physiotherapy,finished,18,18,18
2025-04-03,ultrasound,finished,2,2,2
2025-04-03,woundCare,cancelled,1,1,1
2025-04-03,woundCare,finished,1,1,1
2025-04-03,xRay,finished,4,4,4
2025-04-04,ambulance,cancelled,0,0,0
2025-04-04,doctorVisit,finished,4,4,4
2025-04-04,doppler,finished,3,3,3
2025-04-04,echocardiogram,cancelled,1,1,1
2025-04-04,echocardiogram,finished,2,2,2
2025-04-04,labTest,cancelled,1,1,1
2025-04-04,labTest,finished,9,9,9
2025-04-04,nursing,finished,10,10,10
2025-04-04,onlineConsultation,finished,1,1,1
2025-04-04,physiotherapy,cancelled,1,1,1
2025-04-04,physiotherapy,finished,24,24,24
2025-04-04,productPurchase,finished,2,2,2
2025-04-04,ultrasound,finished,2,2,2
2025-04-04,woundCare,cancelled,1,1,1
2025-04-04,woundCare,finished,4,4,4
2025-04-04,xRay,finished,2,2,2
2025-04-05,ambulance,cancelled,0,0,0
2025-04-05,doctorVisit,cancelled,7,7,7
2025-04-05,doctorVisit,finished,8,8,6
2025-04-05,doppler,finished,1,1,1
2025-04-05,echocardiogram,finished,2,2,2
2025-04-05,labTest,finished,10,10,10
2025-04-05,nursing,finished,10,10,10
2025-04-05,physiotherapy,finished,31,31,31
2025-04-05,productPurchase,finished,1,1,1
2025-04-05,woundCare,cancelled,1,1,1
2025-04-05,woundCare,finished,3,3,3
2025-04-05,xRay,cancelled,1,1,1
2025-04-05,xRay,finished,4,4,4
2025-04-06,ambulance,cancelled,0,0,0
2025-04-06,doctorVisit,finished,6,6,6
2025-04-06,labTest,cancelled,1,1,1
2025-04-06,labTest,finished,5,5,5
2025-04-06,nursing,cancelled,1,1,1
2025-04-06,nursing,finished,8,8,8
2025-04-06,onlineConsultation,finished,1,1,1
2025-04-06,physiotherapy,cancelled,4,4,4
2025-04-06,physiotherapy,finished,23,23,23
2025-04-06,productPurchase,finished,2,2,2
2025-04-06,ultrasound,finished,2,2,2
2025-04-06,woundCare,cancelled,2,2,2
2025-04-06,woundCare,finished,2,2,2
2025-04-06,xRay,finished,3,3,3
2025-04-07,ambulance,cancelled,0,0,0
2025-04-07,doctorVisit,finished,7,7,7
2025-04-07,doppler,cancelled,1,1,1
2025-04-07,echocardiogram,finished,1,1,1
2025-04-07,labTest,finished,6,6,6
2025-04-07,nursing,cancelled,1,1,1
2025-04-07,nursing,finished,13,13,13
2025-04-07,physiotherapy,finished,29,29,29
2025-04-07,ultrasound,cancelled,1,1,1
2025-04-07,woundCare,finished,1,1,1
2025-04-07,xRay,finished,1,1,1
2025-04-08,ambulance,cancelled,0,0,0
2025-04-08,doctorVisit,finished,6,6,6
2025-04-08,echocardiogram,finished,1,1,1
2025-04-08,labTest,cancelled,1,1,1
2025-04-08,labTest,finished,4,4,4
2025-04-08,nursing,finished,12,12,12
2025-04-08,physiotherapy,cancelled,2,2,2
2025-04-08,physiotherapy,finished,27,27,27
2025-04-08,productPurchase,finished,1,1,1
2025-04-08,ultrasound,cancelled,5,5,5
2025-04-08,ultrasound,finished,1,1,1
2025-04-08,woundCare,finished,4,4,3
2025-04-08,xRay,cancelled,1,1,1
2025-04-08,xRay,finished,3,3,3
2025-04-09,ambulance,cancelled,0,0,0
2025-04-09,doctorVisit,finished,3,3,3
2025-04-09,doppler,finished,1,1,1
2025-04-09,echocardiogram,finished,4,4,4
2025-04-09,labTest,finished,2,2,2
2025-04-09,nursing,finished,16,16,14
2025-04-09,physiotherapy,cancelled,3,3,3
2025-04-09,physiotherapy,finished,25,25,25
2025-04-09,productPurchase,finished,2,2,2
2025-04-09,woundCare,finished,3,3,3
2025-04-09,xRay,finished,1,1,1
2025-04-10,ambulance,cancelled,0,0,0
2025-04-10,doctorVisit,cancelled,2,2,2
2025-04-10,doctorVisit,finished,6,6,5
2025-04-10,doppler,finished,1,1,1
2025-04-10,echocardiogram,finished,1,1,1
2025-04-10,labTest,cancelled,1,1,1
2025-04-10,labTest,finished,8,8,8
2025-04-10,nursing,cancelled,2,2,2
2025-04-10,nursing,finished,13,13,12
2025-04-10,physiotherapy,cancelled,2,2,2
2025-04-10,physiotherapy,finished,31,31,31
2025-04-10,ultrasound,finished,3,3,3
2025-04-10,woundCare,finished,3,3,3
2025-04-10,xRay,finished,3,3,3
2025-04-11,ambulance,cancelled,0,0,0
2025-04-11,doctorVisit,cancelled,1,1,1
2025-04-11,doctorVisit,finished,5,5,5
2025-04-11,doppler,finished,1,1,1
2025-04-11,echocardiogram,finished,3,3,3
2025-04-11,labTest,finished,16,16,16
2025-04-11,nursing,finished,17,17,16
2025-04-11,physiotherapy,cancelled,2,2,2
2025-04-11,physiotherapy,finished,14,14,14
2025-04-11,productPurchase,finished,1,1,1
2025-04-11,ultrasound,finished,5,5,5
2025-04-11,woundCare,cancelled,2,2,2
2025-04-11,woundCare,finished,2,2,2
2025-04-11,xRay,finished,4,4,4
2025-04-12,ambulance,cancelled,0,0,0
2025-04-12,doctorVisit,finished,7,7,7
2025-04-12,doppler,finished,1,1,1
2025-04-12,echocardiogram,finished,1,1,1
2025-04-12,labTest,cancelled,1,1,1
2025-04-12,labTest,finished,7,7,7
2025-04-12,nursing,cancelled,1,1,1
2025-04-12,nursing,finished,21,21,18
2025-04-12,physiotherapy,cancelled,3,3,3
2025-04-12,physiotherapy,finished,38,38,38
2025-04-12,ultrasound,cancelled,1,1,1
2025-04-12,woundCare,cancelled,1,1,1
2025-04-12,xRay,finished,1,1,1
2025-04-13,ambulance,cancelled,0,0,0
2025-04-13,doctorVisit,cancelled,1,1,1
2025-04-13,doctorVisit,finished,5,5,5
2025-04-13,labTest,cancelled,1,1,1
2025-04-13,labTest,finished,3,3,3
2025-04-13,nursing,finished,18,18,16
2025-04-13,onlineConsultation,cancelled,1,1,1
2025-04-13,onlineConsultation,finished,1,1,1
2025-04-13,physiotherapy,cancelled,2,2,2
2025-04-13,physiotherapy,finished,25,25,25
2025-04-13,woundCare,cancelled,1,1,1
2025-04-13,woundCare,finished,3,3,3
2025-04-13,xRay,finished,2,2,2
2025-04-14,ambulance,cancelled,0,0,0
2025-04-14,doctorVisit,finished,3,3,3
2025-04-14,echocardiogram,finished,1,1,1
2025-04-14,labTest,cancelled,2,2,2
2025-04-14,labTest,finished,26,26,26
2025-04-14,nursing,finished,13,13,11
2025-04-14,physiotherapy,finished,25,25,25
2025-04-14,productPurchase,finished,1,1,1
2025-04-14,woundCare,cancelled,1,1,1
2025-04-14,woundCare,finished,2,2,2
2025-04-14,xRay,cancelled,1,1,1
2025-04-14,xRay,finished,25,25,25
2025-04-15,ambulance,cancelled,0,0,0
2025-04-15,doctorVisit,finished,2,2,2
2025-04-15,labTest,finished,5,5,5
2025-04-15,nursing,cancelled,1,1,1
2025-04-15,nursing,finished,15,15,13
2025-04-15,onlineConsultation,finished,1,1,1
2025-04-15,physiotherapy,cancelled,1,1,1
2025-04-15,physiotherapy,finished,28,28,28
2025-04-15,woundCare,finished,1,1,1
2025-04-15,xRay,finished,2,2,2
2025-04-16,ambulance,cancelled,0,0,0
2025-04-16,doctorVisit,finished,4,4,4
2025-04-16,doppler,finished,1,1,1
2025-04-16,labTest,finished,1,1,1
2025-04-16,nursing,finished,11,11,9
2025-04-16,onlineConsultation,finished,2,2,2
2025-04-16,physiotherapy,cancelled,1,1,1
2025-04-16,physiotherapy,finished,26,26,26
2025-04-16,productPurchase,finished,3,3,3
2025-04-16,woundCare,finished,4,4,4
2025-04-16,xRay,finished,2,2,2
2025-04-17,ambulance,cancelled,0,0,0
2025-04-17,doctorVisit,cancelled,3,3,3
2025-04-17,doctorVisit,finished,5,5,5
2025-04-17,labTest,finished,4,4,4
2025-04-17,nursing,cancelled,1,1,1
2025-04-17,nursing,finished,18,18,15
2025-04-17,physiotherapy,finished,27,27,27
2025-04-17,productPurchase,cancelled,1,1,1
2025-04-17,ultrasound,cancelled,1,1,1
2025-04-17,ultrasound,finished,3,3,3
2025-04-17,woundCare,finished,2,2,2
2025-04-17,xRay,finished,3,3,3
2025-04-18,ambulance,cancelled,0,0,0
2025-04-18,doctorVisit,cancelled,1,1,1
2025-04-18,doctorVisit,finished,8,8,8
2025-04-18,labTest,finished,5,5,5
2025-04-18,nursing,finished,16,16,14
2025-04-18,onlineConsultation,finished,1,1,1
2025-04-18,physiotherapy,cancelled,2,2,2
2025-04-18,physiotherapy,finished,16,16,16
2025-04-18,productPurchase,finished,2,2,2
2025-04-18,ultrasound,finished,3,3,3
2025-04-18,woundCare,cancelled,1,1,1
2025-04-18,woundCare,finished,3,3,2
2025-04-18,xRay,finished,2,2,2
2025-04-19,ambulance,cancelled,0,0,0
2025-04-19,doctorVisit,cancelled,1,1,1
2025-04-19,doctorVisit,finished,6,6,5
2025-04-19,echocardiogram,cancelled,1,1,1
2025-04-19,labTest,finished,6,6,6
2025-04-19,nursing,finished,17,17,15
2025-04-19,physiotherapy,cancelled,2,2,2
2025-04-19,physiotherapy,finished,28,28,28
2025-04-19,woundCare,finished,3,3,3
2025-04-19,xRay,finished,6,6,6
2025-04-20,ambulance,cancelled,0,0,0
2025-04-20,doctorVisit,cancelled,1,1,1
2025-04-20,doctorVisit,finished,9,9,9
2025-04-20,echocardiogram,finished,1,1,1
2025-04-20,labTest,finished,1,1,1
2025-04-20,nursing,finished,15,15,13
2025-04-20,physiotherapy,finished,29,29,29
2025-04-20,productPurchase,finished,2,2,2
2025-04-20,ultrasound,finished,1,1,1
2025-04-20,xRay,cancelled,1,1,1
2025-04-20,xRay,finished,4,4,4
2025-04-21,ambulance,cancelled,0,0,0
2025-04-21,doctorVisit,cancelled,1,1,1
2025-04-21,doctorVisit,finished,6,6,6
2025-04-21,doppler,finished,1,1,1
2025-04-21,labTest,finished,5,5,5
2025-04-21,nursing,cancelled,1,1,1
2025-04-21,nursing,finished,13,13,11
2025-04-21,physiotherapy,finished,27,27,27
2025-04-21,woundCare,finished,1,1,1
2025-04-21,xRay,finished,2,2,2
2025-04-22,ambulance,cancelled,0,0,0
2025-04-22,doctorVisit,cancelled,2,2,2
2025-04-22,doctorVisit,finished,5,5,5
2025-04-22,doppler,finished,1,1,1
2025-04-22,echocardiogram,finished,1,1,1
2025-04-22,labTest,finished,4,4,4
2025-04-22,nursing,cancelled,1,1,1
2025-04-22,nursing,finished,19,19,17
2025-04-22,physiotherapy,cancelled,1,1,1
2025-04-22,physiotherapy,finished,28,28,28
2025-04-22,ultrasound,finished,1,1,1
2025-04-22,woundCare,finished,3,3,3
2025-04-22,xRay,finished,1,1,1
2025-04-23,ambulance,cancelled,0,0,0
2025-04-23,ambulance,finished,1,1,1
2025-04-23,doctorVisit,cancelled,1,1,1
2025-04-23,doctorVisit,finished,6,6,6
2025-04-23,doppler,finished,2,2,2
2025-04-23,echocardiogram,finished,2,2,2
2025-04-23,labTest,cancelled,1,1,1
2025-04-23,labTest,finished,2,2,2
2025-04-23,nursing,finished,14,14,13
2025-04-23,physiotherapy,cancelled,2,2,2
2025-04-23,physiotherapy,finished,34,34,34
2025-04-23,productPurchase,finished,1,1,1
2025-04-23,ultrasound,finished,1,1,1
2025-04-23,woundCare,finished,3,3,3
2025-04-23,xRay,finished,3,3,3
2025-04-24,ambulance,cancelled,0,0,0
2025-04-24,doctorVisit,cancelled,1,1,1
2025-04-24,doctorVisit,finished,8,8,8
2025-04-24,doppler,finished,2,2,2
2025-04-24,echocardiogram,cancelled,1,1,1
2025-04-24,echocardiogram,finished,1,1,1
2025-04-24,labTest,finished,7,7,7
2025-04-24,nursing,cancelled,1,1,1
2025-04-24,nursing,finished,23,23,20
2025-04-24,physiotherapy,cancelled,2,2,2
2025-04-24,physiotherapy,finished,33,33,33
2025-04-24,productPurchase,finished,3,3,3
2025-04-24,ultrasound,cancelled,1,1,1
2025-04-24,ultrasound,finished,2,2,2
2025-04-24,woundCare,finished,2,2,2
2025-04-24,xRay,finished,2,2,2
2025-04-25,ambulance,cancelled,0,0,0
2025-04-25,doctorVisit,cancelled,1,1,1
2025-04-25,doctorVisit,finished,4,4,4
2025-04-25,doppler,finished,1,1,1
2025-04-25,echocardiogram,finished,5,5,5
2025-04-25,labTest,finished,4,4,4
2025-04-25,nursing,cancelled,1,1,1
2025-04-25,nursing,finished,19,19,14
2025-04-25,physiotherapy,cancelled,2,2,2
2025-04-25,physiotherapy,finished,16,16,16
2025-04-25,productPurchase,finished,1,1,1
2025-04-25,ultrasound,finished,2,2,2
2025-04-25,woundCare,finished,1,1,1
2025-04-25,xRay,finished,2,2,2
2025-04-26,ambulance,cancelled,0,0,0
2025-04-26,doctorVisit,cancelled,1,1,1
2025-04-26,doctorVisit,finished,10,10,10
2025-04-26,labTest,finished,6,6,6
2025-04-26,nursing,cancelled,1,1,1
2025-04-26,nursing,finished,22,22,20
2025-04-26,physiotherapy,cancelled,3,3,3
2025-04-26,physiotherapy,finished,35,35,35
2025-04-26,ultrasound,finished,1,1,1
2025-04-26,woundCare,finished,2,2,2
2025-04-26,xRay,finished,3,3,3
2025-04-27,ambulance,cancelled,0,0,0
2025-04-27,doctorVisit,finished,6,6,6
2025-04-27,echocardiogram,cancelled,1,1,1
2025-04-27,echocardiogram,finished,2,2,2
2025-04-27,labTest,finished,8,8,8
2025-04-27,nursing,cancelled,1,1,1
2025-04-27,nursing,finished,15,15,12
2025-04-27,onlineConsultation,finished,1,1,1
2025-04-27,physiotherapy,cancelled,10,10,10
2025-04-27,physiotherapy,finished,38,38,38
2025-04-27,productPurchase,finished,1,1,1
2025-04-27,ultrasound,cancelled,1,1,1
2025-04-27,ultrasound,finished,1,1,1
2025-04-27,xRay,finished,2,2,2
2025-04-28,ambulance,cancelled,0,0,0
2025-04-28,ambulance,finished,1,1,1
2025-04-28,doctorVisit,cancelled,1,1,1
2025-04-28,doctorVisit,finished,7,7,7
2025-04-28,echocardiogram,finished,2,2,2
2025-04-28,labTest,finished,7,7,7
2025-04-28,nursing,cancelled,3,3,3
2025-04-28,nursing,finished,14,14,11
2025-04-28,onlineConsultation,finished,2,2,2
2025-04-28,physiotherapy,cancelled,2,2,2
2025-04-28,physiotherapy,finished,26,26,26
2025-04-28,ultrasound,finished,2,2,2
2025-04-28,woundCare,finished,1,1,1
2025-04-28,xRay,finished,1,1,1
2025-04-29,ambulance,cancelled,0,0,0
2025-04-29,doctorVisit,finished,10,10,10
2025-04-29,echocardiogram,finished,1,1,1
2025-04-29,labTest,finished,6,6,6
2025-04-29,nursing,finished,15,15,14
2025-04-29,physiotherapy,cancelled,4,4,4
2025-04-29,physiotherapy,finished,35,35,35
2025-04-29,productPurchase,finished,3,3,3
2025-04-29,ultrasound,finished,3,3,3
2025-04-29,woundCare,cancelled,1,1,1
2025-04-29,woundCare,finished,3,3,3
2025-04-29,xRay,finished,4,4,4
2025-04-30,ambulance,cancelled,0,0,0
2025-04-30,doctorVisit,cancelled,1,1,1
2025-04-30,doctorVisit,finished,3,3,3
2025-04-30,echocardiogram,finished,1,1,1
2025-04-30,labTest,cancelled,1,1,1
2025-04-30,labTest,finished,5,5,5
2025-04-30,nursing,cancelled,1,1,1
2025-04-30,nursing,finished,19,19,16
2025-04-30,onlineConsultation,finished,1,1,1
2025-04-30,physiotherapy,cancelled,2,2,2
2025-04-30,physiotherapy,finished,25,25,25
2025-04-30,productPurchase,finished,4,4,4
2025-04-30,ultrasound,finished,2,2,2
2025-04-30,woundCare,finished,3,3,3
2025-04-30,xRay,finished,5,5,5
2025-05-01,ambulance,cancelled,0,0,0
2025-05-01,doctorVisit,finished,8,8,8
2025-05-01,doppler,finished,1,1,1
2025-05-01,echocardiogram,finished,3,3,3
2025-05-01,labTest,finished,5,5,5
2025-05-01,nursing,finished,22,22,18
2025-05-01,physiotherapy,cancelled,4,4,4
2025-05-01,physiotherapy,finished,29,29,29
2025-05-01,productPurchase,finished,3,3,3
2025-05-01,psychiatristVisit,finished,1,1,1
2025-05-01,ultrasound,finished,1,1,1
2025-05-01,woundCare,finished,6,6,5
2025-05-01,xRay,finished,3,3,3
2025-05-02,ambulance,cancelled,0,0,0
2025-05-02,doctorVisit,cancelled,1,1,1
2025-05-02,doctorVisit,finished,10,10,10
2025-05-02,doppler,finished,2,2,2
2025-05-02,echocardiogram,finished,1,1,1
2025-05-02,labTest,cancelled,2,2,2
2025-05-02,labTest,finished,5,5,5
2025-05-02,nursing,cancelled,1,1,1
2025-05-02,nursing,finished,25,25,21
2025-05-02,physiotherapy,cancelled,2,2,2
2025-05-02,physiotherapy,finished,19,19,19
2025-05-02,productPurchase,finished,3,3,3
2025-05-02,psychiatristVisit,finished,1,1,1
2025-05-02,ultrasound,finished,3,3,3
2025-05-02,woundCare,finished,2,2,2
2025-05-02,xRay,cancelled,1,1,1
2025-05-02,xRay,finished,5,5,5
2025-05-03,ambulance,cancelled,0,0,0
2025-05-03,doctorVisit,cancelled,2,2,2
2025-05-03,doctorVisit,finished,10,10,10
2025-05-03,doppler,finished,1,1,1
2025-05-03,echocardiogram,finished,1,1,1
2025-05-03,labTest,finished,12,12,11
2025-05-03,nursing,cancelled,1,1,1
2025-05-03,nursing,finished,20,20,18
2025-05-03,physiotherapy,cancelled,1,1,1
2025-05-03,physiotherapy,finished,34,34,34
2025-05-03,productPurchase,finished,1,1,1
2025-05-03,ultrasound,finished,1,1,1
2025-05-03,woundCare,finished,2,2,2
2025-05-03,xRay,finished,3,3,3
2025-05-04,ambulance,cancelled,0,0,0
2025-05-04,doctorVisit,cancelled,1,1,1
2025-05-04,doctorVisit,finished,3,3,3
2025-05-04,doppler,finished,3,3,3
2025-05-04,labTest,cancelled,1,1,1
2025-05-04,labTest,finished,7,7,7
2025-05-04,nursing,cancelled,3,3,3
2025-05-04,nursing,finished,16,16,15
2025-05-04,physiotherapy,cancelled,2,2,2
2025-05-04,physiotherapy,finished,35,35,35
2025-05-04,productPurchase,finished,4,4,4
2025-05-04,woundCare,finished,5,5,4
2025-05-04,xRay,cancelled,1,1,1
2025-05-04,xRay,finished,1,1,1
2025-05-05,ambulance,cancelled,0,0,0
2025-05-05,doctorVisit,cancelled,3,3,3
2025-05-05,doctorVisit,finished,3,3,3
2025-05-05,echocardiogram,finished,1,1,1
2025-05-05,labTest,finished,6,6,6
2025-05-05,nursing,cancelled,2,2,2
2025-05-05,nursing,finished,15,15,13
2025-05-05,onlineConsultation,finished,2,2,2
2025-05-05,physiotherapy,cancelled,2,2,2
2025-05-05,physiotherapy,finished,36,36,36
2025-05-05,productPurchase,finished,2,2,2
2025-05-05,ultrasound,finished,1,1,1
2025-05-05,woundCare,cancelled,1,1,1
2025-05-05,woundCare,finished,2,2,2
2025-05-05,xRay,cancelled,1,1,1
2025-05-05,xRay,finished,1,1,1
2025-05-06,ambulance,cancelled,0,0,0
2025-05-06,doctorVisit,finished,2,2,2
2025-05-06,echocardiogram,finished,3,3,3
2025-05-06,labTest,finished,4,4,4
2025-05-06,nursing,cancelled,1,1,1
2025-05-06,nursing,finished,20,20,18
2025-05-06,physiotherapy,finished,27,27,27
2025-05-06,productPurchase,finished,3,3,3
2025-05-06,ultrasound,finished,6,6,6
2025-05-06,woundCare,cancelled,1,1,1
2025-05-06,woundCare,finished,6,6,6
2025-05-06,xRay,cancelled,1,1,1
2025-05-06,xRay,finished,3,3,3
2025-05-07,ambulance,cancelled,0,0,0
2025-05-07,doctorVisit,finished,6,6,6
2025-05-07,doppler,finished,1,1,1
2025-05-07,labTest,cancelled,1,1,1
2025-05-07,labTest,finished,7,7,7
2025-05-07,nursing,cancelled,1,1,1
2025-05-07,nursing,finished,20,20,20
2025-05-07,onlineConsultation,finished,1,1,1
2025-05-07,physiotherapy,cancelled,3,3,3
2025-05-07,physiotherapy,finished,33,33,33
2025-05-07,productPurchase,finished,2,2,2
2025-05-07,woundCare,finished,4,4,4
2025-05-07,xRay,finished,1,1,1
2025-05-08,ambulance,cancelled,0,0,0
2025-05-08,doctorVisit,cancelled,1,1,1
2025-05-08,doctorVisit,finished,5,5,5
2025-05-08,labTest,finished,6,6,6
2025-05-08,nursing,cancelled,3,3,3
2025-05-08,nursing,finished,19,19,16
2025-05-08,physiotherapy,finished,36,36,36
2025-05-08,productPurchase,finished,1,1,1
2025-05-08,ultrasound,finished,3,3,3
2025-05-08,xRay,finished,3,3,3
2025-05-09,ambulance,cancelled,0,0,0
2025-05-09,doctorVisit,cancelled,2,2,2
2025-05-09,doctorVisit,finished,4,4,4
2025-05-09,labTest,cancelled,1,1,1
2025-05-09,labTest,finished,5,5,5
2025-05-09,nursing,cancelled,6,6,4
2025-05-09,nursing,finished,16,16,14
2025-05-09,physiotherapy,cancelled,2,2,2
2025-05-09,physiotherapy,finished,19,19,19
2025-05-09,ultrasound,finished,3,3,3
2025-05-09,woundCare,finished,2,2,2
2025-05-10,ambulance,cancelled,0,0,0
2025-05-10,doctorVisit,cancelled,2,2,2
2025-05-10,doctorVisit,finished,6,6,6
2025-05-10,doppler,finished,1,1,1
2025-05-10,eyeExam,finished,1,1,1
2025-05-10,labTest,finished,3,3,3
2025-05-10,nursing,cancelled,3,3,1
2025-05-10,nursing,finished,16,16,14
2025-05-10,physiotherapy,cancelled,1,1,1
2025-05-10,physiotherapy,finished,37,37,37
2025-05-10,productPurchase,finished,3,3,3
2025-05-10,ultrasound,cancelled,2,2,2
2025-05-10,ultrasound,finished,1,1,1
2025-05-10,woundCare,finished,3,3,3
2025-05-10,xRay,finished,3,3,3
2025-05-11,ambulance,cancelled,0,0,0
2025-05-11,doctorVisit,cancelled,2,2,2
2025-05-11,doctorVisit,finished,4,4,4
2025-05-11,doppler,cancelled,1,1,1
2025-05-11,doppler,finished,1,1,1
2025-05-11,labTest,cancelled,1,1,1
2025-05-11,labTest,finished,9,9,8
2025-05-11,nursing,cancelled,1,1,1
2025-05-11,nursing,finished,11,11,11
2025-05-11,physiotherapy,cancelled,2,2,2
2025-05-11,physiotherapy,finished,29,29,29
2025-05-11,productPurchase,finished,5,5,5
2025-05-11,woundCare,finished,7,7,7
2025-05-11,xRay,finished,2,2,2
2025-05-12,ambulance,cancelled,0,0,0
2025-05-12,doctorVisit,finished,2,2,2
2025-05-12,doppler,finished,2,2,2
2025-05-12,echocardiogram,cancelled,1,1,1
2025-05-12,labTest,finished,7,7,7
2025-05-12,nursing,cancelled,2,2,2
2025-05-12,nursing,finished,18,18,15
2025-05-12,physiotherapy,cancelled,1,1,1
2025-05-12,physiotherapy,finished,33,33,33
2025-05-12,ultrasound,cancelled,1,1,1
2025-05-12,ultrasound,finished,2,2,2
2025-05-12,woundCare,finished,1,1,1
2025-05-12,xRay,finished,1,1,1
2025-05-13,ambulance,cancelled,0,0,0
2025-05-13,doctorVisit,cancelled,2,2,2
2025-05-13,doctorVisit,finished,6,6,6
2025-05-13,doppler,finished,1,1,1
2025-05-13,labTest,finished,6,6,6
2025-05-13,nursing,cancelled,2,2,2
2025-05-13,nursing,finished,20,20,17
2025-05-13,onlineConsultation,finished,1,1,1
2025-05-13,physiotherapy,cancelled,3,3,3
2025-05-13,physiotherapy,finished,31,31,31
2025-05-13,productPurchase,cancelled,1,1,1
2025-05-13,productPurchase,finished,6,6,6
2025-05-13,ultrasound,finished,1,1,1
2025-05-13,woundCare,finished,1,1,1
2025-05-14,ambulance,cancelled,0,0,0
2025-05-14,doctorVisit,finished,4,4,4
2025-05-14,echocardiogram,finished,1,1,1
2025-05-14,labTest,cancelled,2,2,2
2025-05-14,labTest,finished,5,5,5
2025-05-14,nursing,cancelled,3,3,2
2025-05-14,nursing,finished,18,18,17
2025-05-14,physiotherapy,finished,41,41,41
2025-05-14,productPurchase,finished,1,1,1
2025-05-14,ultrasound,finished,2,2,2
2025-05-14,woundCare,finished,2,2,2
2025-05-14,xRay,finished,3,3,3
2025-05-15,ambulance,cancelled,0,0,0
2025-05-15,doctorVisit,cancelled,2,2,2
2025-05-15,doctorVisit,finished,8,8,8
2025-05-15,echocardiogram,finished,2,2,2
2025-05-15,labTest,cancelled,1,1,1
2025-05-15,labTest,finished,5,5,5
2025-05-15,nursing,cancelled,2,2,1
2025-05-15,nursing,finished,16,16,16
2025-05-15,physiotherapy,cancelled,2,2,2
2025-05-15,physiotherapy,finished,23,23,23
2025-05-15,productPurchase,finished,3,3,3
2025-05-15,psychiatristVisit,finished,1,1,1
2025-05-15,ultrasound,finished,1,1,1
2025-05-15,woundCare,finished,2,2,2
2025-05-15,xRay,finished,1,1,1
2025-05-16,ambulance,cancelled,0,0,0
2025-05-16,doctorVisit,finished,5,5,5
2025-05-16,doppler,cancelled,1,1,1
2025-05-16,doppler,finished,2,2,2
2025-05-16,labTest,finished,7,7,7
2025-05-16,nursing,cancelled,1,1,1
2025-05-16,nursing,finished,15,15,14
2025-05-16,physiotherapy,cancelled,3,3,3
2025-05-16,physiotherapy,finished,19,19,19
2025-05-16,ultrasound,finished,2,2,2
2025-05-16,woundCare,cancelled,1,1,1
2025-05-16,woundCare,finished,1,1,1
2025-05-16,xRay,finished,3,3,3
2025-05-17,ambulance,cancelled,0,0,0
2025-05-17,doctorVisit,finished,5,5,5
2025-05-17,doppler,finished,1,1,1
2025-05-17,echocardiogram,finished,1,1,1
2025-05-17,labTest,finished,1,1,1
2025-05-17,nursing,cancelled,1,1,1
2025-05-17,nursing,finished,10,10,10
2025-05-17,onlineConsultation,finished,1,1,1
2025-05-17,physiotherapy,cancelled,5,5,5
2025-05-17,physiotherapy,finished,35,35,35
2025-05-17,productPurchase,finished,2,2,2
2025-05-17,ultrasound,finished,2,2,2
2025-05-17,woundCare,finished,2,2,2
2025-05-17,xRay,finished,3,3,3
2025-05-18,ambulance,cancelled,0,0,0
2025-05-18,doctorVisit,finished,6,6,6
2025-05-18,labTest,finished,4,4,4
2025-05-18,nursing,finished,14,14,14
2025-05-18,onlineConsultation,cancelled,1,1,1
2025-05-18,physiotherapy,cancelled,1,1,1
2025-05-18,physiotherapy,finished,41,41,41
2025-05-18,productPurchase,finished,2,2,2
2025-05-18,woundCare,finished,5,5,5
2025-05-18,xRay,finished,5,5,5
2025-05-19,ambulance,cancelled,0,0,0
2025-05-19,doctorVisit,finished,7,7,7
2025-05-19,echocardiogram,finished,2,2,2
2025-05-19,labTest,finished,7,7,6
2025-05-19,nursing,cancelled,1,1,1
2025-05-19,nursing,finished,14,14,13
2025-05-19,physiotherapy,cancelled,3,3,3
2025-05-19,physiotherapy,finished,31,31,31
2025-05-19,productPurchase,finished,1,1,1
2025-05-19,ultrasound,cancelled,2,2,2
2025-05-19,ultrasound,finished,2,2,2
2025-05-19,xRay,finished,1,1,1
2025-05-20,ambulance,cancelled,0,0,0
2025-05-20,doctorVisit,finished,6,6,6
2025-05-20,doppler,finished,3,3,3
2025-05-20,labTest,finished,3,3,3
2025-05-20,nursing,finished,16,16,14
2025-05-20,physiotherapy,finished,34,34,34
2025-05-20,productPurchase,finished,1,1,1
2025-05-20,ultrasound,finished,1,1,1
2025-05-20,woundCare,finished,2,2,2
2025-05-20,xRay,finished,1,1,1
2025-05-21,ambulance,cancelled,0,0,0
2025-05-21,doctorVisit,cancelled,1,1,1
2025-05-21,doctorVisit,finished,7,7,7
2025-05-21,doppler,finished,1,1,1
2025-05-21,echocardiogram,finished,1,1,1
2025-05-21,labTest,cancelled,1,1,1
2025-05-21,labTest,finished,12,12,12
2025-05-21,nursing,cancelled,1,1,1
2025-05-21,nursing,finished,21,21,19
2025-05-21,onlineConsultation,finished,1,1,1
2025-05-21,physiotherapy,cancelled,2,2,2
2025-05-21,physiotherapy,finished,29,29,29
2025-05-21,productPurchase,finished,1,1,1
2025-05-21,ultrasound,finished,1,1,1
2025-05-21,woundCare,finished,4,4,4
2025-05-21,xRay,finished,3,3,3
2025-05-22,ambulance,cancelled,0,0,0
2025-05-22,doctorVisit,finished,3,3,3
2025-05-22,echocardiogram,cancelled,1,1,1
2025-05-22,echocardiogram,finished,1,1,1
2025-05-22,labTest,finished,1,1,1
2025-05-22,nursing,finished,30,30,25
2025-05-22,physiotherapy,cancelled,3,3,3
2025-05-22,physiotherapy,finished,35,35,35
2025-05-22,ultrasound,cancelled,1,1,1
2025-05-22,ultrasound,finished,2,2,2
2025-05-22,woundCare,finished,3,3,3
2025-05-22,xRay,finished,2,2,2
2025-05-23,ambulance,cancelled,0,0,0
2025-05-23,doctorVisit,finished,3,3,3
2025-05-23,echocardiogram,finished,1,1,1
2025-05-23,labTest,finished,5,5,5
2025-05-23,nursing,cancelled,3,3,2
2025-05-23,nursing,finished,15,15,13
2025-05-23,physiotherapy,finished,24,24,24
2025-05-23,productPurchase,finished,2,2,2
2025-05-23,ultrasound,finished,4,4,4
2025-05-23,xRay,finished,3,3,3
2025-05-24,ambulance,cancelled,0,0,0
2025-05-24,doctorVisit,finished,10,10,10
2025-05-24,labTest,finished,8,8,8
2025-05-24,nursing,cancelled,1,1,1
2025-05-24,nursing,finished,21,21,18
2025-05-24,physiotherapy,cancelled,1,1,1
2025-05-24,physiotherapy,finished,40,40,40
2025-05-24,ultrasound,finished,1,1,1
2025-05-24,woundCare,finished,2,2,2
2025-05-24,xRay,finished,1,1,1
2025-05-25,ambulance,cancelled,0,0,0
2025-05-25,doctorVisit,cancelled,2,2,2
2025-05-25,doctorVisit,finished,7,7,7
2025-05-25,echocardiogram,finished,1,1,1
2025-05-25,labTest,cancelled,1,1,1
2025-05-25,labTest,finished,4,4,4
2025-05-25,nursing,cancelled,1,1,1
2025-05-25,nursing,finished,22,22,19
2025-05-25,onlineConsultation,cancelled,1,1,1
2025-05-25,physiotherapy,cancelled,3,3,3
2025-05-25,physiotherapy,finished,34,34,34
2025-05-25,productPurchase,finished,1,1,1
2025-05-25,woundCare,finished,3,3,3
2025-05-25,xRay,finished,4,4,4
2025-05-26,ambulance,cancelled,0,0,0
2025-05-26,doctorVisit,finished,7,7,7
2025-05-26,echocardiogram,finished,1,1,1
2025-05-26,labTest,cancelled,1,1,1
2025-05-26,labTest,finished,6,6,5
2025-05-26,nursing,cancelled,1,1,1
2025-05-26,nursing,finished,22,22,19
2025-05-26,physiotherapy,cancelled,7,7,7
2025-05-26,physiotherapy,finished,28,28,28
2025-05-26,productPurchase,finished,1,1,1
2025-05-26,ultrasound,cancelled,1,1,1
2025-05-26,ultrasound,finished,3,3,3
2025-05-26,woundCare,cancelled,1,1,1
2025-05-26,xRay,finished,4,4,4
2025-05-27,ambulance,cancelled,0,0,0
2025-05-27,doctorVisit,finished,3,3,3
2025-05-27,echocardiogram,finished,1,1,1
2025-05-27,labTest,cancelled,1,1,1
2025-05-27,labTest,finished,2,2,2
2025-05-27,nursing,cancelled,2,2,2
2025-05-27,nursing,finished,16,16,14
2025-05-27,physiotherapy,cancelled,1,1,1
2025-05-27,physiotherapy,finished,39,39,39
2025-05-27,productPurchase,finished,1,1,1
2025-05-27,psychiatristVisit,finished,1,1,1
2025-05-27,ultrasound,cancelled,1,1,1
2025-05-27,ultrasound,finished,1,1,1
2025-05-27,woundCare,finished,2,2,2
2025-05-27,xRay,finished,3,3,3
2025-05-28,ambulance,cancelled,0,0,0
2025-05-28,doctorVisit,cancelled,2,2,2
2025-05-28,doctorVisit,finished,6,6,6
2025-05-28,labTest,cancelled,1,1,1
2025-05-28,labTest,finished,4,4,4
2025-05-28,nursing,cancelled,1,1,1
2025-05-28,nursing,finished,17,17,13
2025-05-28,physiotherapy,cancelled,1,1,1
2025-05-28,physiotherapy,finished,29,29,29
2025-05-28,woundCare,finished,1,1,1
2025-05-28,xRay,finished,2,2,2
2025-05-29,ambulance,cancelled,0,0,0
2025-05-29,doctorVisit,finished,6,6,6
2025-05-29,doppler,finished,1,1,1
2025-05-29,echocardiogram,cancelled,1,1,1
2025-05-29,labTest,cancelled,1,1,1
2025-05-29,labTest,finished,6,6,6
2025-05-29,nursing,finished,21,21,18
2025-05-29,physiotherapy,cancelled,1,1,1
2025-05-29,physiotherapy,finished,32,32,32
2025-05-29,ultrasound,finished,1,1,1
2025-05-29,woundCare,cancelled,1,1,1
2025-05-29,woundCare,finished,3,3,3
2025-05-29,xRay,cancelled,1,1,1
2025-05-29,xRay,finished,5,5,5
2025-05-30,ambulance,cancelled,0,0,0
2025-05-30,doctorVisit,cancelled,2,2,2
2025-05-30,doctorVisit,finished,5,5,4
2025-05-30,labTest,finished,9,9,9
2025-05-30,nursing,cancelled,1,1,1
2025-05-30,nursing,finished,16,16,13
2025-05-30,onlineConsultation,cancelled,1,1,1
2025-05-30,onlineConsultation,finished,1,1,1
2025-05-30,physiotherapy,cancelled,1,1,1
2025-05-30,physiotherapy,finished,22,22,22
2025-05-30,psychiatristVisit,finished,1,1,1
2025-05-30,ultrasound,finished,1,1,1
2025-05-30,woundCare,finished,2,2,1
2025-05-30,xRay,finished,1,1,1
2025-05-31,ambulance,cancelled,0,0,0
2025-05-31,doctorVisit,cancelled,2,2,2
2025-05-31,doctorVisit,finished,4,4,4
2025-05-31,labTest,cancelled,1,1,1
2025-05-31,labTest,finished,5,5,5
2025-05-31,nursing,finished,22,22,19
2025-05-31,physiotherapy,cancelled,2,2,2
2025-05-31,physiotherapy,finished,32,32,32
2025-05-31,productPurchase,finished,3,3,2
2025-05-31,ultrasound,finished,1,1,1
2025-05-31,woundCare,finished,2,2,2
2025-05-31,xRay,finished,3,3,3
2025-06-01,ambulance,cancelled,0,0,0
2025-06-01,doctorVisit,cancelled,1,1,1
2025-06-01,doctorVisit,finished,5,5,5
2025-06-01,doppler,finished,1,1,1
2025-06-01,labTest,finished,3,3,3
2025-06-01,nursing,cancelled,1,1,1
2025-06-01,nursing,finished,20,20,15
2025-06-01,physiotherapy,finished,28,28,28
2025-06-01,productPurchase,cancelled,1,1,1
2025-06-01,productPurchase,finished,1,1,1
2025-06-01,psychiatristVisit,finished,1,1,1
2025-06-01,ultrasound,cancelled,1,1,1
2025-06-01,ultrasound,finished,1,1,1
2025-06-01,woundCare,finished,1,1,1
2025-06-01,xRay,finished,2,2,2
2025-06-02,ambulance,cancelled,0,0,0
2025-06-02,doctorVisit,finished,7,7,7
2025-06-02,echocardiogram,finished,1,1,1
2025-06-02,labTest,finished,7,7,7
2025-06-02,nursing,cancelled,1,1,1
2025-06-02,nursing,finished,30,30,24
2025-06-02,onlineConsultation,finished,1,1,1
2025-06-02,physiotherapy,finished,23,23,23
2025-06-02,productPurchase,finished,1,1,1
2025-06-02,ultrasound,finished,1,1,1
2025-06-02,woundCare,finished,2,2,2
2025-06-02,xRay,finished,2,2,2
2025-06-03,ambulance,cancelled,0,0,0
2025-06-03,doctorVisit,cancelled,1,1,1
2025-06-03,doctorVisit,finished,7,7,7
2025-06-03,echocardiogram,finished,3,3,3
2025-06-03,eyeExam,finished,1,1,1
2025-06-03,labTest,cancelled,1,1,1
2025-06-03,labTest,finished,8,8,8
2025-06-03,nursing,finished,31,31,24
2025-06-03,physiotherapy,cancelled,1,1,1
2025-06-03,physiotherapy,finished,30,30,30
2025-06-03,ultrasound,finished,2,2,2
2025-06-03,woundCare,cancelled,2,2,2
2025-06-03,xRay,finished,6,6,6
2025-06-04,ambulance,cancelled,0,0,0
2025-06-04,doctorVisit,finished,7,7,7
2025-06-04,doppler,finished,1,1,1
2025-06-04,labTest,cancelled,1,1,1
2025-06-04,labTest,finished,10,10,9
2025-06-04,nursing,finished,30,30,23
2025-06-04,physiotherapy,cancelled,2,2,2
2025-06-04,physiotherapy,finished,27,27,27
2025-06-04,productPurchase,finished,1,1,1
2025-06-04,ultrasound,cancelled,1,1,1
2025-06-04,ultrasound,finished,3,3,3
2025-06-04,woundCare,finished,1,1,1
2025-06-04,xRay,finished,2,2,2
2025-06-05,ambulance,cancelled,0,0,0
2025-06-05,doctorVisit,cancelled,1,1,1
2025-06-05,doctorVisit,finished,6,6,6
2025-06-05,echocardiogram,finished,1,1,1
2025-06-05,labTest,cancelled,1,1,1
2025-06-05,labTest,finished,3,3,3
2025-06-05,nursing,cancelled,1,1,1
2025-06-05,nursing,finished,27,27,23
2025-06-05,physiotherapy,finished,22,22,22
2025-06-05,ultrasound,finished,2,2,2
2025-06-05,woundCare,finished,4,4,4
2025-06-05,xRay,finished,2,2,2
2025-06-06,ambulance,cancelled,0,0,0
2025-06-06,doctorVisit,finished,4,4,4
2025-06-06,doppler,finished,1,1,1
2025-06-06,echocardiogram,finished,1,1,1
2025-06-06,labTest,finished,7,7,7
2025-06-06,nursing,cancelled,1,1,1
2025-06-06,nursing,finished,23,23,18
2025-06-06,physiotherapy,finished,12,12,12
2025-06-06,ultrasound,finished,2,2,2
2025-06-06,woundCare,finished,2,2,2
2025-06-06,xRay,finished,3,3,3
2025-06-07,ambulance,cancelled,0,0,0
2025-06-07,doctorVisit,cancelled,1,1,1
2025-06-07,doctorVisit,finished,4,4,4
2025-06-07,echocardiogram,finished,1,1,1
2025-06-07,labTest,cancelled,1,1,1
2025-06-07,labTest,finished,5,5,5
2025-06-07,nursing,cancelled,3,3,3
2025-06-07,nursing,finished,24,24,23
2025-06-07,onlineConsultation,finished,1,1,1
2025-06-07,physiotherapy,cancelled,1,1,1
2025-06-07,physiotherapy,finished,13,13,13
2025-06-07,psychiatristVisit,finished,1,1,1
2025-06-07,woundCare,finished,1,1,1
2025-06-08,ambulance,cancelled,0,0,0
2025-06-08,doctorVisit,cancelled,2,2,2
2025-06-08,doctorVisit,finished,10,10,10
2025-06-08,labTest,finished,5,5,5
2025-06-08,nursing,cancelled,4,4,3
2025-06-08,nursing,finished,22,22,20
2025-06-08,physiotherapy,cancelled,4,4,4
2025-06-08,physiotherapy,finished,13,13,13
2025-06-08,ultrasound,finished,2,2,2
2025-06-08,woundCare,cancelled,1,1,1
2025-06-08,xRay,finished,3,3,3
2025-06-09,ambulance,cancelled,0,0,0
2025-06-09,doctorVisit,cancelled,4,4,4
2025-06-09,doctorVisit,finished,1,1,1
2025-06-09,labTest,finished,6,6,6
2025-06-09,nursing,cancelled,7,7,6
2025-06-09,nursing,finished,19,19,17
2025-06-09,physiotherapy,cancelled,4,4,4
2025-06-09,physiotherapy,finished,21,21,21
2025-06-09,psychiatristVisit,finished,1,1,1
2025-06-09,woundCare,cancelled,1,1,1
2025-06-09,woundCare,finished,3,3,3
2025-06-09,xRay,finished,2,2,2
2025-06-10,ambulance,cancelled,0,0,0
2025-06-10,doctorVisit,cancelled,1,1,1
2025-06-10,doctorVisit,finished,11,11,11
2025-06-10,echocardiogram,finished,2,2,2
2025-06-10,labTest,finished,5,5,5
2025-06-10,nursing,cancelled,5,5,3
2025-06-10,nursing,finished,26,26,23
2025-06-10,physiotherapy,finished,29,29,29
2025-06-10,woundCare,cancelled,1,1,1
2025-06-10,woundCare,finished,2,2,2
2025-06-10,xRay,cancelled,1,1,1
2025-06-10,xRay,finished,2,2,2
2025-06-11,ambulance,cancelled,0,0,0
2025-06-11,doctorVisit,cancelled,1,1,1
2025-06-11,doctorVisit,finished,6,6,6
2025-06-11,labTest,cancelled,1,1,1
2025-06-11,labTest,finished,12,12,12
2025-06-11,nursing,cancelled,2,2,1
2025-06-11,nursing,finished,17,17,17
2025-06-11,physiotherapy,cancelled,1,1,1
2025-06-11,physiotherapy,finished,24,24,24
2025-06-11,ultrasound,finished,3,3,3
2025-06-11,woundCare,finished,3,3,3
2025-06-11,xRay,finished,3,3,3
2025-06-12,ambulance,cancelled,0,0,0
2025-06-12,doctorVisit,cancelled,1,1,1
2025-06-12,doctorVisit,finished,6,6,6
2025-06-12,labTest,finished,2,2,2
2025-06-12,nursing,cancelled,2,2,2
2025-06-12,nursing,finished,12,12,12
2025-06-12,physiotherapy,cancelled,1,1,1
2025-06-12,physiotherapy,finished,34,34,34
2025-06-12,ultrasound,finished,2,2,2
2025-06-12,woundCare,finished,1,1,1
2025-06-12,xRay,finished,1,1,1
2025-06-13,ambulance,cancelled,0,0,0
2025-06-13,doctorVisit,finished,10,10,10
2025-06-13,doppler,finished,1,1,1
2025-06-13,labTest,cancelled,1,1,1
2025-06-13,labTest,finished,8,8,8
2025-06-13,nursing,cancelled,1,1,1
2025-06-13,nursing,finished,13,13,13
2025-06-13,onlineConsultation,finished,1,1,1
2025-06-13,physiotherapy,cancelled,4,4,4
2025-06-13,physiotherapy,finished,21,21,21
2025-06-13,woundCare,finished,3,3,3
2025-06-13,xRay,finished,2,2,2
2025-06-14,ambulance,cancelled,0,0,0
2025-06-14,ambulance,finished,1,1,1
2025-06-14,doctorVisit,cancelled,4,4,4
2025-06-14,doctorVisit,finished,9,9,9
2025-06-14,labTest,finished,9,9,9
2025-06-14,nursing,finished,14,14,13
2025-06-14,onlineConsultation,cancelled,1,1,1
2025-06-14,onlineConsultation,finished,1,1,1
2025-06-14,physiotherapy,cancelled,5,5,5
2025-06-14,physiotherapy,finished,35,35,35
2025-06-14,productPurchase,finished,1,1,1
2025-06-14,ultrasound,finished,2,2,2
2025-06-14,woundCare,finished,2,2,2
2025-06-14,xRay,cancelled,1,1,1
2025-06-15,ambulance,cancelled,0,0,0
2025-06-15,doctorVisit,cancelled,1,1,1
2025-06-15,doctorVisit,finished,7,7,7
2025-06-15,doppler,finished,1,1,1
2025-06-15,echocardiogram,finished,1,1,1
2025-06-15,labTest,finished,1,1,1
2025-06-15,nursing,finished,21,21,19
2025-06-15,onlineConsultation,finished,1,1,1
2025-06-15,physiotherapy,cancelled,2,2,2
2025-06-15,physiotherapy,finished,38,38,38
2025-06-15,productPurchase,finished,1,1,1
2025-06-15,ultrasound,finished,2,2,2
2025-06-15,woundCare,finished,2,2,2
2025-06-15,xRay,finished,3,3,3
2025-06-16,ambulance,cancelled,0,0,0
2025-06-16,ambulance,finished,1,1,1
2025-06-16,doctorVisit,cancelled,1,1,1
2025-06-16,doctorVisit,finished,5,5,5
2025-06-16,doppler,finished,1,1,1
2025-06-16,labTest,finished,6,6,6
2025-06-16,nursing,finished,28,28,24
2025-06-16,physiotherapy,cancelled,1,1,1
2025-06-16,physiotherapy,finished,29,29,29
2025-06-16,productPurchase,finished,4,4,1
2025-06-16,ultrasound,finished,1,1,1
2025-06-16,woundCare,finished,2,2,2
2025-06-16,xRay,finished,2,2,2
2025-06-17,ambulance,cancelled,0,0,0
2025-06-17,doctorVisit,cancelled,1,1,1
2025-06-17,doctorVisit,finished,10,10,10
2025-06-17,doppler,finished,1,1,1
2025-06-17,labTest,cancelled,1,1,1
2025-06-17,labTest,finished,2,2,2
2025-06-17,nursing,finished,27,27,24
2025-06-17,physiotherapy,cancelled,4,4,4
2025-06-17,physiotherapy,finished,40,40,40
2025-06-17,productPurchase,finished,1,1,1
2025-06-17,ultrasound,finished,2,2,2
2025-06-17,woundCare,finished,2,2,2
2025-06-17,xRay,finished,3,3,3
2025-06-18,ambulance,cancelled,0,0,0
2025-06-18,ambulance,finished,1,1,1
2025-06-18,doctorVisit,finished,4,4,4
2025-06-18,labTest,finished,6,6,6
2025-06-18,nursing,cancelled,2,2,2
2025-06-18,nursing,finished,23,23,22
2025-06-18,physiotherapy,cancelled,3,3,3
2025-06-18,physiotherapy,finished,31,31,31
2025-06-18,ultrasound,cancelled,1,1,1
2025-06-18,ultrasound,finished,1,1,1
2025-06-18,woundCare,finished,3,3,3
2025-06-18,xRay,finished,3,3,3
2025-06-19,ambulance,cancelled,0,0,0
2025-06-19,doctorVisit,finished,6,6,6
2025-06-19,labTest,finished,4,4,4
2025-06-19,nursing,cancelled,3,3,3
2025-06-19,nursing,finished,31,31,26
2025-06-19,physiotherapy,cancelled,2,2,2
2025-06-19,physiotherapy,finished,30,30,30
2025-06-19,woundCare,finished,3,3,3
2025-06-19,xRay,finished,1,1,1
2025-06-20,ambulance,cancelled,0,0,0
2025-06-20,doctorVisit,finished,3,3,3
2025-06-20,doppler,finished,1,1,1
2025-06-20,echocardiogram,finished,2,2,2
2025-06-20,labTest,cancelled,1,1,1
2025-06-20,labTest,finished,4,4,4
2025-06-20,nursing,cancelled,3,3,3
2025-06-20,nursing,finished,23,23,18
2025-06-20,onlineConsultation,finished,1,1,1
2025-06-20,physiotherapy,cancelled,1,1,1
2025-06-20,physiotherapy,finished,19,19,19
2025-06-20,productPurchase,finished,1,1,1
2025-06-20,ultrasound,cancelled,1,1,1
2025-06-20,ultrasound,finished,1,1,1
2025-06-20,woundCare,cancelled,1,1,1
2025-06-20,woundCare,finished,8,8,8
2025-06-20,xRay,finished,3,3,3
2025-06-21,ambulance,cancelled,0,0,0
2025-06-21,doctorVisit,cancelled,3,3,3
2025-06-21,doctorVisit,finished,9,9,9
2025-06-21,echocardiogram,finished,2,2,2
2025-06-21,labTest,finished,10,10,10
2025-06-21,nursing,cancelled,3,3,3
2025-06-21,nursing,finished,29,29,26
2025-06-21,onlineConsultation,finished,3,3,3
2025-06-21,physiotherapy,finished,42,42,42
2025-06-21,woundCare,finished,5,5,5
2025-06-21,xRay,finished,4,4,4
2025-06-22,ambulance,cancelled,0,0,0
2025-06-22,doctorVisit,cancelled,3,3,3
2025-06-22,doctorVisit,finished,6,6,6
2025-06-22,labTest,cancelled,1,1,1
2025-06-22,labTest,finished,4,4,3
2025-06-22,nursing,cancelled,1,1,1
2025-06-22,nursing,finished,24,24,22
2025-06-22,physiotherapy,cancelled,3,3,3
2025-06-22,physiotherapy,finished,36,36,36
2025-06-22,productPurchase,finished,1,1,1
2025-06-22,ultrasound,finished,3,3,3
2025-06-22,woundCare,finished,5,5,5
2025-06-22,xRay,cancelled,2,2,2
2025-06-22,xRay,finished,5,5,5
2025-06-23,ambulance,cancelled,0,0,0
2025-06-23,ambulance,finished,1,1,1
2025-06-23,doctorVisit,cancelled,1,1,1
2025-06-23,doctorVisit,finished,5,5,5
2025-06-23,echocardiogram,finished,2,2,2
2025-06-23,labTest,cancelled,3,3,3
2025-06-23,labTest,finished,4,4,4
2025-06-23,nursing,finished,20,20,19
2025-06-23,physiotherapy,cancelled,2,2,2
2025-06-23,physiotherapy,finished,31,31,31
2025-06-23,ultrasound,cancelled,1,1,1
2025-06-23,ultrasound,finished,1,1,1
2025-06-23,woundCare,cancelled,1,1,1
2025-06-23,woundCare,finished,5,5,5
2025-06-23,xRay,finished,4,4,4
2025-06-24,ambulance,cancelled,0,0,0
2025-06-24,doctorVisit,cancelled,1,1,1
2025-06-24,doctorVisit,finished,6,6,6
2025-06-24,doppler,finished,2,2,2
2025-06-24,echocardiogram,finished,1,1,1
2025-06-24,labTest,cancelled,1,1,1
2025-06-24,labTest,finished,7,7,7
2025-06-24,nursing,finished,19,19,18
2025-06-24,onlineConsultation,cancelled,1,1,1
2025-06-24,onlineConsultation,finished,1,1,1
2025-06-24,physiotherapy,cancelled,4,4,4
2025-06-24,physiotherapy,finished,40,40,40
2025-06-24,productPurchase,finished,3,3,2
2025-06-24,ultrasound,finished,1,1,1
2025-06-24,woundCare,finished,7,7,7
2025-06-24,xRay,finished,1,1,1
2025-06-25,ambulance,cancelled,0,0,0
2025-06-25,doctorVisit,finished,6,6,6
2025-06-25,echocardiogram,finished,1,1,1
2025-06-25,labTest,finished,6,6,6
2025-06-25,nursing,finished,16,16,15
2025-06-25,onlineConsultation,cancelled,1,1,1
2025-06-25,onlineConsultation,finished,1,1,1
2025-06-25,physiotherapy,cancelled,2,2,2
2025-06-25,physiotherapy,finished,31,31,31
2025-06-25,productPurchase,finished,2,2,2
2025-06-25,ultrasound,finished,5,5,5
2025-06-25,woundCare,finished,3,3,3
2025-06-25,xRay,finished,2,2,2
2025-06-26,ambulance,cancelled,0,0,0
2025-06-26,doctorVisit,cancelled,2,2,2
2025-06-26,doctorVisit,finished,10,10,10
2025-06-26,echocardiogram,finished,3,3,3
2025-06-26,labTest,cancelled,2,2,2
2025-06-26,labTest,finished,8,8,8
2025-06-26,nursing,cancelled,2,2,2
2025-06-26,nursing,finished,20,20,18
2025-06-26,onlineConsultation,cancelled,1,1,1
2025-06-26,physiotherapy,cancelled,1,1,1
2025-06-26,physiotherapy,finished,44,44,44
2025-06-26,productPurchase,finished,2,2,2
2025-06-26,ultrasound,finished,1,1,1
2025-06-26,woundCare,finished,10,10,9
2025-06-26,xRay,finished,2,2,2
2025-06-27,ambulance,cancelled,0,0,0
2025-06-27,doctorVisit,cancelled,1,1,1
2025-06-27,doctorVisit,finished,9,9,9
2025-06-27,echocardiogram,finished,1,1,1
2025-06-27,labTest,finished,8,8,8
2025-06-27,nursing,cancelled,3,3,3
2025-06-27,nursing,finished,26,26,23
2025-06-27,physiotherapy,cancelled,2,2,2
2025-06-27,physiotherapy,finished,26,26,26
2025-06-27,productPurchase,finished,2,2,2
2025-06-27,ultrasound,finished,1,1,1
2025-06-27,woundCare,finished,5,5,5
2025-06-27,xRay,finished,3,3,3
2025-06-28,ambulance,cancelled,0,0,0
2025-06-28,doctorVisit,cancelled,2,2,2
2025-06-28,doctorVisit,finished,13,13,13
2025-06-28,doppler,finished,2,2,2
2025-06-28,echocardiogram,finished,2,2,2
2025-06-28,eyeExam,finished,1,1,1
2025-06-28,labTest,finished,7,7,7
2025-06-28,nursing,cancelled,2,2,2
2025-06-28,nursing,finished,20,20,16
2025-06-28,onlineConsultation,cancelled,1,1,1
2025-06-28,physiotherapy,finished,36,36,36
2025-06-28,productPurchase,finished,11,11,9
2025-06-28,ultrasound,finished,2,2,2
2025-06-28,woundCare,finished,6,6,6
2025-06-28,xRay,cancelled,1,1,1
2025-06-28,xRay,finished,5,5,5
2025-06-29,ambulance,cancelled,0,0,0
2025-06-29,doctorVisit,cancelled,2,2,2
2025-06-29,doctorVisit,finished,3,3,3
2025-06-29,echocardiogram,finished,3,3,3
2025-06-29,labTest,cancelled,2,2,2
2025-06-29,labTest,finished,7,7,7
2025-06-29,nursing,finished,20,20,18
2025-06-29,physiotherapy,cancelled,3,3,3
2025-06-29,physiotherapy,finished,36,36,36
2025-06-29,productPurchase,finished,1,1,1
2025-06-29,ultrasound,finished,2,2,2
2025-06-29,woundCare,cancelled,1,1,1
2025-06-29,woundCare,finished,6,6,6
2025-06-29,xRay,finished,4,4,4
2025-06-30,ambulance,cancelled,0,0,0
2025-06-30,doctorVisit,cancelled,2,2,2
2025-06-30,doctorVisit,finished,7,7,7
2025-06-30,labTest,finished,8,8,8
2025-06-30,nursing,finished,26,26,24
2025-06-30,physiotherapy,cancelled,5,5,5
2025-06-30,physiotherapy,finished,41,41,41
2025-06-30,productPurchase,finished,1,1,1
2025-06-30,productPurchase,started,1,1,1
2025-06-30,ultrasound,finished,1,1,1
2025-06-30,woundCare,finished,1,1,1
2025-06-30,xRay,finished,2,2,2
2025-07-01,ambulance,cancelled,0,0,0
2025-07-01,doctorVisit,cancelled,1,1,1
2025-07-01,doctorVisit,finished,6,6,6
2025-07-01,echocardiogram,finished,2,2,2
2025-07-01,eyeExam,finished,1,1,1
2025-07-01,labTest,finished,9,9,9
2025-07-01,nursing,cancelled,1,1,1
2025-07-01,nursing,finished,19,19,16
2025-07-01,physiotherapy,cancelled,1,1,1
2025-07-01,physiotherapy,finished,38,38,38
2025-07-01,productPurchase,finished,1,1,1
2025-07-01,ultrasound,finished,3,3,3
2025-07-01,woundCare,cancelled,1,1,1
2025-07-01,woundCare,finished,7,7,7
2025-07-01,xRay,finished,1,1,1
2025-07-02,ambulance,cancelled,0,0,0
2025-07-02,ambulance,finished,1,1,1
2025-07-02,doctorVisit,cancelled,1,1,1
2025-07-02,doctorVisit,finished,2,2,2
2025-07-02,labTest,cancelled,1,1,1
2025-07-02,labTest,finished,1,1,1
2025-07-02,nursing,cancelled,2,2,2
2025-07-02,nursing,finished,19,19,17
2025-07-02,onlineConsultation,finished,1,1,1
2025-07-02,physiotherapy,finished,44,44,44
2025-07-02,productPurchase,finished,2,2,2
2025-07-02,ultrasound,cancelled,1,1,1
2025-07-02,ultrasound,finished,1,1,1
2025-07-02,woundCare,cancelled,2,2,2
2025-07-02,woundCare,finished,5,5,5
2025-07-02,xRay,cancelled,1,1,1
2025-07-02,xRay,finished,3,3,3
2025-07-03,ambulance,cancelled,0,0,0
2025-07-03,doctorVisit,cancelled,2,2,2
2025-07-03,doctorVisit,finished,8,8,8
2025-07-03,labTest,finished,8,8,8
2025-07-03,labTest,started,1,1,1
2025-07-03,nursing,cancelled,4,4,3
2025-07-03,nursing,finished,19,19,18
2025-07-03,physiotherapy,cancelled,1,1,1
2025-07-03,physiotherapy,finished,36,36,36
2025-07-03,productPurchase,finished,1,1,1
2025-07-03,ultrasound,finished,2,2,2
2025-07-03,woundCare,finished,5,5,5
2025-07-03,xRay,cancelled,1,1,1
2025-07-04,ambulance,cancelled,0,0,0
2025-07-04,doctorVisit,finished,11,11,11
2025-07-04,doppler,cancelled,1,1,1
2025-07-04,echocardiogram,finished,1,1,1
2025-07-04,labTest,cancelled,2,2,2
2025-07-04,labTest,finished,8,8,7
2025-07-04,nursing,finished,21,21,19
2025-07-04,physiotherapy,finished,28,28,28
2025-07-04,ultrasound,cancelled,1,1,1
2025-07-04,ultrasound,finished,1,1,1
2025-07-04,woundCare,finished,3,3,3
2025-07-04,xRay,finished,4,4,4
2025-07-05,ambulance,cancelled,0,0,0
2025-07-05,doctorVisit,cancelled,2,2,2
2025-07-05,doctorVisit,finished,7,7,7
2025-07-05,echocardiogram,finished,4,4,4
2025-07-05,labTest,finished,5,5,5
2025-07-05,nursing,cancelled,1,1,1
2025-07-05,nursing,finished,27,27,24
2025-07-05,onlineConsultation,finished,1,1,1
2025-07-05,physiotherapy,cancelled,5,5,5
2025-07-05,physiotherapy,finished,34,34,34
2025-07-05,productPurchase,finished,7,7,7
2025-07-05,psychiatristVisit,cancelled,1,1,1
2025-07-05,ultrasound,finished,3,3,3
2025-07-05,woundCare,finished,11,11,11
2025-07-05,xRay,finished,2,2,2
2025-07-06,ambulance,cancelled,0,0,0
2025-07-06,doctorVisit,cancelled,1,1,1
2025-07-06,doctorVisit,finished,7,7,7
2025-07-06,labTest,finished,5,5,5
2025-07-06,nursing,finished,25,25,21
2025-07-06,physiotherapy,finished,22,22,22
2025-07-06,psychiatristVisit,finished,1,1,1
2025-07-06,ultrasound,cancelled,1,1,1
2025-07-06,ultrasound,finished,1,1,1
2025-07-06,woundCare,finished,1,1,1
2025-07-06,xRay,finished,2,2,2
2025-07-07,ambulance,cancelled,0,0,0
2025-07-07,doctorVisit,cancelled,1,1,1
2025-07-07,doctorVisit,finished,9,9,9
2025-07-07,echocardiogram,finished,2,2,2
2025-07-07,eyeExam,finished,1,1,1
2025-07-07,labTest,finished,6,6,6
2025-07-07,nursing,cancelled,1,1,1
2025-07-07,nursing,finished,19,19,16
2025-07-07,onlineConsultation,finished,1,1,1
2025-07-07,physiotherapy,cancelled,2,2,2
2025-07-07,physiotherapy,finished,46,46,46
2025-07-07,productPurchase,finished,1,1,1
2025-07-07,ultrasound,cancelled,1,1,1
2025-07-07,ultrasound,finished,1,1,1
2025-07-07,woundCare,finished,2,2,2
2025-07-07,xRay,finished,6,6,6
2025-07-08,ambulance,cancelled,0,0,0
2025-07-08,doctorVisit,cancelled,2,2,2
2025-07-08,doctorVisit,finished,6,6,6
2025-07-08,doppler,finished,1,1,1
2025-07-08,echocardiogram,finished,1,1,1
2025-07-08,eyeExam,finished,1,1,1
2025-07-08,labTest,finished,7,7,7
2025-07-08,nursing,finished,31,31,30
2025-07-08,onlineConsultation,finished,2,2,2
2025-07-08,physiotherapy,cancelled,2,2,2
2025-07-08,physiotherapy,finished,41,41,41
2025-07-08,ultrasound,cancelled,1,1,1
2025-07-08,ultrasound,finished,2,2,2
2025-07-08,woundCare,finished,2,2,2
2025-07-08,xRay,finished,2,2,2
2025-07-09,ambulance,cancelled,0,0,0
2025-07-09,doctorVisit,cancelled,4,4,4
2025-07-09,doctorVisit,finished,10,10,10
2025-07-09,labTest,finished,10,10,10
2025-07-09,nursing,cancelled,1,1,1
2025-07-09,nursing,finished,29,29,26
2025-07-09,physiotherapy,finished,43,43,43
2025-07-09,ultrasound,finished,3,3,3
2025-07-09,woundCare,finished,6,6,6
2025-07-09,xRay,finished,2,2,2
2025-07-10,ambulance,cancelled,0,0,0
2025-07-10,doctorVisit,cancelled,1,1,1
2025-07-10,doctorVisit,finished,5,5,5
2025-07-10,echocardiogram,finished,2,2,2
2025-07-10,labTest,cancelled,1,1,1
2025-07-10,labTest,finished,9,9,8
2025-07-10,nursing,cancelled,1,1,1
2025-07-10,nursing,finished,22,22,18
2025-07-10,physiotherapy,cancelled,2,2,2
2025-07-10,physiotherapy,finished,36,36,36
2025-07-10,ultrasound,finished,1,1,1
2025-07-10,woundCare,finished,3,3,3
2025-07-11,ambulance,cancelled,0,0,0
2025-07-11,doctorVisit,cancelled,1,1,1
2025-07-11,doctorVisit,finished,8,8,8
2025-07-11,eyeExam,finished,2,2,2
2025-07-11,labTest,finished,6,6,6
2025-07-11,nursing,cancelled,2,2,1
2025-07-11,nursing,finished,26,26,25
2025-07-11,physiotherapy,cancelled,3,3,3
2025-07-11,physiotherapy,finished,32,32,32
2025-07-11,ultrasound,finished,1,1,1
2025-07-11,woundCare,cancelled,1,1,1
2025-07-11,xRay,cancelled,1,1,1
2025-07-11,xRay,finished,3,3,3
2025-07-12,ambulance,cancelled,0,0,0
2025-07-12,doctorVisit,cancelled,2,2,2
2025-07-12,doctorVisit,finished,12,12,12
2025-07-12,doppler,cancelled,1,1,1
2025-07-12,labTest,finished,11,11,11
2025-07-12,nursing,cancelled,3,3,2
2025-07-12,nursing,finished,23,23,21
2025-07-12,physiotherapy,finished,45,45,45
2025-07-12,ultrasound,finished,3,3,3
2025-07-12,woundCare,finished,4,4,4
2025-07-12,xRay,finished,2,2,2
2025-07-13,ambulance,cancelled,0,0,0
2025-07-13,doctorVisit,cancelled,1,1,1
2025-07-13,doctorVisit,finished,8,8,7
2025-07-13,echocardiogram,finished,2,2,2
2025-07-13,eyeExam,finished,1,1,1
2025-07-13,labTest,finished,5,5,5
2025-07-13,nursing,finished,21,21,20
2025-07-13,physiotherapy,cancelled,2,2,2
2025-07-13,physiotherapy,finished,49,49,49
2025-07-13,ultrasound,finished,1,1,1
2025-07-13,woundCare,finished,5,5,5
2025-07-13,xRay,finished,2,2,2
2025-07-14,ambulance,cancelled,0,0,0
2025-07-14,doctorVisit,cancelled,1,1,1
2025-07-14,doctorVisit,finished,11,11,11
2025-07-14,echocardiogram,finished,3,3,3
2025-07-14,eyeExam,finished,1,1,1
2025-07-14,labTest,finished,8,8,8
2025-07-14,nursing,cancelled,3,3,2
2025-07-14,nursing,finished,19,19,19
2025-07-14,physiotherapy,cancelled,4,4,4
2025-07-14,physiotherapy,finished,37,37,37
2025-07-14,psychiatristVisit,finished,1,1,1
2025-07-14,ultrasound,cancelled,1,1,1
2025-07-14,ultrasound,finished,3,3,3
2025-07-14,woundCare,finished,6,6,5
2025-07-14,xRay,finished,2,2,2
2025-07-15,ambulance,cancelled,0,0,0
2025-07-15,doctorVisit,cancelled,1,1,1
2025-07-15,doctorVisit,finished,5,5,5
2025-07-15,doppler,finished,1,1,1
2025-07-15,echocardiogram,finished,2,2,2
2025-07-15,labTest,cancelled,1,1,1
2025-07-15,labTest,finished,12,12,12
2025-07-15,nursing,cancelled,1,1,1
2025-07-15,nursing,finished,20,20,19
2025-07-15,physiotherapy,finished,51,51,51
2025-07-15,productPurchase,finished,1,1,1
2025-07-15,ultrasound,finished,2,2,2
2025-07-15,woundCare,finished,4,4,4
2025-07-15,xRay,finished,4,4,4
2025-07-16,ambulance,cancelled,0,0,0
2025-07-16,ambulance,finished,1,1,1
2025-07-16,doctorVisit,cancelled,1,1,1
2025-07-16,doctorVisit,finished,3,3,3
2025-07-16,echocardiogram,finished,2,2,2
2025-07-16,labTest,finished,3,3,3
2025-07-16,nursing,finished,16,16,16
2025-07-16,physiotherapy,cancelled,2,2,2
2025-07-16,physiotherapy,finished,39,39,38
2025-07-16,productPurchase,finished,1,1,1
2025-07-16,ultrasound,finished,1,1,1
2025-07-16,woundCare,finished,6,6,6
2025-07-17,ambulance,cancelled,0,0,0
2025-07-17,doctorVisit,cancelled,1,1,1
2025-07-17,doctorVisit,finished,12,12,12
2025-07-17,doppler,finished,1,1,1
2025-07-17,echocardiogram,finished,1,1,1
2025-07-17,labTest,finished,6,6,6
2025-07-17,nursing,cancelled,1,1,1
2025-07-17,nursing,finished,23,23,21
2025-07-17,physiotherapy,cancelled,1,1,1
2025-07-17,physiotherapy,finished,53,53,53
2025-07-17,productPurchase,finished,2,2,2
2025-07-17,ultrasound,finished,4,4,4
2025-07-17,woundCare,finished,6,6,6
2025-07-17,xRay,finished,3,3,3
2025-07-18,ambulance,cancelled,0,0,0
2025-07-18,doctorVisit,cancelled,2,2,2
2025-07-18,doctorVisit,finished,4,4,4
2025-07-18,doppler,finished,1,1,1
2025-07-18,labTest,finished,5,5,5
2025-07-18,nursing,cancelled,1,1,1
2025-07-18,nursing,finished,21,21,19
2025-07-18,physiotherapy,finished,26,26,26
2025-07-18,ultrasound,finished,4,4,4
2025-07-18,woundCare,cancelled,1,1,1
2025-07-18,woundCare,finished,1,1,1
2025-07-18,xRay,finished,3,3,3
2025-07-19,ambulance,cancelled,0,0,0
2025-07-19,doctorVisit,cancelled,1,1,1
2025-07-19,doctorVisit,finished,8,8,8
2025-07-19,echocardiogram,finished,1,1,1
2025-07-19,labTest,finished,6,6,6
2025-07-19,nursing,cancelled,1,1,1
2025-07-19,nursing,finished,28,28,22
2025-07-19,physiotherapy,cancelled,1,1,1
2025-07-19,physiotherapy,finished,43,43,43
2025-07-19,ultrasound,cancelled,1,1,1
2025-07-19,ultrasound,finished,1,1,1
2025-07-19,woundCare,finished,3,3,3
2025-07-19,xRay,finished,3,3,3
2025-07-20,ambulance,cancelled,0,0,0
2025-07-20,doctorVisit,cancelled,1,1,1
2025-07-20,doctorVisit,finished,5,5,5
2025-07-20,labTest,finished,6,6,6
2025-07-20,nursing,cancelled,5,5,4
2025-07-20,nursing,finished,26,26,24
2025-07-20,physiotherapy,cancelled,1,1,1
2025-07-20,physiotherapy,finished,54,54,54
2025-07-20,productPurchase,finished,3,3,3
2025-07-20,psychiatristVisit,cancelled,1,1,1
2025-07-20,ultrasound,finished,1,1,1
2025-07-20,woundCare,finished,4,4,4
2025-07-20,xRay,finished,3,3,3
2025-07-21,ambulance,cancelled,0,0,0
2025-07-21,doctorVisit,cancelled,1,1,1
2025-07-21,doctorVisit,finished,5,5,5
2025-07-21,labTest,finished,2,2,2
2025-07-21,nursing,cancelled,4,4,2
2025-07-21,nursing,finished,34,34,28
2025-07-21,physiotherapy,cancelled,1,1,1
2025-07-21,physiotherapy,finished,44,44,44
2025-07-21,ultrasound,finished,3,3,3
2025-07-21,woundCare,finished,2,2,2
2025-07-21,xRay,cancelled,1,1,1
2025-07-21,xRay,finished,1,1,1
2025-07-22,ambulance,cancelled,0,0,0
2025-07-22,doctorVisit,finished,6,6,6
2025-07-22,doppler,finished,1,1,1
2025-07-22,echocardiogram,finished,1,1,1
2025-07-22,labTest,finished,4,4,4
2025-07-22,nursing,finished,35,35,28
2025-07-22,physiotherapy,cancelled,3,3,3
2025-07-22,physiotherapy,finished,36,36,36
2025-07-22,productPurchase,finished,1,1,1
2025-07-22,ultrasound,cancelled,1,1,1
2025-07-22,woundCare,finished,3,3,3
2025-07-22,xRay,finished,1,1,1
2025-07-23,ambulance,cancelled,0,0,0
2025-07-23,doctorVisit,cancelled,3,3,3
2025-07-23,doctorVisit,finished,7,7,7
2025-07-23,echocardiogram,finished,1,1,1
2025-07-23,labTest,finished,5,5,5
2025-07-23,nursing,cancelled,1,1,1
2025-07-23,nursing,finished,19,19,16
2025-07-23,onlineConsultation,finished,1,1,1
2025-07-23,physiotherapy,cancelled,4,4,4
2025-07-23,physiotherapy,finished,39,39,39
2025-07-23,ultrasound,finished,1,1,1
2025-07-23,woundCare,finished,4,4,4
2025-07-23,xRay,finished,4,4,4
2025-07-24,ambulance,cancelled,0,0,0
2025-07-24,doctorVisit,finished,5,5,5
2025-07-24,doppler,finished,2,2,2
2025-07-24,echocardiogram,finished,3,3,3
2025-07-24,labTest,cancelled,2,2,2
2025-07-24,labTest,finished,7,7,7
2025-07-24,nursing,finished,15,15,14
2025-07-24,physiotherapy,cancelled,1,1,1
2025-07-24,physiotherapy,finished,40,40,40
2025-07-24,productPurchase,finished,1,1,1
2025-07-24,ultrasound,finished,3,3,3
2025-07-24,woundCare,finished,6,6,6
2025-07-24,xRay,finished,2,2,2
2025-07-25,ambulance,cancelled,0,0,0
2025-07-25,doctorVisit,finished,10,10,10
2025-07-25,labTest,finished,3,3,3
2025-07-25,nursing,finished,27,27,27
2025-07-25,onlineConsultation,finished,1,1,1
2025-07-25,physiotherapy,finished,31,31,31
2025-07-25,psychiatristVisit,finished,1,1,1
2025-07-25,ultrasound,finished,3,3,3
2025-07-25,woundCare,cancelled,1,1,1
2025-07-25,woundCare,finished,3,3,3
2025-07-25,xRay,finished,1,1,1
2025-07-26,ambulance,cancelled,0,0,0
2025-07-26,doctorVisit,cancelled,4,4,4
2025-07-26,doctorVisit,finished,5,5,5
2025-07-26,doppler,finished,1,1,1
2025-07-26,echocardiogram,cancelled,1,1,1
2025-07-26,echocardiogram,finished,1,1,1
2025-07-26,labTest,cancelled,1,1,1
2025-07-26,labTest,finished,9,9,9
2025-07-26,nursing,cancelled,1,1,1
2025-07-26,nursing,finished,23,23,21
2025-07-26,physiotherapy,finished,40,40,40
2025-07-26,ultrasound,finished,3,3,3
2025-07-26,woundCare,finished,4,4,4
2025-07-26,xRay,finished,6,6,6
2025-07-27,ambulance,cancelled,0,0,0
2025-07-27,doctorVisit,finished,8,8,8
2025-07-27,doppler,cancelled,1,1,1
2025-07-27,doppler,finished,1,1,1
2025-07-27,echocardiogram,cancelled,1,1,1
2025-07-27,labTest,cancelled,2,2,2
2025-07-27,labTest,finished,11,11,11
2025-07-27,nursing,cancelled,1,1,1
2025-07-27,nursing,finished,26,26,23
2025-07-27,physiotherapy,cancelled,4,4,4
2025-07-27,physiotherapy,finished,50,50,50
2025-07-27,psychiatristVisit,finished,1,1,1
2025-07-27,woundCare,cancelled,1,1,1
2025-07-27,woundCare,finished,4,4,4
2025-07-27,xRay,finished,3,3,3
2025-07-28,ambulance,cancelled,0,0,0
2025-07-28,doctorVisit,cancelled,1,1,1
2025-07-28,doctorVisit,finished,8,8,7
2025-07-28,labTest,finished,9,9,9
2025-07-28,nursing,finished,26,26,24
2025-07-28,onlineConsultation,finished,1,1,1
2025-07-28,physiotherapy,finished,47,47,47
2025-07-28,productPurchase,finished,2,2,1
2025-07-28,woundCare,finished,1,1,1
2025-07-28,xRay,finished,3,3,3
2025-07-29,ambulance,cancelled,0,0,0
2025-07-29,doctorVisit,cancelled,2,2,2
2025-07-29,doctorVisit,finished,5,5,5
2025-07-29,doppler,finished,2,2,2
2025-07-29,echocardiogram,finished,3,3,3
2025-07-29,labTest,finished,6,6,5
2025-07-29,nursing,finished,24,24,22
2025-07-29,physiotherapy,cancelled,3,3,3
2025-07-29,physiotherapy,finished,40,40,40
2025-07-29,psychiatristVisit,finished,1,1,1
2025-07-29,ultrasound,finished,1,1,1
2025-07-29,woundCare,finished,6,6,6
2025-07-29,xRay,finished,1,1,1
2025-07-30,ambulance,cancelled,0,0,0
2025-07-30,doctorVisit,finished,3,3,3
2025-07-30,echocardiogram,finished,1,1,1
2025-07-30,labTest,finished,5,5,5
2025-07-30,nursing,cancelled,1,1,1
2025-07-30,nursing,finished,28,28,27
2025-07-30,physiotherapy,cancelled,2,2,2
2025-07-30,physiotherapy,finished,47,47,47
2025-07-30,ultrasound,cancelled,1,1,1
2025-07-30,woundCare,finished,1,1,1
2025-07-30,xRay,finished,4,4,4
2025-07-31,ambulance,cancelled,0,0,0
2025-07-31,doctorVisit,finished,4,4,4
2025-07-31,echocardiogram,finished,1,1,1
2025-07-31,labTest,cancelled,1,1,1
2025-07-31,labTest,finished,9,9,9
2025-07-31,nursing,finished,28,28,24
2025-07-31,onlineConsultation,finished,2,2,2
2025-07-31,physiotherapy,finished,36,36,36
2025-07-31,productPurchase,finished,4,4,1
2025-07-31,ultrasound,finished,2,2,2
2025-07-31,woundCare,finished,5,5,4
2025-07-31,xRay,finished,3,3,3
2025-08-01,ambulance,cancelled,0,0,0
2025-08-01,doctorVisit,finished,3,3,3
2025-08-01,doppler,finished,1,1,1
2025-08-01,labTest,finished,5,5,5
2025-08-01,nursing,cancelled,2,2,2
2025-08-01,nursing,finished,27,27,22
2025-08-01,physiotherapy,cancelled,4,4,4
2025-08-01,physiotherapy,finished,29,29,29
2025-08-01,ultrasound,finished,2,2,2
2025-08-01,xRay,finished,1,1,1
2025-08-02,ambulance,cancelled,0,0,0
2025-08-02,doctorVisit,cancelled,2,2,2
2025-08-02,doctorVisit,finished,10,10,10
2025-08-02,doppler,finished,1,1,1
2025-08-02,echocardiogram,cancelled,2,2,2
2025-08-02,labTest,cancelled,1,1,1
2025-08-02,labTest,finished,8,8,8
2025-08-02,nursing,cancelled,4,4,2
2025-08-02,nursing,finished,28,28,23
2025-08-02,onlineConsultation,finished,2,2,2
2025-08-02,physiotherapy,cancelled,2,2,2
2025-08-02,physiotherapy,finished,45,45,44
2025-08-02,productPurchase,finished,1,1,1
2025-08-02,ultrasound,finished,1,1,1
2025-08-02,woundCare,finished,3,3,3
2025-08-02,xRay,finished,7,7,7
2025-08-03,ambulance,cancelled,0,0,0
2025-08-03,doctorVisit,cancelled,1,1,1
2025-08-03,doctorVisit,finished,9,9,9
2025-08-03,echocardiogram,finished,1,1,1
2025-08-03,labTest,finished,2,2,2
2025-08-03,nursing,finished,26,26,23
2025-08-03,physiotherapy,cancelled,1,1,1
2025-08-03,physiotherapy,finished,41,41,41
2025-08-03,ultrasound,finished,4,4,4
2025-08-03,woundCare,finished,5,5,5
2025-08-03,xRay,finished,5,5,5
2025-08-04,ambulance,cancelled,0,0,0
2025-08-04,doctorVisit,finished,9,9,9
2025-08-04,doppler,finished,1,1,1
2025-08-04,labTest,finished,9,9,9
2025-08-04,nursing,finished,19,19,16
2025-08-04,onlineConsultation,finished,3,3,3
2025-08-04,physiotherapy,cancelled,4,4,4
2025-08-04,physiotherapy,finished,41,41,41
2025-08-04,productPurchase,finished,1,1,1
2025-08-04,ultrasound,cancelled,1,1,1
2025-08-04,ultrasound,finished,2,2,2
2025-08-04,woundCare,finished,3,3,3
2025-08-04,xRay,finished,2,2,2
2025-08-05,ambulance,cancelled,0,0,0
2025-08-05,doctorVisit,cancelled,3,3,3
2025-08-05,doctorVisit,finished,7,7,7
2025-08-05,doppler,cancelled,1,1,1
2025-08-05,doppler,finished,1,1,1
2025-08-05,labTest,finished,8,8,8
2025-08-05,nursing,cancelled,2,2,2
2025-08-05,nursing,finished,20,20,19
2025-08-05,physiotherapy,cancelled,1,1,1
2025-08-05,physiotherapy,finished,39,39,39
2025-08-05,ultrasound,cancelled,2,2,2
2025-08-05,woundCare,finished,1,1,1
2025-08-05,xRay,finished,2,2,2
2025-08-06,ambulance,cancelled,0,0,0
2025-08-06,doctorVisit,finished,6,6,6
2025-08-06,echocardiogram,finished,1,1,1
2025-08-06,labTest,finished,10,10,10
2025-08-06,nursing,cancelled,4,4,4
2025-08-06,nursing,finished,17,17,17
2025-08-06,physiotherapy,cancelled,1,1,1
2025-08-06,physiotherapy,finished,28,28,28
2025-08-06,ultrasound,finished,2,2,2
2025-08-06,woundCare,finished,6,6,6
2025-08-06,xRay,finished,2,2,2
2025-08-07,ambulance,cancelled,0,0,0
2025-08-07,doctorVisit,cancelled,1,1,1
2025-08-07,doctorVisit,finished,5,5,5
2025-08-07,labTest,finished,5,5,5
2025-08-07,nursing,cancelled,5,5,4
2025-08-07,nursing,finished,21,21,21
2025-08-07,physiotherapy,cancelled,2,2,2
2025-08-07,physiotherapy,finished,29,29,29
2025-08-07,woundCare,finished,5,5,4
2025-08-07,xRay,finished,3,3,3
2025-08-08,ambulance,cancelled,0,0,0
2025-08-08,doctorVisit,finished,5,5,5
2025-08-08,doppler,finished,1,1,1
2025-08-08,echocardiogram,finished,1,1,1
2025-08-08,labTest,finished,5,5,5
2025-08-08,nursing,finished,24,24,22
2025-08-08,physiotherapy,finished,25,25,25
2025-08-08,ultrasound,finished,3,3,3
2025-08-08,woundCare,finished,3,3,3
2025-08-08,xRay,finished,4,4,4
2025-08-09,ambulance,cancelled,0,0,0
2025-08-09,doctorVisit,cancelled,3,3,3
2025-08-09,doctorVisit,finished,4,4,4
2025-08-09,labTest,cancelled,1,1,1
2025-08-09,labTest,finished,6,6,6
2025-08-09,nursing,cancelled,1,1,1
2025-08-09,nursing,finished,23,23,23
2025-08-09,physiotherapy,finished,36,36,36
2025-08-09,psychiatristVisit,finished,1,1,1
2025-08-09,ultrasound,finished,1,1,1
2025-08-09,woundCare,finished,5,5,5
2025-08-09,xRay,finished,3,3,3
2025-08-10,ambulance,cancelled,0,0,0
2025-08-10,doctorVisit,cancelled,1,1,1
2025-08-10,doctorVisit,finished,3,3,3
2025-08-10,labTest,cancelled,4,4,4
2025-08-10,labTest,finished,4,4,4
2025-08-10,nursing,cancelled,2,2,2
2025-08-10,nursing,finished,19,19,18
2025-08-10,physiotherapy,cancelled,3,3,3
2025-08-10,physiotherapy,finished,28,28,28
2025-08-10,ultrasound,cancelled,1,1,1
2025-08-10,ultrasound,finished,1,1,1
2025-08-10,woundCare,finished,1,1,1
2025-08-10,xRay,finished,2,2,2
2025-08-11,ambulance,cancelled,0,0,0
2025-08-11,doctorVisit,finished,4,4,4
2025-08-11,echocardiogram,finished,1,1,1
2025-08-11,labTest,finished,6,6,6
2025-08-11,nursing,cancelled,1,1,1
2025-08-11,nursing,finished,19,19,15
2025-08-11,physiotherapy,cancelled,4,4,4
2025-08-11,physiotherapy,finished,31,31,31
2025-08-11,ultrasound,cancelled,1,1,1
2025-08-11,ultrasound,finished,2,2,2
2025-08-11,woundCare,finished,5,5,5
2025-08-11,xRay,finished,3,3,3
2025-08-12,ambulance,cancelled,0,0,0
2025-08-12,doctorVisit,cancelled,1,1,1
2025-08-12,doctorVisit,finished,4,4,4
2025-08-12,labTest,cancelled,1,1,1
2025-08-12,labTest,finished,2,2,2
2025-08-12,nursing,cancelled,2,2,2
2025-08-12,nursing,finished,25,25,22
2025-08-12,onlineConsultation,finished,3,3,3
2025-08-12,physiotherapy,cancelled,1,1,1
2025-08-12,physiotherapy,finished,36,36,36
2025-08-12,ultrasound,finished,1,1,1
2025-08-12,woundCare,finished,1,1,1
2025-08-12,xRay,cancelled,1,1,1
2025-08-12,xRay,finished,3,3,3
2025-08-13,ambulance,cancelled,0,0,0
2025-08-13,doctorVisit,cancelled,2,2,2
2025-08-13,doctorVisit,finished,7,7,7
2025-08-13,doppler,finished,1,1,1
2025-08-13,echocardiogram,finished,3,3,3
2025-08-13,labTest,finished,7,7,7
2025-08-13,nursing,finished,25,25,23
2025-08-13,physiotherapy,cancelled,2,2,2
2025-08-13,physiotherapy,finished,28,28,28
2025-08-13,ultrasound,finished,3,3,3
2025-08-13,woundCare,finished,6,6,6
2025-08-13,xRay,finished,1,1,1
2025-08-14,ambulance,cancelled,0,0,0
2025-08-14,doctorVisit,finished,8,8,8
2025-08-14,doppler,cancelled,1,1,1
2025-08-14,echocardiogram,finished,2,2,2
2025-08-14,labTest,finished,7,7,7
2025-08-14,nursing,cancelled,2,2,2
2025-08-14,nursing,finished,19,19,18
2025-08-14,physiotherapy,cancelled,2,2,2
2025-08-14,physiotherapy,finished,23,23,23
2025-08-14,psychiatristVisit,finished,1,1,1
2025-08-14,ultrasound,finished,1,1,1
2025-08-14,woundCare,finished,5,5,4
2025-08-15,ambulance,cancelled,0,0,0
2025-08-15,doctorVisit,finished,7,7,7
2025-08-15,echocardiogram,finished,1,1,1
2025-08-15,labTest,cancelled,1,1,1
2025-08-15,labTest,finished,2,2,2
2025-08-15,nursing,cancelled,1,1,1
2025-08-15,nursing,finished,12,12,10
2025-08-15,onlineConsultation,finished,2,2,2
2025-08-15,physiotherapy,finished,17,17,17
2025-08-15,ultrasound,finished,2,2,2
2025-08-15,woundCare,finished,1,1,1
2025-08-15,xRay,finished,2,2,2
2025-08-16,ambulance,cancelled,0,0,0
2025-08-16,doctorVisit,cancelled,1,1,1
2025-08-16,doctorVisit,finished,6,6,6
2025-08-16,echocardiogram,finished,2,2,2
2025-08-16,labTest,finished,7,7,7
2025-08-16,nursing,cancelled,1,1,1
2025-08-16,nursing,finished,18,18,18
2025-08-16,physiotherapy,cancelled,4,4,4
2025-08-16,physiotherapy,finished,46,46,46
2025-08-16,ultrasound,finished,1,1,1
2025-08-16,woundCare,finished,6,6,6
2025-08-16,xRay,finished,3,3,3
2025-08-17,ambulance,cancelled,0,0,0
2025-08-17,doctorVisit,finished,7,7,7
2025-08-17,labTest,cancelled,1,1,1
2025-08-17,labTest,finished,2,2,2
2025-08-17,nursing,cancelled,1,1,1
2025-08-17,nursing,finished,12,12,12
2025-08-17,physiotherapy,cancelled,1,1,1
2025-08-17,physiotherapy,finished,39,39,39
2025-08-17,productPurchase,finished,6,6,3
2025-08-17,psychiatristVisit,finished,1,1,1
2025-08-17,ultrasound,finished,2,2,2
2025-08-17,woundCare,finished,3,3,3
2025-08-17,xRay,finished,4,4,4
2025-08-18,ambulance,cancelled,0,0,0
2025-08-18,doctorVisit,finished,3,3,3
2025-08-18,echocardiogram,finished,2,2,2
2025-08-18,labTest,finished,2,2,2
2025-08-18,nursing,cancelled,1,1,1
2025-08-18,nursing,finished,12,12,12
2025-08-18,physiotherapy,cancelled,2,2,2
2025-08-18,physiotherapy,finished,37,37,36
2025-08-18,productPurchase,finished,1,1,1
2025-08-18,ultrasound,finished,2,2,2
2025-08-18,woundCare,finished,5,5,5
2025-08-18,xRay,finished,3,3,3
2025-08-19,ambulance,cancelled,0,0,0
2025-08-19,doctorVisit,finished,6,6,6
2025-08-19,echocardiogram,finished,2,2,2
2025-08-19,labTest,cancelled,1,1,1
2025-08-19,labTest,finished,1,1,1
2025-08-19,nursing,cancelled,2,2,2
2025-08-19,nursing,finished,23,23,20
2025-08-19,physiotherapy,cancelled,2,2,2
2025-08-19,physiotherapy,finished,29,29,28
2025-08-19,ultrasound,finished,2,2,2
2025-08-19,woundCare,finished,6,6,6
2025-08-19,xRay,cancelled,1,1,1
2025-08-19,xRay,finished,2,2,2
2025-08-20,ambulance,cancelled,0,0,0
2025-08-20,doctorVisit,finished,9,9,9
2025-08-20,echocardiogram,finished,2,2,2
2025-08-20,labTest,finished,11,11,11
2025-08-20,nursing,finished,13,13,12
2025-08-20,onlineConsultation,finished,1,1,1
2025-08-20,physiotherapy,cancelled,3,3,3
2025-08-20,physiotherapy,finished,33,33,33
2025-08-20,ultrasound,finished,3,3,3
2025-08-20,woundCare,finished,5,5,5
2025-08-20,xRay,finished,2,2,2
2025-08-21,ambulance,cancelled,0,0,0
2025-08-21,ambulance,finished,1,1,1
2025-08-21,doctorVisit,finished,5,5,5
2025-08-21,doppler,finished,2,2,2
2025-08-21,echocardiogram,finished,1,1,1
2025-08-21,labTest,cancelled,1,1,1
2025-08-21,labTest,finished,2,2,2
2025-08-21,nursing,finished,17,17,15
2025-08-21,physiotherapy,finished,39,39,39
2025-08-21,ultrasound,finished,4,4,4
2025-08-21,woundCare,finished,8,8,7
2025-08-21,xRay,finished,2,2,2
2025-08-22,ambulance,cancelled,0,0,0
2025-08-22,doctorVisit,finished,9,9,9
2025-08-22,doppler,finished,1,1,1
2025-08-22,echocardiogram,finished,1,1,1
2025-08-22,labTest,cancelled,1,1,1
2025-08-22,labTest,finished,5,5,4
2025-08-22,nursing,cancelled,1,1,1
2025-08-22,nursing,finished,13,13,12
2025-08-22,physiotherapy,cancelled,3,3,3
2025-08-22,physiotherapy,finished,20,20,20
2025-08-22,ultrasound,cancelled,1,1,1
2025-08-22,ultrasound,finished,1,1,1
2025-08-22,xRay,finished,4,4,4
2025-08-23,ambulance,cancelled,0,0,0
2025-08-23,doctorVisit,cancelled,3,3,3
2025-08-23,doctorVisit,finished,11,11,11
2025-08-23,echocardiogram,finished,1,1,1
2025-08-23,labTest,finished,7,7,7
2025-08-23,nursing,finished,23,23,20
2025-08-23,physiotherapy,finished,34,34,34
2025-08-23,ultrasound,finished,2,2,2
2025-08-23,woundCare,finished,4,4,4
2025-08-23,xRay,cancelled,1,1,1
2025-08-23,xRay,finished,1,1,1
2025-08-24,ambulance,cancelled,0,0,0
2025-08-24,doctorVisit,cancelled,1,1,1
2025-08-24,doctorVisit,finished,5,5,5
2025-08-24,labTest,finished,10,10,10
2025-08-24,nursing,cancelled,2,2,2
2025-08-24,nursing,finished,22,22,17
2025-08-24,physiotherapy,finished,37,37,37
2025-08-24,ultrasound,finished,1,1,1
2025-08-24,woundCare,finished,6,6,6
2025-08-25,ambulance,cancelled,0,0,0
2025-08-25,doctorVisit,cancelled,2,2,2
2025-08-25,doctorVisit,finished,11,11,11
2025-08-25,echocardiogram,cancelled,1,1,1
2025-08-25,echocardiogram,finished,1,1,1
2025-08-25,labTest,finished,4,4,4
2025-08-25,nursing,cancelled,2,2,1
2025-08-25,nursing,finished,23,23,19
2025-08-25,physiotherapy,cancelled,2,2,2
2025-08-25,physiotherapy,finished,38,38,37
2025-08-25,ultrasound,finished,1,1,1
2025-08-25,woundCare,finished,5,5,5
2025-08-25,xRay,finished,2,2,2
2025-08-26,ambulance,cancelled,0,0,0
2025-08-26,doctorVisit,finished,8,8,8
2025-08-26,labTest,finished,8,8,7
2025-08-26,nursing,cancelled,2,2,2
2025-08-26,nursing,finished,16,16,15
2025-08-26,physiotherapy,cancelled,1,1,1
2025-08-26,physiotherapy,finished,34,34,34
2025-08-26,ultrasound,cancelled,2,2,2
2025-08-26,woundCare,finished,4,4,4
2025-08-26,xRay,finished,2,2,2
2025-08-27,ambulance,cancelled,0,0,0
2025-08-27,doctorVisit,cancelled,3,3,3
2025-08-27,doctorVisit,finished,7,7,6
2025-08-27,echocardiogram,finished,2,2,2
2025-08-27,labTest,cancelled,1,1,1
2025-08-27,labTest,finished,7,7,7
2025-08-27,nursing,cancelled,3,3,2
2025-08-27,nursing,finished,31,31,26
2025-08-27,physiotherapy,cancelled,1,1,1
2025-08-27,physiotherapy,finished,38,38,38
2025-08-27,woundCare,finished,4,4,4
2025-08-27,xRay,finished,3,3,3
2025-08-28,ambulance,cancelled,0,0,0
2025-08-28,doctorVisit,cancelled,1,1,1
2025-08-28,doctorVisit,finished,3,3,3
2025-08-28,labTest,finished,3,3,3
2025-08-28,nursing,cancelled,1,1,1
2025-08-28,nursing,finished,18,18,16
2025-08-28,physiotherapy,cancelled,2,2,2
2025-08-28,physiotherapy,finished,42,42,42
2025-08-28,ultrasound,finished,2,2,2
2025-08-28,woundCare,finished,13,13,11
2025-08-29,ambulance,cancelled,0,0,0
2025-08-29,doctorVisit,cancelled,1,1,1
2025-08-29,doctorVisit,finished,6,6,6
2025-08-29,doppler,finished,1,1,1
2025-08-29,echocardiogram,finished,1,1,1
2025-08-29,labTest,finished,2,2,2
2025-08-29,nursing,cancelled,1,1,1
2025-08-29,nursing,finished,11,11,10
2025-08-29,physiotherapy,cancelled,1,1,1
2025-08-29,physiotherapy,finished,20,20,20
2025-08-29,ultrasound,finished,1,1,1
2025-08-29,woundCare,finished,1,1,1
2025-08-29,xRay,finished,1,1,1
2025-08-30,ambulance,cancelled,0,0,0
2025-08-30,doctorVisit,finished,10,10,10
2025-08-30,echocardiogram,finished,5,5,5
2025-08-30,labTest,cancelled,1,1,1
2025-08-30,labTest,finished,5,5,5
2025-08-30,nursing,finished,20,20,19
2025-08-30,onlineConsultation,finished,1,1,1
2025-08-30,physiotherapy,cancelled,3,3,3
2025-08-30,physiotherapy,finished,37,37,37
2025-08-30,ultrasound,finished,2,2,2
2025-08-30,woundCare,finished,5,5,5
2025-08-30,xRay,finished,2,2,2
2025-08-31,ambulance,cancelled,0,0,0
2025-08-31,doctorVisit,finished,11,11,10
2025-08-31,labTest,finished,6,6,6
2025-08-31,nursing,finished,10,10,9
2025-08-31,physiotherapy,cancelled,1,1,1
2025-08-31,physiotherapy,finished,41,41,39
2025-08-31,productPurchase,finished,8,8,1
2025-08-31,ultrasound,finished,1,1,1
2025-08-31,woundCare,finished,3,3,3
2025-08-31,xRay,finished,3,3,3
2025-09-01,ambulance,cancelled,0,0,0
2025-09-01,doctorVisit,cancelled,2,2,2
2025-09-01,doctorVisit,finished,11,11,11
2025-09-01,doppler,finished,1,1,1
2025-09-01,labTest,cancelled,1,1,1
2025-09-01,labTest,finished,6,6,6
2025-09-01,nursing,cancelled,1,1,1
2025-09-01,nursing,finished,22,22,21
2025-09-01,physiotherapy,cancelled,2,2,2
2025-09-01,physiotherapy,finished,36,36,36
2025-09-01,productPurchase,finished,2,2,2
2025-09-01,ultrasound,cancelled,1,1,1
2025-09-01,ultrasound,finished,2,2,2
2025-09-01,woundCare,finished,5,5,5
2025-09-01,xRay,finished,3,3,3
2025-09-02,ambulance,cancelled,0,0,0
2025-09-02,doctorVisit,cancelled,1,1,1
2025-09-02,doctorVisit,finished,6,6,6
2025-09-02,labTest,cancelled,1,1,1
2025-09-02,labTest,finished,6,6,6
2025-09-02,nursing,finished,11,11,9
2025-09-02,onlineConsultation,finished,1,1,1
2025-09-02,physiotherapy,cancelled,2,2,2
2025-09-02,physiotherapy,finished,35,35,35
2025-09-02,ultrasound,finished,1,1,1
2025-09-02,woundCare,finished,6,6,6
2025-09-02,xRay,finished,3,3,3
2025-09-03,ambulance,cancelled,0,0,0
2025-09-03,doctorVisit,cancelled,1,1,1
2025-09-03,doctorVisit,finished,4,4,4
2025-09-03,echocardiogram,cancelled,1,1,1
2025-09-03,labTest,finished,3,3,3
2025-09-03,nursing,cancelled,1,1,1
2025-09-03,nursing,finished,15,15,13
2025-09-03,physiotherapy,finished,31,31,31
2025-09-03,ultrasound,finished,2,2,2
2025-09-03,woundCare,finished,4,4,4
2025-09-03,xRay,finished,4,4,4
2025-09-04,ambulance,cancelled,0,0,0
2025-09-04,doctorVisit,cancelled,1,1,1
2025-09-04,doctorVisit,finished,3,3,3
2025-09-04,echocardiogram,finished,2,2,2
2025-09-04,labTest,finished,11,11,11
2025-09-04,nursing,finished,19,19,17
2025-09-04,onlineConsultation,finished,3,3,3
2025-09-04,physiotherapy,finished,42,42,42
2025-09-04,woundCare,finished,4,4,4
2025-09-04,xRay,finished,2,2,2
2025-09-05,ambulance,cancelled,0,0,0
2025-09-05,doctorVisit,cancelled,2,2,2
2025-09-05,doctorVisit,finished,2,2,2
2025-09-05,eyeExam,finished,1,1,1
2025-09-05,labTest,finished,7,7,7
2025-09-05,nursing,cancelled,1,1,1
2025-09-05,nursing,finished,14,14,13
2025-09-05,onlineConsultation,finished,1,1,1
2025-09-05,physiotherapy,finished,34,34,34
2025-09-05,ultrasound,finished,2,2,2
2025-09-05,woundCare,finished,2,2,2
2025-09-05,xRay,finished,1,1,1
2025-09-06,ambulance,cancelled,0,0,0
2025-09-06,doctorVisit,cancelled,2,2,2
2025-09-06,doctorVisit,finished,6,6,6
2025-09-06,echocardiogram,finished,2,2,2
2025-09-06,labTest,finished,6,6,6
2025-09-06,nursing,cancelled,2,2,2
2025-09-06,nursing,finished,15,15,14
2025-09-06,physiotherapy,cancelled,2,2,2
2025-09-06,physiotherapy,finished,44,44,44
2025-09-06,ultrasound,finished,1,1,1
2025-09-06,woundCare,finished,6,6,6
2025-09-06,xRay,finished,3,3,3
2025-09-07,ambulance,cancelled,0,0,0
2025-09-07,doctorVisit,finished,10,10,10
2025-09-07,doppler,finished,1,1,1
2025-09-07,labTest,finished,6,6,6
2025-09-07,nursing,cancelled,1,1,1
2025-09-07,nursing,finished,14,14,14
2025-09-07,physiotherapy,cancelled,1,1,1
2025-09-07,physiotherapy,finished,42,42,42
2025-09-07,ultrasound,finished,2,2,2
2025-09-07,woundCare,finished,3,3,3
2025-09-07,xRay,finished,2,2,2
2025-09-08,ambulance,cancelled,0,0,0
2025-09-08,doctorVisit,finished,5,5,5
2025-09-08,echocardiogram,finished,1,1,1
2025-09-08,eyeExam,finished,1,1,1
2025-09-08,labTest,finished,5,5,4
2025-09-08,nursing,cancelled,1,1,1
2025-09-08,nursing,finished,23,23,22
2025-09-08,physiotherapy,cancelled,2,2,2
2025-09-08,physiotherapy,finished,38,38,38
2025-09-08,ultrasound,finished,1,1,1
2025-09-08,woundCare,finished,3,3,3
2025-09-08,xRay,finished,4,4,4
2025-09-09,ambulance,cancelled,0,0,0
2025-09-09,doctorVisit,cancelled,3,3,3
2025-09-09,doctorVisit,finished,8,8,8
2025-09-09,echocardiogram,finished,2,2,2
2025-09-09,labTest,finished,6,6,6
2025-09-09,nursing,finished,24,24,21
2025-09-09,physiotherapy,cancelled,1,1,1
2025-09-09,physiotherapy,finished,38,38,38
2025-09-09,productPurchase,finished,1,1,1
2025-09-09,ultrasound,finished,1,1,1
2025-09-09,woundCare,finished,3,3,3
2025-09-10,ambulance,cancelled,0,0,0
2025-09-10,ambulance,finished,1,1,1
2025-09-10,doctorVisit,cancelled,3,3,3
2025-09-10,doctorVisit,finished,3,3,3
2025-09-10,echocardiogram,finished,1,1,1
2025-09-10,labTest,cancelled,1,1,1
2025-09-10,labTest,finished,3,3,3
2025-09-10,nursing,cancelled,2,2,2
2025-09-10,nursing,finished,19,19,14
2025-09-10,physiotherapy,cancelled,2,2,2
2025-09-10,physiotherapy,finished,41,41,41
2025-09-10,productPurchase,finished,1,1,1
2025-09-10,ultrasound,finished,2,2,2
2025-09-10,woundCare,finished,5,5,5
2025-09-10,xRay,finished,1,1,1
2025-09-11,ambulance,cancelled,0,0,0
2025-09-11,doctorVisit,finished,5,5,5
2025-09-11,doppler,finished,1,1,1
2025-09-11,labTest,finished,8,8,8
2025-09-11,nursing,cancelled,1,1,1
2025-09-11,nursing,finished,27,27,25
2025-09-11,physiotherapy,finished,43,43,43
2025-09-11,woundCare,finished,8,8,7
2025-09-11,xRay,cancelled,2,2,2
2025-09-11,xRay,finished,3,3,3
2025-09-12,ambulance,cancelled,0,0,0
2025-09-12,doctorVisit,cancelled,1,1,1
2025-09-12,doctorVisit,finished,10,10,10
2025-09-12,echocardiogram,finished,3,3,3
2025-09-12,labTest,finished,4,4,4
2025-09-12,nursing,finished,24,24,21
2025-09-12,physiotherapy,cancelled,1,1,1
2025-09-12,physiotherapy,finished,34,34,34
2025-09-12,ultrasound,cancelled,1,1,1
2025-09-12,ultrasound,finished,2,2,2
2025-09-12,woundCare,finished,1,1,1
2025-09-13,ambulance,cancelled,0,0,0
2025-09-13,doctorVisit,cancelled,1,1,1
2025-09-13,doctorVisit,finished,6,6,6
2025-09-13,doppler,finished,1,1,1
2025-09-13,labTest,cancelled,1,1,1
2025-09-13,labTest,finished,10,10,10
2025-09-13,nursing,cancelled,1,1,1
2025-09-13,nursing,finished,24,24,19
2025-09-13,physiotherapy,cancelled,2,2,2
2025-09-13,physiotherapy,finished,40,40,40
2025-09-13,productPurchase,finished,1,1,1
2025-09-13,ultrasound,finished,1,1,1
2025-09-13,woundCare,finished,6,6,6
2025-09-13,xRay,cancelled,1,1,1
2025-09-13,xRay,finished,1,1,1
2025-09-14,ambulance,cancelled,0,0,0
2025-09-14,doctorVisit,cancelled,1,1,1
2025-09-14,doctorVisit,finished,2,2,2
2025-09-14,doppler,finished,1,1,1
2025-09-14,labTest,finished,5,5,5
2025-09-14,nursing,cancelled,1,1,1
2025-09-14,nursing,finished,18,18,17
2025-09-14,onlineConsultation,finished,1,1,1
2025-09-14,physiotherapy,cancelled,1,1,1
2025-09-14,physiotherapy,finished,41,41,41
2025-09-14,ultrasound,cancelled,1,1,1
2025-09-14,ultrasound,finished,2,2,2
2025-09-14,xRay,finished,3,3,3
2025-09-15,ambulance,cancelled,0,0,0
2025-09-15,doctorVisit,cancelled,1,1,1
2025-09-15,doctorVisit,finished,6,6,6
2025-09-15,doppler,cancelled,1,1,1
2025-09-15,labTest,cancelled,2,2,2
2025-09-15,labTest,finished,8,8,8
2025-09-15,nursing,cancelled,2,2,2
2025-09-15,nursing,finished,20,20,19
2025-09-15,physiotherapy,finished,39,39,39
2025-09-15,productPurchase,finished,4,4,1
2025-09-15,ultrasound,finished,2,2,2
2025-09-15,woundCare,finished,6,6,6
2025-09-15,xRay,finished,1,1,1
2025-09-16,ambulance,cancelled,0,0,0
2025-09-16,doctorVisit,finished,5,5,5
2025-09-16,echocardiogram,finished,2,2,2
2025-09-16,labTest,cancelled,1,1,1
2025-09-16,labTest,finished,5,5,5
2025-09-16,nursing,cancelled,4,4,2
2025-09-16,nursing,finished,26,26,24
2025-09-16,onlineConsultation,finished,1,1,1
2025-09-16,physiotherapy,finished,50,50,50
2025-09-16,productPurchase,finished,1,1,1
2025-09-16,ultrasound,finished,3,3,3
2025-09-16,xRay,finished,4,4,4
2025-09-17,ambulance,cancelled,0,0,0
2025-09-17,doctorVisit,cancelled,1,1,1
2025-09-17,doctorVisit,finished,5,5,5
2025-09-17,echocardiogram,finished,1,1,1
2025-09-17,labTest,cancelled,1,1,1
2025-09-17,labTest,finished,5,5,5
2025-09-17,nursing,cancelled,3,3,3
2025-09-17,nursing,finished,23,23,17
2025-09-17,physiotherapy,cancelled,1,1,1
2025-09-17,physiotherapy,finished,45,45,45
2025-09-17,ultrasound,finished,2,2,2
2025-09-17,woundCare,finished,6,6,6
2025-09-18,ambulance,cancelled,0,0,0
2025-09-18,doctorVisit,finished,6,6,6
2025-09-18,doppler,finished,3,3,3
2025-09-18,echocardiogram,finished,1,1,1
2025-09-18,labTest,finished,6,6,6
2025-09-18,nursing,cancelled,1,1,1
2025-09-18,nursing,finished,23,23,19
2025-09-18,onlineConsultation,cancelled,1,1,1
2025-09-18,onlineConsultation,finished,1,1,1
2025-09-18,physiotherapy,cancelled,3,3,3
2025-09-18,physiotherapy,finished,39,39,39
2025-09-18,psychiatristVisit,finished,1,1,1
2025-09-18,woundCare,finished,2,2,2
2025-09-18,xRay,cancelled,1,1,1
2025-09-18,xRay,finished,7,7,7
2025-09-19,ambulance,cancelled,0,0,0
2025-09-19,doctorVisit,cancelled,2,2,2
2025-09-19,doctorVisit,finished,9,9,9
2025-09-19,doppler,finished,1,1,1
2025-09-19,echocardiogram,finished,1,1,1
2025-09-19,labTest,finished,2,2,2
2025-09-19,nursing,cancelled,1,1,1
2025-09-19,nursing,finished,17,17,17
2025-09-19,physiotherapy,cancelled,4,4,4
2025-09-19,physiotherapy,finished,24,24,24
2025-09-19,ultrasound,finished,3,3,3
2025-09-19,xRay,finished,3,3,3
2025-09-20,ambulance,cancelled,0,0,0
2025-09-20,doctorVisit,finished,9,9,9
2025-09-20,echocardiogram,finished,1,1,1
2025-09-20,labTest,finished,7,7,7
2025-09-20,nursing,cancelled,1,1,1
2025-09-20,nursing,finished,11,11,11
2025-09-20,physiotherapy,cancelled,2,2,2
2025-09-20,physiotherapy,finished,39,39,39
2025-09-20,ultrasound,cancelled,1,1,1
2025-09-20,ultrasound,finished,1,1,1
2025-09-20,woundCare,finished,4,4,3
2025-09-20,xRay,finished,3,3,3
2025-09-21,ambulance,cancelled,0,0,0
2025-09-21,doctorVisit,cancelled,1,1,1
2025-09-21,doctorVisit,finished,3,3,3
2025-09-21,echocardiogram,finished,1,1,1
2025-09-21,labTest,finished,9,9,9
2025-09-21,nursing,finished,15,15,15
2025-09-21,physiotherapy,finished,41,41,41
2025-09-21,woundCare,finished,1,1,1
2025-09-21,xRay,finished,1,1,1
2025-09-22,ambulance,cancelled,0,0,0
2025-09-22,doctorVisit,finished,6,6,6
2025-09-22,echocardiogram,finished,1,1,1
2025-09-22,labTest,cancelled,2,2,2
2025-09-22,labTest,finished,7,7,7
2025-09-22,nursing,cancelled,2,2,2
2025-09-22,nursing,finished,15,15,15
2025-09-22,physiotherapy,cancelled,3,3,3
2025-09-22,physiotherapy,finished,42,42,42
2025-09-22,psychiatristVisit,cancelled,1,1,1
2025-09-22,ultrasound,cancelled,2,2,2
2025-09-22,ultrasound,finished,1,1,1
2025-09-22,woundCare,finished,1,1,1
2025-09-22,xRay,finished,3,3,3
2025-09-23,ambulance,cancelled,0,0,0
2025-09-23,doctorVisit,finished,7,7,7
2025-09-23,doppler,finished,1,1,1
2025-09-23,labTest,finished,11,11,11
2025-09-23,nursing,finished,14,14,14
2025-09-23,physiotherapy,finished,42,42,42
2025-09-23,ultrasound,cancelled,2,2,1
2025-09-23,ultrasound,finished,3,3,3
2025-09-23,woundCare,finished,4,4,4
2025-09-23,xRay,finished,2,2,2
2025-09-24,ambulance,cancelled,0,0,0
2025-09-24,doctorVisit,cancelled,1,1,1
2025-09-24,doctorVisit,finished,9,9,9
2025-09-24,doppler,cancelled,1,1,1
2025-09-24,doppler,finished,1,1,1
2025-09-24,labTest,finished,3,3,3
2025-09-24,nursing,finished,18,18,18
2025-09-24,physiotherapy,cancelled,1,1,1
2025-09-24,physiotherapy,finished,45,45,45
2025-09-24,productPurchase,finished,1,1,1
2025-09-24,ultrasound,finished,1,1,1
2025-09-24,woundCare,finished,2,2,2
2025-09-25,ambulance,cancelled,0,0,0
2025-09-25,doctorVisit,cancelled,1,1,1
2025-09-25,doctorVisit,finished,5,5,5
2025-09-25,labTest,finished,4,4,4
2025-09-25,nursing,cancelled,1,1,1
2025-09-25,nursing,finished,16,16,15
2025-09-25,physiotherapy,finished,34,34,34
2025-09-25,productPurchase,finished,2,2,1
2025-09-25,ultrasound,finished,1,1,1
2025-09-25,xRay,finished,2,2,2
2025-09-26,ambulance,cancelled,0,0,0
2025-09-26,doctorVisit,cancelled,2,2,2
2025-09-26,doctorVisit,finished,5,5,5
2025-09-26,labTest,finished,4,4,4
2025-09-26,nursing,finished,22,22,19
2025-09-26,onlineConsultation,finished,1,1,1
2025-09-26,physiotherapy,cancelled,3,3,3
2025-09-26,physiotherapy,finished,26,26,26
2025-09-26,ultrasound,finished,5,5,5
2025-09-26,woundCare,finished,3,3,3
2025-09-26,xRay,finished,1,1,1
2025-09-27,ambulance,cancelled,0,0,0
2025-09-27,doctorVisit,finished,7,7,7
2025-09-27,echocardiogram,finished,4,4,4
2025-09-27,labTest,finished,4,4,4
2025-09-27,nursing,cancelled,3,3,3
2025-09-27,nursing,finished,19,19,18
2025-09-27,onlineConsultation,finished,1,1,1
2025-09-27,physiotherapy,cancelled,5,5,5
2025-09-27,physiotherapy,finished,50,50,50
2025-09-27,ultrasound,cancelled,1,1,1
2025-09-27,woundCare,finished,5,5,4
2025-09-27,xRay,finished,2,2,2
2025-09-28,ambulance,cancelled,0,0,0
2025-09-28,doctorVisit,finished,7,7,7
2025-09-28,doppler,finished,2,2,2
2025-09-28,labTest,finished,9,9,9
2025-09-28,nursing,cancelled,2,2,2
2025-09-28,nursing,finished,25,25,24
2025-09-28,physiotherapy,cancelled,2,2,2
2025-09-28,physiotherapy,finished,38,38,38
2025-09-28,physiotherapy (b2b),finished,2,2,2
2025-09-28,ultrasound,cancelled,1,1,1
2025-09-28,ultrasound,finished,1,1,1
2025-09-28,xRay,finished,2,2,2
2025-09-29,ambulance,cancelled,0,0,0
2025-09-29,doctorVisit,finished,6,6,6
2025-09-29,echocardiogram,finished,2,2,2
2025-09-29,labTest,finished,9,9,9
2025-09-29,nursing,cancelled,2,2,2
2025-09-29,nursing,finished,22,22,19
2025-09-29,physiotherapy,cancelled,4,4,4
2025-09-29,physiotherapy,finished,54,54,54
2025-09-29,ultrasound,cancelled,1,1,1
2025-09-29,ultrasound,finished,2,2,2
2025-09-29,woundCare,finished,1,1,1
2025-09-29,xRay,finished,1,1,1
2025-09-30,ambulance,cancelled,0,0,0
2025-09-30,doctorVisit,cancelled,1,1,1
2025-09-30,doctorVisit,finished,6,6,6
2025-09-30,echocardiogram,finished,1,1,1
2025-09-30,labTest,finished,8,8,8
2025-09-30,nursing,cancelled,1,1,1
2025-09-30,nursing,finished,22,22,20
2025-09-30,physiotherapy,cancelled,2,2,2
2025-09-30,physiotherapy,finished,30,30,30
2025-09-30,physiotherapy (b2b),finished,2,2,2
2025-09-30,productPurchase,finished,6,6,1
2025-09-30,ultrasound,finished,5,5,5
2025-09-30,woundCare,finished,2,2,2
2025-09-30,xRay,finished,1,1,1
2025-10-01,ambulance,cancelled,0,0,0
2025-10-01,doctorVisit,cancelled,1,1,1
2025-10-01,doctorVisit,finished,6,6,6
2025-10-01,doppler,finished,1,1,1
2025-10-01,echocardiogram,finished,1,1,1
2025-10-01,labTest,finished,5,5,5
2025-10-01,nursing,finished,19,19,19
2025-10-01,onlineConsultation,finished,2,2,2
2025-10-01,physiotherapy,cancelled,1,1,1
2025-10-01,physiotherapy,finished,50,50,50
2025-10-01,productPurchase,finished,3,3,2
2025-10-01,woundCare,finished,3,3,3
2025-10-02,ambulance,cancelled,0,0,0
2025-10-02,doctorVisit,cancelled,1,1,1
2025-10-02,doctorVisit,finished,8,8,8
2025-10-02,labTest,finished,8,8,8
2025-10-02,nursing,finished,29,29,24
2025-10-02,onlineConsultation,cancelled,2,2,2
2025-10-02,onlineConsultation,finished,2,2,2
2025-10-02,physiotherapy,finished,29,29,29
2025-10-02,xRay,finished,5,5,5
2025-10-03,ambulance,cancelled,0,0,0
2025-10-03,doctorVisit,finished,3,3,3
2025-10-03,doppler,finished,2,2,2
2025-10-03,echocardiogram,finished,2,2,2
2025-10-03,labTest,finished,3,3,3
2025-10-03,nursing,finished,28,28,24
2025-10-03,onlineConsultation,finished,2,2,2
2025-10-03,physiotherapy,cancelled,3,3,3
2025-10-03,physiotherapy,finished,29,29,29
2025-10-03,psychiatristVisit,cancelled,1,1,1
2025-10-03,ultrasound,finished,2,2,2
2025-10-03,xRay,finished,3,3,3
2025-10-04,ambulance,cancelled,0,0,0
2025-10-04,doctorVisit,cancelled,2,2,2
2025-10-04,doctorVisit,finished,5,5,5
2025-10-04,doppler,finished,1,1,1
2025-10-04,labTest,finished,9,9,8
2025-10-04,nursing,finished,31,31,26
2025-10-04,physiotherapy,cancelled,5,5,5
2025-10-04,physiotherapy,finished,50,50,50
2025-10-04,physiotherapy (b2b),finished,2,2,2
2025-10-04,ultrasound,finished,3,3,3
2025-10-04,woundCare,finished,4,4,3
2025-10-05,ambulance,cancelled,0,0,0
2025-10-05,doctorVisit,cancelled,1,1,1
2025-10-05,doctorVisit,finished,9,9,9
2025-10-05,echocardiogram,finished,1,1,1
2025-10-05,labTest,finished,5,5,5
2025-10-05,nursing,cancelled,1,1,1
2025-10-05,nursing,finished,25,25,23
2025-10-05,physiotherapy,cancelled,1,1,1
2025-10-05,physiotherapy,finished,49,49,49
2025-10-05,ultrasound,finished,4,4,4
2025-10-05,woundCare,finished,1,1,1
2025-10-06,ambulance,cancelled,0,0,0
2025-10-06,doctorVisit,finished,6,6,6
2025-10-06,labTest,finished,4,4,4
2025-10-06,nursing,cancelled,2,2,2
2025-10-06,nursing,finished,22,22,20
2025-10-06,physiotherapy,cancelled,1,1,1
2025-10-06,physiotherapy,finished,40,40,40
2025-10-06,xRay,finished,3,3,3
2025-10-07,ambulance,cancelled,0,0,0
2025-10-07,doctorVisit,cancelled,1,1,1
2025-10-07,doctorVisit,finished,12,12,12
2025-10-07,echocardiogram,finished,3,3,3
2025-10-07,eyeExam,finished,1,1,1
2025-10-07,labTest,finished,2,2,2
2025-10-07,nursing,finished,18,18,15
2025-10-07,onlineConsultation,finished,1,1,1
2025-10-07,physiotherapy,cancelled,2,2,2
2025-10-07,physiotherapy,finished,43,43,43
2025-10-07,physiotherapy (b2b),finished,2,2,2
2025-10-07,ultrasound,finished,3,3,3
2025-10-07,woundCare,finished,2,2,2
2025-10-08,ambulance,cancelled,0,0,0
2025-10-08,doctorVisit,cancelled,2,2,2
2025-10-08,doctorVisit,finished,11,11,11
2025-10-08,echocardiogram,finished,2,2,2
2025-10-08,labTest,finished,6,6,6
2025-10-08,nursing,cancelled,2,2,1
2025-10-08,nursing,finished,28,28,24
2025-10-08,physiotherapy,finished,40,40,40
2025-10-08,psychiatristVisit,cancelled,1,1,1
2025-10-08,ultrasound,finished,2,2,2
2025-10-08,woundCare,finished,5,5,5
2025-10-08,xRay,finished,2,2,2
2025-10-09,ambulance,cancelled,0,0,0
2025-10-09,doctorVisit,cancelled,1,1,1
2025-10-09,doctorVisit,finished,11,11,11
2025-10-09,labTest,finished,9,9,9
2025-10-09,nursing,cancelled,1,1,1
2025-10-09,nursing,finished,33,33,29
2025-10-09,physiotherapy,finished,41,41,41
2025-10-09,productPurchase,finished,1,1,1
2025-10-09,ultrasound,finished,1,1,1
2025-10-09,woundCare,finished,1,1,1
2025-10-09,xRay,cancelled,1,1,1
2025-10-09,xRay,finished,4,4,4
2025-10-10,ambulance,cancelled,0,0,0
2025-10-10,doctorVisit,cancelled,2,2,2
2025-10-10,doctorVisit,finished,7,7,7
2025-10-10,doppler,finished,1,1,1
2025-10-10,echocardiogram,cancelled,1,1,1
2025-10-10,labTest,cancelled,1,1,1
2025-10-10,labTest,finished,2,2,2
2025-10-10,nursing,cancelled,3,3,3
2025-10-10,nursing,finished,29,29,24
2025-10-10,physiotherapy,cancelled,2,2,2
2025-10-10,physiotherapy,finished,28,28,28
2025-10-10,psychiatristVisit,finished,1,1,1
2025-10-10,woundCare,finished,1,1,1
2025-10-10,xRay,finished,2,2,2
2025-10-11,ambulance,cancelled,0,0,0
2025-10-11,doctorVisit,cancelled,2,2,2
2025-10-11,doctorVisit,finished,8,8,8
2025-10-11,labTest,finished,5,5,5
2025-10-11,nursing,cancelled,1,1,1
2025-10-11,nursing,finished,39,39,32
2025-10-11,onlineConsultation,finished,1,1,1
2025-10-11,physiotherapy,cancelled,2,2,2
2025-10-11,physiotherapy,finished,54,54,54
2025-10-11,physiotherapy (b2b),finished,2,2,2
2025-10-11,ultrasound,finished,1,1,1
2025-10-11,woundCare,finished,2,2,2
2025-10-11,xRay,cancelled,1,1,1
2025-10-11,xRay,finished,4,4,4
2025-10-12,ambulance,cancelled,0,0,0
2025-10-12,doctorVisit,cancelled,1,1,1
2025-10-12,doctorVisit,finished,7,7,6
2025-10-12,doppler,finished,1,1,1
2025-10-12,eyeExam,finished,1,1,1
2025-10-12,labTest,finished,7,7,7
2025-10-12,nursing,finished,44,44,34
2025-10-12,physiotherapy,cancelled,1,1,1
2025-10-12,physiotherapy,finished,45,45,45
2025-10-12,ultrasound,finished,3,3,3
2025-10-12,woundCare,finished,1,1,1
2025-10-12,xRay,finished,1,1,1
2025-10-13,ambulance,cancelled,0,0,0
2025-10-13,doctorVisit,cancelled,1,1,1
2025-10-13,doctorVisit,finished,13,13,13
2025-10-13,doppler,finished,2,2,2
2025-10-13,echocardiogram,finished,1,1,1
2025-10-13,labTest,finished,5,5,5
2025-10-13,nursing,cancelled,4,4,4
2025-10-13,nursing,finished,28,28,23
2025-10-13,physiotherapy,finished,49,49,49
2025-10-13,ultrasound,finished,2,2,2
2025-10-13,woundCare,finished,3,3,2
2025-10-13,xRay,finished,1,1,1
2025-10-14,ambulance,cancelled,0,0,0
2025-10-14,doctorVisit,finished,12,12,12
2025-10-14,doppler,finished,1,1,1
2025-10-14,echocardiogram,finished,1,1,1
2025-10-14,labTest,finished,9,9,9
2025-10-14,nursing,cancelled,5,5,5
2025-10-14,nursing,finished,24,24,20
2025-10-14,physiotherapy,cancelled,3,3,3
2025-10-14,physiotherapy,finished,41,41,41
2025-10-14,physiotherapy (b2b),finished,2,2,2
2025-10-14,ultrasound,finished,3,3,3
2025-10-14,woundCare,finished,3,3,3
2025-10-14,xRay,cancelled,1,1,1
2025-10-14,xRay,finished,1,1,1
2025-10-15,ambulance,cancelled,0,0,0
2025-10-15,doctorVisit,finished,4,4,4
2025-10-15,echocardiogram,finished,2,2,2
2025-10-15,labTest,cancelled,1,1,1
2025-10-15,labTest,finished,3,3,3
2025-10-15,nursing,cancelled,3,3,3
2025-10-15,nursing,finished,23,23,22
2025-10-15,physiotherapy,cancelled,2,2,2
2025-10-15,physiotherapy,finished,47,47,47
2025-10-15,productPurchase,finished,2,2,1
2025-10-15,ultrasound,finished,2,2,2
2025-10-15,woundCare,finished,3,3,3
2025-10-15,xRay,finished,7,7,7
2025-10-16,ambulance,cancelled,0,0,0
2025-10-16,doctorVisit,finished,3,3,3
2025-10-16,echocardiogram,finished,1,1,1
2025-10-16,labTest,finished,10,10,10
2025-10-16,nursing,cancelled,3,3,3
2025-10-16,nursing,finished,24,24,22
2025-10-16,physiotherapy,finished,46,46,46
2025-10-16,ultrasound,finished,1,1,1
2025-10-16,woundCare,finished,1,1,1
2025-10-16,xRay,cancelled,1,1,1
2025-10-16,xRay,finished,2,2,2
2025-10-17,ambulance,cancelled,0,0,0
2025-10-17,doctorVisit,finished,8,8,8
2025-10-17,labTest,finished,5,5,5
2025-10-17,nursing,finished,25,25,20
2025-10-17,physiotherapy,finished,32,32,32
2025-10-17,ultrasound,finished,1,1,1
2025-10-17,woundCare,finished,1,1,1
2025-10-17,xRay,finished,1,1,1
2025-10-18,ambulance,cancelled,0,0,0
2025-10-18,doctorVisit,finished,8,8,7
2025-10-18,labTest,finished,8,8,8
2025-10-18,nursing,finished,26,26,22
2025-10-18,onlineConsultation,finished,1,1,1
2025-10-18,physiotherapy,cancelled,1,1,1
2025-10-18,physiotherapy,finished,50,50,50
2025-10-18,ultrasound,cancelled,1,1,1
2025-10-18,ultrasound,finished,3,3,3
2025-10-18,woundCare,finished,3,3,3
2025-10-18,xRay,finished,1,1,1
2025-10-19,ambulance,cancelled,0,0,0
2025-10-19,doctorVisit,cancelled,4,4,4
2025-10-19,doctorVisit,finished,4,4,4
2025-10-19,echocardiogram,finished,2,2,2
2025-10-19,labTest,finished,6,6,6
2025-10-19,nursing,cancelled,1,1,1
2025-10-19,nursing,finished,27,27,22
2025-10-19,physiotherapy,cancelled,3,3,3
2025-10-19,physiotherapy,finished,45,45,45
2025-10-19,ultrasound,finished,5,5,5
2025-10-19,xRay,finished,4,4,4
2025-10-20,ambulance,cancelled,0,0,0
2025-10-20,doctorVisit,finished,7,7,6
2025-10-20,echocardiogram,finished,1,1,1
2025-10-20,labTest,finished,6,6,6
2025-10-20,nursing,finished,22,22,18
2025-10-20,physiotherapy,finished,44,44,44
2025-10-20,physiotherapy (b2b),finished,2,2,2
2025-10-20,psychiatristVisit,finished,1,1,1
2025-10-20,ultrasound,cancelled,1,1,1
2025-10-20,ultrasound,finished,5,5,5
2025-10-20,woundCare,finished,1,1,1
2025-10-20,xRay,finished,4,4,4
2025-10-21,ambulance,cancelled,0,0,0
2025-10-21,doctorVisit,cancelled,3,3,3
2025-10-21,doctorVisit,finished,5,5,5
2025-10-21,doppler,finished,1,1,1
2025-10-21,echocardiogram,finished,1,1,1
2025-10-21,eyeExam,finished,1,1,1
2025-10-21,labTest,finished,7,7,7
2025-10-21,nursing,finished,31,31,27
2025-10-21,onlineConsultation,finished,1,1,1
2025-10-21,physiotherapy,cancelled,1,1,1
2025-10-21,physiotherapy,finished,41,41,41
2025-10-21,ultrasound,finished,2,2,2
2025-10-22,ambulance,cancelled,0,0,0
2025-10-22,doctorVisit,cancelled,2,2,2
2025-10-22,doctorVisit,finished,6,6,6
2025-10-22,eyeExam,finished,1,1,1
2025-10-22,labTest,finished,4,4,4
2025-10-22,nursing,finished,28,28,22
2025-10-22,physiotherapy,cancelled,1,1,1
2025-10-22,physiotherapy,finished,40,40,40
2025-10-22,physiotherapy (b2b),finished,2,2,2
2025-10-22,ultrasound,finished,1,1,1
2025-10-22,woundCare,cancelled,1,1,1
2025-10-22,xRay,finished,3,3,3
2025-10-23,ambulance,cancelled,0,0,0
2025-10-23,doctorVisit,finished,7,7,7
2025-10-23,doppler,finished,1,1,1
2025-10-23,labTest,finished,7,7,7
2025-10-23,nursing,finished,19,19,16
2025-10-23,physiotherapy,cancelled,1,1,1
2025-10-23,physiotherapy,finished,49,49,49
2025-10-23,ultrasound,finished,1,1,1
2025-10-23,xRay,finished,3,3,3
2025-10-24,ambulance,cancelled,0,0,0
2025-10-24,doctorVisit,finished,15,15,15
2025-10-24,echocardiogram,cancelled,1,1,1
2025-10-24,labTest,finished,7,7,7
2025-10-24,nursing,finished,27,27,25
2025-10-24,physiotherapy,finished,31,31,30
2025-10-24,ultrasound,finished,1,1,1
2025-10-24,woundCare,finished,3,3,3
2025-10-24,xRay,finished,2,2,2
2025-10-25,ambulance,cancelled,0,0,0
2025-10-25,doctorVisit,finished,8,8,8
2025-10-25,echocardiogram,finished,1,1,1
2025-10-25,labTest,finished,15,15,15
2025-10-25,nursing,finished,24,24,20
2025-10-25,onlineConsultation,finished,1,1,1
2025-10-25,physiotherapy,cancelled,2,2,2
2025-10-25,physiotherapy,finished,52,52,52
2025-10-25,physiotherapy (b2b),finished,2,2,2
2025-10-25,ultrasound,finished,2,2,2
2025-10-25,xRay,finished,1,1,1
2025-10-26,ambulance,cancelled,0,0,0
2025-10-26,doctorVisit,cancelled,1,1,1
2025-10-26,doctorVisit,finished,12,12,12
2025-10-26,echocardiogram,finished,1,1,1
2025-10-26,labTest,cancelled,1,1,1
2025-10-26,labTest,finished,8,8,8
2025-10-26,nursing,cancelled,1,1,1
2025-10-26,nursing,finished,23,23,19
2025-10-26,physiotherapy,finished,30,30,30
2025-10-26,ultrasound,finished,2,2,2
2025-10-26,xRay,finished,2,2,2
2025-10-27,ambulance,cancelled,0,0,0
2025-10-27,doctorVisit,cancelled,1,1,1
2025-10-27,doctorVisit,finished,15,15,15
2025-10-27,labTest,finished,8,8,8
2025-10-27,nursing,cancelled,1,1,1
2025-10-27,nursing,finished,33,33,25
2025-10-27,physiotherapy,cancelled,1,1,1
2025-10-27,physiotherapy,finished,34,34,34
2025-10-27,physiotherapy,reviewed,3,3,3
2025-10-27,ultrasound,cancelled,1,1,1
2025-10-27,ultrasound,finished,1,1,1
2025-10-27,woundCare,finished,1,1,1
2025-10-27,xRay,finished,2,2,2
2025-10-28,ambulance,cancelled,0,0,0
2025-10-28,doctorVisit,finished,3,3,3
2025-10-28,doctorVisit,reviewed,1,1,1
2025-10-28,echocardiogram,finished,2,2,1
2025-10-28,eyeExam,finished,1,1,1
2025-10-28,labTest,cancelled,1,1,1
2025-10-28,labTest,finished,2,2,2
2025-10-28,labTest,reviewed,3,3,3
2025-10-28,nursing,cancelled,5,5,5
2025-10-28,nursing,finished,12,12,12
2025-10-28,nursing,reviewed,18,18,17
2025-10-28,onlineConsultation,cancelled,1,1,1
2025-10-28,onlineConsultation,finished,1,1,1
2025-10-28,physiotherapy,reviewed,48,48,48
2025-10-28,ultrasound,cancelled,1,1,1
2025-10-28,ultrasound,finished,2,2,2
2025-10-28,xRay,cancelled,1,1,1
2025-10-28,xRay,finished,5,5,5
2025-10-29,ambulance,cancelled,0,0,0
2025-10-29,doctorVisit,cancelled,2,2,2
2025-10-29,doctorVisit,finished,6,6,6
2025-10-29,doctorVisit,reviewed,1,1,1
2025-10-29,doppler,finished,1,1,1
2025-10-29,labTest,finished,6,6,6
2025-10-29,labTest,reviewed,2,2,2
2025-10-29,nursing,cancelled,4,4,4
2025-10-29,nursing,finished,7,7,7
2025-10-29,nursing,reviewed,16,15,14
2025-10-29,onlineConsultation,cancelled,1,1,1
2025-10-29,physiotherapy,finished,13,13,13
2025-10-29,physiotherapy,reviewed,30,30,29
2025-10-29,ultrasound,reviewed,1,1,1
2025-10-29,woundCare,finished,1,1,1
2025-10-29,xRay,finished,3,3,3
2025-10-30,ambulance,cancelled,0,0,0
2025-10-30,doctorVisit,cancelled,2,2,2
2025-10-30,doctorVisit,finished,6,6,6
2025-10-30,doppler,finished,2,2,2
2025-10-30,echocardiogram,finished,1,1,1
2025-10-30,labTest,finished,7,7,7
2025-10-30,labTest,reviewed,1,1,1
2025-10-30,nursing,cancelled,2,2,2
2025-10-30,nursing,finished,25,25,20
2025-10-30,nursing,reviewed,4,4,4
2025-10-30,onlineConsultation,cancelled,1,1,1
2025-10-30,onlineConsultation,finished,1,1,1
2025-10-30,physiotherapy,cancelled,2,2,2
2025-10-30,physiotherapy,finished,39,39,39
2025-10-30,physiotherapy,reviewed,1,1,1
2025-10-30,physiotherapy (b2b),finished,2,2,2
2025-10-30,ultrasound,finished,2,2,2
2025-10-30,woundCare,finished,1,1,1
2025-10-30,xRay,finished,3,3,3
2025-10-31,ambulance,cancelled,0,0,0
2025-10-31,doctorVisit,cancelled,7,7,7
2025-10-31,doctorVisit,finished,8,8,8
2025-10-31,doppler,finished,1,1,1
2025-10-31,echocardiogram,finished,2,2,2
2025-10-31,labTest,finished,2,2,2
2025-10-31,nursing,cancelled,9,9,7
2025-10-31,nursing,finished,24,24,23
2025-10-31,nursing,reviewed,10,10,9
2025-10-31,onlineConsultation,cancelled,1,1,1
2025-10-31,onlineConsultation,reviewed,1,1,1
2025-10-31,physiotherapy,cancelled,7,7,7
2025-10-31,physiotherapy,finished,19,19,19
2025-10-31,physiotherapy,reviewed,13,13,13
2025-10-31,physiotherapy (b2b),reviewed,1,1,1
2025-10-31,psychiatristVisit,finished,1,1,1
2025-10-31,woundCare,cancelled,1,1,1
2025-10-31,woundCare,finished,3,3,3
2025-10-31,xRay,finished,4,4,4
2025-11-01,ambulance,cancelled,0,0,0
2025-11-01,doctorVisit,cancelled,3,3,3
2025-11-01,doctorVisit,reviewed,11,11,11
2025-11-01,labTest,cancelled,1,1,1
2025-11-01,labTest,reviewed,3,3,3
2025-11-01,nursing,cancelled,2,2,2
2025-11-01,nursing,reviewed,34,34,28
2025-11-01,onlineConsultation,cancelled,4,4,4
2025-11-01,onlineConsultation,reviewed,1,1,1
2025-11-01,physiotherapy,cancelled,1,1,1
2025-11-01,physiotherapy,finished,5,5,5
2025-11-01,physiotherapy,reviewed,35,35,35
2025-11-01,physiotherapy (b2b),finished,1,1,1
2025-11-01,physiotherapy (b2b),reviewed,1,1,1
2025-11-01,productPurchase,started,1,1,1
2025-11-01,ultrasound,reviewed,1,1,1
2025-11-01,woundCare,finished,4,4,3
2025-11-01,xRay,reviewed,4,4,4
2025-11-02,ambulance,cancelled,0,0,0
2025-11-02,doctorVisit,cancelled,1,1,1
2025-11-02,doctorVisit,reviewed,6,6,6
2025-11-02,echocardiogram,reviewed,2,2,2
2025-11-02,labTest,reviewed,4,4,4
2025-11-02,nursing,reviewed,28,28,25
2025-11-02,onlineConsultation,cancelled,2,2,2
2025-11-02,physiotherapy,reviewed,46,46,46
2025-11-02,ultrasound,reviewed,2,2,2
2025-11-02,woundCare,reviewed,2,2,2
2025-11-02,xRay,reviewed,6,6,6
2025-11-03,ambulance,cancelled,0,0,0
2025-11-03,doctorVisit,cancelled,4,4,4
2025-11-03,doctorVisit,finished,1,1,1
2025-11-03,doctorVisit,reviewed,4,4,4
2025-11-03,echocardiogram,reviewed,3,3,3
2025-11-03,labTest,cancelled,1,1,1
2025-11-03,labTest,reviewed,10,10,10
2025-11-03,nursing,cancelled,4,4,4
2025-11-03,nursing,reviewed,32,32,30
2025-11-03,onlineConsultation,reviewed,1,1,1
2025-11-03,physiotherapy,cancelled,4,4,4
2025-11-03,physiotherapy,reviewed,47,47,47
2025-11-03,productPurchase,reviewed,1,1,1
2025-11-03,woundCare,finished,2,2,2
2025-11-03,xRay,reviewed,1,1,1
2025-11-04,ambulance,cancelled,0,0,0
2025-11-04,doctorVisit,reviewed,11,11,11
2025-11-04,labTest,cancelled,1,1,1
2025-11-04,labTest,reviewed,5,5,5
2025-11-04,nursing,cancelled,8,8,7
2025-11-04,nursing,reviewed,37,37,33
2025-11-04,onlineConsultation,reviewed,3,3,3
2025-11-04,physiotherapy,cancelled,1,1,1
2025-11-04,physiotherapy,finished,1,1,1
2025-11-04,physiotherapy,reviewed,44,44,44
2025-11-04,ultrasound,reviewed,2,2,2
2025-11-04,woundCare,finished,1,1,1
2025-11-05,ambulance,cancelled,0,0,0
2025-11-05,doctorVisit,cancelled,3,3,2
2025-11-05,doctorVisit,reviewed,11,11,10
2025-11-05,labTest,finished,1,1,1
2025-11-05,labTest,reviewed,8,8,8
2025-11-05,nursing,cancelled,6,6,6
2025-11-05,nursing,reviewed,39,39,33
2025-11-05,physiotherapy,cancelled,1,1,1
2025-11-05,physiotherapy,reviewed,36,36,36
2025-11-05,physiotherapy (b2b),reviewed,2,2,2
2025-11-05,woundCare,finished,2,2,2
2025-11-05,xRay,reviewed,4,4,4
2025-11-06,ambulance,cancelled,0,0,0
2025-11-06,doctorVisit,cancelled,2,2,2
2025-11-06,doctorVisit,reviewed,10,10,10
2025-11-06,doppler,cancelled,1,1,1
2025-11-06,labTest,finished,2,2,2
2025-11-06,labTest,reviewed,11,11,10
2025-11-06,nursing,cancelled,6,6,4
2025-11-06,nursing,finished,1,1,1
2025-11-06,nursing,reviewed,33,33,29
2025-11-06,onlineConsultation,cancelled,2,2,2
2025-11-06,onlineConsultation,reviewed,1,1,1
2025-11-06,physiotherapy,cancelled,1,1,1
2025-11-06,physiotherapy,finished,3,3,3
2025-11-06,physiotherapy,reviewed,49,49,49
2025-11-06,ultrasound,reviewed,2,2,2
2025-11-06,xRay,reviewed,2,2,2
2025-11-07,ambulance,cancelled,0,0,0
2025-11-07,doctorVisit,cancelled,5,5,5
2025-11-07,doctorVisit,reviewed,10,10,10
2025-11-07,doppler,reviewed,2,2,2
2025-11-07,echocardiogram,cancelled,1,1,1
2025-11-07,echocardiogram,reviewed,2,2,2
2025-11-07,labTest,cancelled,1,1,1
2025-11-07,labTest,finished,1,1,1
2025-11-07,labTest,reviewed,3,3,3
2025-11-07,nursing,cancelled,5,5,4
2025-11-07,nursing,reviewed,44,44,40
2025-11-07,onlineConsultation,cancelled,1,1,1
2025-11-07,onlineConsultation,reviewed,1,1,1
2025-11-07,physiotherapy,cancelled,2,2,2
2025-11-07,physiotherapy,finished,3,3,3
2025-11-07,physiotherapy,reviewed,14,14,14
2025-11-07,ultrasound,reviewed,2,2,2
2025-11-07,xRay,cancelled,1,1,1
2025-11-07,xRay,finished,1,1,1
2025-11-07,xRay,reviewed,3,3,3
2025-11-08,ambulance,cancelled,0,0,0
2025-11-08,doctorVisit,cancelled,2,2,2
2025-11-08,doctorVisit,reviewed,10,10,10
2025-11-08,doppler,cancelled,1,1,1
2025-11-08,echocardiogram,cancelled,1,1,1
2025-11-08,echocardiogram,reviewed,2,2,2
2025-11-08,labTest,cancelled,1,1,1
2025-11-08,labTest,reviewed,12,12,12
2025-11-08,nursing,cancelled,2,2,2
2025-11-08,nursing,reviewed,34,33,29
2025-11-08,onlineConsultation,cancelled,1,1,1
2025-11-08,onlineConsultation,reviewed,1,1,1
2025-11-08,physiotherapy,cancelled,2,2,2
2025-11-08,physiotherapy,finished,2,2,2
2025-11-08,physiotherapy,reviewed,39,39,39
2025-11-08,physiotherapy (b2b),reviewed,2,2,2
2025-11-08,ultrasound,cancelled,1,1,1
2025-11-08,ultrasound,reviewed,2,2,2
2025-11-08,woundCare,finished,3,3,2
2025-11-08,xRay,reviewed,1,1,1
2025-11-09,ambulance,cancelled,0,0,0
2025-11-09,doctorVisit,reviewed,13,13,13
2025-11-09,eyeExam,reviewed,1,1,1
2025-11-09,labTest,cancelled,4,4,4
2025-11-09,labTest,finished,1,1,1
2025-11-09,labTest,reviewed,15,15,15
2025-11-09,nursing,cancelled,5,5,5
2025-11-09,nursing,reviewed,36,36,32
2025-11-09,onlineConsultation,cancelled,1,1,1
2025-11-09,onlineConsultation,reviewed,1,1,1
2025-11-09,physiotherapy,cancelled,3,3,3
2025-11-09,physiotherapy,reviewed,36,36,36
2025-11-09,ultrasound,reviewed,2,2,2
2025-11-09,woundCare,finished,1,1,1
2025-11-09,xRay,reviewed,4,4,4
2025-11-10,ambulance,cancelled,0,0,0
2025-11-10,doctorVisit,cancelled,4,4,4
2025-11-10,doctorVisit,reviewed,5,5,5
2025-11-10,doppler,reviewed,2,2,2
2025-11-10,labTest,cancelled,1,1,1
2025-11-10,labTest,finished,1,1,1
2025-11-10,labTest,reviewed,5,5,5
2025-11-10,nursing,cancelled,3,3,3
2025-11-10,nursing,finished,1,1,1
2025-11-10,nursing,reviewed,38,38,36
2025-11-10,onlineConsultation,cancelled,2,2,2
2025-11-10,onlineConsultation,reviewed,3,3,3
2025-11-10,physiotherapy,finished,12,12,12
2025-11-10,physiotherapy,reviewed,25,25,25
2025-11-10,ultrasound,reviewed,2,2,2
2025-11-10,woundCare,finished,3,3,3
2025-11-10,xRay,reviewed,3,3,3
2025-11-11,ambulance,cancelled,0,0,0
2025-11-11,doctorVisit,reviewed,10,10,10
2025-11-11,doppler,reviewed,1,1,1
2025-11-11,echocardiogram,reviewed,1,1,1
2025-11-11,labTest,finished,1,1,1
2025-11-11,labTest,reviewed,11,11,11
2025-11-11,nursing,cancelled,2,2,2
2025-11-11,nursing,reviewed,27,27,21
2025-11-11,onlineConsultation,cancelled,4,4,4
2025-11-11,onlineConsultation,reviewed,2,2,2
2025-11-11,physiotherapy,finished,2,2,2
2025-11-11,physiotherapy,reviewed,28,28,28
2025-11-11,ultrasound,reviewed,4,4,4
2025-11-11,woundCare,finished,1,1,1
2025-11-11,xRay,reviewed,1,1,1
2025-11-12,ambulance,cancelled,0,0,0
2025-11-12,doctorVisit,cancelled,2,2,2
2025-11-12,doctorVisit,reviewed,12,12,12
2025-11-12,echocardiogram,reviewed,2,2,2
2025-11-12,labTest,cancelled,1,1,1
2025-11-12,labTest,finished,1,1,1
2025-11-12,labTest,reviewed,11,11,11
2025-11-12,nursing,cancelled,3,3,3
2025-11-12,nursing,reviewed,37,36,35
2025-11-12,onlineConsultation,cancelled,1,1,1
2025-11-12,physiotherapy,cancelled,2,2,2
2025-11-12,physiotherapy,finished,4,4,4
2025-11-12,physiotherapy,reviewed,44,44,44
2025-11-12,ultrasound,reviewed,4,4,4
2025-11-12,woundCare,finished,2,2,2
2025-11-12,xRay,cancelled,1,1,1
2025-11-12,xRay,reviewed,3,3,3
2025-11-13,ambulance,cancelled,0,0,0
2025-11-13,doctorVisit,cancelled,4,4,4
2025-11-13,doctorVisit,reviewed,6,6,6
2025-11-13,echocardiogram,cancelled,2,2,2
2025-11-13,labTest,reviewed,11,11,11
2025-11-13,nursing,cancelled,4,4,3
2025-11-13,nursing,reviewed,34,34,31
2025-11-13,onlineConsultation,cancelled,2,2,2
2025-11-13,onlineConsultation,reviewed,2,2,2
2025-11-13,physiotherapy,cancelled,3,3,3
2025-11-13,physiotherapy,reviewed,38,38,38
2025-11-13,ultrasound,reviewed,1,1,1
2025-11-13,xRay,reviewed,3,3,3
2025-11-14,ambulance,cancelled,0,0,0
2025-11-14,doctorVisit,cancelled,2,2,2
2025-11-14,doctorVisit,reviewed,7,7,7
2025-11-14,doppler,reviewed,1,1,1
2025-11-14,echocardiogram,reviewed,2,2,2
2025-11-14,labTest,cancelled,1,1,1
2025-11-14,labTest,finished,5,5,5
2025-11-14,labTest,reviewed,6,6,6
2025-11-14,nursing,cancelled,2,2,2
2025-11-14,nursing,reviewed,36,36,36
2025-11-14,onlineConsultation,cancelled,2,2,2
2025-11-14,onlineConsultation,reviewed,1,1,1
2025-11-14,physiotherapy,cancelled,2,2,2
2025-11-14,physiotherapy,reviewed,21,21,21
2025-11-14,ultrasound,reviewed,1,1,1
2025-11-14,xRay,reviewed,3,3,3
2025-11-15,ambulance,cancelled,0,0,0
2025-11-15,doctorVisit,cancelled,3,3,2
2025-11-15,doctorVisit,reviewed,9,9,9
2025-11-15,eyeExam,reviewed,1,1,1
2025-11-15,labTest,cancelled,3,3,3
2025-11-15,labTest,finished,2,2,2
2025-11-15,labTest,reviewed,4,4,4
2025-11-15,nursing,cancelled,5,5,4
2025-11-15,nursing,finished,1,1,1
2025-11-15,nursing,reviewed,33,33,30
2025-11-15,onlineConsultation,cancelled,1,1,1
2025-11-15,onlineConsultation,reviewed,1,1,1
2025-11-15,physiotherapy,cancelled,2,2,2
2025-11-15,physiotherapy,reviewed,36,36,36
2025-11-15,physiotherapy (b2b),reviewed,2,2,2
2025-11-15,ultrasound,finished,2,2,2
2025-11-15,woundCare,finished,3,3,2
2025-11-15,xRay,finished,2,2,2
2025-11-15,xRay,reviewed,3,3,3
2025-11-16,ambulance,cancelled,0,0,0
2025-11-16,doctorVisit,cancelled,6,6,6
2025-11-16,doctorVisit,reviewed,8,8,8
2025-11-16,echocardiogram,finished,1,1,1
2025-11-16,labTest,cancelled,2,2,2
2025-11-16,labTest,finished,1,1,1
2025-11-16,labTest,reviewed,5,5,5
2025-11-16,nursing,cancelled,4,4,3
2025-11-16,nursing,finished,2,2,2
2025-11-16,nursing,reviewed,25,25,25
2025-11-16,physiotherapy,cancelled,3,3,3
2025-11-16,physiotherapy,finished,1,1,1
2025-11-16,physiotherapy,reviewed,38,38,38
2025-11-16,productPurchase,finished,1,1,1
2025-11-16,ultrasound,finished,3,3,3
2025-11-16,xRay,cancelled,1,1,1
2025-11-16,xRay,finished,3,3,3
2025-11-16,xRay,reviewed,1,1,1
2025-11-17,ambulance,cancelled,0,0,0
2025-11-17,doctorVisit,cancelled,1,1,1
2025-11-17,doctorVisit,reviewed,11,11,11
2025-11-17,echocardiogram,finished,1,1,1
2025-11-17,labTest,finished,1,1,1
2025-11-17,labTest,reviewed,5,5,5
2025-11-17,nursing,cancelled,5,5,3
2025-11-17,nursing,finished,3,3,3
2025-11-17,nursing,reviewed,26,26,26
2025-11-17,physiotherapy,cancelled,2,2,1
2025-11-17,physiotherapy,finished,2,2,2
2025-11-17,physiotherapy,reviewed,28,28,28
2025-11-17,physiotherapy (b2b),finished,1,1,1
2025-11-17,physiotherapy (b2b),reviewed,1,1,1
2025-11-17,xRay,finished,4,4,4
2025-11-17,xRay,reviewed,1,1,1
2025-11-18,ambulance,cancelled,0,0,0
2025-11-18,doctorVisit,cancelled,1,1,1
2025-11-18,doctorVisit,reviewed,14,14,13
2025-11-18,labTest,cancelled,1,1,1
2025-11-18,labTest,finished,1,1,1
2025-11-18,labTest,reviewed,4,4,4
2025-11-18,nursing,cancelled,2,2,2
2025-11-18,nursing,finished,1,1,1
2025-11-18,nursing,reviewed,20,20,18
2025-11-18,onlineConsultation,reviewed,2,2,2
2025-11-18,physiotherapy,cancelled,3,3,3
2025-11-18,physiotherapy,reviewed,34,34,34
2025-11-18,ultrasound,finished,4,4,4
2025-11-18,woundCare,cancelled,1,1,1
2025-11-18,xRay,finished,4,4,4
2025-11-19,ambulance,cancelled,0,0,0
2025-11-19,doctorVisit,cancelled,3,3,3
2025-11-19,doctorVisit,reviewed,3,3,3
2025-11-19,doppler,finished,1,1,1
2025-11-19,echocardiogram,finished,2,2,2
2025-11-19,eyeExam,cancelled,1,1,1
2025-11-19,labTest,cancelled,2,2,2
2025-11-19,labTest,finished,1,1,1
2025-11-19,labTest,reviewed,8,8,8
2025-11-19,nursing,cancelled,6,6,6
2025-11-19,nursing,finished,1,1,1
2025-11-19,nursing,reviewed,30,30,28
2025-11-19,onlineConsultation,cancelled,3,3,3
2025-11-19,onlineConsultation,reviewed,1,1,1
2025-11-19,physiotherapy,cancelled,3,3,3
2025-11-19,physiotherapy,finished,2,2,2
2025-11-19,physiotherapy,reviewed,37,37,37
2025-11-19,physiotherapy (b2b),reviewed,4,4,2
2025-11-19,ultrasound,finished,2,2,2
2025-11-19,woundCare,cancelled,1,1,1
2025-11-19,woundCare,finished,1,1,1
2025-11-19,xRay,finished,3,3,3
2025-11-20,ambulance,cancelled,0,0,0
2025-11-20,doctorVisit,reviewed,7,7,7
2025-11-20,doppler,finished,1,1,1
2025-11-20,echocardiogram,finished,1,1,1
2025-11-20,labTest,cancelled,1,1,1
2025-11-20,labTest,finished,1,1,1
2025-11-20,labTest,reviewed,14,14,13
2025-11-20,nursing,cancelled,6,6,4
2025-11-20,nursing,finished,1,1,1
2025-11-20,nursing,reviewed,30,30,28
2025-11-20,onlineConsultation,cancelled,2,2,2
2025-11-20,physiotherapy,cancelled,2,2,2
2025-11-20,physiotherapy,finished,2,2,2
2025-11-20,physiotherapy,reviewed,33,33,33
2025-11-20,ultrasound,cancelled,2,2,1
2025-11-20,ultrasound,finished,2,2,2
2025-11-20,xRay,finished,7,7,7
2025-11-21,ambulance,cancelled,0,0,0
2025-11-21,doctorVisit,cancelled,3,3,3
2025-11-21,doctorVisit,reviewed,10,10,10
2025-11-21,doppler,finished,1,1,1
2025-11-21,echocardiogram,cancelled,1,1,1
2025-11-21,labTest,reviewed,4,4,4
2025-11-21,nursing,cancelled,6,6,5
2025-11-21,nursing,finished,2,2,2
2025-11-21,nursing,reviewed,26,26,24
2025-11-21,onlineConsultation,cancelled,1,1,1
2025-11-21,onlineConsultation,reviewed,2,2,2
2025-11-21,physiotherapy,cancelled,1,1,1
2025-11-21,physiotherapy,finished,3,3,3
2025-11-21,physiotherapy,reviewed,19,19,19
2025-11-21,ultrasound,cancelled,1,1,1
2025-11-21,ultrasound,finished,1,1,1
2025-11-21,woundCare,cancelled,1,1,1
2025-11-21,xRay,finished,1,1,1
2025-11-22,ambulance,cancelled,0,0,0
2025-11-22,doctorVisit,cancelled,1,1,1
2025-11-22,doctorVisit,reviewed,13,13,13
2025-11-22,doppler,cancelled,1,1,1
2025-11-22,echocardiogram,finished,1,1,1
2025-11-22,labTest,finished,1,1,1
2025-11-22,labTest,reviewed,8,8,8
2025-11-22,nursing,cancelled,2,2,1
2025-11-22,nursing,reviewed,18,18,17
2025-11-22,onlineConsultation,reviewed,1,1,1
2025-11-22,physiotherapy,cancelled,1,1,1
2025-11-22,physiotherapy,finished,1,1,1
2025-11-22,physiotherapy,reviewed,45,45,45
2025-11-22,physiotherapy (b2b),reviewed,2,2,2
2025-11-22,woundCare,finished,1,1,1
2025-11-22,xRay,finished,3,3,3
2025-11-23,ambulance,cancelled,1,1,1
2025-11-23,doctorVisit,cancelled,3,3,3
2025-11-23,doctorVisit,reviewed,12,12,12
2025-11-23,doppler,finished,2,2,2
2025-11-23,labTest,reviewed,5,5,5
2025-11-23,nursing,cancelled,3,3,3
2025-11-23,nursing,reviewed,21,21,21
2025-11-23,onlineConsultation,reviewed,1,1,1
2025-11-23,physiotherapy,cancelled,1,1,1
2025-11-23,physiotherapy,finished,4,4,4
2025-11-23,physiotherapy,reviewed,29,29,29
2025-11-23,ultrasound,finished,4,4,4
2025-11-23,xRay,finished,5,5,5
2025-11-24,ambulance,cancelled,0,0,0
2025-11-24,doctorVisit,cancelled,1,1,1
2025-11-24,doctorVisit,finished,2,2,2
2025-11-24,doctorVisit,reviewed,16,16,16
2025-11-24,doppler,finished,2,2,2
2025-11-24,echocardiogram,cancelled,1,1,1
2025-11-24,labTest,reviewed,8,8,8
2025-11-24,nursing,cancelled,8,8,8
2025-11-24,nursing,reviewed,23,23,23
2025-11-24,onlineConsultation,cancelled,3,3,3
2025-11-24,onlineConsultation,reviewed,1,1,1
2025-11-24,physiotherapy,cancelled,2,2,2
2025-11-24,physiotherapy,finished,2,2,2
2025-11-24,physiotherapy,reviewed,46,46,46
2025-11-24,physiotherapy (b2b),reviewed,2,2,2
2025-11-24,ultrasound,cancelled,1,1,1
2025-11-24,ultrasound,finished,2,2,2
2025-11-24,woundCare,cancelled,1,1,1
2025-11-24,xRay,finished,4,4,4
2025-11-25,ambulance,cancelled,0,0,0
2025-11-25,ambulance,reviewed,1,1,1
2025-11-25,doctorVisit,cancelled,3,3,3
2025-11-25,doctorVisit,reviewed,8,8,8
2025-11-25,doppler,finished,1,1,1
2025-11-25,echocardiogram,cancelled,1,1,1
2025-11-25,labTest,cancelled,3,3,3
2025-11-25,labTest,finished,2,2,2
2025-11-25,labTest,reviewed,13,13,13
2025-11-25,nursing,cancelled,3,3,3
2025-11-25,nursing,finished,2,2,2
2025-11-25,nursing,reviewed,22,22,20
2025-11-25,onlineConsultation,cancelled,2,2,2
2025-11-25,onlineConsultation,reviewed,3,3,3
2025-11-25,physiotherapy,cancelled,3,3,3
2025-11-25,physiotherapy,reviewed,36,36,36
2025-11-25,ultrasound,cancelled,1,1,1
2025-11-25,ultrasound,finished,3,3,3
2025-11-25,woundCare,finished,1,1,1
2025-11-25,xRay,finished,3,3,3
2025-11-26,ambulance,cancelled,0,0,0
2025-11-26,doctorVisit,cancelled,5,5,5
2025-11-26,doctorVisit,reviewed,4,4,4
2025-11-26,echocardiogram,finished,1,1,1
2025-11-26,labTest,reviewed,5,5,5
2025-11-26,nursing,cancelled,2,2,2
2025-11-26,nursing,finished,1,1,1
2025-11-26,nursing,reviewed,41,41,37
2025-11-26,onlineConsultation,cancelled,2,2,2
2025-11-26,physiotherapy,cancelled,3,3,3
2025-11-26,physiotherapy,finished,3,3,3
2025-11-26,physiotherapy,reviewed,33,33,33
2025-11-26,productPurchase,finished,1,1,1
2025-11-26,ultrasound,finished,1,1,1
2025-11-26,woundCare,reviewed,1,1,1
2025-11-26,xRay,finished,4,4,4
2025-11-27,ambulance,cancelled,0,0,0
2025-11-27,doctorVisit,cancelled,3,3,2
2025-11-27,doctorVisit,reviewed,5,5,5
2025-11-27,echocardiogram,finished,1,1,1
2025-11-27,labTest,cancelled,1,1,1
2025-11-27,labTest,reviewed,21,21,20
2025-11-27,nursing,cancelled,7,7,7
2025-11-27,nursing,finished,1,1,1
2025-11-27,nursing,reviewed,32,32,27
2025-11-27,onlineConsultation,cancelled,1,1,1
2025-11-27,onlineConsultation,reviewed,1,1,1
2025-11-27,physiotherapy,cancelled,3,3,3
2025-11-27,physiotherapy,finished,1,1,1
2025-11-27,physiotherapy,reviewed,45,45,44
2025-11-27,ultrasound,cancelled,1,1,1
2025-11-27,ultrasound,finished,1,1,1
2025-11-27,xRay,cancelled,1,1,1
2025-11-27,xRay,finished,1,1,1
2025-11-28,ambulance,cancelled,0,0,0
2025-11-28,doctorVisit,cancelled,1,1,1
2025-11-28,doctorVisit,reviewed,6,6,6
2025-11-28,echocardiogram,finished,2,2,2
2025-11-28,labTest,cancelled,1,1,1
2025-11-28,labTest,finished,4,4,4
2025-11-28,labTest,reviewed,12,12,12
2025-11-28,nursing,cancelled,3,3,3
2025-11-28,nursing,reviewed,33,33,28
2025-11-28,onlineConsultation,cancelled,2,2,2
2025-11-28,physiotherapy,cancelled,1,1,1
2025-11-28,physiotherapy,finished,4,4,4
2025-11-28,physiotherapy,reviewed,18,18,18
2025-11-28,productPurchase,finished,1,1,1
2025-11-28,ultrasound,finished,1,1,1
2025-11-28,xRay,finished,4,4,4
2025-11-29,ambulance,cancelled,0,0,0
2025-11-29,doctorVisit,cancelled,2,2,2
2025-11-29,doctorVisit,reviewed,12,12,12
2025-11-29,doppler,reviewed,1,1,1
2025-11-29,echocardiogram,finished,2,2,2
2025-11-29,eyeExam,reviewed,1,1,1
2025-11-29,labTest,finished,1,1,1
2025-11-29,labTest,reviewed,10,10,10
2025-11-29,nursing,cancelled,5,5,5
2025-11-29,nursing,reviewed,41,41,34
2025-11-29,physiotherapy,finished,1,1,1
2025-11-29,physiotherapy,reviewed,51,51,51
2025-11-29,physiotherapy (b2b),reviewed,2,2,2
2025-11-29,productPurchase,finished,1,1,1
2025-11-29,ultrasound,finished,1,1,1
2025-11-29,woundCare,cancelled,1,1,1
2025-11-29,woundCare,finished,1,1,1
2025-11-29,xRay,finished,6,6,6
2025-11-30,ambulance,cancelled,0,0,0
2025-11-30,doctorVisit,cancelled,1,1,1
2025-11-30,doctorVisit,reviewed,14,14,14
2025-11-30,doppler,cancelled,1,1,1
2025-11-30,labTest,cancelled,3,3,2
2025-11-30,labTest,finished,2,2,2
2025-11-30,labTest,reviewed,13,13,11
2025-11-30,nursing,cancelled,9,9,8
2025-11-30,nursing,finished,4,4,4
2025-11-30,nursing,reviewed,25,25,20
2025-11-30,onlineConsultation,cancelled,2,2,2
2025-11-30,onlineConsultation,finished,2,2,2
2025-11-30,physiotherapy,cancelled,3,3,3
2025-11-30,physiotherapy,finished,1,1,1
2025-11-30,physiotherapy,reviewed,47,47,45
2025-11-30,ultrasound,finished,5,5,5
2025-11-30,ultrasound,reviewed,1,1,1
2025-11-30,woundCare,reviewed,1,1,1
2025-11-30,xRay,finished,3,3,3
2025-11-30,xRay,reviewed,2,2,2
2025-12-01,ambulance,cancelled,0,0,0
2025-12-01,doctorVisit,reviewed,10,10,10
2025-12-01,doppler,reviewed,2,2,2
2025-12-01,echocardiogram,cancelled,1,1,1
2025-12-01,echocardiogram,reviewed,1,1,1
2025-12-01,eyeExam,reviewed,2,2,2
2025-12-01,labTest,finished,1,1,1
2025-12-01,labTest,reviewed,9,9,9
2025-12-01,nursing,cancelled,5,5,5
2025-12-01,nursing,reviewed,27,27,26
2025-12-01,onlineConsultation,cancelled,3,3,3
2025-12-01,physiotherapy,cancelled,5,5,5
2025-12-01,physiotherapy,reviewed,57,57,57
2025-12-01,productPurchase,finished,1,1,1
2025-12-01,ultrasound,reviewed,1,1,1
2025-12-01,xRay,cancelled,1,1,1
2025-12-01,xRay,reviewed,5,5,5
2025-12-02,ambulance,cancelled,0,0,0
2025-12-02,doctorVisit,cancelled,3,3,3
2025-12-02,doctorVisit,finished,1,1,1
2025-12-02,doctorVisit,reviewed,8,8,8
2025-12-02,doppler,reviewed,1,1,1
2025-12-02,echocardiogram,reviewed,1,1,1
2025-12-02,labTest,reviewed,8,8,8
2025-12-02,nursing,cancelled,3,3,2
2025-12-02,nursing,reviewed,16,16,16
2025-12-02,onlineConsultation,cancelled,2,2,2
2025-12-02,onlineConsultation,reviewed,1,1,1
2025-12-02,physiotherapy,cancelled,5,5,5
2025-12-02,physiotherapy,reviewed,53,53,53
2025-12-02,physiotherapy (b2b),reviewed,2,2,2
2025-12-02,ultrasound,cancelled,1,1,1
2025-12-02,ultrasound,reviewed,2,2,2
2025-12-02,woundCare,finished,1,1,1
2025-12-02,xRay,reviewed,2,2,2
2025-12-03,ambulance,cancelled,0,0,0
2025-12-03,doctorVisit,cancelled,6,6,6
2025-12-03,doctorVisit,finished,1,1,1
2025-12-03,doctorVisit,reviewed,11,11,11
2025-12-03,doppler,reviewed,2,2,2
2025-12-03,echocardiogram,reviewed,4,4,4
2025-12-03,labTest,cancelled,2,2,2
2025-12-03,labTest,finished,2,2,2
2025-12-03,labTest,reviewed,10,10,10
2025-12-03,nursing,cancelled,3,3,2
2025-12-03,nursing,finished,3,3,3
2025-12-03,nursing,reviewed,29,29,28
2025-12-03,onlineConsultation,cancelled,1,1,1
2025-12-03,onlineConsultation,reviewed,1,1,1
2025-12-03,physiotherapy,finished,1,1,1
2025-12-03,physiotherapy,reviewed,48,48,48
2025-12-03,ultrasound,cancelled,1,1,1
2025-12-03,ultrasound,reviewed,2,2,2
2025-12-03,woundCare,reviewed,1,1,1
2025-12-03,xRay,reviewed,2,2,2
2025-12-04,ambulance,cancelled,0,0,0
2025-12-04,doctorVisit,cancelled,2,2,2
2025-12-04,doctorVisit,reviewed,10,10,10
2025-12-04,doppler,reviewed,2,2,2
2025-12-04,echocardiogram,cancelled,1,1,1
2025-12-04,echocardiogram,reviewed,3,3,3
2025-12-04,labTest,cancelled,1,1,1
2025-12-04,labTest,reviewed,5,5,5
2025-12-04,nursing,cancelled,2,2,2
2025-12-04,nursing,finished,2,2,2
2025-12-04,nursing,reviewed,29,29,27
2025-12-04,physiotherapy,cancelled,1,1,1
2025-12-04,physiotherapy,reviewed,45,45,45
2025-12-04,psychiatristVisit,finished,1,1,1
2025-12-04,ultrasound,reviewed,2,2,2
2025-12-04,xRay,cancelled,1,1,1
2025-12-04,xRay,reviewed,1,1,1
2025-12-05,ambulance,cancelled,0,0,0
2025-12-05,doctorVisit,cancelled,4,4,4
2025-12-05,doctorVisit,reviewed,8,8,8
2025-12-05,doppler,reviewed,2,2,2
2025-12-05,echocardiogram,cancelled,1,1,1
2025-12-05,echocardiogram,reviewed,2,2,2
2025-12-05,labTest,finished,1,1,1
2025-12-05,labTest,reviewed,11,11,10
2025-12-05,nursing,cancelled,1,1,1
2025-12-05,nursing,finished,6,6,6
2025-12-05,nursing,reviewed,25,25,23
2025-12-05,onlineConsultation,reviewed,1,1,1
2025-12-05,physiotherapy,cancelled,3,3,3
2025-12-05,physiotherapy,finished,3,3,3
2025-12-05,physiotherapy,reviewed,28,28,28
2025-12-05,psychiatristVisit,cancelled,1,1,1
2025-12-05,ultrasound,cancelled,2,2,2
2025-12-05,ultrasound,reviewed,4,4,4
2025-12-05,xRay,reviewed,4,4,4
2025-12-06,ambulance,cancelled,0,0,0
2025-12-06,doctorVisit,cancelled,1,1,1
2025-12-06,doctorVisit,reviewed,15,15,15
2025-12-06,doppler,reviewed,2,2,2
2025-12-06,echocardiogram,reviewed,2,2,2
2025-12-06,labTest,cancelled,1,1,1
2025-12-06,labTest,finished,2,2,2
2025-12-06,labTest,reviewed,11,11,11
2025-12-06,nursing,cancelled,2,2,2
2025-12-06,nursing,finished,1,1,1
2025-12-06,nursing,reviewed,25,25,24
2025-12-06,onlineConsultation,cancelled,1,1,1
2025-12-06,onlineConsultation,reviewed,2,2,2
2025-12-06,physiotherapy,cancelled,2,2,2
2025-12-06,physiotherapy,finished,2,2,2
2025-12-06,physiotherapy,reviewed,56,56,56
2025-12-06,physiotherapy (b2b),finished,1,1,1
2025-12-06,physiotherapy (b2b),reviewed,1,1,1
2025-12-06,ultrasound,reviewed,1,1,1
2025-12-06,woundCare,cancelled,2,2,2
2025-12-06,woundCare,finished,2,2,2
2025-12-06,woundCare,reviewed,1,1,1
2025-12-06,xRay,finished,1,1,1
2025-12-06,xRay,reviewed,3,3,3
2025-12-07,ambulance,cancelled,1,1,1
2025-12-07,doctorVisit,cancelled,3,3,3
2025-12-07,doctorVisit,reviewed,11,11,11
2025-12-07,doppler,reviewed,1,1,1
2025-12-07,echocardiogram,cancelled,1,1,1
2025-12-07,echocardiogram,reviewed,2,2,2
2025-12-07,labTest,cancelled,2,2,2
2025-12-07,labTest,finished,1,1,1
2025-12-07,labTest,reviewed,16,16,15
2025-12-07,nursing,cancelled,1,1,1
2025-12-07,nursing,finished,1,1,1
2025-12-07,nursing,reviewed,32,32,30
2025-12-07,physiotherapy,cancelled,6,6,6
2025-12-07,physiotherapy,finished,3,3,3
2025-12-07,physiotherapy,reviewed,50,50,50
2025-12-07,productPurchase,finished,2,2,2
2025-12-07,ultrasound,reviewed,2,2,2
2025-12-07,xRay,reviewed,3,3,3
2025-12-08,ambulance,cancelled,0,0,0
2025-12-08,doctorVisit,cancelled,4,4,4
2025-12-08,doctorVisit,reviewed,9,9,9
2025-12-08,doppler,reviewed,1,1,1
2025-12-08,echocardiogram,reviewed,2,2,2
2025-12-08,labTest,reviewed,11,11,11
2025-12-08,nursing,finished,1,1,1
2025-12-08,nursing,reviewed,26,26,22
2025-12-08,onlineConsultation,cancelled,1,1,1
2025-12-08,onlineConsultation,reviewed,1,1,1
2025-12-08,physiotherapy,reviewed,56,56,56
2025-12-08,ultrasound,reviewed,4,4,4
2025-12-08,woundCare,finished,1,1,1
2025-12-08,woundCare,reviewed,2,2,2
2025-12-08,xRay,reviewed,2,2,2
2025-12-09,ambulance,cancelled,0,0,0
2025-12-09,ambulance,reviewed,2,2,2
2025-12-09,doctorVisit,reviewed,10,10,10
2025-12-09,doppler,reviewed,1,1,1
2025-12-09,echocardiogram,reviewed,2,2,2
2025-12-09,labTest,cancelled,2,2,2
2025-12-09,labTest,finished,1,1,1
2025-12-09,labTest,reviewed,6,6,6
2025-12-09,nursing,finished,2,2,2
2025-12-09,nursing,reviewed,28,28,21
2025-12-09,onlineConsultation,cancelled,1,1,1
2025-12-09,physiotherapy,cancelled,5,5,5
2025-12-09,physiotherapy,finished,2,2,2
2025-12-09,physiotherapy,reviewed,48,48,48
2025-12-09,physiotherapy (b2b),reviewed,2,2,2
2025-12-09,ultrasound,reviewed,3,3,3
2025-12-09,woundCare,reviewed,1,1,1
2025-12-09,xRay,reviewed,5,5,5
2025-12-10,ambulance,cancelled,0,0,0
2025-12-10,doctorVisit,cancelled,3,3,3
2025-12-10,doctorVisit,reviewed,11,11,11
2025-12-10,doppler,reviewed,2,2,2
2025-12-10,echocardiogram,reviewed,2,2,2
2025-12-10,labTest,cancelled,2,2,2
2025-12-10,labTest,reviewed,1,1,1
2025-12-10,nursing,cancelled,3,3,3
2025-12-10,nursing,finished,6,6,6
2025-12-10,nursing,reviewed,23,23,21
2025-12-10,onlineConsultation,cancelled,4,4,4
2025-12-10,onlineConsultation,finished,1,1,1
2025-12-10,physiotherapy,cancelled,3,3,3
2025-12-10,physiotherapy,finished,1,1,1
2025-12-10,physiotherapy,reviewed,56,56,56
2025-12-10,surgeries,reviewed,1,1,1
2025-12-10,ultrasound,reviewed,1,1,1
2025-12-10,woundCare,finished,1,1,1
2025-12-10,woundCare,reviewed,1,1,1
2025-12-10,xRay,cancelled,1,1,1
2025-12-10,xRay,reviewed,1,1,1
2025-12-11,ambulance,cancelled,0,0,0
2025-12-11,doctorVisit,cancelled,3,3,3
2025-12-11,doctorVisit,reviewed,9,9,9
2025-12-11,doppler,cancelled,1,1,1
2025-12-11,echocardiogram,cancelled,1,1,1
2025-12-11,echocardiogram,reviewed,1,1,1
2025-12-11,eyeExam,cancelled,1,1,1
2025-12-11,labTest,cancelled,3,3,3
2025-12-11,labTest,reviewed,10,10,10
2025-12-11,nursing,cancelled,4,4,4
2025-12-11,nursing,finished,1,1,1
2025-12-11,nursing,reviewed,19,19,18
2025-12-11,onlineConsultation,cancelled,2,2,2
2025-12-11,physiotherapy,cancelled,1,1,1
2025-12-11,physiotherapy,finished,3,3,3
2025-12-11,physiotherapy,reviewed,46,46,46
2025-12-11,ultrasound,cancelled,1,1,1
2025-12-11,ultrasound,reviewed,3,3,3
2025-12-11,xRay,cancelled,2,2,2
2025-12-11,xRay,reviewed,3,3,3
2025-12-12,ambulance,cancelled,0,0,0
2025-12-12,ambulance,reviewed,1,1,1
2025-12-12,doctorVisit,reviewed,13,13,13
2025-12-12,labTest,cancelled,2,2,2
2025-12-12,labTest,finished,1,1,1
2025-12-12,labTest,reviewed,4,4,4
2025-12-12,nursing,cancelled,1,1,1
2025-12-12,nursing,finished,16,16,16
2025-12-12,nursing,reviewed,14,14,14
2025-12-12,onlineConsultation,reviewed,1,1,1
2025-12-12,physiotherapy,cancelled,1,1,1
2025-12-12,physiotherapy,finished,10,10,10
2025-12-12,physiotherapy,reviewed,9,9,9
2025-12-12,woundCare,cancelled,1,1,1
2025-12-12,woundCare,reviewed,1,1,1
2025-12-12,xRay,finished,1,1,1
2025-12-12,xRay,reviewed,1,1,1
2025-12-13,ambulance,cancelled,0,0,0
2025-12-13,doctorVisit,cancelled,4,4,4
2025-12-13,doctorVisit,reviewed,8,8,8
2025-12-13,echocardiogram,reviewed,1,1,1
2025-12-13,labTest,finished,1,1,1
2025-12-13,labTest,reviewed,7,7,7
2025-12-13,nursing,cancelled,2,2,2
2025-12-13,nursing,finished,26,26,24
2025-12-13,onlineConsultation,cancelled,2,2,2
2025-12-13,onlineConsultation,finished,1,1,1
2025-12-13,physiotherapy,cancelled,4,4,4
2025-12-13,physiotherapy,finished,52,52,52
2025-12-13,physiotherapy,reviewed,2,2,2
2025-12-13,woundCare,finished,1,1,1
2025-12-13,woundCare,reviewed,2,2,2
2025-12-13,xRay,reviewed,2,2,2
2025-12-14,ambulance,cancelled,0,0,0
2025-12-14,doctorVisit,cancelled,3,3,2
2025-12-14,doctorVisit,reviewed,7,7,7
2025-12-14,doppler,reviewed,2,2,2
2025-12-14,labTest,cancelled,1,1,1
2025-12-14,labTest,finished,1,1,1
2025-12-14,labTest,reviewed,6,6,5
2025-12-14,nursing,cancelled,2,2,2
2025-12-14,nursing,finished,28,28,27
2025-12-14,nursing,reviewed,5,5,1
2025-12-14,onlineConsultation,cancelled,1,1,1
2025-12-14,onlineConsultation,reviewed,2,2,2
2025-12-14,physiotherapy,cancelled,3,3,3
2025-12-14,physiotherapy,finished,46,46,46
2025-12-14,physiotherapy,reviewed,1,1,1
2025-12-14,physiotherapy (b2b),finished,2,2,2
2025-12-14,ultrasound,reviewed,1,1,1
2025-12-15,ambulance,cancelled,0,0,0
2025-12-15,doctorVisit,cancelled,2,2,2
2025-12-15,doctorVisit,reviewed,11,11,10
2025-12-15,doppler,reviewed,1,1,1
2025-12-15,echocardiogram,cancelled,1,1,1
2025-12-15,labTest,reviewed,3,3,3
2025-12-15,nursing,cancelled,3,3,3
2025-12-15,nursing,finished,27,27,26
2025-12-15,nursing,reviewed,1,1,1
2025-12-15,onlineConsultation,cancelled,1,1,1
2025-12-15,physiotherapy,cancelled,3,3,3
2025-12-15,physiotherapy,finished,44,44,44
2025-12-15,physiotherapy,reviewed,1,1,1
2025-12-15,ultrasound,reviewed,4,4,4
2025-12-15,woundCare,finished,1,1,1
2025-12-15,xRay,reviewed,2,2,2
2025-12-16,ambulance,cancelled,0,0,0
2025-12-16,doctorVisit,cancelled,2,2,2
2025-12-16,doctorVisit,reviewed,6,6,6
2025-12-16,doppler,reviewed,1,1,1
2025-12-16,echocardiogram,reviewed,1,1,1
2025-12-16,labTest,cancelled,1,1,1
2025-12-16,labTest,finished,6,6,6
2025-12-16,labTest,reviewed,1,1,1
2025-12-16,nursing,cancelled,1,1,1
2025-12-16,nursing,finished,31,31,27
2025-12-16,nursing,reviewed,1,1,1
2025-12-16,onlineConsultation,cancelled,3,3,3
2025-12-16,physiotherapy,cancelled,2,2,2
2025-12-16,physiotherapy,finished,54,54,54
2025-12-16,physiotherapy,reviewed,1,1,1
2025-12-16,ultrasound,reviewed,1,1,1
2025-12-16,woundCare,finished,1,1,1
2025-12-16,woundCare,reviewed,1,1,1
2025-12-16,xRay,reviewed,3,3,3
2025-12-17,ambulance,cancelled,0,0,0
2025-12-17,doctorVisit,cancelled,5,5,5
2025-12-17,doctorVisit,reviewed,12,12,12
2025-12-17,echocardiogram,reviewed,1,1,1
2025-12-17,labTest,cancelled,1,1,1
2025-12-17,labTest,finished,6,6,6
2025-12-17,labTest,reviewed,4,4,4
2025-12-17,nursing,cancelled,2,2,2
2025-12-17,nursing,finished,33,33,29
2025-12-17,onlineConsultation,cancelled,1,1,1
2025-12-17,onlineConsultation,reviewed,1,1,1
2025-12-17,physiotherapy,cancelled,3,3,3
2025-12-17,physiotherapy,finished,43,43,43
2025-12-17,physiotherapy,reviewed,1,1,1
2025-12-17,physiotherapy (b2b),finished,2,2,2
2025-12-17,ultrasound,reviewed,2,2,2
2025-12-17,xRay,reviewed,4,4,4
2025-12-18,ambulance,cancelled,0,0,0
2025-12-18,doctorVisit,cancelled,1,1,1
2025-12-18,doctorVisit,reviewed,9,9,9
2025-12-18,echocardiogram,reviewed,1,1,1
2025-12-18,labTest,cancelled,2,2,2
2025-12-18,labTest,finished,4,4,4
2025-12-18,labTest,reviewed,3,3,3
2025-12-18,nursing,cancelled,4,4,4
2025-12-18,nursing,finished,28,28,26
2025-12-18,onlineConsultation,cancelled,3,3,3
2025-12-18,physiotherapy,cancelled,2,2,2
2025-12-18,physiotherapy,finished,48,48,48
2025-12-18,ultrasound,reviewed,5,5,5
2025-12-18,xRay,reviewed,2,2,2
2025-12-19,ambulance,cancelled,0,0,0
2025-12-19,doctorVisit,cancelled,2,2,2
2025-12-19,doctorVisit,reviewed,14,14,13
2025-12-19,doppler,reviewed,3,3,3
2025-12-19,echocardiogram,reviewed,1,1,1
2025-12-19,eyeExam,reviewed,1,1,1
2025-12-19,labTest,finished,5,5,5
2025-12-19,labTest,reviewed,2,2,2
2025-12-19,nursing,cancelled,2,2,2
2025-12-19,nursing,finished,26,26,22
2025-12-19,onlineConsultation,cancelled,3,3,3
2025-12-19,onlineConsultation,reviewed,1,1,1
2025-12-19,physiotherapy,cancelled,5,5,5
2025-12-19,physiotherapy,finished,34,34,34
2025-12-19,productPurchase,reviewed,1,1,1
2025-12-19,psychiatristVisit,finished,1,1,1
2025-12-19,ultrasound,finished,1,1,1
2025-12-19,ultrasound,reviewed,1,1,1
2025-12-19,woundCare,reviewed,2,2,2
2025-12-19,xRay,reviewed,1,1,1
2025-12-20,ambulance,cancelled,0,0,0
2025-12-20,doctorVisit,cancelled,2,2,2
2025-12-20,doctorVisit,reviewed,9,9,8
2025-12-20,doppler,reviewed,1,1,1
2025-12-20,echocardiogram,cancelled,1,1,1
2025-12-20,echocardiogram,reviewed,1,1,1
2025-12-20,labTest,cancelled,1,1,1
2025-12-20,labTest,finished,8,8,8
2025-12-20,nursing,cancelled,2,2,2
2025-12-20,nursing,finished,37,37,33
2025-12-20,onlineConsultation,cancelled,2,2,2
2025-12-20,physiotherapy,cancelled,1,1,1
2025-12-20,physiotherapy,finished,70,70,69
2025-12-20,physiotherapy,reviewed,1,1,1
2025-12-20,physiotherapy (b2b),finished,2,2,2
2025-12-20,ultrasound,reviewed,1,1,1
2025-12-20,xRay,cancelled,1,1,1
2025-12-20,xRay,reviewed,6,6,6
2025-12-21,ambulance,cancelled,0,0,0
2025-12-21,doctorVisit,cancelled,3,3,3
2025-12-21,doctorVisit,reviewed,7,7,7
2025-12-21,doppler,reviewed,1,1,1
2025-12-21,echocardiogram,reviewed,2,2,2
2025-12-21,labTest,cancelled,1,1,1
2025-12-21,labTest,finished,6,6,6
2025-12-21,labTest,reviewed,2,2,2
2025-12-21,nursing,cancelled,3,3,3
2025-12-21,nursing,finished,44,44,38
2025-12-21,onlineConsultation,cancelled,2,2,2
2025-12-21,physiotherapy,cancelled,1,1,1
2025-12-21,physiotherapy,finished,47,47,47
2025-12-21,ultrasound,reviewed,4,4,4
2025-12-21,woundCare,finished,1,1,1
2025-12-21,xRay,reviewed,1,1,1
2025-12-22,ambulance,cancelled,0,0,0
2025-12-22,doctorVisit,cancelled,1,1,1
2025-12-22,doctorVisit,reviewed,14,14,13
2025-12-22,doppler,reviewed,2,2,2
2025-12-22,echocardiogram,reviewed,2,2,2
2025-12-22,labTest,finished,12,12,12
2025-12-22,labTest,reviewed,2,2,2
2025-12-22,nursing,cancelled,4,4,4
2025-12-22,nursing,finished,39,39,34
2025-12-22,onlineConsultation,cancelled,1,1,1
2025-12-22,physiotherapy,cancelled,4,4,4
2025-12-22,physiotherapy,finished,58,58,58
2025-12-22,ultrasound,cancelled,1,1,1
2025-12-22,ultrasound,reviewed,3,3,3
2025-12-22,woundCare,reviewed,1,1,1
2025-12-22,xRay,reviewed,4,4,4
2025-12-23,ambulance,cancelled,0,0,0
2025-12-23,doctorVisit,cancelled,2,2,2
2025-12-23,doctorVisit,reviewed,6,6,6
2025-12-23,echocardiogram,cancelled,1,1,1
2025-12-23,echocardiogram,reviewed,2,2,2
2025-12-23,labTest,cancelled,2,2,2
2025-12-23,labTest,finished,12,12,12
2025-12-23,labTest,reviewed,2,2,2
2025-12-23,nursing,cancelled,2,2,2
2025-12-23,nursing,finished,34,34,30
2025-12-23,onlineConsultation,cancelled,2,2,2
2025-12-23,physiotherapy,cancelled,1,1,1
2025-12-23,physiotherapy,finished,58,58,58
2025-12-23,physiotherapy (b2b),finished,2,2,2
2025-12-23,psychiatristVisit,finished,1,1,1
2025-12-23,ultrasound,reviewed,5,5,5
2025-12-23,woundCare,reviewed,1,1,1
2025-12-23,xRay,reviewed,5,5,5
2025-12-24,ambulance,cancelled,0,0,0
2025-12-24,ambulance,finished,1,1,1
2025-12-24,doctorVisit,cancelled,2,2,2
2025-12-24,doctorVisit,finished,1,1,1
2025-12-24,doctorVisit,reviewed,3,3,3
2025-12-24,echocardiogram,finished,1,1,1
2025-12-24,labTest,cancelled,3,3,3
2025-12-24,labTest,finished,5,5,5
2025-12-24,labTest,reviewed,1,1,1
2025-12-24,nursing,cancelled,1,1,1
2025-12-24,nursing,finished,35,35,31
2025-12-24,nursing,reviewed,1,1,1
2025-12-24,onlineConsultation,reviewed,1,1,1
2025-12-24,physiotherapy,cancelled,2,2,2
2025-12-24,physiotherapy,finished,49,49,49
2025-12-24,ultrasound,finished,2,2,2
2025-12-24,xRay,finished,3,3,3
2025-12-25,ambulance,cancelled,0,0,0
2025-12-25,doctorVisit,reviewed,6,6,6
2025-12-25,doppler,finished,1,1,1
2025-12-25,labTest,finished,8,8,8
2025-12-25,labTest,reviewed,2,2,2
2025-12-25,nursing,cancelled,2,2,2
2025-12-25,nursing,finished,29,29,26
2025-12-25,physiotherapy,cancelled,2,2,2
2025-12-25,physiotherapy,finished,54,54,54
2025-12-25,physiotherapy (b2b),finished,2,2,2
2025-12-25,productPurchase,reviewed,1,1,1
2025-12-25,ultrasound,finished,1,1,1
2025-12-25,xRay,finished,3,3,3
2025-12-25,xRay,reviewed,2,2,2
2025-12-26,ambulance,cancelled,0,0,0
2025-12-26,doctorVisit,cancelled,3,3,3
2025-12-26,doctorVisit,finished,2,2,2
2025-12-26,doctorVisit,reviewed,9,9,9
2025-12-26,doppler,finished,1,1,1
2025-12-26,echocardiogram,finished,2,2,2
2025-12-26,labTest,cancelled,3,3,3
2025-12-26,labTest,finished,2,2,2
2025-12-26,labTest,reviewed,1,1,1
2025-12-26,nursing,cancelled,2,2,2
2025-12-26,nursing,finished,33,33,30
2025-12-26,onlineConsultation,cancelled,1,1,1
2025-12-26,onlineConsultation,reviewed,2,2,2
2025-12-26,physiotherapy,finished,20,20,20
2025-12-26,xRay,finished,1,1,1
2025-12-27,ambulance,cancelled,0,0,0
2025-12-27,ambulance,finished,1,1,1
2025-12-27,doctorVisit,cancelled,5,5,4
2025-12-27,doctorVisit,finished,14,14,14
2025-12-27,doctorVisit,reviewed,1,1,1
2025-12-27,doppler,cancelled,1,1,1
2025-12-27,doppler,finished,1,1,1
2025-12-27,echocardiogram,finished,3,3,3
2025-12-27,labTest,cancelled,1,1,1
2025-12-27,labTest,finished,7,7,7
2025-12-27,labTest,reviewed,8,8,8
2025-12-27,nursing,cancelled,6,6,6
2025-12-27,nursing,finished,24,24,22
2025-12-27,onlineConsultation,cancelled,3,3,3
2025-12-27,physiotherapy,cancelled,3,3,3
2025-12-27,physiotherapy,finished,59,59,59
2025-12-27,ultrasound,cancelled,1,1,1
2025-12-27,ultrasound,finished,3,3,3
2025-12-27,woundCare,cancelled,1,1,1
2025-12-27,woundCare,finished,1,1,1
2025-12-27,woundCare,reviewed,1,1,1
2025-12-27,xRay,cancelled,1,1,1
2025-12-27,xRay,finished,5,5,5
2025-12-27,xRay,reviewed,1,1,1
2025-12-28,ambulance,cancelled,0,0,0
2025-12-28,doctorVisit,cancelled,1,1,1
2025-12-28,doctorVisit,finished,3,3,3
2025-12-28,doctorVisit,reviewed,2,2,2
2025-12-28,doppler,finished,1,1,1
2025-12-28,echocardiogram,finished,3,3,3
2025-12-28,labTest,cancelled,1,1,1
2025-12-28,labTest,finished,6,6,6
2025-12-28,labTest,reviewed,2,2,2
2025-12-28,nursing,cancelled,5,5,5
2025-12-28,nursing,finished,27,27,24
2025-12-28,onlineConsultation,cancelled,1,1,1
2025-12-28,physiotherapy,cancelled,1,1,1
2025-12-28,physiotherapy,finished,44,44,44
2025-12-28,ultrasound,finished,4,4,4
2025-12-28,woundCare,cancelled,1,1,1
2025-12-28,xRay,cancelled,2,2,2
2025-12-28,xRay,finished,3,3,3
2025-12-29,ambulance,cancelled,0,0,0
2025-12-29,doctorVisit,cancelled,2,2,2
2025-12-29,doctorVisit,finished,10,10,9
2025-12-29,doctorVisit,reviewed,1,1,1
2025-12-29,doppler,finished,1,1,1
2025-12-29,echocardiogram,cancelled,1,1,1
2025-12-29,echocardiogram,finished,1,1,1
2025-12-29,labTest,cancelled,1,1,1
2025-12-29,labTest,finished,10,10,10
2025-12-29,labTest,reviewed,5,5,5
2025-12-29,nursing,cancelled,2,2,2
2025-12-29,nursing,finished,29,29,24
2025-12-29,onlineConsultation,cancelled,1,1,1
2025-12-29,onlineConsultation,reviewed,1,1,1
2025-12-29,physiotherapy,cancelled,2,2,2
2025-12-29,physiotherapy,finished,44,44,44
2025-12-29,xRay,finished,4,4,4
2025-12-30,ambulance,cancelled,0,0,0
2025-12-30,doctorVisit,cancelled,1,1,1
2025-12-30,doctorVisit,finished,8,8,8
2025-12-30,doctorVisit,reviewed,1,1,1
2025-12-30,doppler,finished,1,1,1
2025-12-30,echocardiogram,finished,1,1,1
2025-12-30,labTest,finished,6,6,6
2025-12-30,labTest,reviewed,5,5,5
2025-12-30,nursing,cancelled,4,4,4
2025-12-30,nursing,finished,43,43,35
2025-12-30,onlineConsultation,reviewed,1,1,1
2025-12-30,physiotherapy,cancelled,2,2,2
2025-12-30,physiotherapy,finished,54,54,54
2025-12-30,physiotherapy (b2b),finished,2,2,2
2025-12-30,woundCare,cancelled,1,1,1
2025-12-30,woundCare,finished,1,1,1
2025-12-30,xRay,cancelled,1,1,1
2025-12-30,xRay,finished,3,3,3
2025-12-31,ambulance,cancelled,0,0,0
2025-12-31,doctorVisit,cancelled,1,1,1
2025-12-31,doctorVisit,finished,4,4,4
2025-12-31,doctorVisit,reviewed,1,1,1
2025-12-31,eyeExam,finished,1,1,1
2025-12-31,labTest,cancelled,1,1,1
2025-12-31,labTest,finished,7,7,7
2025-12-31,labTest,reviewed,5,5,4
2025-12-31,nursing,cancelled,4,4,4
2025-12-31,nursing,finished,33,33,28
2025-12-31,nursing,reviewed,2,2,2
2025-12-31,physiotherapy,cancelled,3,3,3
2025-12-31,physiotherapy,finished,42,42,42
2025-12-31,physiotherapy,reviewed,1,1,1
2025-12-31,physiotherapy (b2b),reviewed,1,1,1
2025-12-31,productPurchase,reviewed,1,1,1
2025-12-31,ultrasound,reviewed,1,1,1
2025-12-31,woundCare,reviewed,1,1,1
2025-12-31,xRay,finished,1,1,1
2026-01-01,ambulance,cancelled,0,0,0
2026-01-01,doctorVisit,cancelled,2,2,2
2026-01-01,doctorVisit,finished,13,13,13
2026-01-01,doppler,finished,1,1,1
2026-01-01,labTest,cancelled,1,1,1
2026-01-01,labTest,finished,2,2,2
2026-01-01,labTest,reviewed,7,7,7
2026-01-01,nursing,cancelled,3,3,3
2026-01-01,nursing,finished,15,15,15
2026-01-01,nursing,reviewed,14,14,14
2026-01-01,onlineConsultation,finished,2,2,2
2026-01-01,physiotherapy,cancelled,6,6,6
2026-01-01,physiotherapy,finished,32,32,32
2026-01-01,physiotherapy,reviewed,16,16,16
2026-01-01,physiotherapy (b2b),finished,11,0,1
2026-01-01,physiotherapy (b2b),reviewed,2,0,1
2026-01-01,productPurchase,finished,3,3,1
2026-01-01,surgeries,reviewed,1,1,1
2026-01-01,ultrasound,finished,1,1,1
2026-01-01,xRay,cancelled,1,1,1
2026-01-01,xRay,finished,3,3,3
2026-01-02,ambulance,cancelled,0,0,0
2026-01-02,doctorVisit,cancelled,1,1,1
2026-01-02,doctorVisit,finished,10,10,10
2026-01-02,doppler,finished,2,2,2
2026-01-02,echocardiogram,reviewed,2,2,2
2026-01-02,labTest,finished,3,3,3
2026-01-02,labTest,reviewed,8,8,8
2026-01-02,nursing,cancelled,2,2,2
2026-01-02,nursing,finished,37,37,31
2026-01-02,onlineConsultation,cancelled,1,1,1
2026-01-02,physiotherapy,cancelled,2,2,2
2026-01-02,physiotherapy,finished,27,27,27
2026-01-02,physiotherapy,reviewed,1,1,1
2026-01-02,physiotherapy (b2b),finished,2,2,2
2026-01-02,ultrasound,finished,2,2,2
2026-01-02,xRay,finished,3,3,3
2026-01-03,ambulance,cancelled,0,0,0
2026-01-03,doctorVisit,cancelled,1,1,1
2026-01-03,doctorVisit,finished,8,8,8
2026-01-03,echocardiogram,cancelled,1,1,1
2026-01-03,labTest,cancelled,1,1,1
2026-01-03,labTest,finished,5,5,5
2026-01-03,labTest,reviewed,9,9,9
2026-01-03,nursing,cancelled,5,5,4
2026-01-03,nursing,finished,18,18,18
2026-01-03,nursing,reviewed,10,10,10
2026-01-03,onlineConsultation,finished,2,2,2
2026-01-03,physiotherapy,cancelled,8,8,8
2026-01-03,physiotherapy,finished,27,27,27
2026-01-03,physiotherapy,reviewed,33,33,33
2026-01-03,ultrasound,finished,3,3,3
2026-01-03,xRay,cancelled,2,2,2
2026-01-03,xRay,finished,2,2,2
2026-01-04,ambulance,cancelled,0,0,0
2026-01-04,doctorVisit,cancelled,1,1,1
2026-01-04,doctorVisit,finished,10,10,10
2026-01-04,doppler,finished,2,2,2
2026-01-04,echocardiogram,reviewed,1,1,1
2026-01-04,labTest,cancelled,2,2,2
2026-01-04,labTest,finished,3,3,3
2026-01-04,labTest,reviewed,5,5,5
2026-01-04,nursing,cancelled,5,5,4
2026-01-04,nursing,finished,29,29,26
2026-01-04,onlineConsultation,cancelled,1,1,1
2026-01-04,physiotherapy,cancelled,1,1,1
2026-01-04,physiotherapy,finished,44,44,44
2026-01-04,ultrasound,cancelled,1,1,1
2026-01-04,ultrasound,finished,2,2,2
2026-01-04,xRay,finished,3,3,3
2026-01-05,ambulance,cancelled,0,0,0
2026-01-05,doctorVisit,cancelled,1,1,1
2026-01-05,doctorVisit,finished,9,9,9
2026-01-05,doctorVisit,reviewed,1,1,1
2026-01-05,echocardiogram,reviewed,1,1,1
2026-01-05,labTest,cancelled,2,2,2
2026-01-05,labTest,finished,3,3,3
2026-01-05,labTest,reviewed,5,5,5
2026-01-05,nursing,cancelled,1,1,1
2026-01-05,nursing,finished,32,32,30
2026-01-05,onlineConsultation,finished,1,1,1
2026-01-05,physiotherapy,cancelled,1,1,1
2026-01-05,physiotherapy,finished,48,48,47
2026-01-05,physiotherapy,reviewed,1,1,1
2026-01-05,physiotherapy (b2b),finished,2,2,2
2026-01-05,surgeries,cancelled,1,1,1
2026-01-05,ultrasound,finished,1,1,1
2026-01-06,ambulance,cancelled,0,0,0
2026-01-06,doctorVisit,finished,11,11,11
2026-01-06,doppler,finished,1,1,1
2026-01-06,echocardiogram,reviewed,1,1,1
2026-01-06,eyeExam,finished,1,1,1
2026-01-06,labTest,cancelled,1,1,1
2026-01-06,labTest,finished,2,2,2
2026-01-06,labTest,reviewed,15,15,15
2026-01-06,nursing,cancelled,1,1,1
2026-01-06,nursing,finished,34,34,30
2026-01-06,onlineConsultation,finished,1,1,1
2026-01-06,physiotherapy,cancelled,3,3,3
2026-01-06,physiotherapy,finished,61,61,60
2026-01-06,physiotherapy (b2b),finished,2,2,2
2026-01-06,ultrasound,finished,3,3,3
2026-01-06,xRay,finished,2,2,2
2026-01-07,ambulance,cancelled,0,0,0
2026-01-07,ambulance,reviewed,1,1,1
2026-01-07,doctorVisit,cancelled,4,4,4
2026-01-07,doctorVisit,finished,6,6,6
2026-01-07,doppler,finished,2,2,2
2026-01-07,echocardiogram,cancelled,1,1,1
2026-01-07,eyeExam,finished,2,2,2
2026-01-07,labTest,finished,4,4,4
2026-01-07,labTest,reviewed,10,10,10
2026-01-07,nursing,finished,24,24,22
2026-01-07,physiotherapy,finished,54,54,53
2026-01-07,physiotherapy,reviewed,1,1,1
2026-01-07,physiotherapy (b2b),finished,2,2,2
2026-01-07,ultrasound,cancelled,1,1,1
2026-01-07,ultrasound,finished,2,2,2
2026-01-07,woundCare,finished,1,1,1
2026-01-07,xRay,cancelled,1,1,1
2026-01-07,xRay,finished,3,3,3
2026-01-08,ambulance,cancelled,0,0,0
2026-01-08,doctorVisit,cancelled,4,4,4
2026-01-08,doctorVisit,finished,6,6,6
2026-01-08,doctorVisit,reviewed,1,1,1
2026-01-08,doppler,finished,2,2,2
2026-01-08,labTest,finished,3,3,3
2026-01-08,labTest,reviewed,12,12,12
2026-01-08,nursing,cancelled,3,3,3
2026-01-08,nursing,finished,29,29,27
2026-01-08,nursing,reviewed,9,9,9
2026-01-08,onlineConsultation,cancelled,2,2,2
2026-01-08,physiotherapy,cancelled,1,1,1
2026-01-08,physiotherapy,finished,49,49,49
2026-01-08,physiotherapy,reviewed,2,2,2
2026-01-08,physiotherapy (b2b),finished,4,4,4
2026-01-08,ultrasound,reviewed,1,1,1
2026-01-08,xRay,finished,6,6,6
2026-01-09,ambulance,cancelled,0,0,0
2026-01-09,doctorVisit,cancelled,2,2,2
2026-01-09,doctorVisit,finished,16,16,16
2026-01-09,doppler,finished,1,1,1
2026-01-09,echocardiogram,finished,2,2,2
2026-01-09,labTest,cancelled,1,1,1
2026-01-09,labTest,finished,1,1,1
2026-01-09,labTest,reviewed,6,6,6
2026-01-09,nursing,cancelled,1,1,1
2026-01-09,nursing,finished,29,29,26
2026-01-09,onlineConsultation,cancelled,2,2,2
2026-01-09,onlineConsultation,finished,1,1,1
2026-01-09,physiotherapy,finished,29,29,29
2026-01-09,physiotherapy (b2b),finished,10,10,10
2026-01-09,ultrasound,cancelled,1,1,1
2026-01-09,xRay,cancelled,1,1,1
2026-01-09,xRay,finished,2,2,2
2026-01-10,ambulance,cancelled,0,0,0
2026-01-10,doctorVisit,cancelled,1,1,1
2026-01-10,doctorVisit,finished,9,9,8
2026-01-10,doppler,finished,1,1,1
2026-01-10,echocardiogram,finished,1,1,1
2026-01-10,labTest,cancelled,1,1,1
2026-01-10,labTest,finished,1,1,1
2026-01-10,labTest,reviewed,7,7,7
2026-01-10,nursing,cancelled,1,1,1
2026-01-10,nursing,finished,31,31,28
2026-01-10,onlineConsultation,finished,1,1,1
2026-01-10,physiotherapy,cancelled,2,2,2
2026-01-10,physiotherapy,finished,59,59,59
2026-01-10,physiotherapy (b2b),finished,7,7,7
2026-01-10,ultrasound,cancelled,2,2,2
2026-01-10,ultrasound,finished,3,3,3
2026-01-10,xRay,finished,6,6,6
2026-01-11,ambulance,cancelled,0,0,0
2026-01-11,doctorVisit,cancelled,2,2,2
2026-01-11,doctorVisit,finished,11,11,11
2026-01-11,doppler,finished,2,2,2
2026-01-11,echocardiogram,finished,3,3,3
2026-01-11,labTest,finished,4,4,3
2026-01-11,labTest,reviewed,14,14,14
2026-01-11,nursing,cancelled,2,2,2
2026-01-11,nursing,finished,30,30,27
2026-01-11,onlineConsultation,finished,1,1,1
2026-01-11,physiotherapy,cancelled,2,2,2
2026-01-11,physiotherapy,finished,31,31,31
2026-01-11,physiotherapy (b2b),finished,8,8,8
2026-01-11,productPurchase,finished,1,1,1
2026-01-11,ultrasound,finished,4,4,4
2026-01-11,xRay,finished,7,7,7
2026-01-12,ambulance,cancelled,0,0,0
2026-01-12,doctorVisit,cancelled,2,2,2
2026-01-12,doctorVisit,finished,7,7,7
2026-01-12,labTest,finished,2,2,2
2026-01-12,labTest,reviewed,13,13,11
2026-01-12,nursing,cancelled,2,2,2
2026-01-12,nursing,finished,27,27,24
2026-01-12,onlineConsultation,cancelled,1,1,1
2026-01-12,onlineConsultation,finished,1,1,1
2026-01-12,physiotherapy,cancelled,2,2,2
2026-01-12,physiotherapy,finished,56,56,56
2026-01-12,physiotherapy (b2b),finished,6,6,6
2026-01-12,ultrasound,cancelled,1,1,1
2026-01-12,woundCare,cancelled,2,2,2
2026-01-12,xRay,finished,1,1,1
2026-01-13,ambulance,cancelled,0,0,0
2026-01-13,doctorVisit,cancelled,1,1,1
2026-01-13,doctorVisit,finished,11,11,11
2026-01-13,doctorVisit,reviewed,1,1,1
2026-01-13,doppler,finished,1,1,1
2026-01-13,labTest,cancelled,1,1,1
2026-01-13,labTest,finished,3,3,3
2026-01-13,labTest,reviewed,10,10,10
2026-01-13,nursing,cancelled,4,4,4
2026-01-13,nursing,finished,23,23,20
2026-01-13,nursing,reviewed,1,1,1
2026-01-13,onlineConsultation,finished,1,1,1
2026-01-13,physiotherapy,cancelled,2,2,2
2026-01-13,physiotherapy,finished,41,41,41
2026-01-13,physiotherapy (b2b),finished,9,9,9
2026-01-13,surgeries,reviewed,1,1,1
2026-01-13,ultrasound,cancelled,1,1,1
2026-01-13,ultrasound,finished,1,1,1
2026-01-13,woundCare,reviewed,1,1,1
2026-01-13,xRay,cancelled,1,1,1
2026-01-13,xRay,finished,4,4,4
2026-01-14,ambulance,cancelled,0,0,0
2026-01-14,doctorVisit,finished,10,10,10
2026-01-14,doppler,finished,3,3,3
2026-01-14,echocardiogram,finished,1,1,1
2026-01-14,labTest,cancelled,1,1,1
2026-01-14,labTest,finished,2,2,2
2026-01-14,labTest,reviewed,4,4,4
2026-01-14,nursing,cancelled,3,3,3
2026-01-14,nursing,finished,26,26,23
2026-01-14,nursing,reviewed,1,1,1
2026-01-14,onlineConsultation,finished,3,3,3
2026-01-14,physiotherapy,cancelled,2,2,2
2026-01-14,physiotherapy,finished,24,24,24
2026-01-14,physiotherapy (b2b),finished,7,7,7
2026-01-14,ultrasound,finished,1,1,1
2026-01-14,woundCare,finished,1,1,1
2026-01-14,xRay,finished,3,3,3
2026-01-15,ambulance,cancelled,0,0,0
2026-01-15,doctorVisit,cancelled,2,2,2
2026-01-15,doctorVisit,finished,8,8,8
2026-01-15,echocardiogram,finished,1,1,1
2026-01-15,eyeExam,finished,1,1,1
2026-01-15,labTest,cancelled,1,1,1
2026-01-15,labTest,finished,3,3,3
2026-01-15,labTest,reviewed,6,6,6
2026-01-15,nursing,cancelled,4,4,4
2026-01-15,nursing,finished,27,27,24
2026-01-15,nursing,reviewed,1,1,1
2026-01-15,onlineConsultation,cancelled,1,1,1
2026-01-15,physiotherapy,cancelled,3,3,3
2026-01-15,physiotherapy,finished,29,29,29
2026-01-15,physiotherapy (b2b),finished,6,6,6
2026-01-15,ultrasound,finished,2,2,2
2026-01-15,woundCare,cancelled,1,1,1
2026-01-15,xRay,finished,3,3,3
2026-01-16,ambulance,cancelled,0,0,0
2026-01-16,doctorVisit,cancelled,5,5,5
2026-01-16,doctorVisit,finished,15,15,15
2026-01-16,doppler,finished,1,1,1
2026-01-16,echocardiogram,finished,1,1,1
2026-01-16,labTest,cancelled,2,2,2
2026-01-16,labTest,finished,9,9,8
2026-01-16,nursing,cancelled,3,3,3
2026-01-16,nursing,finished,30,30,27
2026-01-16,onlineConsultation,cancelled,2,2,2
2026-01-16,physiotherapy,cancelled,1,1,1
2026-01-16,physiotherapy,finished,37,37,37
2026-01-16,physiotherapy (b2b),finished,7,7,7
2026-01-16,ultrasound,cancelled,1,1,1
2026-01-16,ultrasound,finished,1,1,1
2026-01-16,woundCare,cancelled,1,1,1
2026-01-16,xRay,finished,4,4,4
2026-01-17,ambulance,cancelled,0,0,0
2026-01-17,doctorVisit,cancelled,1,1,1
2026-01-17,doctorVisit,finished,15,15,15
2026-01-17,doctorVisit,reviewed,1,1,1
2026-01-17,doppler,finished,1,1,1
2026-01-17,echocardiogram,finished,3,3,3
2026-01-17,eyeExam,finished,1,1,1
2026-01-17,labTest,finished,16,16,16
2026-01-17,nursing,cancelled,1,1,1
2026-01-17,nursing,finished,24,24,23
2026-01-17,onlineConsultation,cancelled,1,1,1
2026-01-17,onlineConsultation,finished,2,2,2
2026-01-17,physiotherapy,cancelled,5,5,5
2026-01-17,physiotherapy,finished,45,45,45
2026-01-17,physiotherapy (b2b),finished,9,9,9
2026-01-17,productPurchase,finished,2,2,2
2026-01-17,ultrasound,finished,3,3,3
2026-01-17,woundCare,cancelled,2,2,2
2026-01-17,xRay,cancelled,1,1,1
2026-01-17,xRay,finished,2,2,2
2026-01-18,ambulance,cancelled,0,0,0
2026-01-18,doctorVisit,cancelled,1,1,1
2026-01-18,doctorVisit,finished,10,10,9
2026-01-18,doppler,cancelled,1,1,1
2026-01-18,doppler,finished,2,2,2
2026-01-18,echocardiogram,finished,1,1,1
2026-01-18,labTest,cancelled,1,1,1
2026-01-18,labTest,finished,6,6,6
2026-01-18,nursing,cancelled,1,1,1
2026-01-18,nursing,finished,17,17,15
2026-01-18,onlineConsultation,finished,2,2,2
2026-01-18,physiotherapy,cancelled,3,3,3
2026-01-18,physiotherapy,finished,44,44,44
2026-01-18,physiotherapy (b2b),finished,9,9,9
2026-01-18,ultrasound,cancelled,1,1,1
2026-01-18,ultrasound,finished,3,3,3
2026-01-18,woundCare,finished,2,2,2
2026-01-18,xRay,finished,2,2,2
2026-01-19,ambulance,cancelled,0,0,0
2026-01-19,doctorVisit,cancelled,3,3,3
2026-01-19,doctorVisit,finished,4,4,4
2026-01-19,echocardiogram,finished,3,3,3
2026-01-19,labTest,cancelled,1,1,1
2026-01-19,labTest,finished,11,11,11
2026-01-19,nursing,cancelled,5,4,5
2026-01-19,nursing,finished,24,24,20
2026-01-19,onlineConsultation,cancelled,1,1,1
2026-01-19,physiotherapy,cancelled,2,2,2
2026-01-19,physiotherapy,finished,38,38,38
2026-01-19,physiotherapy (b2b),finished,11,11,11
2026-01-19,ultrasound,finished,5,5,5
2026-01-19,woundCare,cancelled,1,1,1
2026-01-19,woundCare,finished,2,2,2
2026-01-19,xRay,cancelled,1,1,1
2026-01-19,xRay,finished,1,1,1
2026-01-20,ambulance,cancelled,0,0,0
2026-01-20,doctorVisit,cancelled,2,2,2
2026-01-20,doctorVisit,finished,13,13,13
2026-01-20,doctorVisit,reviewed,1,1,1
2026-01-20,echocardiogram,finished,1,1,1
2026-01-20,eyeExam,cancelled,1,1,1
2026-01-20,labTest,cancelled,1,1,1
2026-01-20,labTest,finished,12,12,12
2026-01-20,nursing,cancelled,2,2,2
2026-01-20,nursing,finished,28,28,24
2026-01-20,onlineConsultation,cancelled,1,1,1
2026-01-20,onlineConsultation,finished,1,1,1
2026-01-20,physiotherapy,cancelled,3,3,3
2026-01-20,physiotherapy,finished,50,50,50
2026-01-20,physiotherapy,reviewed,1,1,1
2026-01-20,physiotherapy (b2b),finished,10,10,10
2026-01-20,ultrasound,finished,1,1,1
2026-01-20,xRay,finished,2,2,2
2026-01-21,ambulance,cancelled,0,0,0
2026-01-21,doctorVisit,cancelled,3,3,3
2026-01-21,doctorVisit,finished,11,11,10
2026-01-21,doppler,cancelled,1,1,1
2026-01-21,doppler,finished,2,2,2
2026-01-21,echocardiogram,finished,2,2,2
2026-01-21,labTest,cancelled,1,1,1
2026-01-21,labTest,finished,4,4,4
2026-01-21,nursing,cancelled,7,7,7
2026-01-21,nursing,finished,35,35,33
2026-01-21,onlineConsultation,cancelled,2,2,2
2026-01-21,onlineConsultation,finished,1,1,1
2026-01-21,physiotherapy,cancelled,1,1,1
2026-01-21,physiotherapy,finished,42,42,42
2026-01-21,physiotherapy (b2b),finished,11,11,11
2026-01-21,ultrasound,finished,4,4,4
2026-01-21,xRay,finished,4,4,3
2026-01-22,ambulance,cancelled,0,0,0
2026-01-22,doctorVisit,cancelled,2,2,2
2026-01-22,doctorVisit,finished,16,16,16
2026-01-22,echocardiogram,finished,1,1,1
2026-01-22,labTest,finished,3,3,3
2026-01-22,nursing,cancelled,4,4,3
2026-01-22,nursing,finished,33,33,30
2026-01-22,onlineConsultation,cancelled,3,3,3
2026-01-22,physiotherapy,cancelled,3,3,3
2026-01-22,physiotherapy,finished,47,47,47
2026-01-22,physiotherapy (b2b),finished,11,11,11
2026-01-22,ultrasound,finished,4,4,4
2026-01-22,xRay,finished,4,4,4
2026-01-23,ambulance,cancelled,0,0,0
2026-01-23,doctorVisit,finished,10,10,10
2026-01-23,labTest,finished,2,2,2
2026-01-23,labTest,reviewed,2,2,2
2026-01-23,nursing,cancelled,4,4,3
2026-01-23,nursing,finished,38,38,35
2026-01-23,onlineConsultation,cancelled,1,1,1
2026-01-23,onlineConsultation,finished,1,1,1
2026-01-23,physiotherapy,cancelled,2,2,2
2026-01-23,physiotherapy,finished,16,16,16
2026-01-23,physiotherapy (b2b),finished,8,8,8
2026-01-23,ultrasound,finished,3,3,3
2026-01-23,xRay,cancelled,1,1,1
2026-01-23,xRay,finished,1,1,1
2026-01-24,ambulance,cancelled,0,0,0
2026-01-24,doctorVisit,cancelled,1,1,1
2026-01-24,doctorVisit,finished,9,9,8
2026-01-24,doctorVisit,reviewed,1,1,1
2026-01-24,doppler,finished,2,2,2
2026-01-24,echocardiogram,finished,3,3,3
2026-01-24,labTest,cancelled,1,1,1
2026-01-24,labTest,finished,12,12,12
2026-01-24,nursing,cancelled,5,5,4
2026-01-24,nursing,finished,25,25,24
2026-01-24,onlineConsultation,cancelled,1,1,1
2026-01-24,onlineConsultation,finished,1,1,1
2026-01-24,physiotherapy,cancelled,1,1,1
2026-01-24,physiotherapy,finished,49,49,49
2026-01-24,physiotherapy,reviewed,1,1,1
2026-01-24,physiotherapy (b2b),finished,12,12,12
2026-01-24,psychiatristVisit,finished,1,1,1
2026-01-24,ultrasound,cancelled,1,1,1
2026-01-24,ultrasound,finished,3,3,3
2026-01-24,woundCare,finished,1,1,1
2026-01-24,woundCare,reviewed,1,1,1
2026-01-24,xRay,cancelled,1,1,1
2026-01-24,xRay,finished,4,4,4
2026-01-25,ambulance,cancelled,0,0,0
2026-01-25,doctorVisit,cancelled,1,1,1
2026-01-25,doctorVisit,finished,14,14,14
2026-01-25,doppler,cancelled,1,1,1
2026-01-25,doppler,finished,1,1,1
2026-01-25,echocardiogram,finished,2,2,2
2026-01-25,labTest,finished,12,12,12
2026-01-25,nursing,cancelled,3,3,2
2026-01-25,nursing,finished,35,35,31
2026-01-25,physiotherapy,cancelled,1,1,1
2026-01-25,physiotherapy,finished,31,31,31
2026-01-25,physiotherapy (b2b),finished,8,8,8
2026-01-25,productPurchase,finished,1,1,1
2026-01-25,psychiatristVisit,finished,1,1,1
2026-01-25,ultrasound,finished,4,4,4
2026-01-25,woundCare,cancelled,1,1,1
2026-01-25,xRay,finished,2,2,2
2026-01-26,ambulance,cancelled,0,0,0
2026-01-26,ambulance,finished,1,1,1
2026-01-26,doctorVisit,cancelled,5,5,5
2026-01-26,doctorVisit,finished,9,9,9
2026-01-26,echocardiogram,finished,1,1,1
2026-01-26,labTest,cancelled,1,1,1
2026-01-26,labTest,finished,7,7,7
2026-01-26,labTest,reviewed,1,1,1
2026-01-26,nursing,finished,26,26,23
2026-01-26,nursing,reviewed,1,1,1
2026-01-26,onlineConsultation,cancelled,1,1,1
2026-01-26,onlineConsultation,finished,3,3,3
2026-01-26,physiotherapy,finished,43,43,43
2026-01-26,physiotherapy (b2b),finished,13,13,13
2026-01-26,ultrasound,cancelled,1,1,1
2026-01-26,ultrasound,finished,4,4,4
2026-01-26,woundCare,finished,1,1,1
2026-01-26,xRay,cancelled,1,1,1
2026-01-26,xRay,finished,2,2,2
2026-01-27,ambulance,cancelled,0,0,0
2026-01-27,ambulance,finished,1,1,1
2026-01-27,doctorVisit,cancelled,1,1,1
2026-01-27,doctorVisit,finished,11,11,11
2026-01-27,echocardiogram,finished,2,2,2
2026-01-27,labTest,finished,9,9,9
2026-01-27,nursing,cancelled,4,4,4
2026-01-27,nursing,finished,40,40,35
2026-01-27,physiotherapy,cancelled,2,2,2
2026-01-27,physiotherapy,finished,49,49,49
2026-01-27,physiotherapy (b2b),finished,8,8,8
2026-01-27,surgeries,reviewed,1,1,1
2026-01-27,woundCare,reviewed,1,1,1
2026-01-27,xRay,finished,3,3,3
2026-01-28,ambulance,cancelled,0,0,0
2026-01-28,doctorVisit,cancelled,1,1,1
2026-01-28,doctorVisit,finished,8,8,8
2026-01-28,doppler,cancelled,1,1,1
2026-01-28,doppler,finished,1,1,1
2026-01-28,doppler,reviewed,1,1,1
2026-01-28,echocardiogram,finished,2,2,2
2026-01-28,labTest,cancelled,1,1,1
2026-01-28,labTest,finished,7,7,7
2026-01-28,nursing,cancelled,2,2,2
2026-01-28,nursing,finished,37,37,32
2026-01-28,onlineConsultation,cancelled,1,1,1
2026-01-28,onlineConsultation,finished,1,1,1
2026-01-28,physiotherapy,cancelled,2,2,2
2026-01-28,physiotherapy,finished,44,44,44
2026-01-28,physiotherapy (b2b),finished,19,19,19
2026-01-28,ultrasound,cancelled,1,1,1
2026-01-28,ultrasound,finished,1,1,1
2026-01-28,woundCare,reviewed,1,1,1
2026-01-28,xRay,finished,1,1,1
2026-01-29,ambulance,cancelled,0,0,0
2026-01-29,doctorVisit,finished,9,9,9
2026-01-29,doppler,finished,2,2,2
2026-01-29,echocardiogram,finished,3,3,3
2026-01-29,labTest,finished,11,11,11
2026-01-29,nursing,cancelled,4,4,4
2026-01-29,nursing,finished,43,43,36
2026-01-29,onlineConsultation,cancelled,1,1,1
2026-01-29,onlineConsultation,finished,2,2,2
2026-01-29,physiotherapy,cancelled,2,2,1
2026-01-29,physiotherapy,finished,45,45,45
2026-01-29,physiotherapy (b2b),finished,14,14,14
2026-01-29,ultrasound,cancelled,1,1,1
2026-01-29,ultrasound,finished,1,1,1
2026-01-29,woundCare,cancelled,1,1,1
2026-01-29,woundCare,finished,1,1,1
2026-01-29,xRay,finished,3,3,3
2026-01-30,ambulance,cancelled,1,1,1
2026-01-30,doctorVisit,cancelled,1,1,1
2026-01-30,doctorVisit,finished,10,10,10
2026-01-30,doppler,finished,1,1,1
2026-01-30,doppler,reviewed,1,1,1
2026-01-30,echocardiogram,finished,1,1,1
2026-01-30,labTest,cancelled,2,2,2
2026-01-30,labTest,finished,8,8,8
2026-01-30,labTest,reviewed,1,1,1
2026-01-30,nursing,cancelled,3,3,3
2026-01-30,nursing,finished,43,43,36
2026-01-30,nursing,reviewed,1,1,1
2026-01-30,onlineConsultation,cancelled,3,3,3
2026-01-30,onlineConsultation,finished,1,1,1
2026-01-30,onlineConsultation,reviewed,2,2,2
2026-01-30,physiotherapy,cancelled,1,1,1
2026-01-30,physiotherapy,finished,22,22,22
2026-01-30,physiotherapy (b2b),finished,7,7,7
2026-01-30,ultrasound,finished,2,2,2
2026-01-30,woundCare,finished,1,1,1
2026-01-30,xRay,cancelled,1,1,1
2026-01-30,xRay,finished,5,5,5
2026-01-31,ambulance,cancelled,0,0,0
2026-01-31,doctorVisit,cancelled,1,1,1
2026-01-31,doctorVisit,finished,9,9,9
2026-01-31,doppler,finished,1,1,1
2026-01-31,echocardiogram,finished,1,1,1
2026-01-31,labTest,cancelled,2,2,2
2026-01-31,labTest,finished,11,11,11
2026-01-31,labTest,reviewed,2,2,2
2026-01-31,nursing,cancelled,6,6,5
2026-01-31,nursing,finished,36,36,30
2026-01-31,nursing,reviewed,1,1,1
2026-01-31,physiotherapy,cancelled,1,1,1
2026-01-31,physiotherapy,finished,47,47,47
2026-01-31,physiotherapy (b2b),finished,13,13,13
2026-01-31,ultrasound,cancelled,1,1,1
2026-01-31,ultrasound,finished,3,3,3
2026-01-31,woundCare,cancelled,1,1,1
2026-01-31,woundCare,finished,2,2,2
2026-01-31,xRay,finished,3,3,3
2026-02-01,ambulance,cancelled,0,0,0
2026-02-01,doctorVisit,cancelled,3,3,3
2026-02-01,doctorVisit,finished,9,9,9
2026-02-01,doctorVisit,reviewed,1,1,1
2026-02-01,doppler,reviewed,1,1,1
2026-02-01,echocardiogram,finished,1,1,1
2026-02-01,echocardiogram,reviewed,1,1,1
2026-02-01,labTest,cancelled,2,2,2
2026-02-01,labTest,finished,8,8,8
2026-02-01,labTest,reviewed,1,1,1
2026-02-01,nursing,cancelled,2,2,2
2026-02-01,nursing,finished,32,32,28
2026-02-01,nursing,reviewed,4,4,3
2026-02-01,onlineConsultation,reviewed,3,3,3
2026-02-01,physiotherapy,cancelled,4,4,4
2026-02-01,physiotherapy,finished,45,45,45
2026-02-01,physiotherapy,reviewed,1,1,1
2026-02-01,physiotherapy (b2b),finished,22,10,11
2026-02-01,physiotherapy (b2b),reviewed,2,0,1
2026-02-01,productPurchase,finished,1,1,1
2026-02-01,productPurchase,reviewed,1,1,1
2026-02-01,surgeries,reviewed,1,1,1
2026-02-01,ultrasound,finished,2,2,2
2026-02-01,xRay,cancelled,1,1,1
2026-02-01,xRay,finished,1,1,1
2026-02-01,xRay,reviewed,3,3,3
2026-02-02,ambulance,cancelled,0,0,0
2026-02-02,doctorVisit,cancelled,3,3,3
2026-02-02,doctorVisit,finished,5,5,5
2026-02-02,doctorVisit,reviewed,3,3,3
2026-02-02,echocardiogram,finished,2,2,2
2026-02-02,labTest,cancelled,2,2,2
2026-02-02,labTest,finished,9,9,9
2026-02-02,nursing,cancelled,1,1,1
2026-02-02,nursing,finished,28,28,23
2026-02-02,nursing,reviewed,6,6,3
2026-02-02,onlineConsultation,cancelled,3,3,3
2026-02-02,onlineConsultation,reviewed,1,1,1
2026-02-02,physiotherapy,cancelled,4,4,4
2026-02-02,physiotherapy,finished,38,38,38
2026-02-02,physiotherapy (b2b),finished,16,16,16
2026-02-02,psychiatristVisit,finished,1,1,1
2026-02-02,ultrasound,cancelled,1,1,1
2026-02-02,ultrasound,finished,4,4,4
2026-02-02,woundCare,finished,1,1,1
2026-02-02,xRay,finished,1,1,1
2026-02-02,xRay,reviewed,4,4,4
2026-02-03,ambulance,cancelled,0,0,0
2026-02-03,ambulance,finished,1,1,1
2026-02-03,doctorVisit,cancelled,3,3,3
2026-02-03,doctorVisit,finished,6,6,6
2026-02-03,doctorVisit,reviewed,3,3,3
2026-02-03,echocardiogram,finished,1,1,1
2026-02-03,echocardiogram,reviewed,1,1,1
2026-02-03,labTest,cancelled,5,5,5
2026-02-03,labTest,finished,11,11,11
2026-02-03,labTest,reviewed,1,1,1
2026-02-03,nursing,cancelled,5,4,3
2026-02-03,nursing,finished,28,28,24
2026-02-03,nursing,reviewed,6,6,3
2026-02-03,onlineConsultation,cancelled,2,2,2
2026-02-03,onlineConsultation,reviewed,1,1,1
2026-02-03,physiotherapy,cancelled,2,2,2
2026-02-03,physiotherapy,finished,25,25,25
2026-02-03,physiotherapy,reviewed,1,1,1
2026-02-03,physiotherapy (b2b),finished,8,8,8
2026-02-03,ultrasound,cancelled,1,1,1
2026-02-03,ultrasound,finished,3,3,3
2026-02-03,xRay,finished,1,1,1
2026-02-03,xRay,reviewed,3,3,3
2026-02-04,ambulance,cancelled,0,0,0
2026-02-04,doctorVisit,cancelled,1,1,1
2026-02-04,doctorVisit,finished,6,6,6
2026-02-04,doctorVisit,reviewed,2,2,2
2026-02-04,doppler,cancelled,1,1,1
2026-02-04,eyeExam,reviewed,1,1,1
2026-02-04,labTest,cancelled,4,4,4
2026-02-04,labTest,finished,8,8,8
2026-02-04,labTest,reviewed,1,1,1
2026-02-04,nursing,cancelled,5,5,5
2026-02-04,nursing,finished,25,25,25
2026-02-04,nursing,reviewed,3,3,2
2026-02-04,onlineConsultation,cancelled,2,2,2
2026-02-04,physiotherapy,cancelled,5,5,5
2026-02-04,physiotherapy,finished,47,47,47
2026-02-04,physiotherapy,reviewed,1,1,1
2026-02-04,physiotherapy (b2b),finished,11,11,11
2026-02-04,productPurchase,finished,1,1,1
2026-02-04,ultrasound,finished,3,3,3
2026-02-04,xRay,finished,2,2,2
2026-02-05,ambulance,cancelled,0,0,0
2026-02-05,doctorVisit,cancelled,2,2,2
2026-02-05,doctorVisit,finished,7,7,7
2026-02-05,doctorVisit,reviewed,5,5,5
2026-02-05,echocardiogram,cancelled,1,1,1
2026-02-05,echocardiogram,reviewed,3,3,3
2026-02-05,labTest,cancelled,1,1,1
2026-02-05,labTest,finished,9,9,9
2026-02-05,labTest,reviewed,1,1,1
2026-02-05,nursing,cancelled,7,7,7
2026-02-05,nursing,finished,33,33,30
2026-02-05,nursing,reviewed,3,3,2
2026-02-05,physiotherapy,cancelled,2,2,2
2026-02-05,physiotherapy,finished,44,44,44
2026-02-05,physiotherapy (b2b),finished,12,12,12
2026-02-05,ultrasound,cancelled,1,1,1
2026-02-05,ultrasound,finished,3,3,3
2026-02-05,xRay,cancelled,1,1,1
2026-02-05,xRay,finished,4,4,4
2026-02-06,ambulance,cancelled,0,0,0
2026-02-06,doctorVisit,cancelled,3,3,3
2026-02-06,doctorVisit,finished,6,6,6
2026-02-06,doctorVisit,reviewed,6,6,6
2026-02-06,echocardiogram,cancelled,1,1,1
2026-02-06,echocardiogram,finished,1,1,1
2026-02-06,echocardiogram,reviewed,1,1,1
2026-02-06,labTest,cancelled,2,2,2
2026-02-06,labTest,finished,9,9,9
2026-02-06,labTest,reviewed,3,3,3
2026-02-06,nursing,cancelled,7,7,6
2026-02-06,nursing,finished,43,43,41
2026-02-06,nursing,reviewed,4,4,2
2026-02-06,onlineConsultation,reviewed,1,1,1
2026-02-06,physiotherapy,cancelled,1,1,1
2026-02-06,physiotherapy,finished,18,18,18
2026-02-06,physiotherapy,reviewed,1,1,1
2026-02-06,physiotherapy (b2b),finished,11,11,11
2026-02-06,ultrasound,cancelled,1,1,1
2026-02-06,ultrasound,finished,1,1,1
2026-02-06,ultrasound,reviewed,1,1,1
2026-02-06,woundCare,finished,1,1,1
2026-02-06,xRay,finished,1,1,1
2026-02-06,xRay,reviewed,3,3,3
2026-02-07,ambulance,cancelled,0,0,0
2026-02-07,doctorVisit,cancelled,2,2,2
2026-02-07,doctorVisit,finished,9,9,9
2026-02-07,doctorVisit,reviewed,7,7,7
2026-02-07,doppler,reviewed,1,1,1
2026-02-07,echocardiogram,finished,4,4,4
2026-02-07,labTest,cancelled,2,2,2
2026-02-07,labTest,finished,14,14,14
2026-02-07,labTest,reviewed,3,3,3
2026-02-07,nursing,cancelled,8,8,7
2026-02-07,nursing,finished,36,36,34
2026-02-07,nursing,reviewed,4,4,2
2026-02-07,onlineConsultation,cancelled,3,3,3
2026-02-07,onlineConsultation,reviewed,3,3,3
2026-02-07,physiotherapy,cancelled,3,2,2
2026-02-07,physiotherapy,finished,38,38,38
2026-02-07,physiotherapy (b2b),finished,5,5,5
2026-02-07,ultrasound,cancelled,2,2,1
2026-02-07,ultrasound,finished,1,1,1
2026-02-07,ultrasound,reviewed,1,1,1
2026-02-07,woundCare,finished,3,3,3
2026-02-07,xRay,finished,3,3,3
2026-02-08,ambulance,cancelled,0,0,0
2026-02-08,doctorVisit,cancelled,4,4,4
2026-02-08,doctorVisit,finished,8,8,8
2026-02-08,doctorVisit,reviewed,2,2,2
2026-02-08,doppler,reviewed,1,1,1
2026-02-08,labTest,cancelled,2,2,2
2026-02-08,labTest,finished,8,8,8
2026-02-08,labTest,reviewed,1,1,1
2026-02-08,nursing,cancelled,6,6,5
2026-02-08,nursing,finished,31,31,31
2026-02-08,nursing,reviewed,5,5,3
2026-02-08,onlineConsultation,cancelled,2,2,2
2026-02-08,physiotherapy,finished,44,44,44
2026-02-08,physiotherapy (b2b),finished,15,15,15
2026-02-08,ultrasound,finished,1,1,1
2026-02-08,ultrasound,reviewed,2,2,2
2026-02-08,woundCare,finished,1,1,1
2026-02-08,xRay,finished,3,3,3
2026-02-08,xRay,reviewed,2,2,2
2026-02-09,ambulance,cancelled,0,0,0
2026-02-09,doctorVisit,finished,8,8,8
2026-02-09,doctorVisit,reviewed,2,2,2
2026-02-09,eyeExam,reviewed,1,1,1
2026-02-09,labTest,cancelled,1,1,1
2026-02-09,labTest,finished,10,10,10
2026-02-09,nursing,cancelled,4,4,4
2026-02-09,nursing,finished,35,35,32
2026-02-09,nursing,reviewed,2,2,1
2026-02-09,onlineConsultation,cancelled,1,1,1
2026-02-09,physiotherapy,cancelled,2,2,2
2026-02-09,physiotherapy,finished,37,37,36
2026-02-09,physiotherapy (b2b),finished,12,12,12
2026-02-09,ultrasound,finished,1,1,1
2026-02-09,xRay,finished,4,4,4
2026-02-09,xRay,reviewed,4,4,4
2026-02-10,ambulance,cancelled,0,0,0
2026-02-10,doctorVisit,cancelled,3,3,3
2026-02-10,doctorVisit,finished,9,9,9
2026-02-10,doctorVisit,reviewed,2,2,2
2026-02-10,doppler,finished,1,1,1
2026-02-10,doppler,reviewed,1,1,1
2026-02-10,echocardiogram,finished,3,3,3
2026-02-10,labTest,finished,21,21,20
2026-02-10,labTest,reviewed,2,2,2
2026-02-10,nursing,cancelled,2,2,2
2026-02-10,nursing,finished,35,35,33
2026-02-10,nursing,reviewed,2,2,1
2026-02-10,onlineConsultation,cancelled,1,1,1
2026-02-10,onlineConsultation,reviewed,2,2,2
2026-02-10,physiotherapy,cancelled,2,2,2
2026-02-10,physiotherapy,finished,50,50,50
2026-02-10,physiotherapy,reviewed,2,2,2
2026-02-10,physiotherapy (b2b),finished,8,8,8
2026-02-10,ultrasound,finished,2,2,2
2026-02-10,woundCare,finished,1,1,1
2026-02-10,xRay,finished,6,6,6
2026-02-10,xRay,reviewed,2,2,2
2026-02-11,ambulance,cancelled,0,0,0
2026-02-11,doctorVisit,cancelled,3,3,3
2026-02-11,doctorVisit,finished,8,8,8
2026-02-11,doctorVisit,reviewed,1,1,1
2026-02-11,doppler,finished,3,3,3
2026-02-11,echocardiogram,cancelled,1,1,1
2026-02-11,echocardiogram,reviewed,1,1,1
2026-02-11,labTest,cancelled,1,1,1
2026-02-11,labTest,finished,10,10,10
2026-02-11,labTest,reviewed,1,1,1
2026-02-11,nursing,cancelled,2,2,2
2026-02-11,nursing,finished,37,37,34
2026-02-11,onlineConsultation,cancelled,1,1,1
2026-02-11,onlineConsultation,reviewed,2,2,2
2026-02-11,physiotherapy,cancelled,2,2,2
2026-02-11,physiotherapy,finished,41,41,41
2026-02-11,physiotherapy,reviewed,1,1,1
2026-02-11,physiotherapy (b2b),finished,16,16,16
2026-02-11,ultrasound,finished,1,1,1
2026-02-11,xRay,finished,2,2,2
2026-02-11,xRay,reviewed,1,1,1
2026-02-12,ambulance,cancelled,0,0,0
2026-02-12,doctorVisit,cancelled,2,2,2
2026-02-12,doctorVisit,finished,7,7,7
2026-02-12,doctorVisit,reviewed,3,3,3
2026-02-12,doppler,reviewed,1,1,1
2026-02-12,echocardiogram,finished,2,2,2
2026-02-12,eyeExam,finished,1,1,1
2026-02-12,labTest,cancelled,3,3,3
2026-02-12,labTest,finished,13,13,11
2026-02-12,labTest,reviewed,1,1,1
2026-02-12,nursing,cancelled,6,6,6
2026-02-12,nursing,finished,33,33,29
2026-02-12,nursing,reviewed,4,4,2
2026-02-12,onlineConsultation,finished,1,1,1
2026-02-12,onlineConsultation,reviewed,1,1,1
2026-02-12,physiotherapy,cancelled,3,3,3
2026-02-12,physiotherapy,finished,42,42,42
2026-02-12,physiotherapy (b2b),finished,15,15,15
2026-02-12,productPurchase,cancelled,1,1,1
2026-02-12,ultrasound,finished,1,1,1
2026-02-12,xRay,cancelled,1,1,1
2026-02-12,xRay,finished,1,1,1
2026-02-12,xRay,reviewed,2,2,2
2026-02-13,ambulance,cancelled,0,0,0
2026-02-13,doctorVisit,cancelled,4,4,4
2026-02-13,doctorVisit,finished,10,10,10
2026-02-13,doctorVisit,reviewed,3,3,3
2026-02-13,echocardiogram,finished,1,1,1
2026-02-13,echocardiogram,reviewed,1,1,1
2026-02-13,labTest,cancelled,1,1,1
2026-02-13,labTest,finished,12,12,12
2026-02-13,labTest,reviewed,1,1,1
2026-02-13,nursing,cancelled,4,4,4
2026-02-13,nursing,finished,36,36,32
2026-02-13,nursing,reviewed,4,4,2
2026-02-13,onlineConsultation,cancelled,2,2,2
2026-02-13,physiotherapy,cancelled,1,1,1
2026-02-13,physiotherapy,finished,33,33,33
2026-02-13,physiotherapy (b2b),finished,12,12,12
2026-02-13,ultrasound,finished,3,3,3
2026-02-13,xRay,cancelled,1,1,1
2026-02-13,xRay,reviewed,1,1,1
2026-02-14,ambulance,cancelled,0,0,0
2026-02-14,doctorVisit,cancelled,2,2,2
2026-02-14,doctorVisit,finished,7,7,7
2026-02-14,doctorVisit,reviewed,3,3,3
2026-02-14,doppler,reviewed,1,1,1
2026-02-14,echocardiogram,cancelled,1,1,1
2026-02-14,echocardiogram,reviewed,3,3,3
2026-02-14,labTest,cancelled,1,1,1
2026-02-14,labTest,finished,6,6,6
2026-02-14,labTest,reviewed,1,1,1
2026-02-14,nursing,cancelled,7,7,7
2026-02-14,nursing,finished,44,44,39
2026-02-14,nursing,reviewed,5,5,2
2026-02-14,physiotherapy,cancelled,5,5,5
2026-02-14,physiotherapy,finished,59,59,59
2026-02-14,physiotherapy (b2b),finished,11,11,11
2026-02-14,ultrasound,cancelled,1,1,1
2026-02-14,ultrasound,finished,2,2,2
2026-02-14,ultrasound,reviewed,1,1,1
2026-02-14,woundCare,cancelled,1,1,1
2026-02-14,woundCare,finished,2,2,2
2026-02-14,woundCare,started,1,1,1
2026-02-14,xRay,finished,2,2,2
2026-02-15,ambulance,cancelled,0,0,0
2026-02-15,doctorVisit,cancelled,2,2,2
2026-02-15,doctorVisit,finished,8,8,7
2026-02-15,doctorVisit,reviewed,2,2,2
2026-02-15,echocardiogram,reviewed,2,2,2
2026-02-15,labTest,cancelled,1,1,1
2026-02-15,labTest,finished,11,11,11
2026-02-15,labTest,reviewed,1,1,1
2026-02-15,nursing,cancelled,6,6,6
2026-02-15,nursing,finished,33,33,29
2026-02-15,nursing,reviewed,3,3,2
2026-02-15,onlineConsultation,reviewed,1,1,1
2026-02-15,physiotherapy,cancelled,5,5,5
2026-02-15,physiotherapy,finished,44,44,44
2026-02-15,physiotherapy,reviewed,2,2,2
2026-02-15,physiotherapy (b2b),finished,11,11,11
2026-02-15,ultrasound,cancelled,1,1,1
2026-02-15,ultrasound,finished,2,2,2
2026-02-15,ultrasound,reviewed,2,2,2
2026-02-15,xRay,finished,2,2,2
2026-02-15,xRay,reviewed,2,2,2
2026-02-16,ambulance,cancelled,0,0,0
2026-02-16,doctorVisit,cancelled,5,5,5
2026-02-16,doctorVisit,finished,7,7,7
2026-02-16,doctorVisit,reviewed,6,6,6
2026-02-16,doppler,reviewed,1,1,1
2026-02-16,labTest,cancelled,3,2,2
2026-02-16,labTest,finished,11,11,11
2026-02-16,nursing,cancelled,9,9,8
2026-02-16,nursing,finished,30,30,29
2026-02-16,nursing,reviewed,2,2,1
2026-02-16,onlineConsultation,cancelled,3,3,3
2026-02-16,onlineConsultation,finished,1,1,1
2026-02-16,physiotherapy,cancelled,3,3,3
2026-02-16,physiotherapy,finished,43,43,43
2026-02-16,physiotherapy (b2b),finished,9,9,9
2026-02-16,ultrasound,finished,3,3,3
2026-02-16,woundCare,finished,2,2,2
2026-02-16,xRay,finished,2,2,2
2026-02-16,xRay,reviewed,1,1,1
2026-02-17,ambulance,cancelled,0,0,0
2026-02-17,doctorVisit,cancelled,2,2,2
2026-02-17,doctorVisit,finished,6,6,6
2026-02-17,doctorVisit,reviewed,8,8,7
2026-02-17,doppler,reviewed,3,3,3
2026-02-17,echocardiogram,cancelled,1,1,1
2026-02-17,echocardiogram,reviewed,1,1,1
2026-02-17,labTest,cancelled,3,3,3
2026-02-17,labTest,finished,5,5,5
2026-02-17,nursing,cancelled,7,7,6
2026-02-17,nursing,finished,36,36,33
2026-02-17,nursing,reviewed,2,2,1
2026-02-17,onlineConsultation,cancelled,1,1,1
2026-02-17,onlineConsultation,reviewed,2,2,2
2026-02-17,physiotherapy,cancelled,1,1,1
2026-02-17,physiotherapy,finished,44,44,44
2026-02-17,physiotherapy (b2b),finished,17,17,17
2026-02-17,ultrasound,finished,1,1,1
2026-02-17,xRay,cancelled,1,1,1
2026-02-17,xRay,reviewed,3,3,3
2026-02-18,ambulance,cancelled,0,0,0
2026-02-18,ambulance,reviewed,1,1,1
2026-02-18,doctorVisit,cancelled,3,3,3
2026-02-18,doctorVisit,finished,10,10,10
2026-02-18,doctorVisit,reviewed,3,3,3
2026-02-18,doppler,reviewed,1,1,1
2026-02-18,echocardiogram,reviewed,1,1,1
2026-02-18,labTest,reviewed,10,10,10
2026-02-18,nursing,cancelled,5,5,5
2026-02-18,nursing,finished,38,38,36
2026-02-18,nursing,reviewed,3,3,3
2026-02-18,onlineConsultation,reviewed,2,2,2
2026-02-18,physiotherapy,cancelled,4,4,4
2026-02-18,physiotherapy,finished,40,40,40
2026-02-18,physiotherapy,reviewed,2,2,2
2026-02-18,physiotherapy (b2b),finished,7,7,7
2026-02-18,ultrasound,finished,1,1,1
2026-02-18,ultrasound,reviewed,4,4,4
2026-02-18,xRay,finished,1,1,1
2026-02-19,ambulance,cancelled,0,0,0
2026-02-19,doctorVisit,cancelled,1,1,1
2026-02-19,doctorVisit,finished,8,8,8
2026-02-19,doctorVisit,reviewed,1,1,1
2026-02-19,echocardiogram,reviewed,1,1,1
2026-02-19,labTest,finished,10,10,10
2026-02-19,nursing,cancelled,6,6,6
2026-02-19,nursing,finished,19,19,19
2026-02-19,nursing,reviewed,31,31,28
2026-02-19,onlineConsultation,reviewed,1,1,1
2026-02-19,physiotherapy,cancelled,1,1,1
2026-02-19,physiotherapy,finished,37,37,37
2026-02-19,physiotherapy (b2b),finished,8,8,8
2026-02-19,ultrasound,finished,2,2,2
2026-02-19,ultrasound,reviewed,2,2,2
2026-02-19,xRay,finished,2,2,2
2026-02-20,ambulance,cancelled,0,0,0
2026-02-20,doctorVisit,cancelled,3,3,3
2026-02-20,doctorVisit,finished,9,9,9
2026-02-20,doctorVisit,reviewed,4,4,4
2026-02-20,doppler,finished,1,1,1
2026-02-20,labTest,cancelled,1,1,1
2026-02-20,labTest,finished,5,5,5
2026-02-20,nursing,cancelled,2,2,2
2026-02-20,nursing,finished,11,11,11
2026-02-20,nursing,reviewed,19,19,16
2026-02-20,onlineConsultation,cancelled,1,1,1
2026-02-20,physiotherapy,cancelled,1,1,1
2026-02-20,physiotherapy,finished,32,32,32
2026-02-20,physiotherapy,reviewed,1,1,1
2026-02-20,physiotherapy (b2b),finished,10,10,10
2026-02-20,ultrasound,finished,1,1,1
2026-02-20,woundCare,finished,1,1,1
2026-02-20,xRay,reviewed,1,1,1
2026-02-21,ambulance,cancelled,0,0,0
2026-02-21,doctorVisit,cancelled,1,1,1
2026-02-21,doctorVisit,finished,14,14,14
2026-02-21,doctorVisit,reviewed,5,5,5
2026-02-21,doppler,cancelled,1,1,1
2026-02-21,labTest,finished,14,14,14
2026-02-21,labTest,reviewed,1,1,1
2026-02-21,nursing,cancelled,2,2,2
2026-02-21,nursing,finished,32,32,30
2026-02-21,nursing,reviewed,12,12,12
2026-02-21,onlineConsultation,cancelled,2,2,2
2026-02-21,physiotherapy,cancelled,2,2,2
2026-02-21,physiotherapy,finished,44,44,44
2026-02-21,physiotherapy (b2b),finished,15,15,15
2026-02-21,ultrasound,finished,1,1,1
2026-02-21,ultrasound,reviewed,1,1,1
2026-02-21,woundCare,finished,1,1,1
2026-02-21,xRay,finished,1,1,1
2026-02-21,xRay,reviewed,1,1,1
2026-02-22,ambulance,cancelled,0,0,0
2026-02-22,doctorVisit,cancelled,4,4,4
2026-02-22,doctorVisit,finished,6,6,6
2026-02-22,doctorVisit,reviewed,5,5,5
2026-02-22,doppler,reviewed,1,1,1
2026-02-22,echocardiogram,cancelled,1,1,1
2026-02-22,labTest,cancelled,1,1,1
2026-02-22,labTest,finished,12,12,12
2026-02-22,nursing,cancelled,5,5,5
2026-02-22,nursing,finished,14,14,13
2026-02-22,nursing,reviewed,24,24,20
2026-02-22,onlineConsultation,reviewed,1,1,1
2026-02-22,physiotherapy,cancelled,1,1,1
2026-02-22,physiotherapy,finished,46,46,46
2026-02-22,physiotherapy,reviewed,2,2,2
2026-02-22,physiotherapy (b2b),finished,12,12,12
2026-02-22,ultrasound,finished,1,1,1
2026-02-22,woundCare,finished,1,1,1
2026-02-22,xRay,finished,2,2,2
2026-02-22,xRay,reviewed,2,2,2
2026-02-23,ambulance,cancelled,0,0,0
2026-02-23,ambulance,reviewed,1,1,1
2026-02-23,doctorVisit,cancelled,3,3,3
2026-02-23,doctorVisit,finished,6,6,6
2026-02-23,doctorVisit,reviewed,2,2,2
2026-02-23,doppler,finished,1,1,1
2026-02-23,doppler,reviewed,1,1,1
2026-02-23,echocardiogram,finished,1,1,1
2026-02-23,labTest,finished,10,10,9
2026-02-23,nursing,cancelled,6,6,6
2026-02-23,nursing,finished,12,12,11
2026-02-23,nursing,reviewed,25,25,23
2026-02-23,onlineConsultation,cancelled,3,3,3
2026-02-23,physiotherapy,cancelled,1,1,1
2026-02-23,physiotherapy,finished,44,44,44
2026-02-23,physiotherapy,reviewed,1,1,1
2026-02-23,physiotherapy (b2b),finished,8,8,8
2026-02-23,ultrasound,finished,4,4,4
2026-02-23,woundCare,cancelled,1,1,1
2026-02-23,xRay,finished,4,4,4
2026-02-23,xRay,reviewed,1,1,1
2026-02-24,ambulance,cancelled,0,0,0
2026-02-24,doctorVisit,finished,9,9,8
2026-02-24,doctorVisit,reviewed,1,1,1
2026-02-24,doppler,finished,2,2,2
2026-02-24,echocardiogram,reviewed,1,1,1
2026-02-24,labTest,cancelled,1,1,1
2026-02-24,labTest,finished,5,5,5
2026-02-24,nursing,cancelled,2,2,2
2026-02-24,nursing,finished,14,14,14
2026-02-24,nursing,reviewed,24,24,21
2026-02-24,onlineConsultation,cancelled,1,1,1
2026-02-24,physiotherapy,cancelled,5,5,5
2026-02-24,physiotherapy,finished,42,42,42
2026-02-24,physiotherapy (b2b),finished,7,7,7
2026-02-24,ultrasound,cancelled,1,1,1
2026-02-24,ultrasound,finished,1,1,1
2026-02-24,woundCare,finished,1,1,1
2026-02-24,xRay,finished,5,5,5
2026-02-25,ambulance,cancelled,0,0,0
2026-02-25,doctorVisit,cancelled,2,2,2
2026-02-25,doctorVisit,finished,7,7,7
2026-02-25,doctorVisit,reviewed,3,3,3
2026-02-25,doppler,finished,2,2,2
2026-02-25,labTest,cancelled,1,1,1
2026-02-25,labTest,finished,14,14,13
2026-02-25,nursing,cancelled,5,5,5
2026-02-25,nursing,finished,11,11,11
2026-02-25,nursing,reviewed,25,25,23
2026-02-25,onlineConsultation,cancelled,2,2,2
2026-02-25,onlineConsultation,finished,2,2,2
2026-02-25,physiotherapy,cancelled,2,2,2
2026-02-25,physiotherapy,finished,41,41,41
2026-02-25,physiotherapy (b2b),finished,17,17,17
2026-02-25,ultrasound,finished,2,2,2
2026-02-25,woundCare,finished,1,1,1
2026-02-25,xRay,finished,2,2,2
2026-02-26,ambulance,cancelled,0,0,0
2026-02-26,doctorVisit,finished,1,1,1
2026-02-26,echocardiogram,finished,1,1,1
2026-02-26,labTest,cancelled,1,1,1
2026-02-26,labTest,finished,13,13,13
2026-02-26,nursing,finished,31,31,27
2026-02-26,nursing,reviewed,2,2,1
2026-02-26,onlineConsultation,cancelled,1,1,1
2026-02-26,onlineConsultation,finished,1,1,1
2026-02-26,physiotherapy,cancelled,2,2,2
2026-02-26,physiotherapy,finished,35,35,35
2026-02-26,physiotherapy (b2b),finished,12,12,12
2026-02-26,ultrasound,finished,2,2,2
2026-02-27,ambulance,cancelled,0,0,0
2026-02-27,doctorVisit,cancelled,5,5,5
2026-02-27,doctorVisit,finished,6,6,6
2026-02-27,echocardiogram,finished,1,1,1
2026-02-27,labTest,cancelled,1,1,1
2026-02-27,labTest,finished,7,7,7
2026-02-27,nursing,cancelled,4,4,4
2026-02-27,nursing,finished,37,37,34
2026-02-27,onlineConsultation,cancelled,1,1,1
2026-02-27,onlineConsultation,finished,2,2,2
2026-02-27,physiotherapy,cancelled,5,5,5
2026-02-27,physiotherapy,finished,29,29,29
2026-02-27,physiotherapy (b2b),finished,7,7,7
2026-02-27,ultrasound,finished,1,1,1
2026-02-27,woundCare,cancelled,1,1,1
2026-02-27,xRay,finished,3,3,3
2026-02-27,xRay,reviewed,1,1,1
2026-02-28,ambulance,cancelled,0,0,0
2026-02-28,doctorVisit,cancelled,1,1,1
2026-02-28,doctorVisit,finished,6,6,6
2026-02-28,doppler,finished,1,1,1
2026-02-28,echocardiogram,cancelled,1,1,1
2026-02-28,echocardiogram,finished,1,1,1
2026-02-28,labTest,cancelled,1,1,1
2026-02-28,labTest,finished,10,10,9
2026-02-28,labTest,reviewed,2,2,1
2026-02-28,nursing,cancelled,1,1,1
2026-02-28,nursing,finished,25,25,24
2026-02-28,nursing,reviewed,14,14,14
2026-02-28,onlineConsultation,cancelled,1,1,1
2026-02-28,physiotherapy,cancelled,5,5,5
2026-02-28,physiotherapy,finished,54,54,54
2026-02-28,physiotherapy,reviewed,1,1,1
2026-02-28,physiotherapy (b2b),finished,16,16,16
2026-02-28,ultrasound,finished,2,2,2
2026-02-28,woundCare,finished,3,3,3
2026-02-28,xRay,finished,4,4,4
2026-03-01,ambulance,cancelled,0,0,0
2026-03-01,doctorVisit,cancelled,3,3,3
2026-03-01,doctorVisit,finished,11,11,11
2026-03-01,doctorVisit,reviewed,2,2,2
2026-03-01,doppler,finished,2,2,2
2026-03-01,echocardiogram,finished,1,1,1
2026-03-01,labTest,finished,12,12,12
2026-03-01,nursing,cancelled,4,4,3
2026-03-01,nursing,finished,42,42,36
2026-03-01,onlineConsultation,cancelled,2,2,2
2026-03-01,onlineConsultation,finished,1,1,1
2026-03-01,physiotherapy,cancelled,1,1,1
2026-03-01,physiotherapy,finished,42,42,42
2026-03-01,physiotherapy,reviewed,2,2,2
2026-03-01,physiotherapy (b2b),finished,20,10,11
2026-03-01,physiotherapy (b2b),reviewed,2,1,1
2026-03-01,ultrasound,finished,2,2,2
2026-03-01,woundCare,finished,2,2,2
2026-03-01,xRay,finished,2,2,2
2026-03-02,ambulance,cancelled,0,0,0
2026-03-02,doctorVisit,cancelled,1,1,1
2026-03-02,doctorVisit,finished,5,5,5
2026-03-02,doctorVisit,reviewed,2,2,2
2026-03-02,doppler,finished,1,1,1
2026-03-02,eyeExam,finished,1,1,1
2026-03-02,labTest,cancelled,1,1,1
2026-03-02,labTest,finished,7,7,7
2026-03-02,nursing,cancelled,7,7,7
2026-03-02,nursing,finished,27,27,22
2026-03-02,onlineConsultation,cancelled,2,2,2
2026-03-02,physiotherapy,cancelled,5,5,5
2026-03-02,physiotherapy,finished,45,45,45
2026-03-02,physiotherapy (b2b),finished,10,10,10
2026-03-02,ultrasound,finished,1,1,1
2026-03-02,woundCare,cancelled,1,1,1
2026-03-02,xRay,cancelled,1,1,1
2026-03-02,xRay,finished,2,2,2
2026-03-03,ambulance,cancelled,0,0,0
2026-03-03,doctorVisit,finished,4,4,4
2026-03-03,doctorVisit,reviewed,3,3,3
2026-03-03,doppler,finished,2,2,2
2026-03-03,doppler,reviewed,1,1,1
2026-03-03,echocardiogram,cancelled,1,1,1
2026-03-03,labTest,finished,9,9,9
2026-03-03,nursing,cancelled,3,3,3
2026-03-03,nursing,finished,42,42,35
2026-03-03,physiotherapy,cancelled,4,4,4
2026-03-03,physiotherapy,finished,35,35,35
2026-03-03,physiotherapy,reviewed,1,1,1
2026-03-03,physiotherapy (b2b),finished,4,4,4
2026-03-03,psychiatristVisit,finished,1,1,1
2026-03-03,ultrasound,finished,1,1,1
2026-03-03,xRay,cancelled,2,2,2
2026-03-03,xRay,finished,2,2,2
2026-03-04,ambulance,cancelled,0,0,0
2026-03-04,doctorVisit,finished,10,10,10
2026-03-04,doctorVisit,reviewed,2,2,2
2026-03-04,doppler,finished,3,3,3
2026-03-04,doppler,reviewed,1,1,1
2026-03-04,echocardiogram,finished,1,1,1
2026-03-04,labTest,cancelled,1,1,1
2026-03-04,labTest,finished,13,13,13
2026-03-04,nursing,cancelled,1,1,1
2026-03-04,nursing,finished,38,38,33
2026-03-04,onlineConsultation,cancelled,1,1,1
2026-03-04,onlineConsultation,finished,2,2,2
2026-03-04,physiotherapy,finished,45,45,45
2026-03-04,physiotherapy,reviewed,1,1,1
2026-03-04,physiotherapy (b2b),finished,11,11,11
2026-03-04,productPurchase,finished,1,1,1
2026-03-04,ultrasound,finished,1,1,1
2026-03-04,xRay,finished,5,5,5
2026-03-04,xRay,reviewed,1,1,1
2026-03-05,ambulance,cancelled,0,0,0
2026-03-05,doctorVisit,cancelled,1,1,1
2026-03-05,doctorVisit,finished,4,4,4
2026-03-05,doctorVisit,reviewed,1,1,1
2026-03-05,labTest,cancelled,1,1,1
2026-03-05,labTest,finished,10,10,10
2026-03-05,nursing,finished,29,29,25
2026-03-05,onlineConsultation,cancelled,3,3,3
2026-03-05,onlineConsultation,finished,1,1,1
2026-03-05,physiotherapy,cancelled,2,2,2
2026-03-05,physiotherapy,finished,31,31,31
2026-03-05,physiotherapy,reviewed,1,1,1
2026-03-05,physiotherapy (b2b),finished,7,7,7
2026-03-05,ultrasound,finished,2,2,2
2026-03-05,woundCare,cancelled,1,1,1
2026-03-05,woundCare,finished,2,2,2
2026-03-05,xRay,finished,4,4,4
2026-03-06,ambulance,cancelled,0,0,0
2026-03-06,doctorVisit,cancelled,2,2,2
2026-03-06,doctorVisit,finished,5,5,5
2026-03-06,doctorVisit,reviewed,6,6,6
2026-03-06,doppler,finished,2,2,2
2026-03-06,echocardiogram,finished,1,1,1
2026-03-06,echocardiogram,reviewed,1,1,1
2026-03-06,labTest,finished,13,13,13
2026-03-06,nursing,cancelled,4,4,4
2026-03-06,nursing,finished,28,28,26
2026-03-06,nursing,reviewed,1,1,1
2026-03-06,onlineConsultation,cancelled,1,1,1
2026-03-06,onlineConsultation,finished,1,1,1
2026-03-06,physiotherapy,finished,24,24,24
2026-03-06,physiotherapy (b2b),finished,3,3,3
2026-03-06,ultrasound,finished,3,3,3
2026-03-06,woundCare,finished,1,1,1
2026-03-06,xRay,finished,2,2,2
2026-03-07,ambulance,cancelled,0,0,0
2026-03-07,doctorVisit,cancelled,2,2,2
2026-03-07,doctorVisit,finished,7,7,7
2026-03-07,doppler,finished,3,3,3
2026-03-07,echocardiogram,finished,3,3,3
2026-03-07,labTest,cancelled,2,2,2
2026-03-07,labTest,finished,13,13,13
2026-03-07,nursing,cancelled,2,2,2
2026-03-07,nursing,finished,42,42,40
2026-03-07,nursing,reviewed,3,3,2
2026-03-07,onlineConsultation,finished,3,3,3
2026-03-07,onlineConsultation,reviewed,2,2,2
2026-03-07,physiotherapy,cancelled,1,1,1
2026-03-07,physiotherapy,finished,43,43,43
2026-03-07,physiotherapy,reviewed,3,3,3
2026-03-07,physiotherapy (b2b),finished,2,2,2
2026-03-07,ultrasound,cancelled,1,1,1
2026-03-07,ultrasound,finished,1,1,1
2026-03-07,woundCare,cancelled,1,1,1
2026-03-07,woundCare,finished,2,2,2
2026-03-07,xRay,finished,4,4,4
2026-03-08,ambulance,cancelled,0,0,0
2026-03-08,doctorVisit,cancelled,3,3,3
2026-03-08,doctorVisit,finished,7,7,7
2026-03-08,doctorVisit,reviewed,1,1,1
2026-03-08,labTest,cancelled,2,2,2
2026-03-08,labTest,finished,8,8,8
2026-03-08,nursing,cancelled,5,5,4
2026-03-08,nursing,finished,43,43,38
2026-03-08,nursing,reviewed,2,2,1
2026-03-08,physiotherapy,cancelled,4,4,4
2026-03-08,physiotherapy,finished,50,50,50
2026-03-08,physiotherapy,reviewed,2,2,2
2026-03-08,physiotherapy (b2b),finished,5,5,5
2026-03-08,ultrasound,cancelled,1,1,1
2026-03-08,ultrasound,finished,2,2,2
2026-03-08,xRay,finished,5,5,5
2026-03-09,ambulance,cancelled,0,0,0
2026-03-09,doctorVisit,cancelled,5,5,5
2026-03-09,doctorVisit,finished,15,15,14
2026-03-09,doctorVisit,reviewed,1,1,1
2026-03-09,echocardiogram,cancelled,1,1,1
2026-03-09,echocardiogram,finished,1,1,1
2026-03-09,echocardiogram,reviewed,1,1,1
2026-03-09,labTest,finished,7,7,7
2026-03-09,nursing,cancelled,3,3,3
2026-03-09,nursing,finished,33,33,28
2026-03-09,nursing,reviewed,2,2,1
2026-03-09,onlineConsultation,finished,2,2,2
2026-03-09,physiotherapy,cancelled,2,2,2
2026-03-09,physiotherapy,finished,34,34,34
2026-03-09,physiotherapy,reviewed,4,4,4
2026-03-09,physiotherapy (b2b),finished,6,6,6
2026-03-09,productPurchase,finished,2,2,2
2026-03-09,ultrasound,cancelled,1,1,1
2026-03-09,ultrasound,finished,1,1,1
2026-03-09,xRay,finished,1,1,1
2026-03-10,ambulance,cancelled,0,0,0
2026-03-10,doctorVisit,finished,9,9,9
2026-03-10,echocardiogram,cancelled,1,1,1
2026-03-10,echocardiogram,finished,1,1,1
2026-03-10,eyeExam,finished,1,1,1
2026-03-10,labTest,cancelled,2,2,2
2026-03-10,labTest,finished,6,6,6
2026-03-10,nursing,cancelled,3,3,3
2026-03-10,nursing,finished,39,39,36
2026-03-10,nursing,reviewed,2,2,1
2026-03-10,onlineConsultation,finished,1,1,1
2026-03-10,physiotherapy,cancelled,5,5,5
2026-03-10,physiotherapy,finished,55,55,55
2026-03-10,physiotherapy (b2b),finished,7,7,7
2026-03-10,xRay,finished,2,2,2
2026-03-11,ambulance,cancelled,0,0,0
2026-03-11,doctorVisit,cancelled,2,2,2
2026-03-11,doctorVisit,finished,9,9,9
2026-03-11,doctorVisit,reviewed,2,2,2
2026-03-11,doppler,finished,1,1,1
2026-03-11,echocardiogram,finished,2,2,2
2026-03-11,labTest,cancelled,3,3,3
2026-03-11,labTest,finished,9,9,9
2026-03-11,nursing,cancelled,6,6,6
2026-03-11,nursing,finished,18,18,17
2026-03-11,nursing,reviewed,14,14,12
2026-03-11,onlineConsultation,reviewed,1,1,1
2026-03-11,physiotherapy,cancelled,3,3,3
2026-03-11,physiotherapy,finished,34,34,34
2026-03-11,physiotherapy (b2b),finished,1,1,1
2026-03-11,ultrasound,cancelled,2,2,2
2026-03-11,ultrasound,finished,3,3,3
2026-03-11,ultrasound,reviewed,1,1,1
2026-03-11,woundCare,finished,1,1,1
2026-03-12,ambulance,cancelled,0,0,0
2026-03-12,doctorVisit,cancelled,3,3,3
2026-03-12,doctorVisit,finished,5,5,5
2026-03-12,doctorVisit,reviewed,4,4,4
2026-03-12,doppler,finished,1,1,1
2026-03-12,labTest,finished,10,10,10
2026-03-12,nursing,cancelled,1,1,1
2026-03-12,nursing,finished,34,34,32
2026-03-12,onlineConsultation,finished,3,3,3
2026-03-12,physiotherapy,cancelled,6,6,6
2026-03-12,physiotherapy,finished,44,44,44
2026-03-12,physiotherapy (b2b),finished,4,4,4
2026-03-12,ultrasound,cancelled,1,1,1
2026-03-12,ultrasound,finished,1,1,1
2026-03-12,xRay,cancelled,1,1,1
2026-03-12,xRay,finished,2,2,2
2026-03-13,ambulance,cancelled,1,1,1
2026-03-13,doctorVisit,finished,10,10,10
2026-03-13,doppler,finished,1,1,1
2026-03-13,echocardiogram,finished,2,2,2
2026-03-13,labTest,cancelled,2,2,2
2026-03-13,labTest,finished,21,21,20
2026-03-13,nursing,cancelled,1,1,1
2026-03-13,nursing,finished,27,27,24
2026-03-13,onlineConsultation,cancelled,4,4,4
2026-03-13,onlineConsultation,finished,1,1,1
2026-03-13,physiotherapy,cancelled,1,1,1
2026-03-13,physiotherapy,finished,23,23,23
2026-03-13,physiotherapy,reviewed,1,1,1
2026-03-13,physiotherapy (b2b),finished,5,5,5
2026-03-13,psychiatristVisit,finished,2,2,2
2026-03-13,ultrasound,finished,3,3,3
2026-03-13,woundCare,finished,2,2,2
2026-03-13,xRay,finished,1,1,1
2026-03-14,ambulance,cancelled,0,0,0
2026-03-14,doctorVisit,cancelled,1,1,1
2026-03-14,doctorVisit,finished,10,10,10
2026-03-14,doctorVisit,reviewed,2,2,2
2026-03-14,doppler,finished,1,1,1
2026-03-14,labTest,finished,7,7,7
2026-03-14,labTest,reviewed,3,3,3
2026-03-14,nursing,cancelled,3,3,3
2026-03-14,nursing,finished,31,31,27
2026-03-14,onlineConsultation,cancelled,3,3,3
2026-03-14,onlineConsultation,finished,2,2,2
2026-03-14,physiotherapy,cancelled,1,1,1
2026-03-14,physiotherapy,finished,40,40,40
2026-03-14,physiotherapy,reviewed,3,3,3
2026-03-14,physiotherapy (b2b),finished,3,3,3
2026-03-14,productPurchase,finished,2,2,1
2026-03-14,ultrasound,cancelled,1,1,1
2026-03-14,ultrasound,finished,1,1,1
2026-03-14,xRay,finished,3,3,3
2026-03-15,ambulance,cancelled,0,0,0
2026-03-15,doctorVisit,cancelled,3,3,3
2026-03-15,doctorVisit,finished,8,8,8
2026-03-15,doctorVisit,reviewed,1,1,1
2026-03-15,echocardiogram,finished,1,1,1
2026-03-15,labTest,finished,11,11,11
2026-03-15,nursing,cancelled,3,3,3
2026-03-15,nursing,finished,36,36,32
2026-03-15,onlineConsultation,cancelled,2,2,2
2026-03-15,onlineConsultation,finished,3,3,3
2026-03-15,physiotherapy,cancelled,1,1,1
2026-03-15,physiotherapy,finished,43,43,43
2026-03-15,physiotherapy,reviewed,2,2,2
2026-03-15,physiotherapy (b2b),finished,3,3,3
2026-03-15,ultrasound,cancelled,2,2,2
2026-03-15,ultrasound,finished,1,1,1
2026-03-15,xRay,cancelled,1,1,1
2026-03-15,xRay,finished,2,2,2
2026-03-16,ambulance,cancelled,0,0,0
2026-03-16,doctorVisit,cancelled,1,1,1
2026-03-16,doctorVisit,finished,8,8,8
2026-03-16,doctorVisit,reviewed,6,6,6
2026-03-16,doppler,reviewed,1,1,1
2026-03-16,echocardiogram,cancelled,1,1,1
2026-03-16,echocardiogram,finished,1,1,1
2026-03-16,echocardiogram,reviewed,1,1,1
2026-03-16,labTest,cancelled,2,2,2
2026-03-16,labTest,finished,10,10,10
2026-03-16,nursing,cancelled,2,2,2
2026-03-16,nursing,finished,37,37,32
2026-03-16,nursing,reviewed,2,2,1
2026-03-16,physiotherapy,cancelled,4,4,4
2026-03-16,physiotherapy,finished,40,40,40
2026-03-16,physiotherapy,reviewed,3,3,3
2026-03-16,physiotherapy (b2b),finished,2,2,2
2026-03-16,ultrasound,finished,1,1,1
2026-03-16,ultrasound,reviewed,1,1,1
2026-03-16,xRay,finished,3,3,3
2026-03-16,xRay,reviewed,1,1,1
2026-03-17,ambulance,cancelled,0,0,0
2026-03-17,doctorVisit,cancelled,1,1,1
2026-03-17,doctorVisit,finished,5,5,5
2026-03-17,doctorVisit,reviewed,6,6,6
2026-03-17,doppler,finished,1,1,1
2026-03-17,echocardiogram,finished,1,1,1
2026-03-17,labTest,cancelled,1,1,1
2026-03-17,labTest,finished,6,6,6
2026-03-17,nursing,finished,44,44,40
2026-03-17,nursing,reviewed,3,3,2
2026-03-17,onlineConsultation,cancelled,2,2,2
2026-03-17,physiotherapy,cancelled,1,1,1
2026-03-17,physiotherapy,finished,36,36,36
2026-03-17,physiotherapy,reviewed,1,1,1
2026-03-17,physiotherapy (b2b),finished,5,5,5
2026-03-17,ultrasound,cancelled,1,1,1
2026-03-17,ultrasound,finished,1,1,1
2026-03-17,ultrasound,reviewed,1,1,1
2026-03-17,woundCare,finished,3,3,1
2026-03-17,xRay,finished,2,2,2
2026-03-18,ambulance,cancelled,0,0,0
2026-03-18,doctorVisit,cancelled,1,1,1
2026-03-18,doctorVisit,finished,10,10,10
2026-03-18,doctorVisit,reviewed,1,1,1
2026-03-18,doppler,finished,1,1,1
2026-03-18,labTest,cancelled,2,2,2
2026-03-18,labTest,finished,10,10,10
2026-03-18,nursing,cancelled,4,4,3
2026-03-18,nursing,finished,40,40,38
2026-03-18,nursing,reviewed,2,2,1
2026-03-18,onlineConsultation,finished,3,3,3
2026-03-18,physiotherapy,cancelled,3,3,3
2026-03-18,physiotherapy,finished,38,38,38
2026-03-18,physiotherapy,reviewed,2,2,2
2026-03-18,physiotherapy (b2b),finished,1,1,1
2026-03-18,ultrasound,finished,1,1,1
2026-03-18,xRay,finished,4,4,4
2026-03-19,ambulance,cancelled,0,0,0
2026-03-19,doctorVisit,cancelled,2,2,2
2026-03-19,doctorVisit,finished,3,3,3
2026-03-19,doctorVisit,reviewed,1,1,1
2026-03-19,doppler,finished,1,1,1
2026-03-19,echocardiogram,finished,2,2,2
2026-03-19,labTest,finished,10,10,10
2026-03-19,labTest,reviewed,1,1,1
2026-03-19,nursing,cancelled,2,2,2
2026-03-19,nursing,finished,47,47,44
2026-03-19,nursing,reviewed,2,2,1
2026-03-19,onlineConsultation,finished,2,2,2
2026-03-19,onlineConsultation,reviewed,1,1,1
2026-03-19,physiotherapy,cancelled,3,3,3
2026-03-19,physiotherapy,finished,29,29,29
2026-03-19,physiotherapy (b2b),finished,4,4,4
2026-03-19,productPurchase,finished,2,2,2
2026-03-19,ultrasound,finished,3,3,3
2026-03-19,woundCare,finished,1,1,1
2026-03-20,ambulance,cancelled,0,0,0
2026-03-20,doctorVisit,cancelled,5,5,5
2026-03-20,doctorVisit,finished,16,16,15
2026-03-20,echocardiogram,finished,1,1,1
2026-03-20,labTest,cancelled,2,2,2
2026-03-20,labTest,finished,7,7,7
2026-03-20,nursing,cancelled,4,4,4
2026-03-20,nursing,finished,39,39,35
2026-03-20,nursing,reviewed,3,3,2
2026-03-20,onlineConsultation,finished,2,2,2
2026-03-20,physiotherapy,cancelled,1,1,1
2026-03-20,physiotherapy,finished,10,10,10
2026-03-20,ultrasound,finished,1,1,1
2026-03-20,xRay,cancelled,1,1,1
2026-03-20,xRay,finished,2,2,2
2026-03-20,xRay,reviewed,1,1,1
2026-03-21,ambulance,cancelled,0,0,0
2026-03-21,doctorVisit,finished,8,8,8
2026-03-21,doctorVisit,reviewed,1,1,1
2026-03-21,eyeExam,finished,1,1,1
2026-03-21,labTest,cancelled,1,1,1
2026-03-21,labTest,finished,6,6,6
2026-03-21,nursing,cancelled,2,2,1
2026-03-21,nursing,finished,30,30,26
2026-03-21,nursing,reviewed,5,5,3
2026-03-21,onlineConsultation,reviewed,1,1,1
2026-03-21,physiotherapy,cancelled,1,1,1
2026-03-21,physiotherapy,finished,12,12,12
2026-03-21,ultrasound,finished,2,2,2
2026-03-21,woundCare,finished,1,1,1
2026-03-22,ambulance,cancelled,0,0,0
2026-03-22,doctorVisit,finished,10,10,10
2026-03-22,doctorVisit,reviewed,1,1,1
2026-03-22,eyeExam,finished,1,1,1
2026-03-22,labTest,finished,14,14,14
2026-03-22,nursing,cancelled,2,2,2
2026-03-22,nursing,finished,23,23,21
2026-03-22,nursing,reviewed,4,4,2
2026-03-22,onlineConsultation,cancelled,2,2,2
2026-03-22,onlineConsultation,finished,3,3,3
2026-03-22,physiotherapy,cancelled,1,1,1
2026-03-22,physiotherapy,finished,19,19,19
2026-03-22,physiotherapy (b2b),finished,1,1,1
2026-03-22,productPurchase,finished,1,1,1
2026-03-22,ultrasound,finished,2,2,2
2026-03-22,xRay,cancelled,1,1,1
2026-03-22,xRay,finished,5,5,5
2026-03-23,ambulance,cancelled,0,0,0
2026-03-23,doctorVisit,cancelled,3,3,3
2026-03-23,doctorVisit,finished,7,7,7
2026-03-23,doctorVisit,reviewed,3,3,3
2026-03-23,doppler,finished,2,2,2
2026-03-23,doppler,reviewed,1,1,1
2026-03-23,labTest,finished,15,15,15
2026-03-23,nursing,cancelled,3,3,3
2026-03-23,nursing,finished,27,27,24
2026-03-23,nursing,reviewed,5,5,2
2026-03-23,onlineConsultation,cancelled,1,1,1
2026-03-23,onlineConsultation,finished,1,1,1
2026-03-23,physiotherapy,cancelled,3,3,3
2026-03-23,physiotherapy,finished,35,35,35
2026-03-23,physiotherapy,reviewed,3,3,3
2026-03-23,physiotherapy (b2b),finished,4,4,4
2026-03-23,surgeries,reviewed,1,1,1
2026-03-23,woundCare,finished,1,1,1
2026-03-23,xRay,finished,2,2,2
2026-03-24,ambulance,cancelled,0,0,0
2026-03-24,doctorVisit,cancelled,2,2,2
2026-03-24,doctorVisit,finished,9,9,9
2026-03-24,doctorVisit,reviewed,3,3,3
2026-03-24,doppler,finished,2,2,2
2026-03-24,doppler,reviewed,3,3,3
2026-03-24,eyeExam,finished,3,3,3
2026-03-24,labTest,finished,11,11,11
2026-03-24,nursing,cancelled,1,1,1
2026-03-24,nursing,finished,27,27,23
2026-03-24,nursing,reviewed,4,4,2
2026-03-24,onlineConsultation,cancelled,2,2,2
2026-03-24,onlineConsultation,finished,1,1,1
2026-03-24,physiotherapy,cancelled,1,1,1
2026-03-24,physiotherapy,finished,32,32,32
2026-03-24,physiotherapy,reviewed,3,3,3
2026-03-24,physiotherapy (b2b),finished,2,2,2
2026-03-24,ultrasound,finished,1,1,1
2026-03-24,xRay,finished,4,4,4
2026-03-25,ambulance,cancelled,0,0,0
2026-03-25,doctorVisit,cancelled,3,3,3
2026-03-25,doctorVisit,finished,4,4,4
2026-03-25,doctorVisit,reviewed,3,3,3
2026-03-25,doppler,cancelled,1,1,1
2026-03-25,doppler,finished,3,3,3
2026-03-25,echocardiogram,finished,1,1,1
2026-03-25,labTest,cancelled,2,2,2
2026-03-25,labTest,finished,11,11,11
2026-03-25,nursing,cancelled,3,3,3
2026-03-25,nursing,finished,35,35,31
2026-03-25,nursing,reviewed,3,3,2
2026-03-25,onlineConsultation,cancelled,1,1,1
2026-03-25,physiotherapy,cancelled,6,6,6
2026-03-25,physiotherapy,finished,53,53,53
2026-03-25,physiotherapy,reviewed,2,2,2
2026-03-25,physiotherapy (b2b),finished,2,2,2
2026-03-25,productPurchase,finished,2,2,2
2026-03-25,ultrasound,cancelled,1,1,1
2026-03-25,ultrasound,finished,3,3,3
2026-03-25,woundCare,finished,1,1,1
2026-03-25,xRay,finished,6,6,6
2026-03-26,ambulance,cancelled,0,0,0
2026-03-26,doctorVisit,cancelled,1,1,1
2026-03-26,doctorVisit,finished,8,8,8
2026-03-26,doctorVisit,reviewed,4,4,4
2026-03-26,doppler,reviewed,1,1,1
2026-03-26,echocardiogram,finished,3,3,3
2026-03-26,labTest,cancelled,3,3,3
2026-03-26,labTest,finished,11,11,11
2026-03-26,nursing,cancelled,3,3,2
2026-03-26,nursing,finished,32,32,29
2026-03-26,nursing,reviewed,2,2,1
2026-03-26,onlineConsultation,cancelled,1,1,1
2026-03-26,onlineConsultation,finished,2,2,2
2026-03-26,physiotherapy,cancelled,6,6,6
2026-03-26,physiotherapy,finished,33,33,33
2026-03-26,physiotherapy,reviewed,2,2,2
2026-03-26,physiotherapy (b2b),finished,2,2,2
2026-03-26,productPurchase,finished,1,1,1
2026-03-26,ultrasound,finished,3,3,3
2026-03-27,ambulance,cancelled,0,0,0
2026-03-27,doctorVisit,cancelled,1,1,1
2026-03-27,doctorVisit,finished,10,10,10
2026-03-27,doctorVisit,reviewed,6,6,6
2026-03-27,doppler,finished,1,1,1
2026-03-27,echocardiogram,finished,2,2,2
2026-03-27,eyeExam,cancelled,1,1,1
2026-03-27,labTest,cancelled,1,1,1
2026-03-27,labTest,finished,9,9,9
2026-03-27,nursing,cancelled,5,5,4
2026-03-27,nursing,finished,33,33,27
2026-03-27,nursing,reviewed,6,6,4
2026-03-27,onlineConsultation,finished,1,1,1
2026-03-27,onlineConsultation,reviewed,3,3,3
2026-03-27,physiotherapy,cancelled,1,1,1
2026-03-27,physiotherapy,finished,30,30,30
2026-03-27,physiotherapy,reviewed,2,2,2
2026-03-27,ultrasound,finished,3,3,3
2026-03-27,ultrasound,reviewed,2,2,2
2026-03-27,xRay,finished,3,3,3
2026-03-27,xRay,reviewed,2,2,2
2026-03-28,ambulance,cancelled,0,0,0
2026-03-28,doctorVisit,cancelled,2,2,2
2026-03-28,doctorVisit,finished,6,6,6
2026-03-28,doctorVisit,reviewed,4,4,4
2026-03-28,echocardiogram,reviewed,1,1,1
2026-03-28,labTest,cancelled,1,1,1
2026-03-28,labTest,finished,13,13,13
2026-03-28,nursing,cancelled,7,7,6
2026-03-28,nursing,finished,41,41,40
2026-03-28,nursing,reviewed,5,5,3
2026-03-28,onlineConsultation,cancelled,1,1,1
2026-03-28,onlineConsultation,finished,2,2,2
2026-03-28,physiotherapy,cancelled,1,1,1
2026-03-28,physiotherapy,finished,57,57,57
2026-03-28,physiotherapy (b2b),finished,4,4,4
2026-03-28,ultrasound,cancelled,1,1,1
2026-03-28,ultrasound,finished,2,2,2
2026-03-28,woundCare,finished,3,3,3
2026-03-28,xRay,cancelled,1,1,1
2026-03-28,xRay,finished,3,3,3
2026-03-29,ambulance,cancelled,0,0,0
2026-03-29,doctorVisit,cancelled,3,3,3
2026-03-29,doctorVisit,finished,14,14,14
2026-03-29,doctorVisit,reviewed,2,2,2
2026-03-29,labTest,cancelled,3,3,3
2026-03-29,labTest,finished,13,13,13
2026-03-29,nursing,cancelled,5,5,4
2026-03-29,nursing,finished,33,33,31
2026-03-29,nursing,reviewed,6,6,3
2026-03-29,onlineConsultation,finished,1,1,1
2026-03-29,physiotherapy,cancelled,2,2,2
2026-03-29,physiotherapy,finished,43,43,43
2026-03-29,physiotherapy,reviewed,4,4,4
2026-03-29,physiotherapy (b2b),finished,1,1,1
2026-03-29,ultrasound,finished,4,4,4
2026-03-29,xRay,finished,1,1,1
2026-03-30,ambulance,cancelled,0,0,0
2026-03-30,doctorVisit,cancelled,1,1,1
2026-03-30,doctorVisit,finished,11,11,11
2026-03-30,doctorVisit,reviewed,4,4,4
2026-03-30,doppler,finished,3,3,3
2026-03-30,echocardiogram,cancelled,1,1,1
2026-03-30,echocardiogram,finished,3,3,3
2026-03-30,labTest,cancelled,3,3,3
2026-03-30,labTest,finished,8,8,8
2026-03-30,nursing,cancelled,3,3,2
2026-03-30,nursing,finished,32,32,30
2026-03-30,nursing,reviewed,7,7,4
2026-03-30,onlineConsultation,cancelled,1,1,1
2026-03-30,onlineConsultation,finished,1,1,1
2026-03-30,physiotherapy,cancelled,2,2,2
2026-03-30,physiotherapy,finished,55,55,55
2026-03-30,physiotherapy,reviewed,1,1,1
2026-03-30,physiotherapy (b2b),finished,5,5,5
2026-03-30,ultrasound,cancelled,1,1,1
2026-03-30,ultrasound,finished,5,5,5
2026-03-30,ultrasound,reviewed,1,1,1
2026-03-30,xRay,cancelled,1,1,1
2026-03-30,xRay,finished,1,1,1
2026-03-30,xRay,reviewed,1,1,1
2026-03-31,ambulance,cancelled,0,0,0
2026-03-31,doctorVisit,cancelled,6,6,3
2026-03-31,doctorVisit,finished,10,10,10
2026-03-31,doctorVisit,reviewed,5,5,5
2026-03-31,doppler,finished,1,1,1
2026-03-31,echocardiogram,finished,2,2,2
2026-03-31,labTest,cancelled,3,2,3
2026-03-31,labTest,finished,19,19,19
2026-03-31,labTest,reviewed,2,2,1
2026-03-31,nursing,cancelled,5,5,4
2026-03-31,nursing,finished,40,40,36
2026-03-31,nursing,reviewed,7,7,5
2026-03-31,onlineConsultation,cancelled,2,2,2
2026-03-31,physiotherapy,cancelled,4,4,4
2026-03-31,physiotherapy,finished,45,45,45
2026-03-31,physiotherapy,reviewed,1,1,1
2026-03-31,physiotherapy (b2b),finished,1,1,1
2026-03-31,productPurchase,finished,3,3,2
2026-03-31,ultrasound,cancelled,1,1,1
2026-04-01,ambulance,cancelled,0,0,0
2026-04-01,doctorVisit,cancelled,5,5,5
2026-04-01,doctorVisit,finished,5,5,5
2026-04-01,doctorVisit,reviewed,2,2,2
2026-04-01,doppler,finished,2,2,2
2026-04-01,echocardiogram,finished,3,3,3
2026-04-01,labTest,finished,12,12,12
2026-04-01,nursing,cancelled,5,5,3
2026-04-01,nursing,finished,28,28,25
2026-04-01,nursing,reviewed,2,2,1
2026-04-01,onlineConsultation,finished,1,1,1
2026-04-01,physiotherapy,finished,57,57,57
2026-04-01,physiotherapy,reviewed,1,1,1
2026-04-01,physiotherapy (b2b),finished,4,1,2
2026-04-01,physiotherapy (b2b),reviewed,1,1,1
2026-04-01,ultrasound,cancelled,1,1,1
2026-04-01,ultrasound,finished,3,3,3
2026-04-01,woundCare,finished,1,1,1
2026-04-01,xRay,cancelled,1,1,1
2026-04-01,xRay,finished,5,5,5
2026-04-02,ambulance,cancelled,0,0,0
2026-04-02,doctorVisit,cancelled,1,1,1
2026-04-02,doctorVisit,finished,11,11,11
2026-04-02,doctorVisit,reviewed,2,2,2
2026-04-02,doppler,finished,1,1,1
2026-04-02,echocardiogram,cancelled,2,2,2
2026-04-02,echocardiogram,finished,1,1,1
2026-04-02,labTest,finished,11,11,11
2026-04-02,nursing,cancelled,2,2,1
2026-04-02,nursing,finished,35,35,32
2026-04-02,nursing,reviewed,5,5,2
2026-04-02,onlineConsultation,finished,2,2,2
2026-04-02,physiotherapy,cancelled,2,2,2
2026-04-02,physiotherapy,finished,41,41,41
2026-04-02,physiotherapy (b2b),finished,3,3,3
2026-04-02,ultrasound,finished,2,2,2
2026-04-02,ultrasound,reviewed,1,1,1
2026-04-02,woundCare,finished,1,1,1
2026-04-02,xRay,finished,3,3,3
2026-04-03,ambulance,cancelled,0,0,0
2026-04-03,doctorVisit,cancelled,1,1,1
2026-04-03,doctorVisit,finished,7,7,7
2026-04-03,doctorVisit,reviewed,4,4,4
2026-04-03,doppler,finished,1,1,1
2026-04-03,echocardiogram,finished,2,2,2
2026-04-03,echocardiogram,reviewed,1,1,1
2026-04-03,eyeExam,cancelled,1,1,1
2026-04-03,labTest,finished,16,16,15
2026-04-03,nursing,cancelled,4,4,3
2026-04-03,nursing,finished,26,26,25
2026-04-03,nursing,reviewed,6,6,3
2026-04-03,physiotherapy,finished,26,26,26
2026-04-03,physiotherapy,reviewed,1,1,1
2026-04-03,ultrasound,finished,1,1,1
2026-04-03,xRay,finished,3,3,3
2026-04-04,ambulance,cancelled,0,0,0
2026-04-04,doctorVisit,cancelled,3,3,3
2026-04-04,doctorVisit,finished,15,15,15
2026-04-04,doctorVisit,reviewed,7,7,7
2026-04-04,doppler,finished,1,1,1
2026-04-04,echocardiogram,finished,2,2,2
2026-04-04,labTest,cancelled,1,1,1
2026-04-04,labTest,finished,16,16,16
2026-04-04,nursing,cancelled,6,6,5
2026-04-04,nursing,finished,40,40,36
2026-04-04,nursing,reviewed,3,3,3
2026-04-04,onlineConsultation,finished,3,3,3
2026-04-04,physiotherapy,cancelled,3,3,3
2026-04-04,physiotherapy,finished,45,45,45
2026-04-04,physiotherapy,reviewed,1,1,1
2026-04-04,ultrasound,cancelled,1,1,1
2026-04-04,ultrasound,finished,1,1,1
2026-04-04,xRay,finished,2,2,2
2026-04-05,ambulance,cancelled,0,0,0
2026-04-05,doctorVisit,cancelled,5,5,5
2026-04-05,doctorVisit,finished,7,7,7
2026-04-05,doctorVisit,reviewed,3,3,3
2026-04-05,doppler,cancelled,2,2,2
2026-04-05,doppler,finished,1,1,1
2026-04-05,echocardiogram,finished,5,5,5
2026-04-05,labTest,cancelled,2,2,2
2026-04-05,labTest,finished,12,12,12
2026-04-05,nursing,cancelled,1,1,1
2026-04-05,nursing,finished,36,36,33
2026-04-05,nursing,reviewed,6,6,2
2026-04-05,onlineConsultation,finished,1,1,1
2026-04-05,physiotherapy,finished,49,49,49
2026-04-05,physiotherapy,reviewed,2,2,2
2026-04-05,physiotherapy (b2b),finished,3,3,3
2026-04-05,ultrasound,finished,1,1,1
2026-04-05,xRay,finished,8,8,8
2026-04-06,ambulance,cancelled,0,0,0
2026-04-06,doctorVisit,cancelled,5,5,5
2026-04-06,doctorVisit,finished,8,8,8
2026-04-06,doctorVisit,reviewed,3,3,3
2026-04-06,doppler,cancelled,1,1,1
2026-04-06,doppler,reviewed,1,1,1
2026-04-06,echocardiogram,cancelled,1,1,1
2026-04-06,echocardiogram,finished,1,1,1
2026-04-06,labTest,cancelled,2,2,2
2026-04-06,labTest,finished,18,18,17
2026-04-06,nursing,cancelled,5,5,5
2026-04-06,nursing,finished,40,40,35
2026-04-06,nursing,reviewed,6,6,3
2026-04-06,onlineConsultation,cancelled,1,1,1
2026-04-06,onlineConsultation,finished,3,3,3
2026-04-06,physiotherapy,cancelled,3,3,3
2026-04-06,physiotherapy,finished,43,43,43
2026-04-06,physiotherapy,reviewed,1,1,1
2026-04-06,ultrasound,finished,3,3,3
2026-04-06,xRay,finished,2,2,2
2026-04-06,xRay,reviewed,2,2,2
2026-04-07,ambulance,cancelled,0,0,0
2026-04-07,doctorVisit,cancelled,4,4,4
2026-04-07,doctorVisit,finished,8,8,8
2026-04-07,doctorVisit,reviewed,2,2,2
2026-04-07,doppler,reviewed,1,1,1
2026-04-07,labTest,cancelled,1,1,1
2026-04-07,labTest,finished,8,8,8
2026-04-07,nursing,cancelled,5,5,5
2026-04-07,nursing,finished,31,31,28
2026-04-07,nursing,reviewed,2,2,1
2026-04-07,onlineConsultation,cancelled,1,1,1
2026-04-07,physiotherapy,cancelled,6,6,6
2026-04-07,physiotherapy,finished,43,43,43
2026-04-07,ultrasound,finished,1,1,1
2026-04-07,woundCare,cancelled,1,1,1
2026-04-07,xRay,finished,3,3,3
2026-04-08,ambulance,cancelled,0,0,0
2026-04-08,doctorVisit,cancelled,3,3,3
2026-04-08,doctorVisit,finished,7,7,7
2026-04-08,doctorVisit,reviewed,4,4,4
2026-04-08,doppler,finished,1,1,1
2026-04-08,echocardiogram,finished,2,2,2
2026-04-08,labTest,cancelled,1,1,1
2026-04-08,labTest,finished,11,11,11
2026-04-08,nursing,cancelled,2,2,2
2026-04-08,nursing,finished,46,46,38
2026-04-08,nursing,reviewed,2,2,2
2026-04-08,onlineConsultation,finished,2,2,2
2026-04-08,physiotherapy,cancelled,1,1,1
2026-04-08,physiotherapy,finished,47,47,47
2026-04-08,physiotherapy,reviewed,2,2,2
2026-04-08,physiotherapy (b2b),finished,1,1,1
2026-04-08,surgeries,reviewed,1,1,1
2026-04-08,ultrasound,finished,3,3,3
2026-04-08,xRay,finished,3,3,3
2026-04-09,ambulance,cancelled,0,0,0
2026-04-09,doctorVisit,cancelled,4,4,4
2026-04-09,doctorVisit,finished,10,10,10
2026-04-09,doctorVisit,reviewed,1,1,1
2026-04-09,echocardiogram,finished,1,1,1
2026-04-09,labTest,cancelled,1,1,1
2026-04-09,labTest,finished,16,16,16
2026-04-09,nursing,cancelled,5,5,4
2026-04-09,nursing,finished,39,39,35
2026-04-09,nursing,reviewed,1,1,1
2026-04-09,onlineConsultation,cancelled,2,2,2
2026-04-09,physiotherapy,cancelled,5,5,5
2026-04-09,physiotherapy,finished,38,38,38
2026-04-09,physiotherapy,reviewed,2,2,2
2026-04-09,physiotherapy (b2b),finished,2,2,2
2026-04-09,productPurchase,reviewed,1,1,1
2026-04-09,ultrasound,finished,2,2,2
2026-04-09,xRay,cancelled,1,1,1
2026-04-09,xRay,finished,2,2,2
2026-04-10,ambulance,cancelled,0,0,0
2026-04-10,doctorVisit,cancelled,1,1,1
2026-04-10,doctorVisit,finished,13,13,13
2026-04-10,doctorVisit,reviewed,1,1,1
2026-04-10,labTest,finished,7,6,7
2026-04-10,nursing,cancelled,3,3,3
2026-04-10,nursing,finished,35,35,30
2026-04-10,nursing,reviewed,1,1,1
2026-04-10,onlineConsultation,cancelled,2,2,2
2026-04-10,onlineConsultation,finished,2,2,2
2026-04-10,physiotherapy,cancelled,1,1,1
2026-04-10,physiotherapy,finished,16,16,16
2026-04-10,ultrasound,finished,2,2,2
2026-04-10,woundCare,finished,1,1,1
2026-04-10,xRay,finished,2,2,2
2026-04-11,ambulance,cancelled,0,0,0
2026-04-11,doctorVisit,cancelled,2,2,2
2026-04-11,doctorVisit,finished,13,13,13
2026-04-11,doctorVisit,reviewed,1,1,1
2026-04-11,echocardiogram,finished,1,1,1
2026-04-11,labTest,cancelled,3,3,3
2026-04-11,labTest,finished,15,15,15
2026-04-11,nursing,cancelled,3,3,3
2026-04-11,nursing,finished,34,34,30
2026-04-11,nursing,reviewed,4,4,2
2026-04-11,onlineConsultation,cancelled,2,2,1
2026-04-11,onlineConsultation,finished,2,2,2
2026-04-11,physiotherapy,cancelled,4,4,4
2026-04-11,physiotherapy,finished,58,58,58
2026-04-11,physiotherapy,reviewed,2,2,2
2026-04-11,physiotherapy (b2b),finished,1,1,1
2026-04-11,productPurchase,finished,1,1,1
2026-04-11,psychiatristVisit,finished,1,1,1
2026-04-11,ultrasound,finished,5,5,5
2026-04-11,ultrasound,reviewed,1,1,1
2026-04-11,woundCare,finished,2,2,2
2026-04-11,xRay,finished,6,6,6
2026-04-12,ambulance,cancelled,0,0,0
2026-04-12,doctorVisit,cancelled,2,2,2
2026-04-12,doctorVisit,finished,10,10,9
2026-04-12,doctorVisit,reviewed,5,5,5
2026-04-12,doppler,finished,1,1,1
2026-04-12,echocardiogram,finished,2,2,2
2026-04-12,labTest,cancelled,3,3,3
2026-04-12,labTest,finished,16,16,16
2026-04-12,nursing,cancelled,4,4,4
2026-04-12,nursing,finished,36,36,27
2026-04-12,nursing,reviewed,3,3,1
2026-04-12,onlineConsultation,finished,1,1,1
2026-04-12,physiotherapy,cancelled,1,1,1
2026-04-12,physiotherapy,finished,39,39,39
2026-04-12,physiotherapy,reviewed,1,1,1
2026-04-12,physiotherapy (b2b),finished,2,2,2
2026-04-12,ultrasound,cancelled,1,1,1
2026-04-12,ultrasound,finished,1,1,1
2026-04-12,xRay,finished,4,4,4
2026-04-13,ambulance,cancelled,0,0,0
2026-04-13,doctorVisit,cancelled,3,3,3
2026-04-13,doctorVisit,finished,10,10,10
2026-04-13,doctorVisit,reviewed,3,3,3
2026-04-13,doppler,finished,1,1,1
2026-04-13,echocardiogram,finished,1,1,1
2026-04-13,labTest,finished,17,17,16
2026-04-13,nursing,cancelled,3,3,3
2026-04-13,nursing,finished,41,41,33
2026-04-13,nursing,reviewed,4,4,2
2026-04-13,onlineConsultation,cancelled,2,2,1
2026-04-13,onlineConsultation,finished,2,2,2
2026-04-13,physiotherapy,cancelled,3,3,3
2026-04-13,physiotherapy,finished,55,55,55
2026-04-13,physiotherapy,reviewed,2,2,2
2026-04-13,productPurchase,finished,1,1,1
2026-04-13,ultrasound,finished,3,3,3
2026-04-13,woundCare,finished,2,2,2
2026-04-14,ambulance,cancelled,0,0,0
2026-04-14,doctorVisit,cancelled,1,1,1
2026-04-14,doctorVisit,finished,9,9,9
2026-04-14,doctorVisit,reviewed,2,2,2
2026-04-14,echocardiogram,cancelled,1,1,1
2026-04-14,echocardiogram,finished,1,1,1
2026-04-14,labTest,finished,12,12,12
2026-04-14,nursing,cancelled,3,3,2
2026-04-14,nursing,finished,36,36,33
2026-04-14,nursing,reviewed,3,3,1
2026-04-14,onlineConsultation,cancelled,3,3,2
2026-04-14,onlineConsultation,finished,1,1,1
2026-04-14,physiotherapy,cancelled,2,2,2
2026-04-14,physiotherapy,finished,40,40,40
2026-04-14,physiotherapy,reviewed,2,2,2
2026-04-14,productPurchase,finished,1,1,1
2026-04-14,ultrasound,finished,1,1,1
2026-04-14,xRay,finished,1,1,1
2026-04-14,xRay,reviewed,1,1,1
2026-04-15,ambulance,cancelled,0,0,0
2026-04-15,doctorVisit,cancelled,2,2,2
2026-04-15,doctorVisit,finished,7,7,7
2026-04-15,doctorVisit,reviewed,2,2,2
2026-04-15,echocardiogram,cancelled,3,3,3
2026-04-15,echocardiogram,finished,1,1,1
2026-04-15,labTest,cancelled,2,2,2
2026-04-15,labTest,finished,9,9,9
2026-04-15,nursing,cancelled,7,7,7
2026-04-15,nursing,finished,45,45,40
2026-04-15,nursing,reviewed,5,5,3
2026-04-15,physiotherapy,finished,60,60,60
2026-04-15,physiotherapy,reviewed,3,3,3
2026-04-15,ultrasound,finished,6,6,6
2026-04-15,woundCare,finished,1,1,1
2026-04-15,xRay,cancelled,2,2,2
2026-04-15,xRay,finished,4,4,4
2026-04-15,xRay,reviewed,1,1,1
2026-04-16,ambulance,cancelled,0,0,0
2026-04-16,doctorVisit,cancelled,2,2,2
2026-04-16,doctorVisit,finished,11,11,11
2026-04-16,doctorVisit,reviewed,2,2,2
2026-04-16,doppler,finished,1,1,1
2026-04-16,echocardiogram,finished,2,2,2
2026-04-16,eyeExam,cancelled,1,1,1
2026-04-16,labTest,finished,10,10,10
2026-04-16,nursing,cancelled,7,7,7
2026-04-16,nursing,finished,40,40,34
2026-04-16,nursing,reviewed,3,3,1
2026-04-16,onlineConsultation,cancelled,3,3,3
2026-04-16,onlineConsultation,finished,3,3,3
2026-04-16,physiotherapy,cancelled,3,3,3
2026-04-16,physiotherapy,finished,35,35,35
2026-04-16,physiotherapy,reviewed,3,3,3
2026-04-16,physiotherapy (b2b),finished,2,2,2
2026-04-16,productPurchase,reviewed,1,1,1
2026-04-16,woundCare,finished,1,1,1
2026-04-16,xRay,finished,2,2,2
2026-04-17,ambulance,cancelled,0,0,0
2026-04-17,doctorVisit,cancelled,4,4,4
2026-04-17,doctorVisit,finished,9,9,9
2026-04-17,doctorVisit,reviewed,2,2,2
2026-04-17,doppler,finished,2,2,2
2026-04-17,echocardiogram,finished,2,2,2
2026-04-17,eyeExam,finished,2,2,2
2026-04-17,labTest,cancelled,1,1,1
2026-04-17,labTest,finished,10,10,10
2026-04-17,nursing,cancelled,5,5,5
2026-04-17,nursing,finished,32,32,29
2026-04-17,nursing,reviewed,2,2,1
2026-04-17,onlineConsultation,cancelled,5,5,3
2026-04-17,physiotherapy,cancelled,4,4,4
2026-04-17,physiotherapy,finished,35,35,35
2026-04-17,ultrasound,finished,1,1,1
2026-04-17,woundCare,finished,2,2,2
2026-04-17,xRay,cancelled,1,1,1
2026-04-17,xRay,finished,3,3,3
2026-04-18,ambulance,cancelled,0,0,0
2026-04-18,doctorVisit,finished,13,13,13
2026-04-18,doctorVisit,reviewed,5,5,5
2026-04-18,doppler,finished,1,1,1
2026-04-18,doppler,reviewed,1,1,1
2026-04-18,echocardiogram,finished,1,1,1
2026-04-18,labTest,finished,22,22,22
2026-04-18,nursing,cancelled,3,3,3
2026-04-18,nursing,finished,39,39,35
2026-04-18,nursing,reviewed,3,3,1
2026-04-18,onlineConsultation,cancelled,1,1,1
2026-04-18,onlineConsultation,finished,2,2,2
2026-04-18,physiotherapy,cancelled,2,2,2
2026-04-18,physiotherapy,finished,55,55,55
2026-04-18,physiotherapy,reviewed,1,1,1
2026-04-18,productPurchase,finished,2,2,1
2026-04-18,ultrasound,finished,3,3,3
2026-04-18,xRay,finished,2,2,2
2026-04-19,ambulance,cancelled,0,0,0
2026-04-19,doctorVisit,cancelled,4,4,4
2026-04-19,doctorVisit,finished,5,5,5
2026-04-19,doctorVisit,reviewed,4,4,4
2026-04-19,doppler,cancelled,1,1,1
2026-04-19,doppler,finished,1,1,1
2026-04-19,doppler,reviewed,1,1,1
2026-04-19,eyeExam,finished,1,1,1
2026-04-19,labTest,cancelled,1,1,1
2026-04-19,labTest,finished,5,5,5
2026-04-19,nursing,cancelled,6,6,6
2026-04-19,nursing,finished,34,34,30
2026-04-19,nursing,reviewed,3,3,1
2026-04-19,onlineConsultation,cancelled,2,2,2
2026-04-19,onlineConsultation,finished,1,1,1
2026-04-19,physiotherapy,finished,45,45,45
2026-04-19,physiotherapy (b2b),finished,2,2,2
2026-04-19,productPurchase,cancelled,1,1,1
2026-04-19,productPurchase,finished,1,1,1
2026-04-19,ultrasound,finished,3,3,3
2026-04-19,xRay,finished,6,6,6
2026-04-20,ambulance,cancelled,0,0,0
2026-04-20,doctorVisit,cancelled,2,2,2
2026-04-20,doctorVisit,finished,5,5,5
2026-04-20,doctorVisit,reviewed,2,2,2
2026-04-20,doppler,finished,2,2,2
2026-04-20,echocardiogram,finished,1,1,1
2026-04-20,labTest,cancelled,1,1,1
2026-04-20,labTest,finished,8,8,8
2026-04-20,nursing,cancelled,2,2,2
2026-04-20,nursing,finished,37,37,31
2026-04-20,nursing,reviewed,3,3,1
2026-04-20,onlineConsultation,reviewed,1,1,1
2026-04-20,physiotherapy,cancelled,1,1,1
2026-04-20,physiotherapy,finished,50,50,50
2026-04-20,physiotherapy,reviewed,3,3,3
2026-04-20,productPurchase,cancelled,1,1,1
2026-04-20,productPurchase,reviewed,1,1,1
2026-04-20,ultrasound,finished,1,1,1
2026-04-20,woundCare,cancelled,1,1,1
2026-04-20,woundCare,finished,2,2,2
2026-04-20,xRay,finished,1,1,1
2026-04-21,ambulance,cancelled,0,0,0
2026-04-21,doctorVisit,cancelled,3,3,3
2026-04-21,doctorVisit,finished,11,11,11
2026-04-21,doctorVisit,reviewed,1,1,1
2026-04-21,doppler,cancelled,1,1,1
2026-04-21,echocardiogram,finished,3,3,3
2026-04-21,echocardiogram,reviewed,1,1,1
2026-04-21,eyeExam,finished,1,1,1
2026-04-21,labTest,finished,11,11,11
2026-04-21,nursing,cancelled,1,1,1
2026-04-21,nursing,finished,38,38,31
2026-04-21,nursing,reviewed,3,3,1
2026-04-21,physiotherapy,cancelled,3,3,3
2026-04-21,physiotherapy,finished,44,44,44
2026-04-21,physiotherapy,reviewed,1,1,1
2026-04-21,productPurchase,finished,1,1,1
2026-04-21,productPurchase,reviewed,1,1,1
2026-04-21,ultrasound,finished,2,2,2
2026-04-21,xRay,finished,2,2,2
2026-04-22,ambulance,cancelled,0,0,0
2026-04-22,doctorVisit,finished,6,6,6
2026-04-22,doctorVisit,reviewed,4,4,4
2026-04-22,doppler,finished,1,1,1
2026-04-22,echocardiogram,finished,3,3,3
2026-04-22,eyeExam,finished,1,1,1
2026-04-22,labTest,cancelled,1,1,1
2026-04-22,labTest,finished,9,9,9
2026-04-22,nursing,cancelled,3,3,3
2026-04-22,nursing,finished,42,42,38
2026-04-22,nursing,reviewed,7,7,3
2026-04-22,onlineConsultation,cancelled,1,1,1
2026-04-22,onlineConsultation,finished,2,2,2
2026-04-22,physiotherapy,cancelled,1,1,1
2026-04-22,physiotherapy,finished,51,51,51
2026-04-22,physiotherapy,reviewed,3,3,3
2026-04-22,productPurchase,finished,1,1,1
2026-04-22,ultrasound,finished,4,4,4
2026-04-22,xRay,cancelled,3,3,3
2026-04-22,xRay,finished,6,6,6
2026-04-23,ambulance,cancelled,0,0,0
2026-04-23,doctorVisit,cancelled,2,2,2
2026-04-23,doctorVisit,finished,11,11,11
2026-04-23,doctorVisit,reviewed,1,1,1
2026-04-23,doppler,finished,1,1,1
2026-04-23,echocardiogram,finished,1,1,1
2026-04-23,labTest,finished,11,11,11
2026-04-23,nursing,cancelled,3,3,3
2026-04-23,nursing,finished,36,36,30
2026-04-23,nursing,reviewed,7,7,3
2026-04-23,onlineConsultation,cancelled,4,4,4
2026-04-23,physiotherapy,cancelled,2,2,2
2026-04-23,physiotherapy,finished,42,42,42
2026-04-23,physiotherapy,reviewed,1,1,1
2026-04-23,productPurchase,finished,2,2,2
2026-04-23,ultrasound,finished,1,1,1
2026-04-23,xRay,finished,5,5,4
2026-04-24,ambulance,cancelled,0,0,0
2026-04-24,doctorVisit,cancelled,3,3,3
2026-04-24,doctorVisit,finished,15,15,15
2026-04-24,doctorVisit,reviewed,3,3,3
2026-04-24,doppler,finished,2,2,2
2026-04-24,doppler,reviewed,1,1,1
2026-04-24,echocardiogram,finished,1,1,1
2026-04-24,labTest,cancelled,1,1,1
2026-04-24,labTest,finished,9,9,9
2026-04-24,nursing,cancelled,3,3,3
2026-04-24,nursing,finished,39,39,35
2026-04-24,nursing,reviewed,9,9,5
2026-04-24,onlineConsultation,cancelled,1,1,1
2026-04-24,onlineConsultation,finished,2,2,2
2026-04-24,physiotherapy,cancelled,2,2,2
2026-04-24,physiotherapy,finished,13,13,13
2026-04-24,physiotherapy,reviewed,1,1,1
2026-04-24,ultrasound,finished,1,1,1
2026-04-24,woundCare,finished,1,1,1
2026-04-25,ambulance,cancelled,0,0,0
2026-04-25,doctorVisit,cancelled,1,1,1
2026-04-25,doctorVisit,finished,17,17,17
2026-04-25,doctorVisit,reviewed,1,1,1
2026-04-25,doppler,finished,2,2,2
2026-04-25,echocardiogram,finished,2,2,2
2026-04-25,labTest,cancelled,1,1,1
2026-04-25,labTest,finished,14,14,14
2026-04-25,nursing,cancelled,3,3,3
2026-04-25,nursing,finished,39,39,33
2026-04-25,nursing,reviewed,8,8,4
2026-04-25,onlineConsultation,finished,1,1,1
2026-04-25,physiotherapy,cancelled,3,3,3
2026-04-25,physiotherapy,finished,59,59,59
2026-04-25,physiotherapy,reviewed,4,4,4
2026-04-25,physiotherapy (b2b),finished,2,2,2
2026-04-25,ultrasound,finished,1,1,1
2026-04-25,woundCare,finished,2,2,2
2026-04-25,xRay,cancelled,1,1,1
2026-04-25,xRay,finished,5,5,5
2026-04-26,ambulance,cancelled,0,0,0
2026-04-26,doctorVisit,cancelled,2,2,2
2026-04-26,doctorVisit,finished,6,6,6
2026-04-26,doctorVisit,reviewed,2,2,2
2026-04-26,echocardiogram,finished,1,1,1
2026-04-26,labTest,cancelled,1,1,1
2026-04-26,labTest,finished,2,2,2
2026-04-26,nursing,cancelled,1,1,1
2026-04-26,nursing,finished,34,34,31
2026-04-26,nursing,reviewed,8,8,4
2026-04-26,onlineConsultation,cancelled,3,3,3
2026-04-26,onlineConsultation,finished,1,1,1
2026-04-26,physiotherapy,cancelled,1,1,1
2026-04-26,physiotherapy,finished,49,49,49
2026-04-26,physiotherapy,reviewed,1,1,1
2026-04-26,productPurchase,finished,1,1,1
2026-04-26,ultrasound,finished,1,1,1
2026-04-26,xRay,cancelled,1,1,1
2026-04-26,xRay,finished,2,2,2
2026-04-27,ambulance,cancelled,0,0,0
2026-04-27,doctorVisit,cancelled,2,2,2
2026-04-27,doctorVisit,finished,6,6,6
2026-04-27,doctorVisit,reviewed,5,5,5
2026-04-27,echocardiogram,finished,2,2,2
2026-04-27,eyeExam,finished,1,1,1
2026-04-27,eyeExam,reviewed,1,1,1
2026-04-27,labTest,cancelled,1,1,1
2026-04-27,labTest,finished,15,15,15
2026-04-27,nursing,cancelled,3,3,3
2026-04-27,nursing,finished,35,35,33
2026-04-27,nursing,reviewed,8,8,4
2026-04-27,onlineConsultation,cancelled,2,2,2
2026-04-27,onlineConsultation,finished,1,1,1
2026-04-27,physiotherapy,cancelled,2,2,2
2026-04-27,physiotherapy,finished,43,43,43
2026-04-27,physiotherapy,reviewed,4,4,4
2026-04-27,physiotherapy (b2b),finished,2,2,2
2026-04-27,ultrasound,finished,4,4,4
2026-04-27,woundCare,finished,1,1,1
2026-04-27,xRay,finished,3,3,3
2026-04-28,ambulance,cancelled,0,0,0
2026-04-28,doctorVisit,finished,7,7,7
2026-04-28,doctorVisit,reviewed,5,5,5
2026-04-28,doppler,finished,1,1,1
2026-04-28,echocardiogram,finished,1,1,1
2026-04-28,labTest,cancelled,2,2,2
2026-04-28,labTest,finished,10,10,10
2026-04-28,nursing,cancelled,2,2,2
2026-04-28,nursing,finished,34,34,29
2026-04-28,nursing,reviewed,7,7,4
2026-04-28,onlineConsultation,cancelled,1,1,1
2026-04-28,onlineConsultation,finished,2,2,2
2026-04-28,physiotherapy,cancelled,3,3,3
2026-04-28,physiotherapy,finished,39,39,39
2026-04-28,physiotherapy,reviewed,4,4,4
2026-04-28,ultrasound,finished,2,2,2
2026-04-28,xRay,finished,3,3,3
2026-04-29,ambulance,cancelled,0,0,0
2026-04-29,doctorVisit,cancelled,2,2,2
2026-04-29,doctorVisit,finished,8,8,8
2026-04-29,doctorVisit,reviewed,3,3,3
2026-04-29,labTest,finished,9,9,9
2026-04-29,nursing,cancelled,1,1,1
2026-04-29,nursing,finished,34,34,27
2026-04-29,nursing,reviewed,5,5,3
2026-04-29,onlineConsultation,cancelled,1,1,1
2026-04-29,onlineConsultation,finished,2,2,2
2026-04-29,physiotherapy,cancelled,4,4,4
2026-04-29,physiotherapy,finished,55,55,54
2026-04-29,ultrasound,finished,4,4,4
2026-04-29,woundCare,finished,1,1,1
2026-04-29,xRay,finished,5,5,5
2026-04-30,ambulance,cancelled,0,0,0
2026-04-30,doctorVisit,cancelled,2,2,2
2026-04-30,doctorVisit,finished,8,8,8
2026-04-30,doctorVisit,reviewed,4,4,4
2026-04-30,echocardiogram,finished,3,3,3
2026-04-30,labTest,cancelled,2,2,2
2026-04-30,labTest,finished,10,10,10
2026-04-30,labTest,reviewed,4,0,1
2026-04-30,nursing,cancelled,4,4,4
2026-04-30,nursing,finished,28,28,23
2026-04-30,nursing,reviewed,6,6,2
2026-04-30,onlineConsultation,cancelled,1,1,1
2026-04-30,onlineConsultation,finished,1,1,1
2026-04-30,physiotherapy,cancelled,2,2,2
2026-04-30,physiotherapy,finished,39,39,39
2026-04-30,physiotherapy,reviewed,2,1,2
2026-04-30,physiotherapy (b2b),finished,2,2,2
2026-04-30,productPurchase,finished,2,2,1
2026-04-30,ultrasound,cancelled,1,1,1
2026-04-30,ultrasound,finished,2,2,2
2026-04-30,ultrasound,reviewed,1,1,1
2026-04-30,xRay,finished,2,2,2
2026-04-30,xRay,reviewed,2,0,2
2026-05-01,ambulance,cancelled,2,2,1
2026-05-01,doctorVisit,cancelled,2,2,2
2026-05-01,doctorVisit,finished,14,14,14
2026-05-01,doctorVisit,reviewed,4,4,4
2026-05-01,doppler,finished,1,1,1
2026-05-01,echocardiogram,finished,3,3,3
2026-05-01,echocardiogram,reviewed,1,1,1
2026-05-01,labTest,finished,13,13,11
2026-05-01,nursing,cancelled,1,1,1
2026-05-01,nursing,finished,38,38,34
2026-05-01,nursing,reviewed,6,6,3
2026-05-01,onlineConsultation,cancelled,5,5,5
2026-05-01,onlineConsultation,finished,5,5,5
2026-05-01,physiotherapy,cancelled,2,2,2
2026-05-01,physiotherapy,finished,26,26,26
2026-05-01,physiotherapy,reviewed,2,2,2
2026-05-01,physiotherapy (b2b),finished,1,0,1
2026-05-01,physiotherapy (b2b),reviewed,1,0,1
2026-05-01,productPurchase,finished,1,1,1
2026-05-01,surgeries,reviewed,1,1,1
2026-05-01,ultrasound,finished,1,1,1
2026-05-01,ultrasound,reviewed,2,2,2
2026-05-01,xRay,finished,4,4,4
2026-05-01,xRay,reviewed,1,1,1
2026-05-02,ambulance,cancelled,0,0,0
2026-05-02,doctorVisit,cancelled,3,3,3
2026-05-02,doctorVisit,finished,10,10,9
2026-05-02,doctorVisit,reviewed,1,1,1
2026-05-02,echocardiogram,finished,1,1,1
2026-05-02,labTest,cancelled,1,1,1
2026-05-02,labTest,finished,11,11,11
2026-05-02,nursing,cancelled,4,4,4
2026-05-02,nursing,finished,28,28,26
2026-05-02,nursing,reviewed,7,7,4
2026-05-02,onlineConsultation,cancelled,1,1,1
2026-05-02,onlineConsultation,finished,1,1,1
2026-05-02,physiotherapy,cancelled,4,4,4
2026-05-02,physiotherapy,finished,45,45,45
2026-05-02,physiotherapy,reviewed,2,2,2
2026-05-02,ultrasound,cancelled,1,1,1
2026-05-02,ultrasound,finished,2,2,2
2026-05-02,xRay,finished,6,6,6
2026-05-03,ambulance,cancelled,0,0,0
2026-05-03,doctorVisit,finished,8,8,8
2026-05-03,doctorVisit,reviewed,3,3,3
2026-05-03,doppler,finished,2,2,2
2026-05-03,echocardiogram,reviewed,1,1,1
2026-05-03,labTest,cancelled,1,1,1
2026-05-03,labTest,finished,10,10,10
2026-05-03,nursing,cancelled,1,1,1
2026-05-03,nursing,finished,56,56,48
2026-05-03,nursing,reviewed,6,6,3
2026-05-03,onlineConsultation,cancelled,2,2,2
2026-05-03,onlineConsultation,finished,1,1,1
2026-05-03,physiotherapy,cancelled,2,2,2
2026-05-03,physiotherapy,finished,58,58,58
2026-05-03,physiotherapy,reviewed,5,5,5
2026-05-03,physiotherapy (b2b),finished,2,2,2
2026-05-03,ultrasound,finished,2,2,2
2026-05-03,ultrasound,reviewed,1,1,1
2026-05-03,xRay,finished,3,3,3
2026-05-04,ambulance,cancelled,1,1,1
2026-05-04,doctorVisit,finished,16,16,16
2026-05-04,doctorVisit,reviewed,1,1,1
2026-05-04,doppler,finished,1,1,1
2026-05-04,echocardiogram,finished,1,1,1
2026-05-04,labTest,cancelled,1,1,1
2026-05-04,labTest,finished,12,12,12
2026-05-04,nursing,cancelled,1,1,1
2026-05-04,nursing,finished,52,52,42
2026-05-04,nursing,reviewed,5,5,3
2026-05-04,onlineConsultation,cancelled,1,1,1
2026-05-04,physiotherapy,cancelled,4,4,4
2026-05-04,physiotherapy,finished,40,40,40
2026-05-04,physiotherapy,reviewed,1,1,1
2026-05-04,xRay,finished,4,4,4
2026-05-05,ambulance,cancelled,0,0,0
2026-05-05,doctorVisit,cancelled,1,1,1
2026-05-05,doctorVisit,finished,10,10,10
2026-05-05,doctorVisit,reviewed,3,3,3
2026-05-05,doppler,reviewed,1,1,1
2026-05-05,echocardiogram,finished,1,1,1
2026-05-05,labTest,cancelled,2,2,2
2026-05-05,labTest,finished,9,9,9
2026-05-05,nursing,cancelled,5,5,5
2026-05-05,nursing,finished,58,58,46
2026-05-05,nursing,reviewed,2,2,1
2026-05-05,onlineConsultation,cancelled,3,3,3
2026-05-05,onlineConsultation,finished,1,1,1
2026-05-05,physiotherapy,cancelled,2,2,2
2026-05-05,physiotherapy,finished,53,53,53
2026-05-05,physiotherapy,reviewed,2,2,2
2026-05-05,physiotherapy (b2b),finished,2,2,2
2026-05-05,surgeries,reviewed,1,1,1
2026-05-05,ultrasound,finished,2,2,2
2026-05-05,xRay,finished,2,2,2
2026-05-06,ambulance,cancelled,0,0,0
2026-05-06,doctorVisit,cancelled,1,1,1
2026-05-06,doctorVisit,finished,14,14,14
2026-05-06,doctorVisit,reviewed,2,2,2
2026-05-06,echocardiogram,finished,1,1,1
2026-05-06,labTest,cancelled,3,3,3
2026-05-06,labTest,finished,14,13,13
2026-05-06,nursing,cancelled,5,5,5
2026-05-06,nursing,finished,42,42,34
2026-05-06,nursing,reviewed,2,2,2
2026-05-06,onlineConsultation,cancelled,1,1,1
2026-05-06,onlineConsultation,finished,2,2,2
2026-05-06,physiotherapy,cancelled,4,4,4
2026-05-06,physiotherapy,finished,45,45,45
2026-05-06,physiotherapy,reviewed,1,1,1
2026-05-06,ultrasound,cancelled,1,1,1
2026-05-06,ultrasound,finished,1,1,1
2026-05-06,woundCare,finished,1,1,1
2026-05-06,xRay,finished,3,3,3
2026-05-07,ambulance,cancelled,1,1,1
2026-05-07,doctorVisit,cancelled,4,4,4
2026-05-07,doctorVisit,finished,10,10,10
2026-05-07,doppler,finished,2,2,2
2026-05-07,labTest,finished,10,10,10
2026-05-07,nursing,cancelled,2,2,2
2026-05-07,nursing,finished,58,58,47
2026-05-07,onlineConsultation,finished,1,1,1
2026-05-07,physiotherapy,cancelled,2,2,2
2026-05-07,physiotherapy,finished,54,54,54
2026-05-07,physiotherapy,reviewed,2,2,2
2026-05-07,physiotherapy (b2b),finished,2,2,2
2026-05-07,productPurchase,finished,1,1,1
2026-05-07,ultrasound,finished,2,2,2
2026-05-07,woundCare,finished,3,3,3
2026-05-07,xRay,finished,2,2,2
2026-05-08,ambulance,cancelled,0,0,0
2026-05-08,doctorVisit,cancelled,2,2,2
2026-05-08,doctorVisit,finished,6,6,6
2026-05-08,doppler,finished,1,1,1
2026-05-08,echocardiogram,finished,4,4,4
2026-05-08,labTest,finished,18,18,18
2026-05-08,nursing,cancelled,1,1,1
2026-05-08,nursing,finished,45,45,39
2026-05-08,nursing,reviewed,2,2,2
2026-05-08,onlineConsultation,cancelled,3,3,3
2026-05-08,physiotherapy,finished,27,27,27
2026-05-08,physiotherapy,reviewed,1,1,1
2026-05-08,woundCare,cancelled,1,1,1
2026-05-08,woundCare,finished,1,1,1
2026-05-08,xRay,finished,3,3,3
2026-05-09,ambulance,cancelled,0,0,0
2026-05-09,doctorVisit,cancelled,2,2,2
2026-05-09,doctorVisit,finished,13,13,13
2026-05-09,doctorVisit,reviewed,3,3,3
2026-05-09,echocardiogram,finished,1,1,1
2026-05-09,labTest,cancelled,1,1,1
2026-05-09,labTest,finished,15,15,15
2026-05-09,nursing,cancelled,3,3,2
2026-05-09,nursing,finished,46,46,42
2026-05-09,nursing,reviewed,3,3,3
2026-05-09,onlineConsultation,finished,3,3,3
2026-05-09,physiotherapy,cancelled,3,3,3
2026-05-09,physiotherapy,finished,63,63,63
2026-05-09,physiotherapy,reviewed,4,4,4
2026-05-09,productPurchase,finished,1,1,1
2026-05-09,psychiatristVisit,cancelled,1,1,1
2026-05-09,ultrasound,finished,2,2,2
2026-05-09,xRay,finished,4,4,4
2026-05-10,ambulance,cancelled,0,0,0
2026-05-10,doctorVisit,cancelled,1,1,1
2026-05-10,doctorVisit,finished,5,5,5
2026-05-10,doctorVisit,reviewed,1,1,1
2026-05-10,doppler,finished,2,2,2
2026-05-10,echocardiogram,finished,1,1,1
2026-05-10,echocardiogram,reviewed,1,1,1
2026-05-10,eyeExam,cancelled,1,1,1
2026-05-10,labTest,cancelled,1,1,1
2026-05-10,labTest,finished,11,11,11
2026-05-10,nursing,cancelled,2,2,2
2026-05-10,nursing,finished,46,46,42
2026-05-10,nursing,reviewed,8,8,8
2026-05-10,onlineConsultation,cancelled,1,1,1
2026-05-10,onlineConsultation,finished,1,1,1
2026-05-10,physiotherapy,cancelled,2,2,2
2026-05-10,physiotherapy,finished,36,36,36
2026-05-10,physiotherapy,reviewed,2,2,2
2026-05-10,physiotherapy (b2b),finished,2,2,2
2026-05-10,ultrasound,cancelled,1,1,1
2026-05-10,ultrasound,finished,5,5,5
2026-05-10,ultrasound,reviewed,1,1,1
2026-05-10,xRay,finished,3,3,3
2026-05-10,xRay,reviewed,1,1,1
2026-05-11,ambulance,cancelled,0,0,0
2026-05-11,doctorVisit,cancelled,3,3,3
2026-05-11,doctorVisit,finished,15,15,15
2026-05-11,doctorVisit,reviewed,1,1,1
2026-05-11,echocardiogram,finished,1,1,1
2026-05-11,eyeExam,cancelled,1,1,1
2026-05-11,labTest,cancelled,1,1,1
2026-05-11,labTest,finished,11,11,11
2026-05-11,nursing,cancelled,6,6,6
2026-05-11,nursing,finished,37,37,33
2026-05-11,nursing,reviewed,3,3,2
2026-05-11,onlineConsultation,cancelled,3,3,3
2026-05-11,onlineConsultation,finished,1,1,1
2026-05-11,physiotherapy,cancelled,8,8,8
2026-05-11,physiotherapy,finished,55,55,55
2026-05-11,physiotherapy,reviewed,3,3,3
2026-05-11,ultrasound,finished,2,2,2
2026-05-11,ultrasound,reviewed,1,1,1
2026-05-11,woundCare,cancelled,1,1,1
2026-05-11,xRay,finished,5,5,5
2026-05-12,ambulance,cancelled,0,0,0
2026-05-12,doctorVisit,cancelled,1,1,1
2026-05-12,doctorVisit,finished,12,12,12
2026-05-12,doctorVisit,reviewed,3,3,3
2026-05-12,doppler,reviewed,1,1,1
2026-05-12,echocardiogram,cancelled,1,1,1
2026-05-12,echocardiogram,finished,1,1,1
2026-05-12,labTest,cancelled,1,1,1
2026-05-12,labTest,finished,9,8,9
2026-05-12,nursing,cancelled,1,1,1
2026-05-12,nursing,finished,39,39,37
2026-05-12,nursing,reviewed,4,4,3
2026-05-12,onlineConsultation,cancelled,3,3,3
2026-05-12,physiotherapy,cancelled,3,3,3
2026-05-12,physiotherapy,finished,41,41,41
2026-05-12,physiotherapy,reviewed,4,4,4
2026-05-12,physiotherapy (b2b),finished,2,2,2
2026-05-12,productPurchase,finished,1,0,1
2026-05-12,ultrasound,finished,2,2,2
2026-05-12,xRay,cancelled,1,1,1
2026-05-12,xRay,finished,3,3,3
2026-05-13,ambulance,cancelled,0,0,0
2026-05-13,doctorVisit,cancelled,3,3,3
2026-05-13,doctorVisit,finished,9,9,9
2026-05-13,doctorVisit,reviewed,2,2,2
2026-05-13,doppler,reviewed,1,1,1
2026-05-13,echocardiogram,finished,2,2,2
2026-05-13,labTest,cancelled,1,1,1
2026-05-13,labTest,finished,13,12,12
2026-05-13,nursing,cancelled,6,6,6
2026-05-13,nursing,finished,39,39,35
2026-05-13,nursing,reviewed,8,8,6
2026-05-13,onlineConsultation,finished,1,1,1
2026-05-13,physiotherapy,cancelled,1,1,1
2026-05-13,physiotherapy,finished,47,47,47
2026-05-13,physiotherapy,reviewed,3,3,3
2026-05-13,ultrasound,cancelled,1,1,1
2026-05-13,woundCare,cancelled,1,1,1
2026-05-13,xRay,finished,1,1,1
2026-05-13,xRay,reviewed,1,1,1
2026-05-14,ambulance,cancelled,0,0,0
2026-05-14,doctorVisit,cancelled,1,1,1
2026-05-14,doctorVisit,finished,12,12,12
2026-05-14,doctorVisit,reviewed,2,2,2
2026-05-14,echocardiogram,cancelled,1,1,1
2026-05-14,echocardiogram,finished,3,3,3
2026-05-14,eyeExam,reviewed,1,1,1
2026-05-14,labTest,finished,8,8,8
2026-05-14,nursing,cancelled,2,2,2
2026-05-14,nursing,finished,48,48,40
2026-05-14,nursing,reviewed,3,3,3
2026-05-14,onlineConsultation,cancelled,2,2,2
2026-05-14,onlineConsultation,finished,1,1,1
2026-05-14,physiotherapy,cancelled,2,2,2
2026-05-14,physiotherapy,finished,34,34,34
2026-05-14,physiotherapy,reviewed,2,2,2
2026-05-14,physiotherapy (b2b),finished,2,2,2
2026-05-14,ultrasound,cancelled,1,1,1
2026-05-14,ultrasound,finished,3,3,3
2026-05-14,ultrasound,reviewed,1,1,1
2026-05-14,woundCare,cancelled,1,1,1
2026-05-14,xRay,finished,3,3,3
2026-05-15,ambulance,cancelled,0,0,0
2026-05-15,doctorVisit,cancelled,3,3,3
2026-05-15,doctorVisit,finished,8,8,8
2026-05-15,doctorVisit,reviewed,2,2,2
2026-05-15,echocardiogram,finished,2,2,2
2026-05-15,labTest,cancelled,1,1,1
2026-05-15,labTest,finished,8,8,8
2026-05-15,nursing,cancelled,4,4,4
2026-05-15,nursing,finished,52,52,41
2026-05-15,nursing,reviewed,5,5,5
2026-05-15,onlineConsultation,finished,4,4,4
2026-05-15,physiotherapy,cancelled,2,2,2
2026-05-15,physiotherapy,finished,20,20,20
2026-05-15,physiotherapy,reviewed,1,1,1
2026-05-15,ultrasound,reviewed,2,2,2
2026-05-16,ambulance,cancelled,0,0,0
2026-05-16,doctorVisit,cancelled,4,4,4
2026-05-16,doctorVisit,finished,9,9,9
2026-05-16,doctorVisit,reviewed,1,1,1
2026-05-16,doppler,finished,1,1,1
2026-05-16,doppler,reviewed,1,1,1
2026-05-16,echocardiogram,finished,4,4,4
2026-05-16,labTest,finished,11,11,11
2026-05-16,nursing,cancelled,5,5,4
2026-05-16,nursing,finished,39,39,34
2026-05-16,nursing,reviewed,3,3,3
2026-05-16,onlineConsultation,cancelled,1,1,1
2026-05-16,onlineConsultation,finished,2,2,2
2026-05-16,physiotherapy,cancelled,3,3,3
2026-05-16,physiotherapy,finished,53,53,53
2026-05-16,physiotherapy,reviewed,4,4,4
2026-05-16,productPurchase,reviewed,1,1,1
2026-05-16,ultrasound,finished,1,1,1
2026-05-16,xRay,cancelled,1,1,1
2026-05-16,xRay,finished,2,2,2
2026-05-16,xRay,reviewed,1,1,1
2026-05-17,ambulance,cancelled,0,0,0
2026-05-17,doctorVisit,cancelled,5,5,5
2026-05-17,doctorVisit,finished,7,7,7
2026-05-17,echocardiogram,finished,1,1,1
2026-05-17,labTest,cancelled,1,1,1
2026-05-17,labTest,finished,17,16,17
2026-05-17,nursing,cancelled,6,6,5
2026-05-17,nursing,finished,40,40,37
2026-05-17,nursing,reviewed,3,3,3
2026-05-17,onlineConsultation,cancelled,1,1,1
2026-05-17,onlineConsultation,finished,3,3,3
2026-05-17,physiotherapy,finished,45,45,45
2026-05-17,physiotherapy,reviewed,5,5,5
2026-05-17,physiotherapy (b2b),finished,2,2,2
2026-05-17,ultrasound,cancelled,1,1,1
2026-05-17,ultrasound,finished,1,1,1
2026-05-17,woundCare,finished,1,1,1
2026-05-17,xRay,finished,2,2,2
2026-05-18,ambulance,cancelled,0,0,0
2026-05-18,doctorVisit,cancelled,2,2,2
2026-05-18,doctorVisit,finished,7,7,7
2026-05-18,doctorVisit,reviewed,3,3,3
2026-05-18,doppler,finished,1,1,1
2026-05-18,echocardiogram,finished,1,1,1
2026-05-18,labTest,finished,14,14,14
2026-05-18,nursing,cancelled,5,5,5
2026-05-18,nursing,finished,45,45,39
2026-05-18,nursing,reviewed,4,4,4
2026-05-18,onlineConsultation,cancelled,2,2,2
2026-05-18,onlineConsultation,finished,1,1,1
2026-05-18,physiotherapy,cancelled,4,4,4
2026-05-18,physiotherapy,finished,48,48,48
2026-05-18,physiotherapy,reviewed,4,4,4
2026-05-18,ultrasound,cancelled,1,1,1
2026-05-18,ultrasound,finished,2,2,2
2026-05-18,xRay,finished,2,2,2
2026-05-19,ambulance,cancelled,0,0,0
2026-05-19,doctorVisit,cancelled,2,2,2
2026-05-19,doctorVisit,finished,5,5,5
2026-05-19,doppler,finished,1,1,1
2026-05-19,echocardiogram,cancelled,1,1,1
2026-05-19,labTest,cancelled,1,1,1
2026-05-19,labTest,finished,8,8,7
2026-05-19,nursing,cancelled,4,4,4
2026-05-19,nursing,finished,35,35,33
2026-05-19,nursing,reviewed,4,4,3
2026-05-19,onlineConsultation,finished,2,2,2
2026-05-19,physiotherapy,cancelled,1,1,1
2026-05-19,physiotherapy,finished,52,52,52
2026-05-19,physiotherapy,reviewed,1,1,1
2026-05-19,physiotherapy (b2b),finished,2,2,2
2026-05-19,productPurchase,finished,1,1,1
2026-05-19,ultrasound,finished,3,3,3
2026-05-20,ambulance,cancelled,0,0,0
2026-05-20,doctorVisit,cancelled,2,2,2
2026-05-20,doctorVisit,finished,12,12,12
2026-05-20,doctorVisit,reviewed,2,2,2
2026-05-20,echocardiogram,finished,1,1,1
2026-05-20,labTest,finished,8,8,8
2026-05-20,nursing,cancelled,3,3,3
2026-05-20,nursing,finished,37,37,32
2026-05-20,nursing,reviewed,4,4,3
2026-05-20,onlineConsultation,cancelled,1,1,1
2026-05-20,onlineConsultation,finished,2,2,2
2026-05-20,physiotherapy,cancelled,1,1,1
2026-05-20,physiotherapy,finished,49,49,49
2026-05-20,physiotherapy,reviewed,3,3,3
2026-05-20,surgeries,cancelled,1,1,1
2026-05-20,ultrasound,finished,1,1,1
2026-05-20,ultrasound,reviewed,1,1,1
2026-05-20,xRay,finished,4,4,4
2026-05-21,ambulance,cancelled,0,0,0
2026-05-21,doctorVisit,cancelled,4,4,4
2026-05-21,doctorVisit,finished,8,8,8
2026-05-21,doctorVisit,reviewed,1,1,1
2026-05-21,echocardiogram,finished,1,1,1
2026-05-21,labTest,finished,10,10,10
2026-05-21,nursing,cancelled,7,7,6
2026-05-21,nursing,finished,36,36,32
2026-05-21,nursing,reviewed,6,6,4
2026-05-21,onlineConsultation,cancelled,5,5,5
2026-05-21,onlineConsultation,finished,2,2,2
2026-05-21,physiotherapy,cancelled,3,3,3
2026-05-21,physiotherapy,finished,50,50,50
2026-05-21,physiotherapy,reviewed,3,3,3
2026-05-21,physiotherapy (b2b),finished,2,2,2
2026-05-21,productPurchase,finished,1,1,1
2026-05-21,ultrasound,finished,2,2,2
2026-05-21,woundCare,cancelled,1,1,1
2026-05-21,xRay,finished,1,1,1
2026-05-22,ambulance,cancelled,0,0,0
2026-05-22,doctorVisit,cancelled,4,4,4
2026-05-22,doctorVisit,finished,4,4,4
2026-05-22,doctorVisit,reviewed,2,2,2
2026-05-22,labTest,finished,7,7,7
2026-05-22,nursing,cancelled,10,10,9
2026-05-22,nursing,finished,38,38,34
2026-05-22,nursing,reviewed,4,4,3
2026-05-22,onlineConsultation,cancelled,1,1,1
2026-05-22,onlineConsultation,finished,1,1,1
2026-05-22,physiotherapy,cancelled,2,2,2
2026-05-22,physiotherapy,finished,27,27,27
2026-05-22,physiotherapy,reviewed,1,1,1
2026-05-22,ultrasound,cancelled,2,2,2
2026-05-22,xRay,cancelled,1,1,1
2026-05-22,xRay,finished,4,4,4
2026-05-23,ambulance,cancelled,0,0,0
2026-05-23,doctorVisit,cancelled,4,4,4
2026-05-23,doctorVisit,finished,8,8,8
2026-05-23,doctorVisit,reviewed,2,2,2
2026-05-23,doppler,reviewed,1,1,1
2026-05-23,echocardiogram,finished,3,3,3
2026-05-23,labTest,cancelled,5,4,5
2026-05-23,labTest,finished,14,13,14
2026-05-23,nursing,cancelled,5,5,4
2026-05-23,nursing,finished,27,27,26
2026-05-23,nursing,reviewed,3,3,3
2026-05-23,onlineConsultation,cancelled,1,1,1
2026-05-23,onlineConsultation,finished,2,2,2
2026-05-23,physiotherapy,cancelled,1,1,1
2026-05-23,physiotherapy,finished,65,65,65
2026-05-23,physiotherapy,reviewed,4,4,4
2026-05-23,physiotherapy (b2b),finished,2,2,2
2026-05-23,ultrasound,finished,3,3,3
2026-05-23,xRay,finished,2,2,2
2026-05-23,xRay,reviewed,1,1,1
2026-05-24,ambulance,cancelled,0,0,0
2026-05-24,doctorVisit,cancelled,3,3,3
2026-05-24,doctorVisit,finished,8,8,8
2026-05-24,doctorVisit,reviewed,2,2,2
2026-05-24,doppler,finished,1,1,1
2026-05-24,doppler,reviewed,2,2,2
2026-05-24,labTest,finished,10,10,10
2026-05-24,nursing,cancelled,4,4,3
2026-05-24,nursing,finished,37,37,35
2026-05-24,nursing,reviewed,4,4,2
2026-05-24,onlineConsultation,cancelled,3,3,3
2026-05-24,onlineConsultation,finished,1,1,1
2026-05-24,physiotherapy,cancelled,3,3,3
2026-05-24,physiotherapy,finished,42,42,42
2026-05-24,physiotherapy,reviewed,3,3,3
2026-05-24,productPurchase,finished,1,1,1
2026-05-24,ultrasound,finished,2,2,2
2026-05-24,ultrasound,reviewed,1,1,1
2026-05-24,xRay,finished,2,2,2
2026-05-25,ambulance,cancelled,1,1,1
2026-05-25,b2b,reviewed,1,1,1
2026-05-25,doctorVisit,cancelled,8,8,8
2026-05-25,doctorVisit,finished,10,10,10
2026-05-25,doctorVisit,reviewed,5,5,5
2026-05-25,doppler,finished,1,1,1
2026-05-25,echocardiogram,finished,3,3,3
2026-05-25,labTest,finished,6,6,6
2026-05-25,nursing,cancelled,10,10,9
2026-05-25,nursing,finished,43,43,40
2026-05-25,nursing,reviewed,6,6,4
2026-05-25,onlineConsultation,cancelled,3,3,3
2026-05-25,physiotherapy,finished,57,57,56
2026-05-25,physiotherapy,reviewed,3,3,3
2026-05-25,physiotherapy (b2b),finished,2,2,2
2026-05-25,productPurchase,finished,1,1,1
2026-05-25,ultrasound,finished,1,1,1
2026-05-25,woundCare,cancelled,1,1,1
2026-05-25,woundCare,finished,5,5,5
2026-05-25,xRay,cancelled,1,1,1
2026-05-25,xRay,finished,2,2,2
2026-05-26,ambulance,cancelled,0,0,0
2026-05-26,doctorVisit,finished,8,8,8
2026-05-26,doppler,finished,1,1,1
2026-05-26,echocardiogram,finished,1,1,1
2026-05-26,labTest,cancelled,1,1,1
2026-05-26,labTest,finished,17,17,17
2026-05-26,nursing,cancelled,5,5,4
2026-05-26,nursing,finished,47,47,40
2026-05-26,nursing,reviewed,2,2,1
2026-05-26,onlineConsultation,cancelled,1,1,1
2026-05-26,onlineConsultation,finished,1,1,1
2026-05-26,physiotherapy,cancelled,2,2,2
2026-05-26,physiotherapy,finished,40,40,39
2026-05-26,physiotherapy,reviewed,1,1,1
2026-05-26,ultrasound,finished,1,1,1
2026-05-26,woundCare,finished,1,1,1
2026-05-26,xRay,finished,4,4,4
2026-05-27,ambulance,cancelled,0,0,0
2026-05-27,doctorVisit,cancelled,4,4,4
2026-05-27,doctorVisit,finished,11,11,11
2026-05-27,doctorVisit,reviewed,2,2,2
2026-05-27,echocardiogram,cancelled,1,1,1
2026-05-27,labTest,cancelled,1,1,1
2026-05-27,labTest,finished,12,12,12
2026-05-27,nursing,cancelled,7,7,6
2026-05-27,nursing,finished,46,46,39
2026-05-27,nursing,reviewed,5,5,4
2026-05-27,onlineConsultation,finished,2,2,1
2026-05-27,physiotherapy,cancelled,1,1,1
2026-05-27,physiotherapy,finished,11,11,11
2026-05-27,ultrasound,finished,1,1,1
2026-05-27,woundCare,cancelled,2,2,2
2026-05-27,xRay,cancelled,1,1,1
2026-05-27,xRay,finished,6,6,6
2026-05-28,ambulance,cancelled,0,0,0
2026-05-28,doctorVisit,cancelled,2,2,2
2026-05-28,doctorVisit,finished,18,18,18
2026-05-28,doctorVisit,reviewed,3,3,2
2026-05-28,echocardiogram,finished,2,2,2
2026-05-28,echocardiogram,reviewed,1,1,1
2026-05-28,labTest,cancelled,3,3,2
2026-05-28,labTest,finished,12,12,11
2026-05-28,labTest,reviewed,1,1,1
2026-05-28,nursing,cancelled,5,5,5
2026-05-28,nursing,finished,44,44,42
2026-05-28,nursing,reviewed,4,4,3
2026-05-28,onlineConsultation,cancelled,3,3,3
2026-05-28,onlineConsultation,finished,3,3,3
2026-05-28,physiotherapy,finished,28,28,27
2026-05-28,ultrasound,cancelled,1,1,1
2026-05-28,ultrasound,finished,2,2,2
2026-05-28,woundCare,finished,1,1,1
2026-05-28,xRay,finished,3,3,3
2026-05-29,ambulance,cancelled,0,0,0
2026-05-29,doctorVisit,cancelled,4,4,4
2026-05-29,doctorVisit,finished,15,15,15
2026-05-29,doctorVisit,reviewed,3,3,3
2026-05-29,labTest,cancelled,2,2,2
2026-05-29,labTest,finished,12,12,12
2026-05-29,nursing,cancelled,4,4,4
2026-05-29,nursing,finished,35,35,35
2026-05-29,nursing,reviewed,6,6,5
2026-05-29,onlineConsultation,cancelled,3,3,3
2026-05-29,onlineConsultation,finished,3,3,3
2026-05-29,physiotherapy,cancelled,3,3,3
2026-05-29,physiotherapy,finished,24,24,24
2026-05-29,physiotherapy,reviewed,2,2,2
2026-05-29,physiotherapy (b2b),finished,2,2,2
2026-05-29,ultrasound,cancelled,1,1,1
2026-05-29,ultrasound,finished,2,2,2
2026-05-29,xRay,finished,4,4,4
2026-05-30,ambulance,cancelled,0,0,0
2026-05-30,doctorVisit,cancelled,2,2,2
2026-05-30,doctorVisit,finished,6,6,6
2026-05-30,doctorVisit,reviewed,1,1,1
2026-05-30,doppler,cancelled,1,1,1
2026-05-30,labTest,finished,27,27,27
2026-05-30,nursing,cancelled,2,2,2
2026-05-30,nursing,finished,32,32,31
2026-05-30,nursing,reviewed,7,7,3
2026-05-30,onlineConsultation,cancelled,3,3,3
2026-05-30,onlineConsultation,finished,4,4,4
2026-05-30,physiotherapy,cancelled,4,4,4
2026-05-30,physiotherapy,finished,50,50,50
2026-05-30,physiotherapy,reviewed,3,3,3
2026-05-30,ultrasound,finished,4,4,4
2026-05-30,woundCare,finished,1,1,1
2026-05-30,xRay,finished,3,3,3
2026-05-31,ambulance,cancelled,0,0,0
2026-05-31,doctorVisit,cancelled,2,2,2
2026-05-31,doctorVisit,finished,7,7,7
2026-05-31,doctorVisit,reviewed,2,2,2
2026-05-31,echocardiogram,finished,2,2,2
2026-05-31,labTest,cancelled,2,2,2
2026-05-31,labTest,finished,13,13,13
2026-05-31,labTest,reviewed,4,1,1
2026-05-31,nursing,cancelled,4,4,3
2026-05-31,nursing,finished,43,43,41
2026-05-31,nursing,reviewed,6,6,2
2026-05-31,onlineConsultation,cancelled,1,1,1
2026-05-31,onlineConsultation,finished,2,2,2
2026-05-31,physiotherapy,cancelled,5,5,5
2026-05-31,physiotherapy,finished,41,41,41
2026-05-31,physiotherapy,reviewed,1,0,1
2026-05-31,physiotherapy (b2b),cancelled,1,1,1
2026-05-31,physiotherapy (b2b),finished,2,2,2
2026-05-31,productPurchase,finished,2,2,1
2026-05-31,ultrasound,finished,2,2,2
2026-05-31,woundCare,finished,2,2,2
2026-05-31,xRay,finished,3,3,3
2026-05-31,xRay,reviewed,2,0,2
2026-06-01,ambulance,cancelled,0,0,0
2026-06-01,doctorVisit,cancelled,7,7,7
2026-06-01,doctorVisit,finished,5,5,5
2026-06-01,doctorVisit,reviewed,5,5,5
2026-06-01,doppler,finished,1,1,1
2026-06-01,doppler,reviewed,1,1,1
2026-06-01,echocardiogram,finished,1,1,1
2026-06-01,labTest,cancelled,3,3,3
2026-06-01,labTest,finished,11,11,11
2026-06-01,nursing,cancelled,3,3,3
2026-06-01,nursing,finished,36,36,34
2026-06-01,nursing,reviewed,10,10,5
2026-06-01,onlineConsultation,cancelled,2,2,1
2026-06-01,onlineConsultation,finished,2,2,2
2026-06-01,physiotherapy,cancelled,5,5,5
2026-06-01,physiotherapy,finished,61,61,61
2026-06-01,physiotherapy,reviewed,4,4,4
2026-06-01,physiotherapy (b2b),finished,1,0,1
2026-06-01,physiotherapy (b2b),reviewed,1,0,1
2026-06-01,productPurchase,cancelled,1,1,1
2026-06-01,ultrasound,finished,2,2,2
2026-06-01,ultrasound,reviewed,1,1,1
2026-06-01,woundCare,cancelled,1,1,1
2026-06-01,xRay,finished,1,1,1
2026-06-01,xRay,reviewed,3,3,3
2026-06-02,ambulance,cancelled,0,0,0
2026-06-02,doctorVisit,cancelled,2,2,2
2026-06-02,doctorVisit,finished,5,5,5
2026-06-02,doctorVisit,reviewed,6,6,6
2026-06-02,doppler,reviewed,1,1,1
2026-06-02,echocardiogram,finished,1,1,1
2026-06-02,echocardiogram,reviewed,1,1,1
2026-06-02,labTest,finished,19,19,19
2026-06-02,nursing,cancelled,5,5,5
2026-06-02,nursing,finished,39,39,37
2026-06-02,nursing,reviewed,8,8,5
2026-06-02,physiotherapy,finished,51,51,49
2026-06-02,physiotherapy,reviewed,5,5,5
2026-06-02,physiotherapy (b2b),finished,2,2,2
2026-06-02,ultrasound,finished,3,3,3
2026-06-02,ultrasound,reviewed,1,1,1
2026-06-02,xRay,cancelled,1,1,1
2026-06-03,ambulance,cancelled,0,0,0
2026-06-03,doctorVisit,cancelled,4,4,4
2026-06-03,doctorVisit,finished,7,7,7
2026-06-03,doctorVisit,reviewed,5,5,5
2026-06-03,doppler,reviewed,1,1,1
2026-06-03,echocardiogram,reviewed,2,2,2
2026-06-03,labTest,cancelled,1,1,1
2026-06-03,labTest,finished,17,17,17
2026-06-03,nursing,cancelled,4,3,4
2026-06-03,nursing,finished,36,36,35
2026-06-03,nursing,reviewed,4,4,1
2026-06-03,onlineConsultation,cancelled,1,1,1
2026-06-03,onlineConsultation,reviewed,1,1,1
2026-06-03,physiotherapy,cancelled,4,4,4
2026-06-03,physiotherapy,finished,50,50,50
2026-06-03,physiotherapy,reviewed,1,1,1
2026-06-03,xRay,finished,1,1,1
2026-06-03,xRay,reviewed,2,2,2
2026-06-04,ambulance,cancelled,0,0,0
2026-06-04,doctorVisit,cancelled,2,2,2
2026-06-04,doctorVisit,finished,11,11,11
2026-06-04,doctorVisit,reviewed,2,2,2
2026-06-04,labTest,finished,12,12,12
2026-06-04,nursing,cancelled,5,5,5
2026-06-04,nursing,finished,35,35,32
2026-06-04,nursing,reviewed,6,6,3
2026-06-04,onlineConsultation,finished,3,3,3
2026-06-04,physiotherapy,cancelled,1,1,1
2026-06-04,physiotherapy,finished,49,49,49
2026-06-04,physiotherapy,reviewed,1,1,1
2026-06-04,physiotherapy (b2b),finished,2,2,2
2026-06-04,xRay,reviewed,4,4,3
2026-06-05,ambulance,cancelled,0,0,0
2026-06-05,doctorVisit,cancelled,3,3,3
2026-06-05,doctorVisit,finished,6,6,6
2026-06-05,doctorVisit,reviewed,3,3,3
2026-06-05,echocardiogram,reviewed,1,1,1
2026-06-05,labTest,cancelled,1,1,1
2026-06-05,labTest,finished,16,16,16
2026-06-05,nursing,cancelled,4,4,4
2026-06-05,nursing,finished,52,52,43
2026-06-05,nursing,reviewed,5,5,5
2026-06-05,onlineConsultation,cancelled,2,2,2
2026-06-05,onlineConsultation,finished,1,1,1
2026-06-05,physiotherapy,cancelled,2,2,2
2026-06-05,physiotherapy,finished,30,30,29
2026-06-05,physiotherapy,reviewed,1,1,1
2026-06-05,ultrasound,cancelled,1,1,1
2026-06-05,ultrasound,finished,3,3,3
2026-06-05,woundCare,finished,2,2,2
2026-06-05,xRay,cancelled,1,1,1
2026-06-06,ambulance,cancelled,0,0,0
2026-06-06,doctorVisit,cancelled,4,4,4
2026-06-06,doctorVisit,finished,11,11,10
2026-06-06,doctorVisit,reviewed,3,3,3
2026-06-06,doppler,finished,1,1,1
2026-06-06,labTest,cancelled,2,2,2
2026-06-06,labTest,finished,20,20,20
2026-06-06,nursing,cancelled,6,6,6
2026-06-06,nursing,finished,51,51,43
2026-06-06,nursing,reviewed,6,6,5
2026-06-06,onlineConsultation,cancelled,1,1,1
2026-06-06,onlineConsultation,finished,1,1,1
2026-06-06,physiotherapy,cancelled,1,1,1
2026-06-06,physiotherapy,finished,49,49,49
2026-06-06,physiotherapy,reviewed,1,1,1
2026-06-06,physiotherapy (b2b),finished,2,2,2
2026-06-06,ultrasound,finished,1,1,1
2026-06-06,ultrasound,reviewed,1,1,1
2026-06-06,xRay,reviewed,2,2,2
2026-06-07,ambulance,cancelled,0,0,0
2026-06-07,doctorVisit,cancelled,5,5,5
2026-06-07,doctorVisit,finished,7,7,7
2026-06-07,doctorVisit,reviewed,7,7,7
2026-06-07,doppler,finished,1,1,1
2026-06-07,doppler,reviewed,2,2,2
2026-06-07,echocardiogram,finished,3,3,3
2026-06-07,echocardiogram,reviewed,1,1,1
2026-06-07,labTest,finished,11,11,11
2026-06-07,nursing,cancelled,4,4,4
2026-06-07,nursing,finished,50,50,40
2026-06-07,nursing,reviewed,3,3,3
2026-06-07,onlineConsultation,cancelled,1,1,1
2026-06-07,onlineConsultation,finished,2,2,2
2026-06-07,physiotherapy,cancelled,4,4,4
2026-06-07,physiotherapy,finished,50,50,50
2026-06-07,physiotherapy,reviewed,2,2,2
2026-06-07,ultrasound,finished,4,4,4
2026-06-07,woundCare,finished,1,1,1
2026-06-07,xRay,finished,1,1,1
2026-06-07,xRay,reviewed,3,3,3
2026-06-08,ambulance,cancelled,0,0,0
2026-06-08,booking,finished,1,1,1
2026-06-08,doctorVisit,cancelled,2,2,2
2026-06-08,doctorVisit,finished,7,7,7
2026-06-08,doctorVisit,reviewed,4,4,4
2026-06-08,labTest,finished,14,14,14
2026-06-08,nursing,cancelled,7,7,7
2026-06-08,nursing,finished,54,54,43
2026-06-08,nursing,reviewed,2,2,2
2026-06-08,onlineConsultation,cancelled,1,1,1
2026-06-08,onlineConsultation,finished,2,2,2
2026-06-08,physiotherapy,cancelled,1,1,1
2026-06-08,physiotherapy,finished,59,59,59
2026-06-08,physiotherapy,reviewed,1,1,1
2026-06-08,physiotherapy (b2b),finished,2,2,2
2026-06-08,ultrasound,finished,2,2,2
2026-06-08,ultrasound,reviewed,1,1,1
2026-06-08,woundCare,finished,1,1,1
2026-06-08,xRay,finished,1,1,1
2026-06-09,ambulance,cancelled,0,0,0
2026-06-09,doctorVisit,cancelled,4,4,4
2026-06-09,doctorVisit,finished,12,12,12
2026-06-09,doctorVisit,reviewed,3,3,3
2026-06-09,echocardiogram,cancelled,2,2,2
2026-06-09,echocardiogram,finished,2,2,2
2026-06-09,echocardiogram,reviewed,4,4,4
2026-06-09,labTest,finished,11,11,11
2026-06-09,nursing,cancelled,5,5,5
2026-06-09,nursing,finished,38,38,32
2026-06-09,nursing,reviewed,1,1,1
2026-06-09,onlineConsultation,reviewed,1,1,1
2026-06-09,physiotherapy,cancelled,2,2,2
2026-06-09,physiotherapy,finished,48,48,48
2026-06-09,physiotherapy,reviewed,1,1,1
2026-06-09,ultrasound,finished,4,4,4
2026-06-09,ultrasound,reviewed,1,1,1
2026-06-09,xRay,finished,1,1,1
2026-06-09,xRay,reviewed,4,4,4
2026-06-10,ambulance,cancelled,0,0,0
2026-06-10,doctorVisit,cancelled,1,1,1
2026-06-10,doctorVisit,finished,10,10,10
2026-06-10,doctorVisit,reviewed,3,3,3
2026-06-10,labTest,finished,13,13,13
2026-06-10,nursing,cancelled,7,7,6
2026-06-10,nursing,finished,44,44,39
2026-06-10,nursing,reviewed,3,3,3
2026-06-10,onlineConsultation,finished,1,1,1
2026-06-10,physiotherapy,cancelled,3,3,3
2026-06-10,physiotherapy,finished,54,54,54
2026-06-10,physiotherapy (b2b),finished,2,2,2
2026-06-10,ultrasound,finished,2,2,2
2026-06-10,xRay,reviewed,5,5,5
2026-06-11,ambulance,cancelled,0,0,0
2026-06-11,doctorVisit,cancelled,1,1,1
2026-06-11,doctorVisit,finished,13,13,13
2026-06-11,doctorVisit,reviewed,4,4,4
2026-06-11,doppler,reviewed,1,1,1
2026-06-11,labTest,cancelled,3,2,3
2026-06-11,labTest,finished,14,14,13
2026-06-11,nursing,cancelled,5,5,5
2026-06-11,nursing,finished,49,49,43
2026-06-11,nursing,reviewed,5,5,3
2026-06-11,onlineConsultation,finished,1,1,1
2026-06-11,physiotherapy,finished,50,50,50
2026-06-11,productPurchase,reviewed,1,1,1
2026-06-11,ultrasound,finished,2,2,2
2026-06-11,ultrasound,reviewed,1,1,1
2026-06-11,xRay,reviewed,1,1,1
2026-06-12,ambulance,cancelled,0,0,0
2026-06-12,doctorVisit,cancelled,3,3,3
2026-06-12,doctorVisit,finished,9,9,9
2026-06-12,doctorVisit,reviewed,7,7,7
2026-06-12,doppler,cancelled,1,1,1
2026-06-12,echocardiogram,finished,1,1,1
2026-06-12,echocardiogram,reviewed,3,3,3
2026-06-12,labTest,cancelled,2,2,2
2026-06-12,labTest,finished,7,7,7
2026-06-12,nursing,cancelled,2,2,2
2026-06-12,nursing,finished,49,49,40
2026-06-12,nursing,reviewed,6,6,4
2026-06-12,onlineConsultation,cancelled,1,1,1
2026-06-12,onlineConsultation,finished,1,1,1
2026-06-12,physiotherapy,cancelled,1,1,1
2026-06-12,physiotherapy,finished,26,26,26
2026-06-12,physiotherapy (b2b),finished,2,2,2
2026-06-12,ultrasound,finished,1,1,1
2026-06-12,xRay,finished,1,1,1
2026-06-12,xRay,reviewed,4,4,4
2026-06-13,ambulance,cancelled,0,0,0
2026-06-13,booking,cancelled,1,1,1
2026-06-13,doctorVisit,cancelled,2,2,2
2026-06-13,doctorVisit,finished,10,10,9
2026-06-13,doctorVisit,reviewed,7,7,7
2026-06-13,echocardiogram,finished,2,2,2
2026-06-13,echocardiogram,reviewed,1,1,1
2026-06-13,labTest,finished,16,16,16
2026-06-13,nursing,cancelled,3,3,3
2026-06-13,nursing,finished,43,43,40
2026-06-13,nursing,reviewed,3,3,2
2026-06-13,onlineConsultation,cancelled,1,1,1
2026-06-13,onlineConsultation,finished,2,2,2
2026-06-13,physiotherapy,cancelled,2,2,2
2026-06-13,physiotherapy,finished,58,58,58
2026-06-13,physiotherapy,reviewed,3,3,3
2026-06-13,xRay,finished,1,1,1
2026-06-13,xRay,reviewed,2,2,2
2026-06-14,ambulance,cancelled,0,0,0
2026-06-14,doctorVisit,finished,13,13,13
2026-06-14,doctorVisit,reviewed,3,3,3
2026-06-14,doppler,reviewed,1,1,1
2026-06-14,echocardiogram,cancelled,1,1,1
2026-06-14,echocardiogram,finished,1,1,1
2026-06-14,eyeExam,cancelled,1,1,1
2026-06-14,labTest,cancelled,2,2,2
2026-06-14,labTest,finished,12,12,12
2026-06-14,nursing,cancelled,8,8,7
2026-06-14,nursing,finished,46,46,43
2026-06-14,nursing,reviewed,2,2,2
2026-06-14,onlineConsultation,finished,2,2,2
2026-06-14,onlineConsultation,reviewed,1,1,1
2026-06-14,physiotherapy,cancelled,1,1,1
2026-06-14,physiotherapy,finished,43,43,43
2026-06-14,physiotherapy,reviewed,1,1,1
2026-06-14,physiotherapy (b2b),finished,2,2,2
2026-06-14,productPurchase,reviewed,1,1,1
2026-06-14,ultrasound,finished,2,2,2
2026-06-14,ultrasound,reviewed,1,1,1
2026-06-14,xRay,cancelled,2,2,2
2026-06-14,xRay,reviewed,2,2,2
2026-06-15,ambulance,cancelled,1,1,1
2026-06-15,doctorVisit,cancelled,2,2,2
2026-06-15,doctorVisit,finished,11,11,11
2026-06-15,doctorVisit,reviewed,3,3,3
2026-06-15,doppler,reviewed,1,1,1
2026-06-15,echocardiogram,cancelled,1,1,1
2026-06-15,echocardiogram,finished,2,2,2
2026-06-15,echocardiogram,reviewed,1,1,1
2026-06-15,eyeExam,cancelled,1,1,1
2026-06-15,labTest,finished,13,13,13
2026-06-15,nursing,cancelled,10,10,9
2026-06-15,nursing,finished,44,44,40
2026-06-15,nursing,reviewed,3,3,3
2026-06-15,physiotherapy,cancelled,1,1,1
2026-06-15,physiotherapy,finished,49,49,49
2026-06-15,physiotherapy,reviewed,1,1,1
2026-06-15,ultrasound,finished,6,6,6
2026-06-15,xRay,cancelled,1,1,1
2026-06-15,xRay,finished,3,3,3
2026-06-16,ambulance,cancelled,0,0,0
2026-06-16,doctorVisit,cancelled,1,1,1
2026-06-16,doctorVisit,finished,13,13,13
2026-06-16,doctorVisit,reviewed,5,5,5
2026-06-16,doppler,cancelled,1,1,1
2026-06-16,echocardiogram,finished,2,2,2
2026-06-16,echocardiogram,reviewed,1,1,1
2026-06-16,labTest,finished,17,17,17
2026-06-16,labTest,reviewed,1,1,1
2026-06-16,nursing,cancelled,9,9,6
2026-06-16,nursing,finished,45,45,41
2026-06-16,nursing,reviewed,1,1,1
2026-06-16,onlineConsultation,cancelled,2,2,2
2026-06-16,onlineConsultation,finished,2,2,2
2026-06-16,physiotherapy,finished,55,55,55
2026-06-16,physiotherapy (b2b),finished,2,2,2
2026-06-16,ultrasound,finished,2,2,2
2026-06-16,ultrasound,reviewed,1,1,1
2026-06-16,xRay,finished,3,3,3
2026-06-17,ambulance,cancelled,0,0,0
2026-06-17,doctorVisit,cancelled,1,1,1
2026-06-17,doctorVisit,finished,2,2,2
2026-06-17,doctorVisit,reviewed,4,4,4
2026-06-17,doppler,finished,2,2,2
2026-06-17,echocardiogram,finished,2,2,2
2026-06-17,echocardiogram,reviewed,2,2,2
2026-06-17,eyeExam,cancelled,1,1,1
2026-06-17,labTest,cancelled,1,1,1
2026-06-17,labTest,finished,15,14,13
2026-06-17,nursing,cancelled,3,3,2
2026-06-17,nursing,finished,38,38,34
2026-06-17,nursing,reviewed,1,1,1
2026-06-17,onlineConsultation,finished,1,1,1
2026-06-17,onlineConsultation,reviewed,1,1,1
2026-06-17,physiotherapy,cancelled,2,2,2
2026-06-17,physiotherapy,finished,51,51,51
2026-06-17,physiotherapy,reviewed,2,2,2
2026-06-17,productPurchase,reviewed,1,1,1
2026-06-17,ultrasound,cancelled,2,2,2
2026-06-17,woundCare,finished,2,2,2
2026-06-17,xRay,finished,6,6,6
2026-06-17,xRay,reviewed,1,1,1
2026-06-18,ambulance,cancelled,0,0,0
2026-06-18,doctorVisit,cancelled,2,2,2
2026-06-18,doctorVisit,finished,5,5,5
2026-06-18,doctorVisit,reviewed,5,5,5
2026-06-18,doppler,finished,2,2,2
2026-06-18,echocardiogram,finished,2,2,2
2026-06-18,labTest,finished,10,10,10
2026-06-18,nursing,cancelled,6,6,6
2026-06-18,nursing,finished,42,42,39
2026-06-18,nursing,reviewed,2,2,2
2026-06-18,onlineConsultation,cancelled,1,1,1
2026-06-18,physiotherapy,cancelled,1,1,1
2026-06-18,physiotherapy,finished,43,43,43
2026-06-18,physiotherapy,reviewed,1,1,1
2026-06-18,physiotherapy (b2b),finished,2,2,2
2026-06-18,productPurchase,reviewed,1,1,1
2026-06-18,ultrasound,finished,2,2,2
2026-06-18,xRay,finished,4,4,4
2026-06-19,ambulance,cancelled,0,0,0
2026-06-19,doctorVisit,cancelled,2,2,2
2026-06-19,doctorVisit,finished,9,9,9
2026-06-19,doctorVisit,reviewed,5,5,5
2026-06-19,echocardiogram,finished,1,1,1
2026-06-19,echocardiogram,reviewed,1,1,1
2026-06-19,labTest,finished,13,13,13
2026-06-19,nursing,finished,45,45,41
2026-06-19,nursing,reviewed,3,3,3
2026-06-19,onlineConsultation,cancelled,2,2,2
2026-06-19,onlineConsultation,finished,1,1,1
2026-06-19,onlineConsultation,reviewed,1,1,1
2026-06-19,physiotherapy,cancelled,2,2,2
2026-06-19,physiotherapy,finished,24,24,24
2026-06-19,productPurchase,reviewed,1,1,1
2026-06-19,ultrasound,finished,2,2,2
2026-06-19,xRay,finished,3,3,3
2026-06-20,ambulance,cancelled,0,0,0
2026-06-20,doctorVisit,cancelled,2,2,2
2026-06-20,doctorVisit,finished,9,9,9
2026-06-20,doctorVisit,reviewed,5,5,5
2026-06-20,echocardiogram,finished,1,1,1
2026-06-20,echocardiogram,reviewed,2,2,2
2026-06-20,eyeExam,reviewed,2,2,2
2026-06-20,labTest,finished,24,24,24
2026-06-20,nursing,cancelled,9,9,9
2026-06-20,nursing,finished,38,38,34
2026-06-20,nursing,reviewed,2,2,2
2026-06-20,onlineConsultation,finished,1,1,1
2026-06-20,onlineConsultation,reviewed,1,1,1
2026-06-20,physiotherapy,cancelled,1,1,1
2026-06-20,physiotherapy,finished,48,48,48
2026-06-20,physiotherapy (b2b),finished,2,2,2
2026-06-20,ultrasound,cancelled,1,1,1
2026-06-20,ultrasound,finished,3,3,3
2026-06-20,xRay,finished,4,4,4
2026-06-21,ambulance,cancelled,0,0,0
2026-06-21,doctorVisit,cancelled,2,2,2
2026-06-21,doctorVisit,finished,7,7,7
2026-06-21,doctorVisit,reviewed,3,3,3
2026-06-21,doppler,finished,1,1,1
2026-06-21,echocardiogram,finished,2,2,2
2026-06-21,echocardiogram,reviewed,3,3,3
2026-06-21,eyeExam,finished,1,1,1
2026-06-21,eyeExam,reviewed,1,1,1
2026-06-21,labTest,cancelled,2,2,2
2026-06-21,labTest,finished,14,14,14
2026-06-21,nursing,cancelled,2,2,2
2026-06-21,nursing,finished,51,51,44
2026-06-21,nursing,reviewed,3,3,2
2026-06-21,onlineConsultation,finished,1,1,1
2026-06-21,onlineConsultation,reviewed,1,1,1
2026-06-21,physiotherapy,cancelled,2,2,2
2026-06-21,physiotherapy,finished,43,43,43
2026-06-21,physiotherapy,reviewed,1,1,1
2026-06-21,productPurchase,finished,1,1,1
2026-06-21,ultrasound,finished,1,1,1
2026-06-21,xRay,finished,6,6,6
2026-06-22,ambulance,cancelled,0,0,0
2026-06-22,doctorVisit,cancelled,1,1,1
2026-06-22,doctorVisit,finished,7,7,7
2026-06-22,doctorVisit,reviewed,6,6,6
2026-06-22,doppler,reviewed,1,1,1
2026-06-22,echocardiogram,cancelled,1,1,1
2026-06-22,echocardiogram,reviewed,1,1,1
2026-06-22,labTest,cancelled,1,1,1
2026-06-22,labTest,finished,9,9,9
2026-06-22,nursing,cancelled,7,7,7
2026-06-22,nursing,finished,45,45,42
2026-06-22,nursing,reviewed,4,4,2
2026-06-22,onlineConsultation,finished,1,1,1
2026-06-22,onlineConsultation,reviewed,1,1,1
2026-06-22,physiotherapy,cancelled,1,1,1
2026-06-22,physiotherapy,finished,49,49,49
2026-06-22,physiotherapy (b2b),finished,2,2,2
2026-06-22,ultrasound,finished,1,1,1
2026-06-22,woundCare,finished,1,1,1
2026-06-22,xRay,finished,1,1,1
2026-06-23,ambulance,cancelled,0,0,0
2026-06-23,ambulance,reviewed,1,1,1
2026-06-23,doctorVisit,cancelled,3,3,3
2026-06-23,doctorVisit,finished,4,4,4
2026-06-23,doctorVisit,reviewed,3,3,3
2026-06-23,doppler,finished,1,1,1
2026-06-23,labTest,cancelled,2,2,2
2026-06-23,labTest,finished,12,11,11
2026-06-23,nursing,cancelled,2,2,2
2026-06-23,nursing,finished,48,48,42
2026-06-23,nursing,reviewed,6,6,4
2026-06-23,onlineConsultation,finished,2,2,2
2026-06-23,physiotherapy,cancelled,3,3,3
2026-06-23,physiotherapy,finished,45,45,45
2026-06-23,ultrasound,finished,2,2,2
2026-06-23,ultrasound,reviewed,1,1,1
2026-06-23,xRay,finished,2,2,2
2026-06-24,ambulance,cancelled,0,0,0
2026-06-24,doctorVisit,cancelled,3,3,2
2026-06-24,doctorVisit,finished,15,15,15
2026-06-24,doctorVisit,reviewed,5,5,5
2026-06-24,doppler,finished,1,1,1
2026-06-24,echocardiogram,reviewed,1,1,1
2026-06-24,labTest,cancelled,1,1,1
2026-06-24,labTest,finished,8,8,8
2026-06-24,nursing,cancelled,2,2,2
2026-06-24,nursing,finished,54,54,45
2026-06-24,nursing,reviewed,6,6,4
2026-06-24,onlineConsultation,cancelled,2,2,2
2026-06-24,onlineConsultation,finished,1,1,1
2026-06-24,physiotherapy,cancelled,2,2,2
2026-06-24,physiotherapy,finished,51,51,51
2026-06-24,physiotherapy,reviewed,1,1,1
2026-06-24,physiotherapy (b2b),finished,2,2,2
2026-06-24,ultrasound,finished,2,2,2
2026-06-24,xRay,finished,6,6,6
2026-06-24,xRay,reviewed,1,1,1
2026-06-25,ambulance,cancelled,0,0,0
2026-06-25,doctorVisit,cancelled,1,1,1
2026-06-25,doctorVisit,finished,9,9,9
2026-06-25,doctorVisit,reviewed,5,5,5
2026-06-25,doppler,reviewed,1,1,1
2026-06-25,echocardiogram,cancelled,1,1,1
2026-06-25,echocardiogram,finished,1,1,1
2026-06-25,echocardiogram,reviewed,1,1,1
2026-06-25,labTest,cancelled,2,2,2
2026-06-25,labTest,finished,16,15,16
2026-06-25,nursing,cancelled,4,4,4
2026-06-25,nursing,finished,44,44,39
2026-06-25,nursing,reviewed,8,8,4
2026-06-25,onlineConsultation,finished,2,2,2
2026-06-25,physiotherapy,cancelled,3,3,3
2026-06-25,physiotherapy,finished,41,41,41
2026-06-25,ultrasound,cancelled,1,1,1
2026-06-25,ultrasound,finished,2,2,2
2026-06-25,ultrasound,reviewed,1,1,1
2026-06-25,woundCare,finished,1,1,1
2026-06-25,xRay,finished,4,4,4
2026-06-26,ambulance,cancelled,0,0,0
2026-06-26,doctorVisit,finished,7,7,7
2026-06-26,doctorVisit,reviewed,7,7,7
2026-06-26,doppler,finished,1,1,1
2026-06-26,echocardiogram,finished,1,1,1
2026-06-26,echocardiogram,reviewed,2,2,2
2026-06-26,labTest,cancelled,1,1,1
2026-06-26,labTest,finished,12,11,12
2026-06-26,nursing,cancelled,2,2,2
2026-06-26,nursing,finished,42,42,37
2026-06-26,nursing,reviewed,7,7,5
2026-06-26,onlineConsultation,cancelled,1,1,1
2026-06-26,onlineConsultation,finished,3,3,3
2026-06-26,physiotherapy,cancelled,2,2,2
2026-06-26,physiotherapy,finished,14,14,14
2026-06-26,physiotherapy (b2b),finished,2,2,2
2026-06-26,productPurchase,finished,1,1,1
2026-06-26,ultrasound,finished,1,1,1
2026-06-26,xRay,cancelled,1,1,1
2026-06-26,xRay,finished,5,5,5
2026-06-27,ambulance,cancelled,0,0,0
2026-06-27,doctorVisit,cancelled,2,2,2
2026-06-27,doctorVisit,finished,11,11,11
2026-06-27,doctorVisit,reviewed,4,4,4
2026-06-27,doppler,finished,3,3,3
2026-06-27,echocardiogram,reviewed,1,1,1
2026-06-27,labTest,cancelled,1,1,1
2026-06-27,labTest,finished,17,16,17
2026-06-27,nursing,cancelled,3,3,3
2026-06-27,nursing,finished,48,48,44
2026-06-27,nursing,reviewed,8,8,5
2026-06-27,onlineConsultation,cancelled,1,1,1
2026-06-27,onlineConsultation,finished,2,2,2
2026-06-27,physiotherapy,finished,55,55,55
2026-06-27,ultrasound,cancelled,1,1,1
2026-06-27,ultrasound,finished,1,1,1
2026-06-27,xRay,cancelled,1,1,1
2026-06-27,xRay,finished,1,1,1
2026-06-28,ambulance,cancelled,0,0,0
2026-06-28,doctorVisit,cancelled,2,2,2
2026-06-28,doctorVisit,finished,8,8,8
2026-06-28,doctorVisit,reviewed,9,9,9
2026-06-28,doppler,reviewed,1,1,1
2026-06-28,echocardiogram,reviewed,3,3,3
2026-06-28,labTest,cancelled,1,1,1
2026-06-28,labTest,finished,19,19,19
2026-06-28,labTest,reviewed,1,1,1
2026-06-28,nursing,cancelled,3,3,3
2026-06-28,nursing,finished,44,44,41
2026-06-28,nursing,reviewed,11,11,5
2026-06-28,physiotherapy,finished,43,43,43
2026-06-28,physiotherapy,reviewed,2,2,2
2026-06-28,physiotherapy (b2b),finished,2,2,2
2026-06-28,productPurchase,reviewed,1,1,1
2026-06-28,ultrasound,cancelled,1,1,1
2026-06-28,ultrasound,finished,1,1,1
2026-06-28,woundCare,finished,1,1,1
2026-06-28,xRay,finished,5,5,5
2026-06-29,ambulance,cancelled,0,0,0
2026-06-29,doctorVisit,cancelled,3,3,3
2026-06-29,doctorVisit,finished,11,11,10
2026-06-29,doctorVisit,reviewed,3,3,3
2026-06-29,doppler,cancelled,1,1,1
2026-06-29,labTest,cancelled,2,2,2
2026-06-29,labTest,finished,11,11,11
2026-06-29,nursing,cancelled,4,4,4
2026-06-29,nursing,finished,36,36,34
2026-06-29,nursing,reviewed,9,9,5
2026-06-29,onlineConsultation,finished,1,1,1
2026-06-29,onlineConsultation,reviewed,3,3,3
2026-06-29,physiotherapy,cancelled,4,4,4
2026-06-29,physiotherapy,finished,50,50,50
2026-06-29,physiotherapy,reviewed,1,1,1
2026-06-29,productPurchase,reviewed,1,1,1
2026-06-29,woundCare,finished,2,2,2
2026-06-29,xRay,finished,2,2,2
2026-06-30,ambulance,cancelled,0,0,0
2026-06-30,ambulance,reviewed,1,1,1
2026-06-30,doctorVisit,cancelled,2,2,2
2026-06-30,doctorVisit,finished,8,8,8
2026-06-30,doctorVisit,reviewed,4,4,4
2026-06-30,doppler,finished,1,1,1
2026-06-30,echocardiogram,finished,3,3,3
2026-06-30,labTest,cancelled,2,2,2
2026-06-30,labTest,finished,12,12,12
2026-06-30,labTest,reviewed,3,0,1
2026-06-30,nursing,cancelled,7,7,7
2026-06-30,nursing,finished,54,54,49
2026-06-30,nursing,reviewed,7,7,4
2026-06-30,onlineConsultation,finished,3,3,3
2026-06-30,physiotherapy,finished,37,37,37
2026-06-30,physiotherapy,reviewed,3,2,3
2026-06-30,physiotherapy (b2b),finished,2,2,2
2026-06-30,productPurchase,finished,1,1,1
2026-06-30,productPurchase,reviewed,1,1,1
2026-06-30,ultrasound,cancelled,1,1,1
2026-06-30,ultrasound,finished,1,1,1
2026-06-30,ultrasound,reviewed,1,1,1
2026-06-30,woundCare,finished,2,2,2
2026-06-30,xRay,finished,2,1,2
2026-06-30,xRay,reviewed,1,0,1
2026-07-01,ambulance,cancelled,0,0,0
2026-07-01,doctorVisit,cancelled,3,3,3
2026-07-01,doctorVisit,finished,9,9,9
2026-07-01,doctorVisit,reviewed,3,3,3
2026-07-01,doppler,finished,1,1,1
2026-07-01,echocardiogram,reviewed,2,2,2
2026-07-01,labTest,cancelled,5,5,5
2026-07-01,labTest,finished,25,25,25
2026-07-01,nursing,cancelled,4,4,4
2026-07-01,nursing,finished,51,51,45
2026-07-01,nursing,reviewed,6,6,3
2026-07-01,onlineConsultation,finished,1,1,1
2026-07-01,physiotherapy,cancelled,2,2,2
2026-07-01,physiotherapy,finished,35,35,35
2026-07-01,physiotherapy,reviewed,1,1,1
2026-07-01,physiotherapy (b2b),finished,2,1,1
2026-07-01,physiotherapy (b2b),reviewed,1,0,1
2026-07-01,ultrasound,finished,3,3,3
2026-07-01,xRay,cancelled,1,1,1
2026-07-01,xRay,finished,3,3,3
2026-07-02,ambulance,cancelled,0,0,0
2026-07-02,ambulance,finished,1,1,1
2026-07-02,doctorVisit,cancelled,2,2,2
2026-07-02,doctorVisit,finished,15,15,14
2026-07-02,doctorVisit,reviewed,3,3,3
2026-07-02,doppler,finished,2,2,2
2026-07-02,echocardiogram,finished,1,1,1
2026-07-02,echocardiogram,reviewed,1,1,1
2026-07-02,labTest,cancelled,1,1,1
2026-07-02,labTest,finished,15,15,15
2026-07-02,nursing,cancelled,6,6,5
2026-07-02,nursing,finished,51,51,44
2026-07-02,nursing,reviewed,5,5,3
2026-07-02,onlineConsultation,finished,2,2,2
2026-07-02,physiotherapy,cancelled,1,1,1
2026-07-02,physiotherapy,finished,32,32,32
2026-07-02,physiotherapy (b2b),finished,2,2,2
2026-07-02,productPurchase,finished,1,1,1
2026-07-02,woundCare,finished,2,2,2
2026-07-02,xRay,finished,1,1,1
2026-07-03,ambulance,cancelled,0,0,0
2026-07-03,doctorVisit,cancelled,5,5,5
2026-07-03,doctorVisit,finished,7,7,7
2026-07-03,doctorVisit,reviewed,3,3,3
2026-07-03,doppler,finished,2,2,2
2026-07-03,labTest,cancelled,2,2,2
2026-07-03,labTest,finished,13,12,13
2026-07-03,nursing,cancelled,7,7,7
2026-07-03,nursing,finished,55,55,51
2026-07-03,nursing,reviewed,3,3,2
2026-07-03,onlineConsultation,finished,1,1,1
2026-07-03,onlineConsultation,reviewed,1,1,1
2026-07-03,physiotherapy,cancelled,3,3,3
2026-07-03,physiotherapy,finished,27,27,27
2026-07-03,ultrasound,finished,3,3,3
2026-07-03,woundCare,cancelled,1,1,1
2026-07-03,woundCare,finished,1,1,1
2026-07-03,xRay,finished,2,2,2
2026-07-04,ambulance,cancelled,0,0,0
2026-07-04,doctorVisit,cancelled,2,2,2
2026-07-04,doctorVisit,finished,9,9,9
2026-07-04,doctorVisit,reviewed,1,1,1
2026-07-04,doppler,finished,1,1,1
2026-07-04,echocardiogram,finished,1,1,1
2026-07-04,echocardiogram,reviewed,1,1,1
2026-07-04,labTest,finished,16,16,16
2026-07-04,nursing,cancelled,3,3,1
2026-07-04,nursing,finished,54,54,48
2026-07-04,nursing,reviewed,5,5,3
2026-07-04,onlineConsultation,finished,3,3,3
2026-07-04,onlineConsultation,reviewed,1,1,1
2026-07-04,physiotherapy,cancelled,3,3,3
2026-07-04,physiotherapy,finished,60,60,60
2026-07-04,physiotherapy (b2b),finished,2,2,2
2026-07-04,productPurchase,finished,1,1,1
2026-07-04,ultrasound,finished,3,3,3
2026-07-04,woundCare,cancelled,1,1,1
2026-07-04,xRay,finished,1,1,1
2026-07-05,ambulance,cancelled,0,0,0
2026-07-05,doctorVisit,cancelled,3,3,3
2026-07-05,doctorVisit,finished,13,13,13
2026-07-05,doctorVisit,reviewed,4,4,4
2026-07-05,doppler,finished,1,1,1
2026-07-05,labTest,cancelled,2,2,2
2026-07-05,labTest,finished,17,17,17
2026-07-05,nursing,cancelled,10,10,9
2026-07-05,nursing,finished,40,40,35
2026-07-05,nursing,reviewed,2,2,2
2026-07-05,onlineConsultation,finished,4,4,4
2026-07-05,onlineConsultation,reviewed,2,2,1
2026-07-05,physiotherapy,cancelled,2,2,2
2026-07-05,physiotherapy,finished,36,36,36
2026-07-05,ultrasound,finished,2,2,2
2026-07-05,xRay,finished,3,3,3
2026-07-06,ambulance,cancelled,2,2,2
2026-07-06,doctorVisit,cancelled,1,1,1
2026-07-06,doctorVisit,finished,7,7,7
2026-07-06,echocardiogram,finished,1,1,1
2026-07-06,labTest,cancelled,1,1,1
2026-07-06,labTest,finished,11,10,11
2026-07-06,nursing,cancelled,5,5,4
2026-07-06,nursing,finished,55,55,49
2026-07-06,nursing,reviewed,2,2,1
2026-07-06,onlineConsultation,finished,1,1,1
2026-07-06,physiotherapy,cancelled,3,3,3
2026-07-06,physiotherapy,finished,58,58,58
2026-07-06,physiotherapy (b2b),finished,2,2,2
2026-07-06,ultrasound,cancelled,1,1,1
2026-07-06,ultrasound,finished,4,4,4
2026-07-06,woundCare,cancelled,1,1,1
2026-07-06,woundCare,finished,1,1,1
2026-07-06,xRay,finished,3,3,3
2026-07-07,ambulance,cancelled,0,0,0
2026-07-07,doctorVisit,cancelled,4,4,4
2026-07-07,doctorVisit,finished,7,7,7
2026-07-07,doctorVisit,reviewed,3,3,3
2026-07-07,doppler,cancelled,1,1,1
2026-07-07,doppler,finished,3,3,3
2026-07-07,echocardiogram,finished,3,3,3
2026-07-07,echocardiogram,reviewed,2,2,2
2026-07-07,labTest,finished,11,11,11
2026-07-07,nursing,cancelled,8,8,7
2026-07-07,nursing,finished,46,46,41
2026-07-07,nursing,reviewed,2,2,1
2026-07-07,onlineConsultation,finished,2,2,2
2026-07-07,onlineConsultation,reviewed,1,1,1
2026-07-07,physiotherapy,cancelled,4,4,4
2026-07-07,physiotherapy,finished,48,48,47
2026-07-07,ultrasound,finished,2,2,2
2026-07-07,xRay,finished,4,4,4
2026-07-08,ambulance,cancelled,0,0,0
2026-07-08,doctorVisit,cancelled,3,3,3
2026-07-08,doctorVisit,finished,4,4,4
2026-07-08,doctorVisit,reviewed,3,3,3
2026-07-08,echocardiogram,reviewed,1,1,1
2026-07-08,labTest,cancelled,3,3,3
2026-07-08,labTest,finished,13,12,13
2026-07-08,nursing,cancelled,8,8,7
2026-07-08,nursing,finished,50,50,48
2026-07-08,nursing,reviewed,1,1,1
2026-07-08,onlineConsultation,finished,2,2,2
2026-07-08,physiotherapy,cancelled,3,3,3
2026-07-08,physiotherapy,finished,49,49,48
2026-07-08,physiotherapy (b2b),finished,2,2,2
2026-07-08,productPurchase,reviewed,1,1,1
2026-07-08,surgeries,reviewed,1,1,1
2026-07-08,ultrasound,finished,2,2,2
2026-07-08,woundCare,finished,1,1,1
2026-07-08,xRay,cancelled,1,1,1
2026-07-08,xRay,finished,1,1,1
2026-07-09,ambulance,cancelled,0,0,0
2026-07-09,booking,finished,1,1,1
2026-07-09,doctorVisit,cancelled,1,1,1
2026-07-09,doctorVisit,finished,4,4,4
2026-07-09,doctorVisit,reviewed,4,4,4
2026-07-09,doppler,finished,2,2,2
2026-07-09,echocardiogram,finished,2,2,2
2026-07-09,echocardiogram,reviewed,1,1,1
2026-07-09,labTest,cancelled,1,1,1
2026-07-09,labTest,finished,11,11,11
2026-07-09,nursing,cancelled,7,7,6
2026-07-09,nursing,finished,38,38,34
2026-07-09,onlineConsultation,finished,5,5,5
2026-07-09,onlineConsultation,reviewed,1,1,1
2026-07-09,physiotherapy,cancelled,1,1,1
2026-07-09,physiotherapy,finished,51,51,50
2026-07-09,ultrasound,cancelled,1,1,1
2026-07-09,ultrasound,finished,4,4,4
2026-07-09,xRay,cancelled,1,1,1
2026-07-09,xRay,finished,4,4,4
2026-07-10,ambulance,cancelled,0,0,0
2026-07-10,doctorVisit,cancelled,1,1,1
2026-07-10,doctorVisit,finished,8,8,8
2026-07-10,doctorVisit,reviewed,4,4,4
2026-07-10,echocardiogram,reviewed,2,2,2
2026-07-10,eyeExam,cancelled,1,1,1
2026-07-10,eyeExam,finished,1,1,1
2026-07-10,labTest,cancelled,2,2,2
2026-07-10,labTest,finished,13,13,12
2026-07-10,nursing,cancelled,3,3,2
2026-07-10,nursing,finished,46,46,40
2026-07-10,onlineConsultation,finished,4,4,4
2026-07-10,physiotherapy,cancelled,2,2,2
2026-07-10,physiotherapy,finished,33,33,32
2026-07-10,physiotherapy (b2b),finished,2,2,2
2026-07-10,ultrasound,finished,1,1,1
2026-07-10,xRay,finished,4,4,4
2026-07-11,ambulance,cancelled,0,0,0
2026-07-11,doctorVisit,cancelled,2,2,2
2026-07-11,doctorVisit,finished,12,12,12
2026-07-11,doctorVisit,reviewed,2,2,2
2026-07-11,doppler,finished,3,3,3
2026-07-11,echocardiogram,finished,1,1,1
2026-07-11,labTest,finished,17,17,17
2026-07-11,nursing,cancelled,5,5,4
2026-07-11,nursing,finished,33,33,31
2026-07-11,onlineConsultation,reviewed,2,2,2
2026-07-11,physiotherapy,cancelled,3,3,3
2026-07-11,physiotherapy,finished,63,63,62
2026-07-11,physiotherapy,reviewed,1,1,1
2026-07-11,productPurchase,finished,1,1,1
2026-07-11,ultrasound,finished,3,3,3
2026-07-11,woundCare,finished,2,2,2
2026-07-11,xRay,finished,5,5,5
2026-07-12,ambulance,cancelled,0,0,0
2026-07-12,doctorVisit,cancelled,3,3,3
2026-07-12,doctorVisit,reviewed,14,14,14
2026-07-12,doppler,reviewed,1,1,1
2026-07-12,labTest,finished,2,2,2
2026-07-12,labTest,reviewed,11,10,11
2026-07-12,nursing,cancelled,5,5,5
2026-07-12,nursing,reviewed,38,38,37
2026-07-12,onlineConsultation,reviewed,1,1,1
2026-07-12,physiotherapy,cancelled,3,3,3
2026-07-12,physiotherapy,finished,1,1,1
2026-07-12,physiotherapy,reviewed,51,51,50
2026-07-12,physiotherapy (b2b),reviewed,2,2,2
2026-07-12,productPurchase,reviewed,1,1,1
2026-07-12,ultrasound,reviewed,3,3,3
2026-07-12,xRay,cancelled,1,1,1
2026-07-12,xRay,reviewed,2,2,2
2026-07-13,ambulance,cancelled,0,0,0
2026-07-13,doctorVisit,cancelled,2,2,2
2026-07-13,doctorVisit,reviewed,12,12,12
2026-07-13,echocardiogram,cancelled,1,1,1
2026-07-13,labTest,cancelled,2,2,2
2026-07-13,labTest,reviewed,11,11,11
2026-07-13,nursing,cancelled,6,6,5
2026-07-13,nursing,reviewed,47,47,44
2026-07-13,onlineConsultation,reviewed,2,2,2
2026-07-13,physiotherapy,cancelled,2,2,2
2026-07-13,physiotherapy,reviewed,60,60,59
2026-07-13,productPurchase,reviewed,1,1,1
2026-07-13,ultrasound,reviewed,2,2,2
2026-07-13,woundCare,cancelled,1,1,1
2026-07-13,xRay,reviewed,5,5,5
2026-07-14,ambulance,cancelled,0,0,0
2026-07-14,doctorVisit,cancelled,2,2,2
2026-07-14,doctorVisit,reviewed,15,15,15
2026-07-14,echocardiogram,cancelled,1,1,1
2026-07-14,echocardiogram,reviewed,5,5,5
2026-07-14,labTest,reviewed,15,14,15
2026-07-14,nursing,cancelled,5,5,4
2026-07-14,nursing,reviewed,56,56,48
2026-07-14,onlineConsultation,reviewed,2,2,2
2026-07-14,physiotherapy,cancelled,5,5,5
2026-07-14,physiotherapy,reviewed,50,50,49
2026-07-14,physiotherapy (b2b),reviewed,2,2,2
2026-07-14,woundCare,cancelled,1,1,1
2026-07-14,xRay,reviewed,5,5,5
2026-07-15,ambulance,cancelled,0,0,0
2026-07-15,booking,reviewed,1,1,1
2026-07-15,doctorVisit,cancelled,2,2,2
2026-07-15,doctorVisit,reviewed,16,16,15
2026-07-15,echocardiogram,reviewed,2,2,2
2026-07-15,labTest,cancelled,4,4,4
2026-07-15,labTest,reviewed,11,11,11
2026-07-15,nursing,cancelled,8,8,6
2026-07-15,nursing,finished,1,1,1
2026-07-15,nursing,reviewed,52,52,46
2026-07-15,onlineConsultation,cancelled,2,2,2
2026-07-15,onlineConsultation,reviewed,3,3,3
2026-07-15,physiotherapy,cancelled,1,1,1
2026-07-15,physiotherapy,reviewed,50,50,49
2026-07-15,productPurchase,reviewed,1,1,1
2026-07-15,surgeries,reviewed,1,1,1
2026-07-15,ultrasound,cancelled,1,1,1
2026-07-15,xRay,reviewed,6,6,6
2026-07-16,ambulance,cancelled,0,0,0
2026-07-16,doctorVisit,cancelled,1,1,1
2026-07-16,doctorVisit,finished,1,1,1
2026-07-16,doctorVisit,reviewed,9,9,9
2026-07-16,echocardiogram,reviewed,2,2,2
2026-07-16,labTest,reviewed,16,16,16
2026-07-16,nursing,cancelled,10,10,9
2026-07-16,nursing,reviewed,44,44,41
2026-07-16,onlineConsultation,cancelled,1,1,1
2026-07-16,onlineConsultation,reviewed,3,3,3
2026-07-16,physiotherapy,cancelled,6,6,6
2026-07-16,physiotherapy,reviewed,50,50,49
2026-07-16,physiotherapy (b2b),reviewed,2,2,2
2026-07-16,ultrasound,reviewed,3,3,3
2026-07-16,woundCare,finished,1,1,1
2026-07-16,xRay,reviewed,4,4,4
2026-07-17,ambulance,cancelled,0,0,0
2026-07-17,doctorVisit,cancelled,4,4,4
2026-07-17,doctorVisit,finished,10,10,10
2026-07-17,doctorVisit,reviewed,6,6,6
2026-07-17,doppler,finished,3,3,3
2026-07-17,echocardiogram,reviewed,1,1,1
2026-07-17,labTest,finished,4,4,4
2026-07-17,labTest,reviewed,2,2,2
2026-07-17,nursing,cancelled,9,8,8
2026-07-17,nursing,finished,43,43,38
2026-07-17,nursing,reviewed,19,19,17
2026-07-17,physiotherapy,cancelled,1,1,1
2026-07-17,physiotherapy,finished,33,33,32
2026-07-17,ultrasound,finished,1,1,1
2026-07-17,xRay,reviewed,1,1,1
2026-07-18,ambulance,cancelled,0,0,0
2026-07-18,doctorVisit,cancelled,1,1,1
2026-07-18,doctorVisit,finished,9,9,9
2026-07-18,doctorVisit,reviewed,5,5,5
2026-07-18,echocardiogram,reviewed,1,1,1
2026-07-18,eyeExam,finished,1,1,1
2026-07-18,labTest,cancelled,3,3,3
2026-07-18,labTest,finished,15,15,15
2026-07-18,labTest,reviewed,7,7,7
2026-07-18,nursing,cancelled,5,5,5
2026-07-18,nursing,finished,42,42,35
2026-07-18,nursing,reviewed,12,12,11
2026-07-18,onlineConsultation,cancelled,2,2,2
2026-07-18,onlineConsultation,finished,1,1,1
2026-07-18,physiotherapy,cancelled,2,2,2
2026-07-18,physiotherapy,finished,58,58,58
2026-07-18,physiotherapy (b2b),finished,2,2,2
2026-07-18,ultrasound,finished,2,2,2
2026-07-18,xRay,reviewed,4,4,4
2026-07-19,ambulance,cancelled,0,0,0
2026-07-19,doctorVisit,cancelled,3,3,3
2026-07-19,doctorVisit,finished,7,7,7
2026-07-19,doctorVisit,reviewed,7,7,7
2026-07-19,labTest,finished,8,7,7
2026-07-19,labTest,reviewed,5,5,5
2026-07-19,nursing,cancelled,4,4,3
2026-07-19,nursing,finished,51,51,43
2026-07-19,nursing,reviewed,7,7,7
2026-07-19,onlineConsultation,finished,1,1,1
2026-07-19,onlineConsultation,reviewed,1,1,1
2026-07-19,physiotherapy,cancelled,2,2,2
2026-07-19,physiotherapy,finished,50,50,50
2026-07-19,ultrasound,finished,2,2,2
2026-07-19,xRay,reviewed,3,3,3
2026-07-20,ambulance,cancelled,0,0,0
2026-07-20,doctorVisit,cancelled,3,3,2
2026-07-20,doctorVisit,finished,8,8,8
2026-07-20,doctorVisit,reviewed,7,7,7
2026-07-20,doppler,finished,2,2,2
2026-07-20,echocardiogram,reviewed,3,3,3
2026-07-20,labTest,cancelled,1,1,1
2026-07-20,labTest,finished,15,15,15
2026-07-20,labTest,reviewed,1,1,1
2026-07-20,nursing,cancelled,3,3,3
2026-07-20,nursing,finished,35,35,27
2026-07-20,nursing,reviewed,21,21,21
2026-07-20,onlineConsultation,cancelled,2,2,2
2026-07-20,onlineConsultation,finished,4,4,4
2026-07-20,onlineConsultation,reviewed,2,2,2
2026-07-20,physiotherapy,cancelled,3,3,3
2026-07-20,physiotherapy,finished,63,63,63
2026-07-20,physiotherapy (b2b),finished,3,3,3
2026-07-20,ultrasound,finished,1,1,1
2026-07-20,woundCare,finished,1,1,1
2026-07-20,xRay,cancelled,1,1,1
2026-07-20,xRay,reviewed,2,2,2
2026-07-21,ambulance,cancelled,0,0,0
2026-07-21,doctorVisit,cancelled,2,2,2
2026-07-21,doctorVisit,finished,9,9,9
2026-07-21,doctorVisit,reviewed,8,8,8
2026-07-21,doppler,finished,2,2,2
2026-07-21,echocardiogram,cancelled,1,1,1
2026-07-21,echocardiogram,reviewed,2,2,2
2026-07-21,labTest,finished,8,8,8
2026-07-21,labTest,reviewed,5,5,5
2026-07-21,nursing,cancelled,6,6,6
2026-07-21,nursing,finished,38,38,32
2026-07-21,nursing,reviewed,17,17,15
2026-07-21,onlineConsultation,finished,3,3,3
2026-07-21,physiotherapy,cancelled,3,3,3
2026-07-21,physiotherapy,finished,43,43,43
2026-07-21,productPurchase,finished,1,1,1
2026-07-21,productPurchase,started,1,1,1
2026-07-21,ultrasound,cancelled,1,1,1
2026-07-21,ultrasound,finished,5,5,5
2026-07-21,xRay,reviewed,2,2,2
2026-07-22,ambulance,cancelled,0,0,0
2026-07-22,doctorVisit,cancelled,5,5,5
2026-07-22,doctorVisit,finished,10,10,10
2026-07-22,doctorVisit,reviewed,5,5,5
2026-07-22,echocardiogram,reviewed,3,3,3
2026-07-22,labTest,finished,11,11,11
2026-07-22,labTest,reviewed,4,4,4
2026-07-22,nursing,cancelled,8,8,7
2026-07-22,nursing,finished,28,28,25
2026-07-22,nursing,reviewed,14,14,13
2026-07-22,onlineConsultation,finished,4,4,4
2026-07-22,onlineConsultation,reviewed,1,1,1
2026-07-22,physiotherapy,cancelled,6,6,6
2026-07-22,physiotherapy,finished,60,60,59
2026-07-22,physiotherapy (b2b),finished,3,3,3
2026-07-22,ultrasound,cancelled,1,1,1
2026-07-22,ultrasound,finished,4,4,4
2026-07-22,xRay,reviewed,1,1,1
2026-07-23,ambulance,cancelled,0,0,0
2026-07-23,doctorVisit,cancelled,3,3,3
2026-07-23,doctorVisit,finished,2,2,2
2026-07-23,doctorVisit,reviewed,7,7,7
2026-07-23,echocardiogram,reviewed,3,3,3
2026-07-23,labTest,cancelled,1,1,1
2026-07-23,labTest,finished,16,14,15
2026-07-23,labTest,reviewed,4,4,4
2026-07-23,nursing,cancelled,7,7,7
2026-07-23,nursing,finished,43,43,39
2026-07-23,nursing,reviewed,11,11,9
2026-07-23,onlineConsultation,finished,2,2,2
2026-07-23,onlineConsultation,reviewed,1,1,1
2026-07-23,physiotherapy,cancelled,2,2,2
2026-07-23,physiotherapy,finished,38,38,37
2026-07-23,physiotherapy,reviewed,1,1,1
2026-07-23,productPurchase,finished,1,1,1
2026-07-23,ultrasound,cancelled,2,2,2
2026-07-23,ultrasound,finished,2,2,2
2026-07-23,xRay,cancelled,2,2,2
2026-07-23,xRay,reviewed,1,1,1
2026-07-24,ambulance,cancelled,0,0,0
2026-07-24,doctorVisit,cancelled,3,3,3
2026-07-24,doctorVisit,finished,7,7,7
2026-07-24,doctorVisit,reviewed,7,7,7
2026-07-24,eyeExam,finished,1,1,1
2026-07-24,labTest,cancelled,1,1,1
2026-07-24,labTest,finished,5,5,5
2026-07-24,labTest,reviewed,9,9,9
2026-07-24,nursing,cancelled,3,3,3
2026-07-24,nursing,finished,43,43,35
2026-07-24,nursing,reviewed,18,18,16
2026-07-24,onlineConsultation,finished,2,2,2
2026-07-24,physiotherapy,cancelled,4,4,4
2026-07-24,physiotherapy,finished,25,25,24
2026-07-24,physiotherapy (b2b),finished,2,2,2
2026-07-24,productPurchase,finished,1,1,1
2026-07-24,ultrasound,finished,3,3,3
2026-07-24,woundCare,finished,1,1,1
2026-07-24,xRay,finished,1,1,1
2026-07-24,xRay,reviewed,2,2,2
2026-07-25,ambulance,cancelled,0,0,0
2026-07-25,doctorVisit,cancelled,4,4,4
2026-07-25,doctorVisit,finished,7,7,7
2026-07-25,doctorVisit,reviewed,5,5,5
2026-07-25,doppler,finished,1,1,1
2026-07-25,echocardiogram,reviewed,2,2,2
2026-07-25,labTest,finished,7,7,7
2026-07-25,labTest,reviewed,9,9,8
2026-07-25,nursing,cancelled,7,7,7
2026-07-25,nursing,finished,48,48,39
2026-07-25,nursing,reviewed,14,14,12
2026-07-25,onlineConsultation,finished,5,5,5
2026-07-25,physiotherapy,cancelled,5,5,5
2026-07-25,physiotherapy,finished,71,71,70
2026-07-25,ultrasound,finished,3,3,3
2026-07-25,xRay,cancelled,1,1,1
2026-07-25,xRay,reviewed,4,4,4
2026-07-26,ambulance,cancelled,1,1,1
2026-07-26,doctorVisit,cancelled,2,2,2
2026-07-26,doctorVisit,finished,13,13,13
2026-07-26,doctorVisit,reviewed,5,5,5
2026-07-26,echocardiogram,reviewed,3,3,3
2026-07-26,labTest,finished,3,3,3
2026-07-26,labTest,reviewed,5,5,5
2026-07-26,nursing,cancelled,8,8,6
2026-07-26,nursing,finished,23,23,21
2026-07-26,nursing,reviewed,21,21,20
2026-07-26,onlineConsultation,finished,2,2,2
2026-07-26,physiotherapy,cancelled,5,5,5
2026-07-26,physiotherapy,finished,33,33,32
2026-07-26,physiotherapy,reviewed,1,1,1
2026-07-26,physiotherapy (b2b),finished,1,1,1
2026-07-26,ultrasound,finished,1,1,1
2026-07-26,xRay,finished,2,2,2
2026-07-26,xRay,reviewed,6,6,6
2026-07-27,ambulance,cancelled,0,0,0
2026-07-27,doctorVisit,cancelled,3,3,3
2026-07-27,doctorVisit,finished,10,10,10
2026-07-27,doctorVisit,reviewed,7,7,7
2026-07-27,doppler,finished,1,1,1
2026-07-27,echocardiogram,reviewed,5,5,5
2026-07-27,labTest,cancelled,1,1,1
2026-07-27,labTest,finished,4,4,4
2026-07-27,labTest,reviewed,16,16,16
2026-07-27,nursing,cancelled,6,6,5
2026-07-27,nursing,finished,45,45,42
2026-07-27,nursing,reviewed,18,18,16
2026-07-27,onlineConsultation,finished,1,1,1
2026-07-27,physiotherapy,cancelled,4,4,4
2026-07-27,physiotherapy,finished,52,52,51
2026-07-27,physiotherapy (b2b),finished,3,3,3
2026-07-27,ultrasound,cancelled,1,1,1
2026-07-27,ultrasound,finished,3,3,3
2026-07-27,woundCare,finished,2,2,2
2026-07-27,xRay,finished,1,1,1
2026-07-27,xRay,reviewed,4,4,4
2026-07-28,ambulance,cancelled,0,0,0
2026-07-28,doctorVisit,cancelled,2,2,2
2026-07-28,doctorVisit,finished,4,4,4
2026-07-28,doctorVisit,reviewed,7,7,7
2026-07-28,doppler,reviewed,1,1,1
2026-07-28,echocardiogram,reviewed,1,1,1
2026-07-28,eyeExam,cancelled,1,1,1
2026-07-28,labTest,cancelled,5,5,5
2026-07-28,labTest,finished,2,2,2
2026-07-28,labTest,reviewed,4,4,4
2026-07-28,nursing,cancelled,5,5,5
2026-07-28,nursing,finished,32,32,29
2026-07-28,nursing,reviewed,26,26,21
2026-07-28,onlineConsultation,finished,1,1,1
2026-07-28,physiotherapy,cancelled,2,2,2
2026-07-28,physiotherapy,finished,45,45,44
2026-07-28,physiotherapy,reviewed,1,1,1
2026-07-28,productPurchase,finished,1,1,1
2026-07-28,productPurchase,reviewed,1,1,1
2026-07-28,woundCare,finished,1,1,1
2026-07-28,xRay,reviewed,4,4,4
2026-07-29,ambulance,cancelled,0,0,0
2026-07-29,doctorVisit,cancelled,2,2,2
2026-07-29,doctorVisit,finished,9,9,9
2026-07-29,doctorVisit,reviewed,7,7,7
2026-07-29,labTest,finished,4,4,4
2026-07-29,labTest,reviewed,8,8,8
2026-07-29,nursing,cancelled,10,10,9
2026-07-29,nursing,finished,39,39,34
2026-07-29,nursing,reviewed,21,21,20
2026-07-29,onlineConsultation,finished,5,5,5
2026-07-29,physiotherapy,cancelled,2,2,2
2026-07-29,physiotherapy,finished,34,34,33
2026-07-29,physiotherapy (b2b),finished,2,2,2
2026-07-29,ultrasound,finished,2,2,2
2026-07-29,xRay,reviewed,1,1,1
2026-07-30,ambulance,cancelled,0,0,0
2026-07-30,doctorVisit,cancelled,2,2,2
2026-07-30,doctorVisit,finished,8,8,8
2026-07-30,doctorVisit,reviewed,3,3,3
2026-07-30,doppler,finished,1,1,1
2026-07-30,echocardiogram,cancelled,1,1,1
2026-07-30,eyeExam,finished,1,1,1
2026-07-30,labTest,cancelled,2,2,2
2026-07-30,labTest,finished,5,5,5
2026-07-30,labTest,reviewed,7,6,7
2026-07-30,nursing,cancelled,4,4,4
2026-07-30,nursing,finished,29,29,25
2026-07-30,nursing,reviewed,17,17,14
2026-07-30,onlineConsultation,finished,1,1,1
2026-07-30,physiotherapy,cancelled,3,3,3
2026-07-30,physiotherapy,finished,37,37,36
2026-07-30,ultrasound,finished,2,2,2
2026-07-30,xRay,finished,1,1,1
2026-07-30,xRay,reviewed,1,1,1
2026-07-31,ambulance,cancelled,0,0,0
2026-07-31,doctorVisit,cancelled,2,2,2
2026-07-31,doctorVisit,finished,9,9,9
2026-07-31,doctorVisit,reviewed,10,10,10
2026-07-31,doppler,finished,2,2,2
2026-07-31,echocardiogram,reviewed,2,2,2
2026-07-31,eyeExam,finished,1,1,1
2026-07-31,labTest,cancelled,1,1,1
2026-07-31,labTest,finished,3,3,3
2026-07-31,labTest,reviewed,17,14,15
2026-07-31,nursing,cancelled,3,3,3
2026-07-31,nursing,finished,46,46,41
2026-07-31,nursing,reviewed,18,18,15
2026-07-31,onlineConsultation,finished,1,1,1
2026-07-31,onlineConsultation,reviewed,2,2,2
2026-07-31,physiotherapy,cancelled,7,7,7
2026-07-31,physiotherapy,finished,24,24,23
2026-07-31,physiotherapy,reviewed,1,0,1
2026-07-31,physiotherapy (b2b),finished,2,2,2
2026-07-31,productPurchase,finished,1,1,1
2026-07-31,ultrasound,finished,2,2,2
2026-07-31,xRay,finished,4,3,4
2026-07-31,xRay,reviewed,1,0,1
2026-08-01,ambulance,cancelled,0,0,0
2026-08-01,doctorVisit,cancelled,1,1,1
2026-08-01,doctorVisit,reviewed,10,10,10
2026-08-01,echocardiogram,reviewed,3,3,3
2026-08-01,labTest,cancelled,2,2,2
2026-08-01,labTest,reviewed,14,14,14
2026-08-01,nursing,cancelled,4,4,4
2026-08-01,nursing,reviewed,66,66,50
2026-08-01,onlineConsultation,reviewed,1,1,1
2026-08-01,physiotherapy,cancelled,2,2,2
2026-08-01,physiotherapy,reviewed,43,42,42
2026-08-01,physiotherapy (b2b),finished,1,1,1
2026-08-01,physiotherapy (b2b),reviewed,1,0,1
2026-08-01,productPurchase,finished,1,1,1
2026-08-01,ultrasound,reviewed,3,3,3
2026-08-01,woundCare,cancelled,1,1,1
2026-08-01,xRay,reviewed,3,3,3
2026-08-02,ambulance,cancelled,0,0,0
2026-08-02,doctorVisit,cancelled,4,4,4
2026-08-02,doctorVisit,reviewed,18,18,18
2026-08-02,doppler,reviewed,2,2,2
2026-08-02,labTest,cancelled,1,1,1
2026-08-02,labTest,reviewed,14,14,14
2026-08-02,nursing,cancelled,8,7,7
2026-08-02,nursing,reviewed,68,68,57
2026-08-02,onlineConsultation,cancelled,1,1,1
2026-08-02,onlineConsultation,reviewed,3,3,3
2026-08-02,physiotherapy,reviewed,41,41,40
2026-08-02,physiotherapy (b2b),reviewed,2,2,2
2026-08-02,ultrasound,cancelled,1,1,1
2026-08-02,ultrasound,reviewed,2,2,2
2026-08-02,woundCare,finished,1,1,1
2026-08-02,xRay,cancelled,2,2,2
2026-08-02,xRay,reviewed,3,3,3
2026-08-03,ambulance,cancelled,0,0,0
2026-08-03,doctorVisit,cancelled,4,4,4
2026-08-03,doctorVisit,reviewed,13,13,13
2026-08-03,doppler,reviewed,3,3,3
2026-08-03,echocardiogram,cancelled,1,1,1
2026-08-03,labTest,reviewed,6,6,5
2026-08-03,nursing,cancelled,7,7,7
2026-08-03,nursing,reviewed,54,54,46
2026-08-03,physiotherapy,cancelled,5,5,5
2026-08-03,physiotherapy,reviewed,37,37,36
2026-08-03,ultrasound,cancelled,2,2,2
2026-08-03,ultrasound,reviewed,6,6,6
2026-08-04,ambulance,cancelled,0,0,0
2026-08-04,doctorVisit,cancelled,4,4,4
2026-08-04,doctorVisit,reviewed,10,10,10
2026-08-04,doppler,reviewed,1,1,1
2026-08-04,echocardiogram,reviewed,3,3,3
2026-08-04,labTest,cancelled,1,1,1
2026-08-04,labTest,reviewed,19,18,18
2026-08-04,nursing,cancelled,4,4,4
2026-08-04,nursing,reviewed,59,59,50
2026-08-04,onlineConsultation,reviewed,2,2,2
2026-08-04,physiotherapy,cancelled,2,2,2
2026-08-04,physiotherapy,reviewed,37,37,36
2026-08-04,physiotherapy (b2b),reviewed,2,2,2
2026-08-04,ultrasound,reviewed,4,4,4
2026-08-04,xRay,cancelled,1,1,1
2026-08-04,xRay,reviewed,4,4,4
2026-08-05,ambulance,cancelled,0,0,0
2026-08-05,doctorVisit,cancelled,4,4,4
2026-08-05,doctorVisit,reviewed,13,13,13
2026-08-05,echocardiogram,reviewed,1,1,1
2026-08-05,labTest,reviewed,15,15,15
2026-08-05,nursing,cancelled,9,9,9
2026-08-05,nursing,reviewed,48,48,43
2026-08-05,onlineConsultation,cancelled,1,1,1
2026-08-05,onlineConsultation,reviewed,1,1,1
2026-08-05,physiotherapy,cancelled,6,6,6
2026-08-05,physiotherapy,reviewed,58,58,57
2026-08-05,ultrasound,reviewed,1,1,1
2026-08-05,xRay,reviewed,3,3,3
2026-08-06,ambulance,cancelled,0,0,0
2026-08-06,doctorVisit,cancelled,3,3,3
2026-08-06,doctorVisit,reviewed,17,17,17
2026-08-06,echocardiogram,reviewed,1,1,1
2026-08-06,eyeExam,reviewed,1,1,1
2026-08-06,labTest,cancelled,2,2,2
2026-08-06,labTest,reviewed,10,10,10
2026-08-06,nursing,cancelled,4,4,4
2026-08-06,nursing,reviewed,48,48,44
2026-08-06,onlineConsultation,cancelled,1,1,1
2026-08-06,onlineConsultation,reviewed,1,1,1
2026-08-06,physiotherapy,cancelled,1,1,1
2026-08-06,physiotherapy,reviewed,53,53,52
2026-08-06,physiotherapy (b2b),reviewed,2,2,2
2026-08-06,ultrasound,cancelled,1,1,1
2026-08-06,woundCare,cancelled,1,1,1
2026-08-06,woundCare,finished,1,1,1
2026-08-06,xRay,reviewed,2,2,2
2026-08-07,ambulance,cancelled,0,0,0
2026-08-07,doctorVisit,cancelled,3,3,3
2026-08-07,doctorVisit,reviewed,17,17,16
2026-08-07,doppler,reviewed,1,1,1
2026-08-07,echocardiogram,cancelled,1,1,1
2026-08-07,labTest,reviewed,8,8,8
2026-08-07,nursing,cancelled,4,4,4
2026-08-07,nursing,reviewed,56,56,47
2026-08-07,onlineConsultation,reviewed,3,3,3
2026-08-07,physiotherapy,cancelled,2,2,2
2026-08-07,physiotherapy,reviewed,24,24,23
2026-08-07,ultrasound,reviewed,1,1,1
2026-08-07,woundCare,finished,1,1,1
2026-08-07,xRay,reviewed,3,3,3
2026-08-08,ambulance,cancelled,0,0,0
2026-08-08,doctorVisit,reviewed,20,20,19
2026-08-08,labTest,cancelled,2,2,2
2026-08-08,labTest,reviewed,15,15,15
2026-08-08,nursing,cancelled,4,4,4
2026-08-08,nursing,reviewed,43,43,36
2026-08-08,onlineConsultation,cancelled,1,1,1
2026-08-08,onlineConsultation,reviewed,3,3,3
2026-08-08,physiotherapy,cancelled,1,1,1
2026-08-08,physiotherapy,reviewed,60,60,59
2026-08-08,physiotherapy (b2b),reviewed,2,2,2
2026-08-08,ultrasound,reviewed,2,2,2
2026-08-08,xRay,reviewed,6,6,6
2026-08-09,ambulance,cancelled,0,0,0
2026-08-09,doctorVisit,cancelled,3,3,3
2026-08-09,doctorVisit,reviewed,18,18,17
2026-08-09,echocardiogram,reviewed,1,1,1
2026-08-09,labTest,reviewed,17,17,15
2026-08-09,nursing,cancelled,8,8,7
2026-08-09,nursing,reviewed,59,59,51
2026-08-09,onlineConsultation,reviewed,5,5,5
2026-08-09,physiotherapy,cancelled,3,3,3
2026-08-09,physiotherapy,reviewed,52,52,51
2026-08-09,productPurchase,reviewed,1,1,1
2026-08-09,ultrasound,cancelled,2,2,2
2026-08-09,ultrasound,reviewed,2,2,2
2026-08-09,xRay,reviewed,2,2,2
2026-08-10,ambulance,cancelled,0,0,0
2026-08-10,doctorVisit,cancelled,2,2,2
2026-08-10,doctorVisit,reviewed,16,16,16
2026-08-10,doppler,reviewed,1,1,1
2026-08-10,echocardiogram,reviewed,1,1,1
2026-08-10,labTest,cancelled,2,2,2
2026-08-10,labTest,reviewed,19,18,19
2026-08-10,nursing,cancelled,11,11,11
2026-08-10,nursing,reviewed,61,61,53
2026-08-10,onlineConsultation,reviewed,2,2,2
2026-08-10,physiotherapy,reviewed,49,49,48
2026-08-10,physiotherapy (b2b),reviewed,2,2,2
2026-08-10,productPurchase,reviewed,1,1,1
2026-08-10,ultrasound,reviewed,5,5,5
2026-08-10,woundCare,finished,1,1,1
2026-08-10,xRay,reviewed,5,5,5
2026-08-11,ambulance,cancelled,0,0,0
2026-08-11,doctorVisit,cancelled,3,3,3
2026-08-11,doctorVisit,reviewed,12,12,12
2026-08-11,doppler,reviewed,2,2,2
2026-08-11,echocardiogram,reviewed,1,1,1
2026-08-11,eyeExam,reviewed,1,1,1
2026-08-11,labTest,cancelled,1,1,1
2026-08-11,labTest,reviewed,11,11,11
2026-08-11,nursing,cancelled,8,8,6
2026-08-11,nursing,reviewed,66,66,57
2026-08-11,onlineConsultation,reviewed,2,2,2
2026-08-11,physiotherapy,cancelled,3,3,3
2026-08-11,physiotherapy,reviewed,58,58,57
2026-08-11,ultrasound,cancelled,1,1,1
2026-08-11,ultrasound,reviewed,3,3,3
2026-08-11,xRay,reviewed,3,3,3
2026-08-12,ambulance,cancelled,0,0,0
2026-08-12,doctorVisit,cancelled,4,4,4
2026-08-12,doctorVisit,reviewed,19,19,19
2026-08-12,echocardiogram,reviewed,3,3,3
2026-08-12,labTest,cancelled,1,1,1
2026-08-12,labTest,reviewed,18,18,18
2026-08-12,nursing,cancelled,10,10,9
2026-08-12,nursing,reviewed,52,52,44
2026-08-12,onlineConsultation,cancelled,1,1,1
2026-08-12,onlineConsultation,reviewed,2,2,2
2026-08-12,physiotherapy,cancelled,4,4,4
2026-08-12,physiotherapy,reviewed,50,50,48
2026-08-12,physiotherapy (b2b),reviewed,2,2,2
2026-08-12,productPurchase,finished,1,1,1
2026-08-12,productPurchase,reviewed,1,1,1
2026-08-12,ultrasound,reviewed,2,2,2
2026-08-12,xRay,reviewed,1,1,1
2026-08-13,ambulance,cancelled,0,0,0
2026-08-13,doctorVisit,cancelled,6,6,6
2026-08-13,doctorVisit,reviewed,10,10,10
2026-08-13,doppler,cancelled,1,1,1
2026-08-13,doppler,reviewed,3,3,3
2026-08-13,echocardiogram,reviewed,3,3,3
2026-08-13,labTest,cancelled,1,1,1
2026-08-13,labTest,reviewed,19,19,19
2026-08-13,nursing,cancelled,10,10,9
2026-08-13,nursing,reviewed,58,58,50
2026-08-13,onlineConsultation,reviewed,2,2,2
2026-08-13,physiotherapy,cancelled,5,5,5
2026-08-13,physiotherapy,reviewed,45,45,45
2026-08-13,productPurchase,reviewed,1,1,1
2026-08-13,ultrasound,cancelled,2,2,2
2026-08-13,ultrasound,reviewed,2,2,2
2026-08-13,xRay,reviewed,8,8,8
2026-08-14,ambulance,cancelled,0,0,0
2026-08-14,doctorVisit,cancelled,2,2,2
2026-08-14,doctorVisit,reviewed,19,19,19
2026-08-14,doppler,reviewed,3,3,3
2026-08-14,echocardiogram,cancelled,1,1,1
2026-08-14,labTest,cancelled,3,3,3
2026-08-14,labTest,reviewed,15,15,15
2026-08-14,nursing,cancelled,7,7,6
2026-08-14,nursing,reviewed,62,62,55
2026-08-14,onlineConsultation,cancelled,1,1,1
2026-08-14,onlineConsultation,reviewed,2,2,2
2026-08-14,physiotherapy,reviewed,30,30,30
2026-08-14,physiotherapy (b2b),reviewed,2,2,2
2026-08-14,ultrasound,reviewed,2,2,2
2026-08-14,xRay,reviewed,4,4,4
2026-08-15,ambulance,cancelled,0,0,0
2026-08-15,doctorVisit,cancelled,2,2,2
2026-08-15,doctorVisit,reviewed,15,15,14
2026-08-15,echocardiogram,reviewed,2,2,2
2026-08-15,eyeExam,reviewed,1,1,1
2026-08-15,labTest,cancelled,2,2,2
2026-08-15,labTest,reviewed,18,18,18
2026-08-15,nursing,cancelled,9,9,9
2026-08-15,nursing,reviewed,47,47,46
2026-08-15,onlineConsultation,reviewed,4,4,4
2026-08-15,physiotherapy,cancelled,3,3,3
2026-08-15,physiotherapy,reviewed,53,53,53
2026-08-15,ultrasound,cancelled,1,1,1
2026-08-15,ultrasound,reviewed,5,5,5
2026-08-15,xRay,reviewed,7,7,7
2026-08-16,ambulance,cancelled,0,0,0
2026-08-16,doctorVisit,cancelled,2,2,2
2026-08-16,doctorVisit,reviewed,17,17,17
2026-08-16,echocardiogram,reviewed,4,4,4
2026-08-16,eyeExam,reviewed,1,1,1
2026-08-16,labTest,cancelled,4,4,4
2026-08-16,labTest,reviewed,23,23,23
2026-08-16,nursing,cancelled,6,6,6
2026-08-16,nursing,reviewed,51,51,47
2026-08-16,onlineConsultation,reviewed,3,3,3
2026-08-16,physiotherapy,cancelled,2,2,2
2026-08-16,physiotherapy,reviewed,47,47,47
2026-08-16,physiotherapy (b2b),reviewed,2,2,2
2026-08-16,ultrasound,cancelled,2,2,2
2026-08-16,ultrasound,reviewed,2,2,2
2026-08-16,xRay,reviewed,5,5,5
2026-08-17,ambulance,cancelled,1,1,1
2026-08-17,doctorVisit,cancelled,2,2,2
2026-08-17,doctorVisit,reviewed,18,18,18
2026-08-17,echocardiogram,reviewed,2,2,2
2026-08-17,labTest,cancelled,2,2,2
2026-08-17,labTest,reviewed,19,19,18
2026-08-17,nursing,cancelled,7,7,7
2026-08-17,nursing,reviewed,42,42,40
2026-08-17,onlineConsultation,reviewed,4,4,4
2026-08-17,physiotherapy,cancelled,2,2,2
2026-08-17,physiotherapy,reviewed,45,45,45
2026-08-17,ultrasound,reviewed,3,3,3
2026-08-17,woundCare,cancelled,1,1,1
2026-08-17,xRay,reviewed,6,6,6
2026-08-18,ambulance,cancelled,0,0,0
2026-08-18,doctorVisit,cancelled,4,4,4
2026-08-18,doctorVisit,reviewed,11,11,11
2026-08-18,doppler,reviewed,3,3,3
2026-08-18,echocardiogram,reviewed,3,3,3
2026-08-18,labTest,cancelled,1,1,1
2026-08-18,labTest,reviewed,13,13,13
2026-08-18,nursing,cancelled,8,8,8
2026-08-18,nursing,reviewed,53,53,46
2026-08-18,onlineConsultation,cancelled,1,1,1
2026-08-18,onlineConsultation,reviewed,1,1,1
2026-08-18,physiotherapy,cancelled,4,4,4
2026-08-18,physiotherapy,reviewed,57,57,57
2026-08-18,ultrasound,cancelled,1,1,1
2026-08-18,ultrasound,reviewed,3,3,3
2026-08-18,xRay,cancelled,1,1,1
2026-08-18,xRay,reviewed,4,4,4
2026-08-19,ambulance,cancelled,0,0,0
2026-08-19,doctorVisit,cancelled,4,4,4
2026-08-19,doctorVisit,reviewed,17,17,17
2026-08-19,echocardiogram,cancelled,1,1,1
2026-08-19,echocardiogram,reviewed,1,1,1
2026-08-19,labTest,reviewed,10,10,10
2026-08-19,nursing,cancelled,4,4,4
2026-08-19,nursing,reviewed,53,53,46
2026-08-19,onlineConsultation,cancelled,1,1,1
2026-08-19,onlineConsultation,reviewed,1,1,1
2026-08-19,physiotherapy,cancelled,4,4,4
2026-08-19,physiotherapy,reviewed,43,43,43
2026-08-19,physiotherapy (b2b),reviewed,2,2,2
2026-08-19,ultrasound,cancelled,1,1,1
2026-08-19,ultrasound,reviewed,5,5,5
2026-08-19,xRay,reviewed,3,3,3
2026-08-20,ambulance,cancelled,1,1,1
2026-08-20,doctorVisit,cancelled,4,4,4
2026-08-20,doctorVisit,reviewed,13,13,13
2026-08-20,doppler,reviewed,1,1,1
2026-08-20,echocardiogram,reviewed,2,2,2
2026-08-20,labTest,cancelled,2,2,2
2026-08-20,labTest,reviewed,8,8,8
2026-08-20,nursing,cancelled,7,7,7
2026-08-20,nursing,reviewed,46,46,43
2026-08-20,onlineConsultation,finished,1,1,1
2026-08-20,onlineConsultation,reviewed,2,2,2
2026-08-20,physiotherapy,cancelled,3,3,3
2026-08-20,physiotherapy,reviewed,55,55,53
2026-08-20,productPurchase,reviewed,1,1,1
2026-08-20,ultrasound,reviewed,4,4,4
2026-08-20,xRay,reviewed,3,3,3
2026-08-21,ambulance,cancelled,0,0,0
2026-08-21,doctorVisit,cancelled,2,2,2
2026-08-21,doctorVisit,reviewed,22,22,22
2026-08-21,doppler,reviewed,1,1,1
2026-08-21,echocardiogram,reviewed,1,1,1
2026-08-21,eyeExam,cancelled,1,1,1
2026-08-21,labTest,reviewed,13,13,13
2026-08-21,nursing,cancelled,5,5,5
2026-08-21,nursing,reviewed,53,53,48
2026-08-21,onlineConsultation,reviewed,2,2,2
2026-08-21,physiotherapy,cancelled,5,5,5
2026-08-21,physiotherapy,reviewed,30,30,29
2026-08-21,physiotherapy (b2b),reviewed,2,2,2
2026-08-21,ultrasound,reviewed,1,1,1
2026-08-21,woundCare,reviewed,1,1,1
2026-08-21,xRay,reviewed,2,2,2
2026-08-22,ambulance,cancelled,0,0,0
2026-08-22,doctorVisit,reviewed,27,27,27
2026-08-22,doppler,reviewed,1,1,1
2026-08-22,echocardiogram,cancelled,1,1,1
2026-08-22,echocardiogram,reviewed,3,3,3
2026-08-22,labTest,reviewed,19,19,19
2026-08-22,nursing,cancelled,6,6,6
2026-08-22,nursing,reviewed,55,55,50
2026-08-22,onlineConsultation,reviewed,2,2,2
2026-08-22,physiotherapy,cancelled,2,2,2
2026-08-22,physiotherapy,reviewed,62,62,61
2026-08-22,productPurchase,reviewed,1,1,1
2026-08-22,ultrasound,reviewed,2,2,2
2026-08-22,xRay,cancelled,1,1,1
2026-08-22,xRay,reviewed,6,6,6
2026-08-23,ambulance,cancelled,1,1,1
2026-08-23,doctorVisit,cancelled,2,2,2
2026-08-23,doctorVisit,reviewed,12,12,12
2026-08-23,doppler,reviewed,1,1,1
2026-08-23,eyeExam,reviewed,1,1,1
2026-08-23,labTest,cancelled,2,2,2
2026-08-23,labTest,reviewed,28,28,28
2026-08-23,nursing,cancelled,3,3,3
2026-08-23,nursing,reviewed,52,52,45
2026-08-23,onlineConsultation,reviewed,4,4,4
2026-08-23,physiotherapy,cancelled,5,5,5
2026-08-23,physiotherapy,reviewed,41,41,41
2026-08-23,physiotherapy (b2b),reviewed,2,2,2
2026-08-23,ultrasound,reviewed,3,3,3
2026-08-23,woundCare,reviewed,1,1,1
2026-08-23,xRay,cancelled,1,1,1
2026-08-23,xRay,reviewed,3,3,3
2026-08-24,ambulance,cancelled,0,0,0
2026-08-24,doctorVisit,cancelled,2,2,2
2026-08-24,doctorVisit,reviewed,18,18,18
2026-08-24,doppler,reviewed,2,2,2
2026-08-24,echocardiogram,reviewed,1,1,1
2026-08-24,labTest,cancelled,4,4,3
2026-08-24,labTest,reviewed,16,15,16
2026-08-24,nursing,cancelled,12,12,11
2026-08-24,nursing,reviewed,59,59,49
2026-08-24,onlineConsultation,reviewed,1,1,1
2026-08-24,physiotherapy,cancelled,1,1,1
2026-08-24,physiotherapy,reviewed,57,57,56
2026-08-24,productPurchase,reviewed,1,1,1
2026-08-24,ultrasound,reviewed,5,5,5
2026-08-24,xRay,cancelled,1,1,1
2026-08-24,xRay,reviewed,3,3,3
2026-08-25,ambulance,cancelled,0,0,0
2026-08-25,doctorVisit,cancelled,3,3,3
2026-08-25,doctorVisit,reviewed,13,13,13
2026-08-25,doppler,reviewed,1,1,1
2026-08-25,labTest,reviewed,17,17,17
2026-08-25,nursing,cancelled,6,6,6
2026-08-25,nursing,reviewed,47,47,42
2026-08-25,onlineConsultation,cancelled,1,1,1
2026-08-25,onlineConsultation,reviewed,3,3,3
2026-08-25,physiotherapy,cancelled,4,4,4
2026-08-25,physiotherapy,reviewed,49,49,48
2026-08-25,physiotherapy (b2b),reviewed,2,2,2
2026-08-25,ultrasound,reviewed,5,5,5
2026-08-25,xRay,reviewed,5,5,5
2026-08-26,ambulance,cancelled,1,1,1
2026-08-26,doctorVisit,cancelled,2,2,2
2026-08-26,doctorVisit,reviewed,16,16,16
2026-08-26,doppler,reviewed,2,2,2
2026-08-26,echocardiogram,reviewed,1,1,1
2026-08-26,labTest,finished,1,1,1
2026-08-26,labTest,reviewed,9,9,9
2026-08-26,nursing,cancelled,11,11,10
2026-08-26,nursing,reviewed,50,50,46
2026-08-26,onlineConsultation,reviewed,3,3,3
2026-08-26,physiotherapy,cancelled,6,6,6
2026-08-26,physiotherapy,reviewed,51,51,51
2026-08-26,productPurchase,reviewed,1,1,1
2026-08-26,ultrasound,cancelled,1,1,1
2026-08-26,ultrasound,reviewed,2,2,2
2026-08-26,xRay,reviewed,2,2,2
2026-08-27,ambulance,cancelled,0,0,0
2026-08-27,doctorVisit,cancelled,2,2,2
2026-08-27,doctorVisit,reviewed,15,15,14
2026-08-27,doppler,reviewed,2,2,2
2026-08-27,echocardiogram,reviewed,3,3,3
2026-08-27,labTest,cancelled,1,1,1
2026-08-27,labTest,reviewed,20,20,20
2026-08-27,nursing,cancelled,5,5,5
2026-08-27,nursing,reviewed,52,52,44
2026-08-27,onlineConsultation,reviewed,2,2,2
2026-08-27,physiotherapy,cancelled,3,3,3
2026-08-27,physiotherapy,reviewed,48,48,47
2026-08-27,physiotherapy (b2b),reviewed,2,2,2
2026-08-27,ultrasound,reviewed,3,3,3
2026-08-27,xRay,cancelled,1,1,1
2026-08-28,ambulance,cancelled,0,0,0
2026-08-28,doctorVisit,reviewed,15,15,14
2026-08-28,echocardiogram,reviewed,2,2,2
2026-08-28,labTest,reviewed,12,12,12
2026-08-28,nursing,cancelled,2,2,2
2026-08-28,nursing,reviewed,59,59,51
2026-08-28,onlineConsultation,reviewed,1,1,1
2026-08-28,physiotherapy,cancelled,4,4,3
2026-08-28,physiotherapy,reviewed,25,25,25
2026-08-28,productPurchase,reviewed,1,1,1
2026-08-28,woundCare,cancelled,1,1,1
2026-08-28,xRay,reviewed,3,3,3
2026-08-29,ambulance,cancelled,0,0,0
2026-08-29,doctorVisit,reviewed,13,13,13
2026-08-29,echocardiogram,reviewed,2,2,2
2026-08-29,labTest,reviewed,12,12,12
2026-08-29,nursing,cancelled,6,6,5
2026-08-29,nursing,reviewed,57,57,47
2026-08-29,onlineConsultation,cancelled,1,1,1
2026-08-29,onlineConsultation,reviewed,3,3,3
2026-08-29,physiotherapy,cancelled,6,6,6
2026-08-29,physiotherapy,reviewed,43,43,43
2026-08-29,physiotherapy (b2b),reviewed,2,2,2
2026-08-29,ultrasound,reviewed,2,2,2
2026-08-29,xRay,reviewed,6,6,6
2026-08-30,ambulance,cancelled,0,0,0
2026-08-30,doctorVisit,cancelled,1,1,1
2026-08-30,doctorVisit,reviewed,12,12,12
2026-08-30,doppler,reviewed,1,1,1
2026-08-30,eyeExam,reviewed,2,2,2
2026-08-30,labTest,cancelled,1,1,1
2026-08-30,labTest,reviewed,12,12,12
2026-08-30,nursing,cancelled,7,7,7
2026-08-30,nursing,reviewed,50,50,40
2026-08-30,onlineConsultation,cancelled,1,1,1
2026-08-30,onlineConsultation,reviewed,3,3,3
2026-08-30,physiotherapy,cancelled,3,3,3
2026-08-30,physiotherapy,reviewed,47,47,45
2026-08-30,ultrasound,reviewed,4,4,4
2026-08-30,xRay,reviewed,1,1,1
2026-08-31,ambulance,cancelled,0,0,0
2026-08-31,doctorVisit,cancelled,2,2,2
2026-08-31,doctorVisit,reviewed,27,27,26
2026-08-31,doppler,cancelled,1,1,1
2026-08-31,doppler,reviewed,1,1,1
2026-08-31,echocardiogram,reviewed,1,1,1
2026-08-31,labTest,cancelled,2,2,2
2026-08-31,labTest,reviewed,15,12,14
2026-08-31,nursing,cancelled,6,6,6
2026-08-31,nursing,reviewed,72,72,56
2026-08-31,onlineConsultation,reviewed,3,3,3
2026-08-31,physiotherapy,cancelled,2,2,2
2026-08-31,physiotherapy,reviewed,39,38,38
2026-08-31,physiotherapy (b2b),reviewed,2,2,2
2026-08-31,productPurchase,finished,2,2,1
2026-08-31,productPurchase,reviewed,1,1,1
2026-08-31,ultrasound,cancelled,1,1,1
2026-08-31,ultrasound,reviewed,3,3,3
2026-08-31,woundCare,finished,1,1,1
2026-08-31,xRay,reviewed,6,4,6
2026-09-01,ambulance,cancelled,0,0,0
2026-09-01,doctorVisit,reviewed,10,10,10
2026-09-01,echocardiogram,reviewed,1,1,1
2026-09-01,labTest,reviewed,11,11,11
2026-09-01,nursing,cancelled,7,7,7
2026-09-01,nursing,reviewed,60,60,49
2026-09-01,onlineConsultation,reviewed,5,5,5
2026-09-01,physiotherapy,cancelled,1,1,1
2026-09-01,physiotherapy,reviewed,50,50,48
2026-09-01,surgeries,reviewed,2,2,2
2026-09-01,ultrasound,reviewed,3,3,3
2026-09-01,woundCare,finished,1,1,1
2026-09-01,xRay,cancelled,1,1,1
2026-09-01,xRay,reviewed,6,6,6
2026-09-02,ambulance,cancelled,0,0,0
2026-09-02,doctorVisit,cancelled,1,1,1
2026-09-02,doctorVisit,reviewed,7,7,7
2026-09-02,doppler,reviewed,2,2,2
2026-09-02,labTest,reviewed,9,9,9
2026-09-02,nursing,cancelled,8,8,8
2026-09-02,nursing,reviewed,53,53,41
2026-09-02,onlineConsultation,cancelled,1,1,1
2026-09-02,onlineConsultation,reviewed,2,2,2
2026-09-02,physiotherapy,cancelled,1,1,1
2026-09-02,physiotherapy,reviewed,37,37,37
2026-09-02,physiotherapy (b2b),reviewed,2,2,2
2026-09-02,productPurchase,reviewed,1,1,1
2026-09-02,ultrasound,reviewed,1,1,1
2026-09-02,xRay,cancelled,1,1,1
2026-09-03,ambulance,cancelled,0,0,0
2026-09-03,doctorVisit,cancelled,4,4,4
2026-09-03,doctorVisit,reviewed,14,14,14
2026-09-03,doppler,reviewed,1,1,1
2026-09-03,eyeExam,reviewed,2,2,2
2026-09-03,labTest,cancelled,6,6,6
2026-09-03,labTest,reviewed,12,12,12
2026-09-03,nursing,cancelled,5,5,5
2026-09-03,nursing,reviewed,60,60,49
2026-09-03,onlineConsultation,cancelled,1,1,1
2026-09-03,onlineConsultation,reviewed,5,5,5
2026-09-03,physiotherapy,cancelled,3,3,3
2026-09-03,physiotherapy,reviewed,44,44,44
2026-09-03,productPurchase,cancelled,1,1,1
2026-09-03,productPurchase,finished,1,1,1
2026-09-03,ultrasound,reviewed,2,2,2
2026-09-03,xRay,reviewed,5,5,5
2026-09-04,ambulance,cancelled,0,0,0
2026-09-04,doctorVisit,cancelled,5,5,5
2026-09-04,doctorVisit,reviewed,21,21,20
2026-09-04,doppler,cancelled,1,1,1
2026-09-04,echocardiogram,reviewed,4,4,4
2026-09-04,eyeExam,reviewed,1,1,1
2026-09-04,labTest,cancelled,1,1,1
2026-09-04,labTest,reviewed,13,13,12
2026-09-04,nursing,cancelled,2,2,2
2026-09-04,nursing,reviewed,75,75,62
2026-09-04,onlineConsultation,reviewed,3,3,3
2026-09-04,physiotherapy,reviewed,26,26,26
2026-09-04,physiotherapy (b2b),reviewed,2,2,2
2026-09-04,ultrasound,reviewed,1,1,1
2026-09-04,xRay,cancelled,1,1,1
2026-09-04,xRay,reviewed,4,4,4
2026-09-05,ambulance,cancelled,0,0,0
2026-09-05,booking,cancelled,1,1,1
2026-09-05,doctorVisit,cancelled,2,2,2
2026-09-05,doctorVisit,finished,1,1,1
2026-09-05,doctorVisit,reviewed,23,23,22
2026-09-05,doppler,reviewed,1,1,1
2026-09-05,echocardiogram,reviewed,1,1,1
2026-09-05,eyeExam,reviewed,1,1,1
2026-09-05,labTest,reviewed,13,12,13
2026-09-05,nursing,cancelled,5,5,5
2026-09-05,nursing,reviewed,54,54,47
2026-09-05,physiotherapy,cancelled,2,2,2
2026-09-05,physiotherapy,reviewed,57,57,56
2026-09-05,ultrasound,reviewed,1,1,1
2026-09-05,xRay,reviewed,7,7,7
2026-09-06,ambulance,cancelled,0,0,0
2026-09-06,doctorVisit,cancelled,5,5,5
2026-09-06,doctorVisit,reviewed,10,10,10
2026-09-06,doppler,reviewed,2,2,2
2026-09-06,echocardiogram,cancelled,1,1,1
2026-09-06,labTest,reviewed,13,13,13
2026-09-06,nursing,cancelled,3,3,3
2026-09-06,nursing,reviewed,57,57,47
2026-09-06,onlineConsultation,cancelled,1,1,1
2026-09-06,physiotherapy,cancelled,3,3,3
2026-09-06,physiotherapy,reviewed,42,42,42
2026-09-06,physiotherapy (b2b),reviewed,2,2,2
2026-09-06,ultrasound,reviewed,2,2,2
2026-09-06,xRay,reviewed,5,5,5
2026-09-07,ambulance,cancelled,0,0,0
2026-09-07,booking,cancelled,1,1,1
2026-09-07,doctorVisit,cancelled,2,2,2
2026-09-07,doctorVisit,reviewed,21,21,21
2026-09-07,echocardiogram,reviewed,1,1,1
2026-09-07,labTest,reviewed,7,6,7
2026-09-07,nursing,cancelled,3,3,3
2026-09-07,nursing,reviewed,56,56,51
2026-09-07,onlineConsultation,reviewed,4,4,4
2026-09-07,physiotherapy,reviewed,47,47,46
2026-09-07,ultrasound,reviewed,1,1,1
2026-09-07,xRay,reviewed,4,4,4
2026-09-08,ambulance,cancelled,0,0,0
2026-09-08,doctorVisit,cancelled,4,4,4
2026-09-08,doctorVisit,reviewed,17,17,16
2026-09-08,doppler,reviewed,1,1,1
2026-09-08,echocardiogram,reviewed,1,1,1
2026-09-08,labTest,reviewed,18,18,18
2026-09-08,nursing,cancelled,7,7,7
2026-09-08,nursing,reviewed,72,72,67
2026-09-08,onlineConsultation,reviewed,1,1,1
2026-09-08,physiotherapy,reviewed,48,48,48
2026-09-08,physiotherapy (b2b),reviewed,2,2,2
2026-09-08,ultrasound,reviewed,2,2,2
2026-09-09,ambulance,cancelled,0,0,0
2026-09-09,doctorVisit,reviewed,10,10,10
2026-09-09,doppler,reviewed,1,1,1
2026-09-09,echocardiogram,cancelled,1,1,1
2026-09-09,echocardiogram,reviewed,3,3,3
2026-09-09,labTest,cancelled,2,2,2
2026-09-09,labTest,reviewed,7,7,7
2026-09-09,nursing,cancelled,7,7,7
2026-09-09,nursing,reviewed,50,50,45
2026-09-09,onlineConsultation,cancelled,1,1,1
2026-09-09,onlineConsultation,reviewed,1,1,1
2026-09-09,physiotherapy,cancelled,2,2,2
2026-09-09,physiotherapy,reviewed,42,42,42
2026-09-09,ultrasound,reviewed,2,2,2
2026-09-09,xRay,reviewed,2,2,2
2026-09-10,ambulance,cancelled,1,1,1
2026-09-10,doctorVisit,cancelled,1,1,1
2026-09-10,doctorVisit,reviewed,12,12,12
2026-09-10,doppler,reviewed,1,1,1
2026-09-10,echocardiogram,reviewed,1,1,1
2026-09-10,labTest,cancelled,1,1,1
2026-09-10,labTest,reviewed,8,8,8
2026-09-10,nursing,cancelled,3,3,3
2026-09-10,nursing,reviewed,55,55,50
2026-09-10,onlineConsultation,reviewed,3,3,3
2026-09-10,physiotherapy,cancelled,4,4,4
2026-09-10,physiotherapy,reviewed,42,42,42
2026-09-10,physiotherapy (b2b),reviewed,2,2,2
2026-09-10,productPurchase,reviewed,1,1,1
2026-09-10,productPurchase,started,1,1,1
2026-09-10,ultrasound,cancelled,1,1,1
2026-09-10,ultrasound,reviewed,3,3,3
2026-09-10,woundCare,finished,1,1,1
2026-09-10,xRay,reviewed,6,6,6
2026-09-11,ambulance,cancelled,0,0,0
2026-09-11,doctorVisit,cancelled,9,9,7
2026-09-11,doctorVisit,reviewed,16,16,16
2026-09-11,echocardiogram,cancelled,1,1,1
2026-09-11,echocardiogram,reviewed,5,5,5
2026-09-11,labTest,cancelled,2,2,2
2026-09-11,labTest,reviewed,18,18,16
2026-09-11,nursing,cancelled,7,7,6
2026-09-11,nursing,reviewed,55,55,50
2026-09-11,onlineConsultation,reviewed,4,4,4
2026-09-11,physiotherapy,cancelled,1,1,1
2026-09-11,physiotherapy,reviewed,20,20,20
2026-09-11,ultrasound,reviewed,2,2,2
2026-09-11,xRay,reviewed,4,4,4
2026-09-12,ambulance,cancelled,0,0,0
2026-09-12,doctorVisit,cancelled,1,1,1
2026-09-12,doctorVisit,reviewed,13,13,13
2026-09-12,echocardiogram,reviewed,3,3,3
2026-09-12,eyeExam,reviewed,1,1,1
2026-09-12,labTest,reviewed,8,8,8
2026-09-12,nursing,cancelled,2,2,2
2026-09-12,nursing,reviewed,51,51,44
2026-09-12,onlineConsultation,finished,2,2,2
2026-09-12,onlineConsultation,reviewed,3,3,3
2026-09-12,physiotherapy,cancelled,2,2,2
2026-09-12,physiotherapy,reviewed,50,50,50
2026-09-12,physiotherapy (b2b),reviewed,2,2,2
2026-09-12,surgeries,cancelled,1,1,1
2026-09-12,ultrasound,reviewed,4,4,4
2026-09-12,xRay,reviewed,3,3,3
2026-09-13,ambulance,cancelled,0,0,0
2026-09-13,doctorVisit,cancelled,4,4,4
2026-09-13,doctorVisit,reviewed,12,12,12
2026-09-13,doppler,cancelled,1,1,1
2026-09-13,doppler,reviewed,1,1,1
2026-09-13,echocardiogram,reviewed,3,3,3
2026-09-13,labTest,cancelled,1,1,1
2026-09-13,labTest,reviewed,12,12,11
2026-09-13,nursing,cancelled,4,4,4
2026-09-13,nursing,reviewed,62,62,56
2026-09-13,onlineConsultation,reviewed,1,1,1
2026-09-13,physiotherapy,reviewed,54,54,54
2026-09-13,ultrasound,reviewed,4,4,4
2026-09-13,xRay,reviewed,6,6,6
2026-09-14,ambulance,cancelled,0,0,0
2026-09-14,doctorVisit,cancelled,1,1,1
2026-09-14,doctorVisit,reviewed,21,21,19
2026-09-14,doppler,reviewed,1,1,1
2026-09-14,echocardiogram,reviewed,2,2,2
2026-09-14,labTest,reviewed,12,12,12
2026-09-14,nursing,cancelled,5,5,3
2026-09-14,nursing,reviewed,57,57,48
2026-09-14,onlineConsultation,reviewed,2,2,2
2026-09-14,physiotherapy,cancelled,1,1,1
2026-09-14,physiotherapy,reviewed,50,50,49
2026-09-14,physiotherapy (b2b),reviewed,2,2,2
2026-09-14,ultrasound,cancelled,1,1,1
2026-09-14,ultrasound,reviewed,1,1,1
2026-09-14,xRay,reviewed,5,5,5
2026-09-15,ambulance,cancelled,0,0,0
2026-09-15,doctorVisit,cancelled,3,3,3
2026-09-15,doctorVisit,reviewed,20,20,19
2026-09-15,doppler,reviewed,1,1,1
2026-09-15,eyeExam,reviewed,1,1,1
2026-09-15,labTest,reviewed,15,15,15
2026-09-15,nursing,cancelled,8,8,8
2026-09-15,nursing,reviewed,59,59,51
2026-09-15,onlineConsultation,reviewed,4,4,4
2026-09-15,physiotherapy,reviewed,52,52,51
2026-09-15,xRay,reviewed,2,2,2
2026-09-16,ambulance,cancelled,0,0,0
2026-09-16,doctorVisit,cancelled,1,1,1
2026-09-16,doctorVisit,reviewed,12,12,12
2026-09-16,echocardiogram,reviewed,2,2,2
2026-09-16,labTest,reviewed,14,14,14
2026-09-16,nursing,cancelled,2,2,2
2026-09-16,nursing,reviewed,54,54,49
2026-09-16,onlineConsultation,reviewed,4,4,4
2026-09-16,physiotherapy,cancelled,2,2,2
2026-09-16,physiotherapy,reviewed,45,45,44
2026-09-16,physiotherapy (b2b),reviewed,2,2,2
2026-09-16,ultrasound,cancelled,1,1,1
2026-09-16,ultrasound,reviewed,4,4,4
2026-09-16,xRay,reviewed,2,2,2
2026-09-17,ambulance,cancelled,0,0,0
2026-09-17,doctorVisit,cancelled,3,3,3
2026-09-17,doctorVisit,reviewed,11,11,11
2026-09-17,echocardiogram,cancelled,1,1,1
2026-09-17,labTest,cancelled,2,2,2
2026-09-17,labTest,reviewed,16,15,15
2026-09-17,nursing,cancelled,5,5,5
2026-09-17,nursing,reviewed,55,55,48
2026-09-17,onlineConsultation,cancelled,1,1,1
2026-09-17,onlineConsultation,reviewed,4,4,4
2026-09-17,physiotherapy,cancelled,1,1,1
2026-09-17,physiotherapy,reviewed,43,43,42
2026-09-17,ultrasound,cancelled,1,1,1
2026-09-17,ultrasound,reviewed,2,2,2
2026-09-17,woundCare,finished,1,1,1
2026-09-17,xRay,reviewed,4,4,4
2026-09-18,ambulance,cancelled,0,0,0
2026-09-18,doctorVisit,cancelled,2,2,2
2026-09-18,doctorVisit,reviewed,8,8,8
2026-09-18,echocardiogram,reviewed,4,4,4
2026-09-18,labTest,cancelled,1,1,1
2026-09-18,labTest,reviewed,15,15,15
2026-09-18,nursing,cancelled,2,2,2
2026-09-18,nursing,reviewed,64,64,56
2026-09-18,onlineConsultation,reviewed,3,3,3
2026-09-18,physiotherapy,reviewed,26,26,25
2026-09-18,physiotherapy (b2b),reviewed,2,2,2
2026-09-18,ultrasound,reviewed,7,7,7
2026-09-18,xRay,reviewed,2,2,2
2026-09-19,ambulance,cancelled,0,0,0
2026-09-19,doctorVisit,cancelled,1,1,1
2026-09-19,doctorVisit,reviewed,19,19,19
2026-09-19,doppler,reviewed,1,1,1
2026-09-19,labTest,cancelled,1,1,1
2026-09-19,labTest,reviewed,17,14,15
2026-09-19,nursing,cancelled,3,3,3
2026-09-19,nursing,reviewed,60,60,52
2026-09-19,onlineConsultation,cancelled,1,1,1
2026-09-19,onlineConsultation,reviewed,6,6,6
2026-09-19,physiotherapy,cancelled,2,2,2
2026-09-19,physiotherapy,reviewed,58,58,58
2026-09-19,ultrasound,cancelled,1,1,1
2026-09-19,ultrasound,reviewed,3,3,3
2026-09-19,woundCare,cancelled,1,1,1
2026-09-19,xRay,cancelled,1,1,1
2026-09-19,xRay,reviewed,6,6,6
2026-09-20,ambulance,cancelled,0,0,0
2026-09-20,doctorVisit,reviewed,9,9,9
2026-09-20,doppler,reviewed,1,1,1
2026-09-20,echocardiogram,reviewed,1,1,1
2026-09-20,labTest,reviewed,13,13,13
2026-09-20,nursing,cancelled,4,4,4
2026-09-20,nursing,reviewed,41,41,35
2026-09-20,onlineConsultation,reviewed,2,2,2
2026-09-20,physiotherapy,cancelled,1,1,1
2026-09-20,physiotherapy,reviewed,48,48,47
2026-09-20,physiotherapy (b2b),reviewed,2,2,2
2026-09-20,ultrasound,reviewed,3,3,3
2026-09-20,woundCare,finished,1,1,1
2026-09-20,xRay,reviewed,5,5,5
2026-09-21,ambulance,cancelled,0,0,0
2026-09-21,doctorVisit,reviewed,10,10,10
2026-09-21,eyeExam,cancelled,1,1,1
2026-09-21,labTest,reviewed,12,12,12
2026-09-21,nursing,cancelled,2,2,2
2026-09-21,nursing,reviewed,58,58,52
2026-09-21,onlineConsultation,reviewed,2,2,2
2026-09-21,physiotherapy,cancelled,1,1,1
2026-09-21,physiotherapy,reviewed,48,48,48
2026-09-21,xRay,reviewed,3,3,3
2026-09-22,ambulance,cancelled,0,0,0
2026-09-22,doctorVisit,cancelled,1,1,1
2026-09-22,doctorVisit,finished,1,1,1
2026-09-22,doctorVisit,reviewed,12,12,12
2026-09-22,labTest,reviewed,6,6,6
2026-09-22,nursing,cancelled,1,1,1
2026-09-22,nursing,reviewed,51,51,47
2026-09-22,onlineConsultation,reviewed,3,3,3
2026-09-22,physiotherapy,finished,2,2,2
2026-09-22,physiotherapy,reviewed,51,51,51
2026-09-22,physiotherapy (b2b),reviewed,2,2,2
2026-09-22,ultrasound,reviewed,2,2,2
2026-09-22,woundCare,finished,1,1,1
2026-09-22,xRay,reviewed,2,2,2
2026-09-23,ambulance,cancelled,0,0,0
2026-09-23,doctorVisit,cancelled,1,1,1
2026-09-23,doctorVisit,finished,16,16,16
2026-09-23,echocardiogram,finished,2,2,2
2026-09-23,eyeExam,finished,1,1,1
2026-09-23,labTest,cancelled,1,1,1
2026-09-23,labTest,finished,9,9,9
2026-09-23,nursing,cancelled,1,1,1
2026-09-23,nursing,reviewed,68,68,60
2026-09-23,onlineConsultation,finished,3,3,3
2026-09-23,physiotherapy,cancelled,1,1,1
2026-09-23,physiotherapy,reviewed,54,54,54
2026-09-23,productPurchase,finished,1,1,1
2026-09-23,ultrasound,finished,2,2,2
2026-09-23,xRay,cancelled,1,1,1
2026-09-23,xRay,finished,4,4,4
